Current Path	Review Path	Member Count	Members with Game Title Lists	Distinct Game Title Representations	Review Reason	Game Title Representations	No-Intro Candidate IDs	Link Confidence	Link Method
Nintendo SNES/'96 Zenkoku Koukou Soccer Senshuken.uac	Review/Game Title Conflicts/Nintendo SNES/'96 Zenkoku Koukou Soccer Senshuken.uac	19	18	1	list-valued Game Title	"[[""'96 Zenkoku Koukou Soccer Senshu"",""'96 Zenkoku Koukou Soccer Senshuken""],[""'96 Zenkoku Koukou Soccer Senshu"",""'96 Zenkoku Koukou Soccer Senshuken""],[""'96 Zenkoku Koukou Soccer Senshu"",""'96 Zenkoku Koukou Soccer Senshuken""],[""'96 Zenkoku Koukou Soccer Senshu"",""'96 Zenkoku Koukou Soccer Senshuken""],[""'96 Zenkoku Koukou Soccer Senshu"",""'96 Zenkoku Koukou Soccer Senshuken""],[""'96 Zenkoku Koukou Soccer Senshu"",""'96 Zenkoku Koukou Soccer Senshuken""],[""'96 Zenkoku Koukou Soccer Senshu"",""'96 Zenkoku Koukou Soccer Senshuken""],[""'96 Zenkoku Koukou Soccer Senshu"",""'96 Zenkoku Koukou Soccer Senshuken""],[""'96 Zenkoku Koukou Soccer Senshu"",""'96 Zenkoku Koukou Soccer Senshuken""],[""'96 Zenkoku Koukou Soccer Senshu"",""'96 Zenkoku Koukou Soccer Senshuken""],[""'96 Zenkoku Koukou Soccer Senshu"",""'96 Zenkoku Koukou Soccer Senshuken""],[""'96 Zenkoku Koukou Soccer Senshu"",""'96 Zenkoku Koukou Soccer Senshuken""],[""'96 Zenkoku Koukou Soccer Senshu"",""'96 Zenkoku Koukou Soccer Senshuken""],[""'96 Zenkoku Koukou Soccer Senshu"",""'96 Zenkoku Koukou Soccer Senshuken""],[""'96 Zenkoku Koukou Soccer Senshu"",""'96 Zenkoku Koukou Soccer Senshuken""],[""'96 Zenkoku Koukou Soccer Senshu"",""'96 Zenkoku Koukou Soccer Senshuken""],[""'96 Zenkoku Koukou Soccer Senshu"",""'96 Zenkoku Koukou Soccer Senshuken""],[""'96 Zenkoku Koukou Soccer Senshu"",""'96 Zenkoku Koukou Soccer Senshuken""]]"	0001	medium	unique-title-prefix
Nintendo SNES/Adventures of Batman and Robin, The.uac	Review/Game Title Conflicts/Nintendo SNES/Adventures of Batman and Robin, The.uac	29	28	1	list-valued Game Title	"[[""The Adventures of Batman and Rob"",""The Adventures of Batman and Robin""],[""The Adventures of Batman and Rob"",""The Adventures of Batman and Robin""],[""The Adventures of Batman and Rob"",""The Adventures of Batman and Robin""],[""The Adventures of Batman and Rob"",""The Adventures of Batman and Robin""],[""The Adventures of Batman and Rob"",""The Adventures of Batman and Robin""],[""The Adventures of Batman and Rob"",""The Adventures of Batman and Robin""],[""The Adventures of Batman and Rob"",""The Adventures of Batman and Robin""],[""The Adventures of Batman and Rob"",""The Adventures of Batman and Robin""],[""The Adventures of Batman and Rob"",""The Adventures of Batman and Robin""],[""The Adventures of Batman and Rob"",""The Adventures of Batman and Robin""],[""The Adventures of Batman and Rob"",""The Adventures of Batman and Robin""],[""The Adventures of Batman and Rob"",""The Adventures of Batman and Robin""],[""The Adventures of Batman and Rob"",""The Adventures of Batman and Robin""],[""The Adventures of Batman and Rob"",""The Adventures of Batman and Robin""],[""The Adventures of Batman and Rob"",""The Adventures of Batman and Robin""],[""The Adventures of Batman and Rob"",""The Adventures of Batman and Robin""],[""The Adventures of Batman and Rob"",""The Adventures of Batman and Robin""],[""The Adventures of Batman and Rob"",""The Adventures of Batman and Robin""],[""The Adventures of Batman and Rob"",""The Adventures of Batman and Robin""],[""The Adventures of Batman and Rob"",""The Adventures of Batman and Robin""],[""The Adventures of Batman and Rob"",""The Adventures of Batman and Robin""],[""The Adventures of Batman and Rob"",""The Adventures of Batman and Robin""],[""The Adventures of Batman and Rob"",""The Adventures of Batman and Robin""],[""The Adventures of Batman and Rob"",""The Adventures of Batman and Robin""],[""The Adventures of Batman and Rob"",""The Adventures of Batman and Robin""],[""The Adventures of Batman and Rob"",""The Adventures of Batman and Robin""],[""The Adventures of Batman and Rob"",""The Adventures of Batman and Robin""],[""The Adventures of Batman and Rob"",""The Adventures of Batman and Robin""]]"	0042|0043	high	curated-exact
Nintendo SNES/Adventures of Rocky and Bullwinkle and Friends, The.uac	Review/Game Title Conflicts/Nintendo SNES/Adventures of Rocky and Bullwinkle and Friends, The.uac	22	21	1	list-valued Game Title	"[[""The Adventures of Rocky and Bull"",""The Adventures of Rocky and Bullwinkle and Friends""],[""The Adventures of Rocky and Bull"",""The Adventures of Rocky and Bullwinkle and Friends""],[""The Adventures of Rocky and Bull"",""The Adventures of Rocky and Bullwinkle and Friends""],[""The Adventures of Rocky and Bull"",""The Adventures of Rocky and Bullwinkle and Friends""],[""The Adventures of Rocky and Bull"",""The Adventures of Rocky and Bullwinkle and Friends""],[""The Adventures of Rocky and Bull"",""The Adventures of Rocky and Bullwinkle and Friends""],[""The Adventures of Rocky and Bull"",""The Adventures of Rocky and Bullwinkle and Friends""],[""The Adventures of Rocky and Bull"",""The Adventures of Rocky and Bullwinkle and Friends""],[""The Adventures of Rocky and Bull"",""The Adventures of Rocky and Bullwinkle and Friends""],[""The Adventures of Rocky and Bull"",""The Adventures of Rocky and Bullwinkle and Friends""],[""The Adventures of Rocky and Bull"",""The Adventures of Rocky and Bullwinkle and Friends""],[""The Adventures of Rocky and Bull"",""The Adventures of Rocky and Bullwinkle and Friends""],[""The Adventures of Rocky and Bull"",""The Adventures of Rocky and Bullwinkle and Friends""],[""The Adventures of Rocky and Bull"",""The Adventures of Rocky and Bullwinkle and Friends""],[""The Adventures of Rocky and Bull"",""The Adventures of Rocky and Bullwinkle and Friends""],[""The Adventures of Rocky and Bull"",""The Adventures of Rocky and Bullwinkle and Friends""],[""The Adventures of Rocky and Bull"",""The Adventures of Rocky and Bullwinkle and Friends""],[""The Adventures of Rocky and Bull"",""The Adventures of Rocky and Bullwinkle and Friends""],[""The Adventures of Rocky and Bull"",""The Adventures of Rocky and Bullwinkle and Friends""],[""The Adventures of Rocky and Bull"",""The Adventures of Rocky and Bullwinkle and Friends""],[""The Adventures of Rocky and Bull"",""The Adventures of Rocky and Bullwinkle and Friends""]]"	0047	medium	unique-title-prefix
Nintendo SNES/air management ii koukuu ou o mezase (JP).uac	Review/Game Title Conflicts/Nintendo SNES/air management ii koukuu ou o mezase (JP).uac	23	22	1	list-valued Game Title	"[[""Air Management 2: Koukuu Ou wo M"",""Air Management 2: Koukuu Ou wo Mezase""],[""Air Management 2: Koukuu Ou wo M"",""Air Management 2: Koukuu Ou wo Mezase""],[""Air Management 2: Koukuu Ou wo M"",""Air Management 2: Koukuu Ou wo Mezase""],[""Air Management 2: Koukuu Ou wo M"",""Air Management 2: Koukuu Ou wo Mezase""],[""Air Management 2: Koukuu Ou wo M"",""Air Management 2: Koukuu Ou wo Mezase""],[""Air Management 2: Koukuu Ou wo M"",""Air Management 2: Koukuu Ou wo Mezase""],[""Air Management 2: Koukuu Ou wo M"",""Air Management 2: Koukuu Ou wo Mezase""],[""Air Management 2: Koukuu Ou wo M"",""Air Management 2: Koukuu Ou wo Mezase""],[""Air Management 2: Koukuu Ou wo M"",""Air Management 2: Koukuu Ou wo Mezase""],[""Air Management 2: Koukuu Ou wo M"",""Air Management 2: Koukuu Ou wo Mezase""],[""Air Management 2: Koukuu Ou wo M"",""Air Management 2: Koukuu Ou wo Mezase""],[""Air Management 2: Koukuu Ou wo M"",""Air Management 2: Koukuu Ou wo Mezase""],[""Air Management 2: Koukuu Ou wo M"",""Air Management 2: Koukuu Ou wo Mezase""],[""Air Management 2: Koukuu Ou wo M"",""Air Management 2: Koukuu Ou wo Mezase""],[""Air Management 2: Koukuu Ou wo M"",""Air Management 2: Koukuu Ou wo Mezase""],[""Air Management 2: Koukuu Ou wo M"",""Air Management 2: Koukuu Ou wo Mezase""],[""Air Management 2: Koukuu Ou wo M"",""Air Management 2: Koukuu Ou wo Mezase""],[""Air Management 2: Koukuu Ou wo M"",""Air Management 2: Koukuu Ou wo Mezase""],[""Air Management 2: Koukuu Ou wo M"",""Air Management 2: Koukuu Ou wo Mezase""],[""Air Management 2: Koukuu Ou wo M"",""Air Management 2: Koukuu Ou wo Mezase""],[""Air Management 2: Koukuu Ou wo M"",""Air Management 2: Koukuu Ou wo Mezase""],[""Air Management 2: Koukuu Ou wo M"",""Air Management 2: Koukuu Ou wo Mezase""]]"	0065	medium	difflib
Nintendo SNES/american tail an fievel goes west.uac	Review/Game Title Conflicts/Nintendo SNES/american tail an fievel goes west.uac	16	15	1	list-valued Game Title	"[[""An American Tail: Fievel Goes We"",""An American Tail: Fievel Goes West""],[""An American Tail: Fievel Goes We"",""An American Tail: Fievel Goes West""],[""An American Tail: Fievel Goes We"",""An American Tail: Fievel Goes West""],[""An American Tail: Fievel Goes We"",""An American Tail: Fievel Goes West""],[""An American Tail: Fievel Goes We"",""An American Tail: Fievel Goes West""],[""An American Tail: Fievel Goes We"",""An American Tail: Fievel Goes West""],[""An American Tail: Fievel Goes We"",""An American Tail: Fievel Goes West""],[""An American Tail: Fievel Goes We"",""An American Tail: Fievel Goes West""],[""An American Tail: Fievel Goes We"",""An American Tail: Fievel Goes West""],[""An American Tail: Fievel Goes We"",""An American Tail: Fievel Goes West""],[""An American Tail: Fievel Goes We"",""An American Tail: Fievel Goes West""],[""An American Tail: Fievel Goes We"",""An American Tail: Fievel Goes West""],[""An American Tail: Fievel Goes We"",""An American Tail: Fievel Goes West""],[""An American Tail: Fievel Goes We"",""An American Tail: Fievel Goes West""],[""An American Tail: Fievel Goes We"",""An American Tail: Fievel Goes West""]]"	0097|0098	high	curated-exact
Nintendo SNES/Best of the Best - Championship Karate.uac	Review/Game Title Conflicts/Nintendo SNES/Best of the Best - Championship Karate.uac	9	8	1	list-valued Game Title	"[[""Best of the Best: Championship K"",""Best of the Best: Championship Karate""],[""Best of the Best: Championship K"",""Best of the Best: Championship Karate""],[""Best of the Best: Championship K"",""Best of the Best: Championship Karate""],[""Best of the Best: Championship K"",""Best of the Best: Championship Karate""],[""Best of the Best: Championship K"",""Best of the Best: Championship Karate""],[""Best of the Best: Championship K"",""Best of the Best: Championship Karate""],[""Best of the Best: Championship K"",""Best of the Best: Championship Karate""],[""Best of the Best: Championship K"",""Best of the Best: Championship Karate""]]"	0221|0222|0223|4012	medium	unique-title-prefix
Nintendo SNES/Bill Laimbeer's Combat Basketball (US).uac	Review/Game Title Conflicts/Nintendo SNES/Bill Laimbeer's Combat Basketball (US).uac	10	9	1	list-valued Game Title	"[[""Bill Laimbeer's Combat Basketbal"",""Bill Laimbeer's Combat Basketball""],[""Bill Laimbeer's Combat Basketbal"",""Bill Laimbeer's Combat Basketball""],[""Bill Laimbeer's Combat Basketbal"",""Bill Laimbeer's Combat Basketball""],[""Bill Laimbeer's Combat Basketbal"",""Bill Laimbeer's Combat Basketball""],[""Bill Laimbeer's Combat Basketbal"",""Bill Laimbeer's Combat Basketball""],[""Bill Laimbeer's Combat Basketbal"",""Bill Laimbeer's Combat Basketball""],[""Bill Laimbeer's Combat Basketbal"",""Bill Laimbeer's Combat Basketball""],[""Bill Laimbeer's Combat Basketbal"",""Bill Laimbeer's Combat Basketball""],[""Bill Laimbeer's Combat Basketbal"",""Bill Laimbeer's Combat Basketball""]]"	0234	high	root-title-exact
Nintendo SNES/Bing Bing! Bingo.uac	Review/Game Title Conflicts/Nintendo SNES/Bing Bing! Bingo.uac	19	0	2	per-track Game Title variation	"[""Bing Bing! Bingo!"",""Bing Bing! Bingo"",""Bing Bing! Bingo"",""Bing Bing! Bingo"",""Bing Bing! Bingo"",""Bing Bing! Bingo"",""Bing Bing! Bingo"",""Bing Bing! Bingo"",""Bing Bing! Bingo"",""Bing Bing! Bingo"",""Bing Bing! Bingo"",""Bing Bing! Bingo"",""Bing Bing! Bingo"",""Bing Bing! Bingo"",""Bing Bing! Bingo"",""Bing Bing! Bingo"",""Bing Bing! Bingo"",""Bing Bing! Bingo""]"	0236|4224	medium	unique-title-prefix
Nintendo SNES/Bio Metal.uac	Review/Game Title Conflicts/Nintendo SNES/Bio Metal.uac	25	0	2	per-track Game Title variation	"[""Bio Metal (American)"",""Bio Metal (American)"",""Bio Metal (American)"",""Bio Metal (American)"",""Bio Metal (American)"",""Bio Metal (American)"",""Bio Metal"",""Bio Metal"",""Bio Metal"",""Bio Metal"",""Bio Metal"",""Bio Metal"",""Bio Metal"",""Bio Metal"",""Bio Metal"",""Bio Metal"",""Bio Metal"",""Bio Metal"",""Bio Metal"",""Bio Metal"",""Bio Metal"",""Bio Metal"",""Bio Metal"",""Bio Metal""]"	0237|0238|0239	medium	difflib
Nintendo SNES/bishoujo senshi sailor moon s jougai rantou shuyaku soudatsusen (JP).uac	Review/Game Title Conflicts/Nintendo SNES/bishoujo senshi sailor moon s jougai rantou shuyaku soudatsusen (JP).uac	104	103	1	list-valued Game Title	"[[""Bishoujo Senshi Sailormoon S - J"",""Bishoujo Senshi Sailormoon S - Jougai Rantou""],[""Bishoujo Senshi Sailormoon S - J"",""Bishoujo Senshi Sailormoon S - Jougai Rantou""],[""Bishoujo Senshi Sailormoon S - J"",""Bishoujo Senshi Sailormoon S - Jougai Rantou""],[""Bishoujo Senshi Sailormoon S - J"",""Bishoujo Senshi Sailormoon S - Jougai Rantou""],[""Bishoujo Senshi Sailormoon S - J"",""Bishoujo Senshi Sailormoon S - Jougai Rantou""],[""Bishoujo Senshi Sailormoon S - J"",""Bishoujo Senshi Sailormoon S - Jougai Rantou""],[""Bishoujo Senshi Sailormoon S - J"",""Bishoujo Senshi Sailormoon S - Jougai Rantou""],[""Bishoujo Senshi Sailormoon S - J"",""Bishoujo Senshi Sailormoon S - Jougai Rantou""],[""Bishoujo Senshi Sailormoon S - J"",""Bishoujo Senshi Sailormoon S - Jougai Rantou""],[""Bishoujo Senshi Sailormoon S - J"",""Bishoujo Senshi Sailormoon S - Jougai Rantou""],[""Bishoujo Senshi Sailormoon S - J"",""Bishoujo Senshi Sailormoon S - Jougai Rantou""],[""Bishoujo Senshi Sailormoon S - J"",""Bishoujo Senshi Sailormoon S - Jougai Rantou""],[""Bishoujo Senshi Sailormoon S - J"",""Bishoujo Senshi Sailormoon S - Jougai Rantou""],[""Bishoujo Senshi Sailormoon S - J"",""Bishoujo Senshi Sailormoon S - Jougai Rantou""],[""Bishoujo Senshi Sailormoon S - J"",""Bishoujo Senshi Sailormoon S - Jougai Rantou""],[""Bishoujo Senshi Sailormoon S - J"",""Bishoujo Senshi Sailormoon S - Jougai Rantou""],[""Bishoujo Senshi Sailormoon S - J"",""Bishoujo Senshi Sailormoon S - Jougai Rantou""],[""Bishoujo Senshi Sailormoon S - J"",""Bishoujo Senshi Sailormoon S - Jougai Rantou""],[""Bishoujo Senshi Sailormoon S - J"",""Bishoujo Senshi Sailormoon S - Jougai Rantou""],[""Bishoujo Senshi Sailormoon S - J"",""Bishoujo Senshi Sailormoon S - Jougai Rantou""],[""Bishoujo Senshi Sailormoon S - J"",""Bishoujo Senshi Sailormoon S - Jougai Rantou""],[""Bishoujo Senshi Sailormoon S - J"",""Bishoujo Senshi Sailormoon S - Jougai Rantou""],[""Bishoujo Senshi Sailormoon S - J"",""Bishoujo Senshi Sailormoon S - Jougai Rantou""],[""Bishoujo Senshi Sailormoon S - J"",""Bishoujo Senshi Sailormoon S - Jougai Rantou""],[""Bishoujo Senshi Sailormoon S - J"",""Bishoujo Senshi Sailormoon S - Jougai Rantou""],[""Bishoujo Senshi Sailormoon S - J"",""Bishoujo Senshi Sailormoon S - Jougai Rantou""],[""Bishoujo Senshi Sailormoon S - J"",""Bishoujo Senshi Sailormoon S - Jougai Rantou""],[""Bishoujo Senshi Sailormoon S - J"",""Bishoujo Senshi Sailormoon S - Jougai Rantou""],[""Bishoujo Senshi Sailormoon S - J"",""Bishoujo Senshi Sailormoon S - Jougai Rantou""],[""Bishoujo Senshi Sailormoon S - J"",""Bishoujo Senshi Sailormoon S - Jougai Rantou""],[""Bishoujo Senshi Sailormoon S - J"",""Bishoujo Senshi Sailormoon S - Jougai Rantou""],[""Bishoujo Senshi Sailormoon S - J"",""Bishoujo Senshi Sailormoon S - Jougai Rantou""],[""Bishoujo Senshi Sailormoon S - J"",""Bishoujo Senshi Sailormoon S - Jougai Rantou""],[""Bishoujo Senshi Sailormoon S - J"",""Bishoujo Senshi Sailormoon S - Jougai Rantou""],[""Bishoujo Senshi Sailormoon S - J"",""Bishoujo Senshi Sailormoon S - Jougai Rantou""],[""Bishoujo Senshi Sailormoon S - J"",""Bishoujo Senshi Sailormoon S - Jougai Rantou""],[""Bishoujo Senshi Sailormoon S - J"",""Bishoujo Senshi Sailormoon S - Jougai Rantou""],[""Bishoujo Senshi Sailormoon S - J"",""Bishoujo Senshi Sailormoon S - Jougai Rantou""],[""Bishoujo Senshi Sailormoon S - J"",""Bishoujo Senshi Sailormoon S - Jougai Rantou""],[""Bishoujo Senshi Sailormoon S - J"",""Bishoujo Senshi Sailormoon S - Jougai Rantou""],[""Bishoujo Senshi Sailormoon S - J"",""Bishoujo Senshi Sailormoon S - Jougai Rantou""],[""Bishoujo Senshi Sailormoon S - J"",""Bishoujo Senshi Sailormoon S - Jougai Rantou""],[""Bishoujo Senshi Sailormoon S - J"",""Bishoujo Senshi Sailormoon S - Jougai Rantou""],[""Bishoujo Senshi Sailormoon S - J"",""Bishoujo Senshi Sailormoon S - Jougai Rantou""],[""Bishoujo Senshi Sailormoon S - J"",""Bishoujo Senshi Sailormoon S - Jougai Rantou""],[""Bishoujo Senshi Sailormoon S - J"",""Bishoujo Senshi Sailormoon S - Jougai Rantou""],[""Bishoujo Senshi Sailormoon S - J"",""Bishoujo Senshi Sailormoon S - Jougai Rantou""],[""Bishoujo Senshi Sailormoon S - J"",""Bishoujo Senshi Sailormoon S - Jougai Rantou""],[""Bishoujo Senshi Sailormoon S - J"",""Bishoujo Senshi Sailormoon S - Jougai Rantou""],[""Bishoujo Senshi Sailormoon S - J"",""Bishoujo Senshi Sailormoon S - Jougai Rantou""],[""Bishoujo Senshi Sailormoon S - J"",""Bishoujo Senshi Sailormoon S - Jougai Rantou""],[""Bishoujo Senshi Sailormoon S - J"",""Bishoujo Senshi Sailormoon S - Jougai Rantou""],[""Bishoujo Senshi Sailormoon S - J"",""Bishoujo Senshi Sailormoon S - Jougai Rantou""],[""Bishoujo Senshi Sailormoon S - J"",""Bishoujo Senshi Sailormoon S - Jougai Rantou""],[""Bishoujo Senshi Sailormoon S - J"",""Bishoujo Senshi Sailormoon S - Jougai Rantou""],[""Bishoujo Senshi Sailormoon S - J"",""Bishoujo Senshi Sailormoon S - Jougai Rantou""],[""Bishoujo Senshi Sailormoon S - J"",""Bishoujo Senshi Sailormoon S - Jougai Rantou""],[""Bishoujo Senshi Sailormoon S - J"",""Bishoujo Senshi Sailormoon S - Jougai Rantou""],[""Bishoujo Senshi Sailormoon S - J"",""Bishoujo Senshi Sailormoon S - Jougai Rantou""],[""Bishoujo Senshi Sailormoon S - J"",""Bishoujo Senshi Sailormoon S - Jougai Rantou""],[""Bishoujo Senshi Sailormoon S - J"",""Bishoujo Senshi Sailormoon S - Jougai Rantou""],[""Bishoujo Senshi Sailormoon S - J"",""Bishoujo Senshi Sailormoon S - Jougai Rantou""],[""Bishoujo Senshi Sailormoon S - J"",""Bishoujo Senshi Sailormoon S - Jougai Rantou""],[""Bishoujo Senshi Sailormoon S - J"",""Bishoujo Senshi Sailormoon S - Jougai Rantou""],[""Bishoujo Senshi Sailormoon S - J"",""Bishoujo Senshi Sailormoon S - Jougai Rantou""],[""Bishoujo Senshi Sailormoon S - J"",""Bishoujo Senshi Sailormoon S - Jougai Rantou""],[""Bishoujo Senshi Sailormoon S - J"",""Bishoujo Senshi Sailormoon S - Jougai Rantou""],[""Bishoujo Senshi Sailormoon S - J"",""Bishoujo Senshi Sailormoon S - Jougai Rantou""],[""Bishoujo Senshi Sailormoon S - J"",""Bishoujo Senshi Sailormoon S - Jougai Rantou""],[""Bishoujo Senshi Sailormoon S - J"",""Bishoujo Senshi Sailormoon S - Jougai Rantou""],[""Bishoujo Senshi Sailormoon S - J"",""Bishoujo Senshi Sailormoon S - Jougai Rantou""],[""Bishoujo Senshi Sailormoon S - J"",""Bishoujo Senshi Sailormoon S - Jougai Rantou""],[""Bishoujo Senshi Sailormoon S - J"",""Bishoujo Senshi Sailormoon S - Jougai Rantou""],[""Bishoujo Senshi Sailormoon S - J"",""Bishoujo Senshi Sailormoon S - Jougai Rantou""],[""Bishoujo Senshi Sailormoon S - J"",""Bishoujo Senshi Sailormoon S - Jougai Rantou""],[""Bishoujo Senshi Sailormoon S - J"",""Bishoujo Senshi Sailormoon S - Jougai Rantou""],[""Bishoujo Senshi Sailormoon S - J"",""Bishoujo Senshi Sailormoon S - Jougai Rantou""],[""Bishoujo Senshi Sailormoon S - J"",""Bishoujo Senshi Sailormoon S - Jougai Rantou""],[""Bishoujo Senshi Sailormoon S - J"",""Bishoujo Senshi Sailormoon S - Jougai Rantou""],[""Bishoujo Senshi Sailormoon S - J"",""Bishoujo Senshi Sailormoon S - Jougai Rantou""],[""Bishoujo Senshi Sailormoon S - J"",""Bishoujo Senshi Sailormoon S - Jougai Rantou""],[""Bishoujo Senshi Sailormoon S - J"",""Bishoujo Senshi Sailormoon S - Jougai Rantou""],[""Bishoujo Senshi Sailormoon S - J"",""Bishoujo Senshi Sailormoon S - Jougai Rantou""],[""Bishoujo Senshi Sailormoon S - J"",""Bishoujo Senshi Sailormoon S - Jougai Rantou""],[""Bishoujo Senshi Sailormoon S - J"",""Bishoujo Senshi Sailormoon S - Jougai Rantou""],[""Bishoujo Senshi Sailormoon S - J"",""Bishoujo Senshi Sailormoon S - Jougai Rantou""],[""Bishoujo Senshi Sailormoon S - J"",""Bishoujo Senshi Sailormoon S - Jougai Rantou""],[""Bishoujo Senshi Sailormoon S - J"",""Bishoujo Senshi Sailormoon S - Jougai Rantou""],[""Bishoujo Senshi Sailormoon S - J"",""Bishoujo Senshi Sailormoon S - Jougai Rantou""],[""Bishoujo Senshi Sailormoon S - J"",""Bishoujo Senshi Sailormoon S - Jougai Rantou""],[""Bishoujo Senshi Sailormoon S - J"",""Bishoujo Senshi Sailormoon S - Jougai Rantou""],[""Bishoujo Senshi Sailormoon S - J"",""Bishoujo Senshi Sailormoon S - Jougai Rantou""],[""Bishoujo Senshi Sailormoon S - J"",""Bishoujo Senshi Sailormoon S - Jougai Rantou""],[""Bishoujo Senshi Sailormoon S - J"",""Bishoujo Senshi Sailormoon S - Jougai Rantou""],[""Bishoujo Senshi Sailormoon S - J"",""Bishoujo Senshi Sailormoon S - Jougai Rantou""],[""Bishoujo Senshi Sailormoon S - J"",""Bishoujo Senshi Sailormoon S - Jougai Rantou""],[""Bishoujo Senshi Sailormoon S - J"",""Bishoujo Senshi Sailormoon S - Jougai Rantou""],[""Bishoujo Senshi Sailormoon S - J"",""Bishoujo Senshi Sailormoon S - Jougai Rantou""],[""Bishoujo Senshi Sailormoon S - J"",""Bishoujo Senshi Sailormoon S - Jougai Rantou""],[""Bishoujo Senshi Sailormoon S - J"",""Bishoujo Senshi Sailormoon S - Jougai Rantou""],[""Bishoujo Senshi Sailormoon S - J"",""Bishoujo Senshi Sailormoon S - Jougai Rantou""],[""Bishoujo Senshi Sailormoon S - J"",""Bishoujo Senshi Sailormoon S - Jougai Rantou""],[""Bishoujo Senshi Sailormoon S - J"",""Bishoujo Senshi Sailormoon S - Jougai Rantou""]]"	0246	high	curated-exact
Nintendo SNES/bishoujo senshi sailor moon supers fuwafuwa panic (JP).uac	Review/Game Title Conflicts/Nintendo SNES/bishoujo senshi sailor moon supers fuwafuwa panic (JP).uac	19	18	1	list-valued Game Title	"[[""Sailor Moon Super S: Fuwa Fuwa P"",""Sailor Moon Super S: Fuwa Fuwa Panic""],[""Sailor Moon Super S: Fuwa Fuwa P"",""Sailor Moon Super S: Fuwa Fuwa Panic""],[""Sailor Moon Super S: Fuwa Fuwa P"",""Sailor Moon Super S: Fuwa Fuwa Panic""],[""Sailor Moon Super S: Fuwa Fuwa P"",""Sailor Moon Super S: Fuwa Fuwa Panic""],[""Sailor Moon Super S: Fuwa Fuwa P"",""Sailor Moon Super S: Fuwa Fuwa Panic""],[""Sailor Moon Super S: Fuwa Fuwa P"",""Sailor Moon Super S: Fuwa Fuwa Panic""],[""Sailor Moon Super S: Fuwa Fuwa P"",""Sailor Moon Super S: Fuwa Fuwa Panic""],[""Sailor Moon Super S: Fuwa Fuwa P"",""Sailor Moon Super S: Fuwa Fuwa Panic""],[""Sailor Moon Super S: Fuwa Fuwa P"",""Sailor Moon Super S: Fuwa Fuwa Panic""],[""Sailor Moon Super S: Fuwa Fuwa P"",""Sailor Moon Super S: Fuwa Fuwa Panic""],[""Sailor Moon Super S: Fuwa Fuwa P"",""Sailor Moon Super S: Fuwa Fuwa Panic""],[""Sailor Moon Super S: Fuwa Fuwa P"",""Sailor Moon Super S: Fuwa Fuwa Panic""],[""Sailor Moon Super S: Fuwa Fuwa P"",""Sailor Moon Super S: Fuwa Fuwa Panic""],[""Sailor Moon Super S: Fuwa Fuwa P"",""Sailor Moon Super S: Fuwa Fuwa Panic""],[""Sailor Moon Super S: Fuwa Fuwa P"",""Sailor Moon Super S: Fuwa Fuwa Panic""],[""Sailor Moon Super S: Fuwa Fuwa P"",""Sailor Moon Super S: Fuwa Fuwa Panic""],[""Sailor Moon Super S: Fuwa Fuwa P"",""Sailor Moon Super S: Fuwa Fuwa Panic""],[""Sailor Moon Super S: Fuwa Fuwa P"",""Sailor Moon Super S: Fuwa Fuwa Panic""]]"	0250	high	curated-exact
Nintendo SNES/Bishoujo Senshi Sailormoon S - Kondoha Puzzle de Oshiokiyo!.uac	Review/Game Title Conflicts/Nintendo SNES/Bishoujo Senshi Sailormoon S - Kondoha Puzzle de Oshiokiyo!.uac	12	11	1	list-valued Game Title	"[[""Sailor Moon S: Kondowa Puzzle de"",""Sailor Moon S: Kondowa Puzzle de Oshioikiyo!""],[""Sailor Moon S: Kondowa Puzzle de"",""Sailor Moon S: Kondowa Puzzle de Oshioikiyo!""],[""Sailor Moon S: Kondowa Puzzle de"",""Sailor Moon S: Kondowa Puzzle de Oshioikiyo!""],[""Sailor Moon S: Kondowa Puzzle de"",""Sailor Moon S: Kondowa Puzzle de Oshioikiyo!""],[""Sailor Moon S: Kondowa Puzzle de"",""Sailor Moon S: Kondowa Puzzle de Oshioikiyo!""],[""Sailor Moon S: Kondowa Puzzle de"",""Sailor Moon S: Kondowa Puzzle de Oshioikiyo!""],[""Sailor Moon S: Kondowa Puzzle de"",""Sailor Moon S: Kondowa Puzzle de Oshioikiyo!""],[""Sailor Moon S: Kondowa Puzzle de"",""Sailor Moon S: Kondowa Puzzle de Oshioikiyo!""],[""Sailor Moon S: Kondowa Puzzle de"",""Sailor Moon S: Kondowa Puzzle de Oshioikiyo!""],[""Sailor Moon S: Kondowa Puzzle de"",""Sailor Moon S: Kondowa Puzzle de Oshioikiyo!""],[""Sailor Moon S: Kondowa Puzzle de"",""Sailor Moon S: Kondowa Puzzle de Oshioikiyo!""]]"	0247	medium	difflib
Nintendo SNES/Brunswick World Tournament of Champions.uac	Review/Game Title Conflicts/Nintendo SNES/Brunswick World Tournament of Champions.uac	7	6	1	list-valued Game Title	"[[""Brunswick World Tournament of Ch"",""Brunswick World Tournament of Champions""],[""Brunswick World Tournament of Ch"",""Brunswick World Tournament of Champions""],[""Brunswick World Tournament of Ch"",""Brunswick World Tournament of Champions""],[""Brunswick World Tournament of Ch"",""Brunswick World Tournament of Champions""],[""Brunswick World Tournament of Ch"",""Brunswick World Tournament of Champions""],[""Brunswick World Tournament of Ch"",""Brunswick World Tournament of Champions""]]"	0303	medium	unique-title-prefix
Nintendo SNES/BS Dan Dan Belt Conveyor Milk no Maki.uac	Review/Game Title Conflicts/Nintendo SNES/BS Dan Dan Belt Conveyor Milk no Maki.uac	10	9	1	list-valued Game Title	"[[""BS Dan Dan Belt Conveyor Milk no"",""BS Dan Dan Belt Conveyor Milk no Maki""],[""BS Dan Dan Belt Conveyor Milk no"",""BS Dan Dan Belt Conveyor Milk no Maki""],[""BS Dan Dan Belt Conveyor Milk no"",""BS Dan Dan Belt Conveyor Milk no Maki""],[""BS Dan Dan Belt Conveyor Milk no"",""BS Dan Dan Belt Conveyor Milk no Maki""],[""BS Dan Dan Belt Conveyor Milk no"",""BS Dan Dan Belt Conveyor Milk no Maki""],[""BS Dan Dan Belt Conveyor Milk no"",""BS Dan Dan Belt Conveyor Milk no Maki""],[""BS Dan Dan Belt Conveyor Milk no"",""BS Dan Dan Belt Conveyor Milk no Maki""],[""BS Dan Dan Belt Conveyor Milk no"",""BS Dan Dan Belt Conveyor Milk no Maki""],[""BS Dan Dan Belt Conveyor Milk no"",""BS Dan Dan Belt Conveyor Milk no Maki""]]"			
Nintendo SNES/BS Kirby no Omocha Hako - Baseball.uac	Review/Game Title Conflicts/Nintendo SNES/BS Kirby no Omocha Hako - Baseball.uac	8	7	1	list-valued Game Title	"[[""BS Kirby no Omocha Hako: Basebal"",""BS Kirby no Omocha Hako: Baseball""],[""BS Kirby no Omocha Hako: Basebal"",""BS Kirby no Omocha Hako: Baseball""],[""BS Kirby no Omocha Hako: Basebal"",""BS Kirby no Omocha Hako: Baseball""],[""BS Kirby no Omocha Hako: Basebal"",""BS Kirby no Omocha Hako: Baseball""],[""BS Kirby no Omocha Hako: Basebal"",""BS Kirby no Omocha Hako: Baseball""],[""BS Kirby no Omocha Hako: Basebal"",""BS Kirby no Omocha Hako: Baseball""],[""BS Kirby no Omocha Hako: Basebal"",""BS Kirby no Omocha Hako: Baseball""]]"			
Nintendo SNES/Bubsy in - Claws Encounters of the Furred Kind.uac	Review/Game Title Conflicts/Nintendo SNES/Bubsy in - Claws Encounters of the Furred Kind.uac	42	41	1	list-valued Game Title	"[[""Bubsy in Claws Encounters of the"",""Bubsy in Claws Encounters of the Furred Kind""],[""Bubsy in Claws Encounters of the"",""Bubsy in Claws Encounters of the Furred Kind""],[""Bubsy in Claws Encounters of the"",""Bubsy in Claws Encounters of the Furred Kind""],[""Bubsy in Claws Encounters of the"",""Bubsy in Claws Encounters of the Furred Kind""],[""Bubsy in Claws Encounters of the"",""Bubsy in Claws Encounters of the Furred Kind""],[""Bubsy in Claws Encounters of the"",""Bubsy in Claws Encounters of the Furred Kind""],[""Bubsy in Claws Encounters of the"",""Bubsy in Claws Encounters of the Furred Kind""],[""Bubsy in Claws Encounters of the"",""Bubsy in Claws Encounters of the Furred Kind""],[""Bubsy in Claws Encounters of the"",""Bubsy in Claws Encounters of the Furred Kind""],[""Bubsy in Claws Encounters of the"",""Bubsy in Claws Encounters of the Furred Kind""],[""Bubsy in Claws Encounters of the"",""Bubsy in Claws Encounters of the Furred Kind""],[""Bubsy in Claws Encounters of the"",""Bubsy in Claws Encounters of the Furred Kind""],[""Bubsy in Claws Encounters of the"",""Bubsy in Claws Encounters of the Furred Kind""],[""Bubsy in Claws Encounters of the"",""Bubsy in Claws Encounters of the Furred Kind""],[""Bubsy in Claws Encounters of the"",""Bubsy in Claws Encounters of the Furred Kind""],[""Bubsy in Claws Encounters of the"",""Bubsy in Claws Encounters of the Furred Kind""],[""Bubsy in Claws Encounters of the"",""Bubsy in Claws Encounters of the Furred Kind""],[""Bubsy in Claws Encounters of the"",""Bubsy in Claws Encounters of the Furred Kind""],[""Bubsy in Claws Encounters of the"",""Bubsy in Claws Encounters of the Furred Kind""],[""Bubsy in Claws Encounters of the"",""Bubsy in Claws Encounters of the Furred Kind""],[""Bubsy in Claws Encounters of the"",""Bubsy in Claws Encounters of the Furred Kind""],[""Bubsy in Claws Encounters of the"",""Bubsy in Claws Encounters of the Furred Kind""],[""Bubsy in Claws Encounters of the"",""Bubsy in Claws Encounters of the Furred Kind""],[""Bubsy in Claws Encounters of the"",""Bubsy in Claws Encounters of the Furred Kind""],[""Bubsy in Claws Encounters of the"",""Bubsy in Claws Encounters of the Furred Kind""],[""Bubsy in Claws Encounters of the"",""Bubsy in Claws Encounters of the Furred Kind""],[""Bubsy in Claws Encounters of the"",""Bubsy in Claws Encounters of the Furred Kind""],[""Bubsy in Claws Encounters of the"",""Bubsy in Claws Encounters of the Furred Kind""],[""Bubsy in Claws Encounters of the"",""Bubsy in Claws Encounters of the Furred Kind""],[""Bubsy in Claws Encounters of the"",""Bubsy in Claws Encounters of the Furred Kind""],[""Bubsy in Claws Encounters of the"",""Bubsy in Claws Encounters of the Furred Kind""],[""Bubsy in Claws Encounters of the"",""Bubsy in Claws Encounters of the Furred Kind""],[""Bubsy in Claws Encounters of the"",""Bubsy in Claws Encounters of the Furred Kind""],[""Bubsy in Claws Encounters of the"",""Bubsy in Claws Encounters of the Furred Kind""],[""Bubsy in Claws Encounters of the"",""Bubsy in Claws Encounters of the Furred Kind""],[""Bubsy in Claws Encounters of the"",""Bubsy in Claws Encounters of the Furred Kind""],[""Bubsy in Claws Encounters of the"",""Bubsy in Claws Encounters of the Furred Kind""],[""Bubsy in Claws Encounters of the"",""Bubsy in Claws Encounters of the Furred Kind""],[""Bubsy in Claws Encounters of the"",""Bubsy in Claws Encounters of the Furred Kind""],[""Bubsy in Claws Encounters of the"",""Bubsy in Claws Encounters of the Furred Kind""],[""Bubsy in Claws Encounters of the"",""Bubsy in Claws Encounters of the Furred Kind""]]"	0354|0355|0356|0357|3499|4265	medium	unique-title-prefix
Nintendo SNES/Chester Cheetah - Too Cool to Fool.uac	Review/Game Title Conflicts/Nintendo SNES/Chester Cheetah - Too Cool to Fool.uac	13	12	1	list-valued Game Title	"[[""Chester Cheetah: Too Cool to Foo"",""Chester Cheetah: Too Cool to Fool""],[""Chester Cheetah: Too Cool to Foo"",""Chester Cheetah: Too Cool to Fool""],[""Chester Cheetah: Too Cool to Foo"",""Chester Cheetah: Too Cool to Fool""],[""Chester Cheetah: Too Cool to Foo"",""Chester Cheetah: Too Cool to Fool""],[""Chester Cheetah: Too Cool to Foo"",""Chester Cheetah: Too Cool to Fool""],[""Chester Cheetah: Too Cool to Foo"",""Chester Cheetah: Too Cool to Fool""],[""Chester Cheetah: Too Cool to Foo"",""Chester Cheetah: Too Cool to Fool""],[""Chester Cheetah: Too Cool to Foo"",""Chester Cheetah: Too Cool to Fool""],[""Chester Cheetah: Too Cool to Foo"",""Chester Cheetah: Too Cool to Fool""],[""Chester Cheetah: Too Cool to Foo"",""Chester Cheetah: Too Cool to Fool""],[""Chester Cheetah: Too Cool to Foo"",""Chester Cheetah: Too Cool to Fool""],[""Chester Cheetah: Too Cool to Foo"",""Chester Cheetah: Too Cool to Fool""]]"	0418	medium	unique-title-prefix
Nintendo SNES/Computer Nouryoku Kaiseki Ultra Baken.uac	Review/Game Title Conflicts/Nintendo SNES/Computer Nouryoku Kaiseki Ultra Baken.uac	7	6	1	list-valued Game Title	"[[""Computer Nouryoku Kaiseki Ultra"",""Computer Nouryoku Kaiseki Ultra Baken""],[""Computer Nouryoku Kaiseki Ultra"",""Computer Nouryoku Kaiseki Ultra Baken""],[""Computer Nouryoku Kaiseki Ultra"",""Computer Nouryoku Kaiseki Ultra Baken""],[""Computer Nouryoku Kaiseki Ultra"",""Computer Nouryoku Kaiseki Ultra Baken""],[""Computer Nouryoku Kaiseki Ultra"",""Computer Nouryoku Kaiseki Ultra Baken""],[""Computer Nouryoku Kaiseki Ultra"",""Computer Nouryoku Kaiseki Ultra Baken""]]"	0471	medium	unique-title-prefix
Nintendo SNES/Congo the Movie - The Secret of Zinj.uac	Review/Game Title Conflicts/Nintendo SNES/Congo the Movie - The Secret of Zinj.uac	28	27	1	list-valued Game Title	"[[""Congo the Movie: The Secret of Z"",""Congo the Movie: The Secret of Zinj""],[""Congo the Movie: The Secret of Z"",""Congo the Movie: The Secret of Zinj""],[""Congo the Movie: The Secret of Z"",""Congo the Movie: The Secret of Zinj""],[""Congo the Movie: The Secret of Z"",""Congo the Movie: The Secret of Zinj""],[""Congo the Movie: The Secret of Z"",""Congo the Movie: The Secret of Zinj""],[""Congo the Movie: The Secret of Z"",""Congo the Movie: The Secret of Zinj""],[""Congo the Movie: The Secret of Z"",""Congo the Movie: The Secret of Zinj""],[""Congo the Movie: The Secret of Z"",""Congo the Movie: The Secret of Zinj""],[""Congo the Movie: The Secret of Z"",""Congo the Movie: The Secret of Zinj""],[""Congo the Movie: The Secret of Z"",""Congo the Movie: The Secret of Zinj""],[""Congo the Movie: The Secret of Z"",""Congo the Movie: The Secret of Zinj""],[""Congo the Movie: The Secret of Z"",""Congo the Movie: The Secret of Zinj""],[""Congo the Movie: The Secret of Z"",""Congo the Movie: The Secret of Zinj""],[""Congo the Movie: The Secret of Z"",""Congo the Movie: The Secret of Zinj""],[""Congo the Movie: The Secret of Z"",""Congo the Movie: The Secret of Zinj""],[""Congo the Movie: The Secret of Z"",""Congo the Movie: The Secret of Zinj""],[""Congo the Movie: The Secret of Z"",""Congo the Movie: The Secret of Zinj""],[""Congo the Movie: The Secret of Z"",""Congo the Movie: The Secret of Zinj""],[""Congo the Movie: The Secret of Z"",""Congo the Movie: The Secret of Zinj""],[""Congo the Movie: The Secret of Z"",""Congo the Movie: The Secret of Zinj""],[""Congo the Movie: The Secret of Z"",""Congo the Movie: The Secret of Zinj""],[""Congo the Movie: The Secret of Z"",""Congo the Movie: The Secret of Zinj""],[""Congo the Movie: The Secret of Z"",""Congo the Movie: The Secret of Zinj""],[""Congo the Movie: The Secret of Z"",""Congo the Movie: The Secret of Zinj""],[""Congo the Movie: The Secret of Z"",""Congo the Movie: The Secret of Zinj""],[""Congo the Movie: The Secret of Z"",""Congo the Movie: The Secret of Zinj""],[""Congo the Movie: The Secret of Z"",""Congo the Movie: The Secret of Zinj""]]"	0472	high	root-title-exact
Nintendo SNES/Crayon Shin-chan - Arashi wo yobu Enji.uac	Review/Game Title Conflicts/Nintendo SNES/Crayon Shin-chan - Arashi wo yobu Enji.uac	16	15	1	list-valued Game Title	"[[""Crayon Shin-chan: Arashi wo yobu"",""Crayon Shin-chan: Arashi wo yobu Enji""],[""Crayon Shin-chan: Arashi wo yobu"",""Crayon Shin-chan: Arashi wo yobu Enji""],[""Crayon Shin-chan: Arashi wo yobu"",""Crayon Shin-chan: Arashi wo yobu Enji""],[""Crayon Shin-chan: Arashi wo yobu"",""Crayon Shin-chan: Arashi wo yobu Enji""],[""Crayon Shin-chan: Arashi wo yobu"",""Crayon Shin-chan: Arashi wo yobu Enji""],[""Crayon Shin-chan: Arashi wo yobu"",""Crayon Shin-chan: Arashi wo yobu Enji""],[""Crayon Shin-chan: Arashi wo yobu"",""Crayon Shin-chan: Arashi wo yobu Enji""],[""Crayon Shin-chan: Arashi wo yobu"",""Crayon Shin-chan: Arashi wo yobu Enji""],[""Crayon Shin-chan: Arashi wo yobu"",""Crayon Shin-chan: Arashi wo yobu Enji""],[""Crayon Shin-chan: Arashi wo yobu"",""Crayon Shin-chan: Arashi wo yobu Enji""],[""Crayon Shin-chan: Arashi wo yobu"",""Crayon Shin-chan: Arashi wo yobu Enji""],[""Crayon Shin-chan: Arashi wo yobu"",""Crayon Shin-chan: Arashi wo yobu Enji""],[""Crayon Shin-chan: Arashi wo yobu"",""Crayon Shin-chan: Arashi wo yobu Enji""],[""Crayon Shin-chan: Arashi wo yobu"",""Crayon Shin-chan: Arashi wo yobu Enji""],[""Crayon Shin-chan: Arashi wo yobu"",""Crayon Shin-chan: Arashi wo yobu Enji""]]"	0490	medium	difflib
Nintendo SNES/Crayon Shin-chan - Nagagutsu Dobon!!.uac	Review/Game Title Conflicts/Nintendo SNES/Crayon Shin-chan - Nagagutsu Dobon!!.uac	25	24	1	list-valued Game Title	"[[""Crayon Shin-chan: Nagagutsu Dobo"",""Crayon Shin-chan: Nagagutsu Dobon!!""],[""Crayon Shin-chan: Nagagutsu Dobo"",""Crayon Shin-chan: Nagagutsu Dobon!!""],[""Crayon Shin-chan: Nagagutsu Dobo"",""Crayon Shin-chan: Nagagutsu Dobon!!""],[""Crayon Shin-chan: Nagagutsu Dobo"",""Crayon Shin-chan: Nagagutsu Dobon!!""],[""Crayon Shin-chan: Nagagutsu Dobo"",""Crayon Shin-chan: Nagagutsu Dobon!!""],[""Crayon Shin-chan: Nagagutsu Dobo"",""Crayon Shin-chan: Nagagutsu Dobon!!""],[""Crayon Shin-chan: Nagagutsu Dobo"",""Crayon Shin-chan: Nagagutsu Dobon!!""],[""Crayon Shin-chan: Nagagutsu Dobo"",""Crayon Shin-chan: Nagagutsu Dobon!!""],[""Crayon Shin-chan: Nagagutsu Dobo"",""Crayon Shin-chan: Nagagutsu Dobon!!""],[""Crayon Shin-chan: Nagagutsu Dobo"",""Crayon Shin-chan: Nagagutsu Dobon!!""],[""Crayon Shin-chan: Nagagutsu Dobo"",""Crayon Shin-chan: Nagagutsu Dobon!!""],[""Crayon Shin-chan: Nagagutsu Dobo"",""Crayon Shin-chan: Nagagutsu Dobon!!""],[""Crayon Shin-chan: Nagagutsu Dobo"",""Crayon Shin-chan: Nagagutsu Dobon!!""],[""Crayon Shin-chan: Nagagutsu Dobo"",""Crayon Shin-chan: Nagagutsu Dobon!!""],[""Crayon Shin-chan: Nagagutsu Dobo"",""Crayon Shin-chan: Nagagutsu Dobon!!""],[""Crayon Shin-chan: Nagagutsu Dobo"",""Crayon Shin-chan: Nagagutsu Dobon!!""],[""Crayon Shin-chan: Nagagutsu Dobo"",""Crayon Shin-chan: Nagagutsu Dobon!!""],[""Crayon Shin-chan: Nagagutsu Dobo"",""Crayon Shin-chan: Nagagutsu Dobon!!""],[""Crayon Shin-chan: Nagagutsu Dobo"",""Crayon Shin-chan: Nagagutsu Dobon!!""],[""Crayon Shin-chan: Nagagutsu Dobo"",""Crayon Shin-chan: Nagagutsu Dobon!!""],[""Crayon Shin-chan: Nagagutsu Dobo"",""Crayon Shin-chan: Nagagutsu Dobon!!""],[""Crayon Shin-chan: Nagagutsu Dobo"",""Crayon Shin-chan: Nagagutsu Dobon!!""],[""Crayon Shin-chan: Nagagutsu Dobo"",""Crayon Shin-chan: Nagagutsu Dobon!!""],[""Crayon Shin-chan: Nagagutsu Dobo"",""Crayon Shin-chan: Nagagutsu Dobon!!""]]"			
Nintendo SNES/Downtown Nekketsu Baseball Monogatari.uac	Review/Game Title Conflicts/Nintendo SNES/Downtown Nekketsu Baseball Monogatari.uac	41	40	1	list-valued Game Title	"[[""Downtown Nekketsu Baseball Monog"",""Downtown Nekketsu Baseball Monogatari""],[""Downtown Nekketsu Baseball Monog"",""Downtown Nekketsu Baseball Monogatari""],[""Downtown Nekketsu Baseball Monog"",""Downtown Nekketsu Baseball Monogatari""],[""Downtown Nekketsu Baseball Monog"",""Downtown Nekketsu Baseball Monogatari""],[""Downtown Nekketsu Baseball Monog"",""Downtown Nekketsu Baseball Monogatari""],[""Downtown Nekketsu Baseball Monog"",""Downtown Nekketsu Baseball Monogatari""],[""Downtown Nekketsu Baseball Monog"",""Downtown Nekketsu Baseball Monogatari""],[""Downtown Nekketsu Baseball Monog"",""Downtown Nekketsu Baseball Monogatari""],[""Downtown Nekketsu Baseball Monog"",""Downtown Nekketsu Baseball Monogatari""],[""Downtown Nekketsu Baseball Monog"",""Downtown Nekketsu Baseball Monogatari""],[""Downtown Nekketsu Baseball Monog"",""Downtown Nekketsu Baseball Monogatari""],[""Downtown Nekketsu Baseball Monog"",""Downtown Nekketsu Baseball Monogatari""],[""Downtown Nekketsu Baseball Monog"",""Downtown Nekketsu Baseball Monogatari""],[""Downtown Nekketsu Baseball Monog"",""Downtown Nekketsu Baseball Monogatari""],[""Downtown Nekketsu Baseball Monog"",""Downtown Nekketsu Baseball Monogatari""],[""Downtown Nekketsu Baseball Monog"",""Downtown Nekketsu Baseball Monogatari""],[""Downtown Nekketsu Baseball Monog"",""Downtown Nekketsu Baseball Monogatari""],[""Downtown Nekketsu Baseball Monog"",""Downtown Nekketsu Baseball Monogatari""],[""Downtown Nekketsu Baseball Monog"",""Downtown Nekketsu Baseball Monogatari""],[""Downtown Nekketsu Baseball Monog"",""Downtown Nekketsu Baseball Monogatari""],[""Downtown Nekketsu Baseball Monog"",""Downtown Nekketsu Baseball Monogatari""],[""Downtown Nekketsu Baseball Monog"",""Downtown Nekketsu Baseball Monogatari""],[""Downtown Nekketsu Baseball Monog"",""Downtown Nekketsu Baseball Monogatari""],[""Downtown Nekketsu Baseball Monog"",""Downtown Nekketsu Baseball Monogatari""],[""Downtown Nekketsu Baseball Monog"",""Downtown Nekketsu Baseball Monogatari""],[""Downtown Nekketsu Baseball Monog"",""Downtown Nekketsu Baseball Monogatari""],[""Downtown Nekketsu Baseball Monog"",""Downtown Nekketsu Baseball Monogatari""],[""Downtown Nekketsu Baseball Monog"",""Downtown Nekketsu Baseball Monogatari""],[""Downtown Nekketsu Baseball Monog"",""Downtown Nekketsu Baseball Monogatari""],[""Downtown Nekketsu Baseball Monog"",""Downtown Nekketsu Baseball Monogatari""],[""Downtown Nekketsu Baseball Monog"",""Downtown Nekketsu Baseball Monogatari""],[""Downtown Nekketsu Baseball Monog"",""Downtown Nekketsu Baseball Monogatari""],[""Downtown Nekketsu Baseball Monog"",""Downtown Nekketsu Baseball Monogatari""],[""Downtown Nekketsu Baseball Monog"",""Downtown Nekketsu Baseball Monogatari""],[""Downtown Nekketsu Baseball Monog"",""Downtown Nekketsu Baseball Monogatari""],[""Downtown Nekketsu Baseball Monog"",""Downtown Nekketsu Baseball Monogatari""],[""Downtown Nekketsu Baseball Monog"",""Downtown Nekketsu Baseball Monogatari""],[""Downtown Nekketsu Baseball Monog"",""Downtown Nekketsu Baseball Monogatari""],[""Downtown Nekketsu Baseball Monog"",""Downtown Nekketsu Baseball Monogatari""],[""Downtown Nekketsu Baseball Monog"",""Downtown Nekketsu Baseball Monogatari""]]"	0626	medium	unique-title-prefix
Nintendo SNES/Dragon Ball Z Super Gokuden - Totsugeki-Hen.uac	Review/Game Title Conflicts/Nintendo SNES/Dragon Ball Z Super Gokuden - Totsugeki-Hen.uac	23	22	1	list-valued Game Title	"[[""Dragon Ball Z Super Gokuden: Tot"",""Dragon Ball Z Super Gokuden: Totsugeki-Hen""],[""Dragon Ball Z Super Gokuden: Tot"",""Dragon Ball Z Super Gokuden: Totsugeki-Hen""],[""Dragon Ball Z Super Gokuden: Tot"",""Dragon Ball Z Super Gokuden: Totsugeki-Hen""],[""Dragon Ball Z Super Gokuden: Tot"",""Dragon Ball Z Super Gokuden: Totsugeki-Hen""],[""Dragon Ball Z Super Gokuden: Tot"",""Dragon Ball Z Super Gokuden: Totsugeki-Hen""],[""Dragon Ball Z Super Gokuden: Tot"",""Dragon Ball Z Super Gokuden: Totsugeki-Hen""],[""Dragon Ball Z Super Gokuden: Tot"",""Dragon Ball Z Super Gokuden: Totsugeki-Hen""],[""Dragon Ball Z Super Gokuden: Tot"",""Dragon Ball Z Super Gokuden: Totsugeki-Hen""],[""Dragon Ball Z Super Gokuden: Tot"",""Dragon Ball Z Super Gokuden: Totsugeki-Hen""],[""Dragon Ball Z Super Gokuden: Tot"",""Dragon Ball Z Super Gokuden: Totsugeki-Hen""],[""Dragon Ball Z Super Gokuden: Tot"",""Dragon Ball Z Super Gokuden: Totsugeki-Hen""],[""Dragon Ball Z Super Gokuden: Tot"",""Dragon Ball Z Super Gokuden: Totsugeki-Hen""],[""Dragon Ball Z Super Gokuden: Tot"",""Dragon Ball Z Super Gokuden: Totsugeki-Hen""],[""Dragon Ball Z Super Gokuden: Tot"",""Dragon Ball Z Super Gokuden: Totsugeki-Hen""],[""Dragon Ball Z Super Gokuden: Tot"",""Dragon Ball Z Super Gokuden: Totsugeki-Hen""],[""Dragon Ball Z Super Gokuden: Tot"",""Dragon Ball Z Super Gokuden: Totsugeki-Hen""],[""Dragon Ball Z Super Gokuden: Tot"",""Dragon Ball Z Super Gokuden: Totsugeki-Hen""],[""Dragon Ball Z Super Gokuden: Tot"",""Dragon Ball Z Super Gokuden: Totsugeki-Hen""],[""Dragon Ball Z Super Gokuden: Tot"",""Dragon Ball Z Super Gokuden: Totsugeki-Hen""],[""Dragon Ball Z Super Gokuden: Tot"",""Dragon Ball Z Super Gokuden: Totsugeki-Hen""],[""Dragon Ball Z Super Gokuden: Tot"",""Dragon Ball Z Super Gokuden: Totsugeki-Hen""],[""Dragon Ball Z Super Gokuden: Tot"",""Dragon Ball Z Super Gokuden: Totsugeki-Hen""]]"			
Nintendo SNES/Dragon Quest 1 & 2.uac	Review/Game Title Conflicts/Nintendo SNES/Dragon Quest 1 & 2.uac	48	0	3	per-track Game Title variation	"[""Dragon Quest 1 & 2"",""Dragon Quest 1 & 2"",""Dragon Quest 1 & 2"",""Dragon Quest 2"",""Dragon Quest 2"",""Dragon Quest 2"",""Dragon Quest 2"",""Dragon Quest 2"",""Dragon Quest 2"",""Dragon Quest 2"",""Dragon Quest 2"",""Dragon Quest 2"",""Dragon Quest 2"",""Dragon Quest 2"",""Dragon Quest 2"",""Dragon Quest 2"",""Dragon Quest 2"",""Dragon Quest 2"",""Dragon Quest 2"",""Dragon Quest 2"",""Dragon Quest 2"",""Dragon Quest 2"",""Dragon Quest 2"",""Dragon Quest 2"",""Dragon Quest"",""Dragon Quest"",""Dragon Quest"",""Dragon Quest"",""Dragon Quest"",""Dragon Quest"",""Dragon Quest"",""Dragon Quest"",""Dragon Quest"",""Dragon Quest"",""Dragon Quest"",""Dragon Quest"",""Dragon Quest"",""Dragon Quest"",""Dragon Quest"",""Dragon Quest"",""Dragon Quest"",""Dragon Quest"",""Dragon Quest"",""Dragon Quest"",""Dragon Quest"",""Dragon Quest"",""Dragon Quest""]"	0647	medium	difflib
Nintendo SNES/Elite Soccer.uac	Review/Game Title Conflicts/Nintendo SNES/Elite Soccer.uac	46	0	2	per-track Game Title variation	"[""Elite Soccer"",""Elite Soccer"",""Elite Soccer"",""Elite Soccer"",""Elite Soccer"",""Elite Soccer"",""Elite Soccer"",""Elite Soccer"",""Elite Soccer"",""Elite Soccer"",""Elite Soccer"",""Elite Soccer"",""Elite Soccer"",""Elite Soccer"",""Elite Soccer"",""Elite Soccer"",""Elite Soccer"",""Elite Soccer"",""Elite Soccer"",""Elite Soccer"",""Elite Soccer"",""Elite Soccer"",""Elite Soccer"",""Elite Soccer"",""Elite Soccer"",""Elite Soccer"",""Elite Soccer"",""Elite Soccer"",""Elite Soccer"",""Elite Soccer"",""Elite Soccer"",""Elite Soccer"",""Elite Soccer"",""Elite Soccer"",""Elite Soccer"",""Elite Soccer"",""Elite Soccer"",""World Cup Striker"",""World Cup Striker"",""World Cup Striker"",""World Cup Striker"",""World Cup Striker"",""World Cup Striker"",""World Cup Striker"",""World Cup Striker""]"	0703	medium	unique-title-prefix
Nintendo SNES/Fire Striker.uac	Review/Game Title Conflicts/Nintendo SNES/Fire Striker.uac	33	0	2	per-track Game Title variation	"[""Fire Striker"",""Fire Striker"",""Fire Striker"",""Fire Striker"",""Fire Striker"",""Fire Striker"",""Fire Striker"",""Fire Striker"",""Fire Striker"",""Fire Striker"",""Fire Striker"",""Fire Striker"",""Fire Striker"",""Fire Striker"",""Fire Striker"",""Fire Striker"",""Fire Striker"",""Fire Striker"",""Fire Striker"",""Holy Striker"",""Holy Striker"",""Holy Striker"",""Holy Striker"",""Holy Striker"",""Holy Striker"",""Holy Striker"",""Holy Striker"",""Holy Striker"",""Holy Striker"",""Holy Striker"",""Holy Striker"",""Holy Striker""]"	0827|0828	medium	difflib
Nintendo SNES/Flintstones - Treasure of Sierra Madrock.uac	Review/Game Title Conflicts/Nintendo SNES/Flintstones - Treasure of Sierra Madrock.uac	31	30	1	list-valued Game Title	"[[""Flintstones: Treasure of Sierra"",""Flintstones: Treasure of Sierra Madrock""],[""Flintstones: Treasure of Sierra"",""Flintstones: Treasure of Sierra Madrock""],[""Flintstones: Treasure of Sierra"",""Flintstones: Treasure of Sierra Madrock""],[""Flintstones: Treasure of Sierra"",""Flintstones: Treasure of Sierra Madrock""],[""Flintstones: Treasure of Sierra"",""Flintstones: Treasure of Sierra Madrock""],[""Flintstones: Treasure of Sierra"",""Flintstones: Treasure of Sierra Madrock""],[""Flintstones: Treasure of Sierra"",""Flintstones: Treasure of Sierra Madrock""],[""Flintstones: Treasure of Sierra"",""Flintstones: Treasure of Sierra Madrock""],[""Flintstones: Treasure of Sierra"",""Flintstones: Treasure of Sierra Madrock""],[""Flintstones: Treasure of Sierra"",""Flintstones: Treasure of Sierra Madrock""],[""Flintstones: Treasure of Sierra"",""Flintstones: Treasure of Sierra Madrock""],[""Flintstones: Treasure of Sierra"",""Flintstones: Treasure of Sierra Madrock""],[""Flintstones: Treasure of Sierra"",""Flintstones: Treasure of Sierra Madrock""],[""Flintstones: Treasure of Sierra"",""Flintstones: Treasure of Sierra Madrock""],[""Flintstones: Treasure of Sierra"",""Flintstones: Treasure of Sierra Madrock""],[""Flintstones: Treasure of Sierra"",""Flintstones: Treasure of Sierra Madrock""],[""Flintstones: Treasure of Sierra"",""Flintstones: Treasure of Sierra Madrock""],[""Flintstones: Treasure of Sierra"",""Flintstones: Treasure of Sierra Madrock""],[""Flintstones: Treasure of Sierra"",""Flintstones: Treasure of Sierra Madrock""],[""Flintstones: Treasure of Sierra"",""Flintstones: Treasure of Sierra Madrock""],[""Flintstones: Treasure of Sierra"",""Flintstones: Treasure of Sierra Madrock""],[""Flintstones: Treasure of Sierra"",""Flintstones: Treasure of Sierra Madrock""],[""Flintstones: Treasure of Sierra"",""Flintstones: Treasure of Sierra Madrock""],[""Flintstones: Treasure of Sierra"",""Flintstones: Treasure of Sierra Madrock""],[""Flintstones: Treasure of Sierra"",""Flintstones: Treasure of Sierra Madrock""],[""Flintstones: Treasure of Sierra"",""Flintstones: Treasure of Sierra Madrock""],[""Flintstones: Treasure of Sierra"",""Flintstones: Treasure of Sierra Madrock""],[""Flintstones: Treasure of Sierra"",""Flintstones: Treasure of Sierra Madrock""],[""Flintstones: Treasure of Sierra"",""Flintstones: Treasure of Sierra Madrock""],[""Flintstones: Treasure of Sierra"",""Flintstones: Treasure of Sierra Madrock""]]"	0849|0850|0851|3579	high	curated-exact
Nintendo SNES/From TV Animation Slam Dunk - SD Heat Up!.uac	Review/Game Title Conflicts/Nintendo SNES/From TV Animation Slam Dunk - SD Heat Up!.uac	19	18	1	list-valued Game Title	"[[""From TV Animation Slam Dunk: SD"",""From TV Animation Slam Dunk: SD Heat Up!""],[""From TV Animation Slam Dunk: SD"",""From TV Animation Slam Dunk: SD Heat Up!""],[""From TV Animation Slam Dunk: SD"",""From TV Animation Slam Dunk: SD Heat Up!""],[""From TV Animation Slam Dunk: SD"",""From TV Animation Slam Dunk: SD Heat Up!""],[""From TV Animation Slam Dunk: SD"",""From TV Animation Slam Dunk: SD Heat Up!""],[""From TV Animation Slam Dunk: SD"",""From TV Animation Slam Dunk: SD Heat Up!""],[""From TV Animation Slam Dunk: SD"",""From TV Animation Slam Dunk: SD Heat Up!""],[""From TV Animation Slam Dunk: SD"",""From TV Animation Slam Dunk: SD Heat Up!""],[""From TV Animation Slam Dunk: SD"",""From TV Animation Slam Dunk: SD Heat Up!""],[""From TV Animation Slam Dunk: SD"",""From TV Animation Slam Dunk: SD Heat Up!""],[""From TV Animation Slam Dunk: SD"",""From TV Animation Slam Dunk: SD Heat Up!""],[""From TV Animation Slam Dunk: SD"",""From TV Animation Slam Dunk: SD Heat Up!""],[""From TV Animation Slam Dunk: SD"",""From TV Animation Slam Dunk: SD Heat Up!""],[""From TV Animation Slam Dunk: SD"",""From TV Animation Slam Dunk: SD Heat Up!""],[""From TV Animation Slam Dunk: SD"",""From TV Animation Slam Dunk: SD Heat Up!""],[""From TV Animation Slam Dunk: SD"",""From TV Animation Slam Dunk: SD Heat Up!""],[""From TV Animation Slam Dunk: SD"",""From TV Animation Slam Dunk: SD Heat Up!""],[""From TV Animation Slam Dunk: SD"",""From TV Animation Slam Dunk: SD Heat Up!""]]"	0872	medium	unique-title-prefix
Nintendo SNES/Gambler Jiko Chuushinha 2 - Dorapon Quest.uac	Review/Game Title Conflicts/Nintendo SNES/Gambler Jiko Chuushinha 2 - Dorapon Quest.uac	30	29	1	list-valued Game Title	"[[""Gambler Jiko Chuushinha 2: Dorap"",""Gambler Jiko Chuushinha 2: Dorapon Quest""],[""Gambler Jiko Chuushinha 2: Dorap"",""Gambler Jiko Chuushinha 2: Dorapon Quest""],[""Gambler Jiko Chuushinha 2: Dorap"",""Gambler Jiko Chuushinha 2: Dorapon Quest""],[""Gambler Jiko Chuushinha 2: Dorap"",""Gambler Jiko Chuushinha 2: Dorapon Quest""],[""Gambler Jiko Chuushinha 2: Dorap"",""Gambler Jiko Chuushinha 2: Dorapon Quest""],[""Gambler Jiko Chuushinha 2: Dorap"",""Gambler Jiko Chuushinha 2: Dorapon Quest""],[""Gambler Jiko Chuushinha 2: Dorap"",""Gambler Jiko Chuushinha 2: Dorapon Quest""],[""Gambler Jiko Chuushinha 2: Dorap"",""Gambler Jiko Chuushinha 2: Dorapon Quest""],[""Gambler Jiko Chuushinha 2: Dorap"",""Gambler Jiko Chuushinha 2: Dorapon Quest""],[""Gambler Jiko Chuushinha 2: Dorap"",""Gambler Jiko Chuushinha 2: Dorapon Quest""],[""Gambler Jiko Chuushinha 2: Dorap"",""Gambler Jiko Chuushinha 2: Dorapon Quest""],[""Gambler Jiko Chuushinha 2: Dorap"",""Gambler Jiko Chuushinha 2: Dorapon Quest""],[""Gambler Jiko Chuushinha 2: Dorap"",""Gambler Jiko Chuushinha 2: Dorapon Quest""],[""Gambler Jiko Chuushinha 2: Dorap"",""Gambler Jiko Chuushinha 2: Dorapon Quest""],[""Gambler Jiko Chuushinha 2: Dorap"",""Gambler Jiko Chuushinha 2: Dorapon Quest""],[""Gambler Jiko Chuushinha 2: Dorap"",""Gambler Jiko Chuushinha 2: Dorapon Quest""],[""Gambler Jiko Chuushinha 2: Dorap"",""Gambler Jiko Chuushinha 2: Dorapon Quest""],[""Gambler Jiko Chuushinha 2: Dorap"",""Gambler Jiko Chuushinha 2: Dorapon Quest""],[""Gambler Jiko Chuushinha 2: Dorap"",""Gambler Jiko Chuushinha 2: Dorapon Quest""],[""Gambler Jiko Chuushinha 2: Dorap"",""Gambler Jiko Chuushinha 2: Dorapon Quest""],[""Gambler Jiko Chuushinha 2: Dorap"",""Gambler Jiko Chuushinha 2: Dorapon Quest""],[""Gambler Jiko Chuushinha 2: Dorap"",""Gambler Jiko Chuushinha 2: Dorapon Quest""],[""Gambler Jiko Chuushinha 2: Dorap"",""Gambler Jiko Chuushinha 2: Dorapon Quest""],[""Gambler Jiko Chuushinha 2: Dorap"",""Gambler Jiko Chuushinha 2: Dorapon Quest""],[""Gambler Jiko Chuushinha 2: Dorap"",""Gambler Jiko Chuushinha 2: Dorapon Quest""],[""Gambler Jiko Chuushinha 2: Dorap"",""Gambler Jiko Chuushinha 2: Dorapon Quest""],[""Gambler Jiko Chuushinha 2: Dorap"",""Gambler Jiko Chuushinha 2: Dorapon Quest""],[""Gambler Jiko Chuushinha 2: Dorap"",""Gambler Jiko Chuushinha 2: Dorapon Quest""],[""Gambler Jiko Chuushinha 2: Dorap"",""Gambler Jiko Chuushinha 2: Dorapon Quest""]]"	0896	medium	unique-title-prefix
Nintendo SNES/Ghost Sweeper Mikami - Gokuraku Daisakusen.uac	Review/Game Title Conflicts/Nintendo SNES/Ghost Sweeper Mikami - Gokuraku Daisakusen.uac	21	20	1	list-valued Game Title	"[[""Ghost Sweeper Mikami: Gokuraku D"",""Ghost Sweeper Mikami: Gokuraku Daisakusen""],[""Ghost Sweeper Mikami: Gokuraku D"",""Ghost Sweeper Mikami: Gokuraku Daisakusen""],[""Ghost Sweeper Mikami: Gokuraku D"",""Ghost Sweeper Mikami: Gokuraku Daisakusen""],[""Ghost Sweeper Mikami: Gokuraku D"",""Ghost Sweeper Mikami: Gokuraku Daisakusen""],[""Ghost Sweeper Mikami: Gokuraku D"",""Ghost Sweeper Mikami: Gokuraku Daisakusen""],[""Ghost Sweeper Mikami: Gokuraku D"",""Ghost Sweeper Mikami: Gokuraku Daisakusen""],[""Ghost Sweeper Mikami: Gokuraku D"",""Ghost Sweeper Mikami: Gokuraku Daisakusen""],[""Ghost Sweeper Mikami: Gokuraku D"",""Ghost Sweeper Mikami: Gokuraku Daisakusen""],[""Ghost Sweeper Mikami: Gokuraku D"",""Ghost Sweeper Mikami: Gokuraku Daisakusen""],[""Ghost Sweeper Mikami: Gokuraku D"",""Ghost Sweeper Mikami: Gokuraku Daisakusen""],[""Ghost Sweeper Mikami: Gokuraku D"",""Ghost Sweeper Mikami: Gokuraku Daisakusen""],[""Ghost Sweeper Mikami: Gokuraku D"",""Ghost Sweeper Mikami: Gokuraku Daisakusen""],[""Ghost Sweeper Mikami: Gokuraku D"",""Ghost Sweeper Mikami: Gokuraku Daisakusen""],[""Ghost Sweeper Mikami: Gokuraku D"",""Ghost Sweeper Mikami: Gokuraku Daisakusen""],[""Ghost Sweeper Mikami: Gokuraku D"",""Ghost Sweeper Mikami: Gokuraku Daisakusen""],[""Ghost Sweeper Mikami: Gokuraku D"",""Ghost Sweeper Mikami: Gokuraku Daisakusen""],[""Ghost Sweeper Mikami: Gokuraku D"",""Ghost Sweeper Mikami: Gokuraku Daisakusen""],[""Ghost Sweeper Mikami: Gokuraku D"",""Ghost Sweeper Mikami: Gokuraku Daisakusen""],[""Ghost Sweeper Mikami: Gokuraku D"",""Ghost Sweeper Mikami: Gokuraku Daisakusen""],[""Ghost Sweeper Mikami: Gokuraku D"",""Ghost Sweeper Mikami: Gokuraku Daisakusen""]]"			
Nintendo SNES/Hakunetsu Pro Yakyuu '93 - Ganba League (JP).uac	Review/Game Title Conflicts/Nintendo SNES/Hakunetsu Pro Yakyuu '93 - Ganba League (JP).uac	31	30	1	list-valued Game Title	"[[""Hakunetsu Pro Yakyuu '93: Ganba"",""Hakunetsu Pro Yakyuu '93: Ganba League""],[""Hakunetsu Pro Yakyuu '93: Ganba"",""Hakunetsu Pro Yakyuu '93: Ganba League""],[""Hakunetsu Pro Yakyuu '93: Ganba"",""Hakunetsu Pro Yakyuu '93: Ganba League""],[""Hakunetsu Pro Yakyuu '93: Ganba"",""Hakunetsu Pro Yakyuu '93: Ganba League""],[""Hakunetsu Pro Yakyuu '93: Ganba"",""Hakunetsu Pro Yakyuu '93: Ganba League""],[""Hakunetsu Pro Yakyuu '93: Ganba"",""Hakunetsu Pro Yakyuu '93: Ganba League""],[""Hakunetsu Pro Yakyuu '93: Ganba"",""Hakunetsu Pro Yakyuu '93: Ganba League""],[""Hakunetsu Pro Yakyuu '93: Ganba"",""Hakunetsu Pro Yakyuu '93: Ganba League""],[""Hakunetsu Pro Yakyuu '93: Ganba"",""Hakunetsu Pro Yakyuu '93: Ganba League""],[""Hakunetsu Pro Yakyuu '93: Ganba"",""Hakunetsu Pro Yakyuu '93: Ganba League""],[""Hakunetsu Pro Yakyuu '93: Ganba"",""Hakunetsu Pro Yakyuu '93: Ganba League""],[""Hakunetsu Pro Yakyuu '93: Ganba"",""Hakunetsu Pro Yakyuu '93: Ganba League""],[""Hakunetsu Pro Yakyuu '93: Ganba"",""Hakunetsu Pro Yakyuu '93: Ganba League""],[""Hakunetsu Pro Yakyuu '93: Ganba"",""Hakunetsu Pro Yakyuu '93: Ganba League""],[""Hakunetsu Pro Yakyuu '93: Ganba"",""Hakunetsu Pro Yakyuu '93: Ganba League""],[""Hakunetsu Pro Yakyuu '93: Ganba"",""Hakunetsu Pro Yakyuu '93: Ganba League""],[""Hakunetsu Pro Yakyuu '93: Ganba"",""Hakunetsu Pro Yakyuu '93: Ganba League""],[""Hakunetsu Pro Yakyuu '93: Ganba"",""Hakunetsu Pro Yakyuu '93: Ganba League""],[""Hakunetsu Pro Yakyuu '93: Ganba"",""Hakunetsu Pro Yakyuu '93: Ganba League""],[""Hakunetsu Pro Yakyuu '93: Ganba"",""Hakunetsu Pro Yakyuu '93: Ganba League""],[""Hakunetsu Pro Yakyuu '93: Ganba"",""Hakunetsu Pro Yakyuu '93: Ganba League""],[""Hakunetsu Pro Yakyuu '93: Ganba"",""Hakunetsu Pro Yakyuu '93: Ganba League""],[""Hakunetsu Pro Yakyuu '93: Ganba"",""Hakunetsu Pro Yakyuu '93: Ganba League""],[""Hakunetsu Pro Yakyuu '93: Ganba"",""Hakunetsu Pro Yakyuu '93: Ganba League""],[""Hakunetsu Pro Yakyuu '93: Ganba"",""Hakunetsu Pro Yakyuu '93: Ganba League""],[""Hakunetsu Pro Yakyuu '93: Ganba"",""Hakunetsu Pro Yakyuu '93: Ganba League""],[""Hakunetsu Pro Yakyuu '93: Ganba"",""Hakunetsu Pro Yakyuu '93: Ganba League""],[""Hakunetsu Pro Yakyuu '93: Ganba"",""Hakunetsu Pro Yakyuu '93: Ganba League""],[""Hakunetsu Pro Yakyuu '93: Ganba"",""Hakunetsu Pro Yakyuu '93: Ganba League""],[""Hakunetsu Pro Yakyuu '93: Ganba"",""Hakunetsu Pro Yakyuu '93: Ganba League""]]"	1004|3810	medium	unique-title-prefix
Nintendo SNES/Hakunetsu Pro Yakyuu '94 - Ganba League 3.uac	Review/Game Title Conflicts/Nintendo SNES/Hakunetsu Pro Yakyuu '94 - Ganba League 3.uac	22	21	1	list-valued Game Title	"[[""Hakunetsu Pro Yakyuu '94: Ganba"",""Hakunetsu Pro Yakyuu '94: Ganba League 3""],[""Hakunetsu Pro Yakyuu '94: Ganba"",""Hakunetsu Pro Yakyuu '94: Ganba League 3""],[""Hakunetsu Pro Yakyuu '94: Ganba"",""Hakunetsu Pro Yakyuu '94: Ganba League 3""],[""Hakunetsu Pro Yakyuu '94: Ganba"",""Hakunetsu Pro Yakyuu '94: Ganba League 3""],[""Hakunetsu Pro Yakyuu '94: Ganba"",""Hakunetsu Pro Yakyuu '94: Ganba League 3""],[""Hakunetsu Pro Yakyuu '94: Ganba"",""Hakunetsu Pro Yakyuu '94: Ganba League 3""],[""Hakunetsu Pro Yakyuu '94: Ganba"",""Hakunetsu Pro Yakyuu '94: Ganba League 3""],[""Hakunetsu Pro Yakyuu '94: Ganba"",""Hakunetsu Pro Yakyuu '94: Ganba League 3""],[""Hakunetsu Pro Yakyuu '94: Ganba"",""Hakunetsu Pro Yakyuu '94: Ganba League 3""],[""Hakunetsu Pro Yakyuu '94: Ganba"",""Hakunetsu Pro Yakyuu '94: Ganba League 3""],[""Hakunetsu Pro Yakyuu '94: Ganba"",""Hakunetsu Pro Yakyuu '94: Ganba League 3""],[""Hakunetsu Pro Yakyuu '94: Ganba"",""Hakunetsu Pro Yakyuu '94: Ganba League 3""],[""Hakunetsu Pro Yakyuu '94: Ganba"",""Hakunetsu Pro Yakyuu '94: Ganba League 3""],[""Hakunetsu Pro Yakyuu '94: Ganba"",""Hakunetsu Pro Yakyuu '94: Ganba League 3""],[""Hakunetsu Pro Yakyuu '94: Ganba"",""Hakunetsu Pro Yakyuu '94: Ganba League 3""],[""Hakunetsu Pro Yakyuu '94: Ganba"",""Hakunetsu Pro Yakyuu '94: Ganba League 3""],[""Hakunetsu Pro Yakyuu '94: Ganba"",""Hakunetsu Pro Yakyuu '94: Ganba League 3""],[""Hakunetsu Pro Yakyuu '94: Ganba"",""Hakunetsu Pro Yakyuu '94: Ganba League 3""],[""Hakunetsu Pro Yakyuu '94: Ganba"",""Hakunetsu Pro Yakyuu '94: Ganba League 3""],[""Hakunetsu Pro Yakyuu '94: Ganba"",""Hakunetsu Pro Yakyuu '94: Ganba League 3""],[""Hakunetsu Pro Yakyuu '94: Ganba"",""Hakunetsu Pro Yakyuu '94: Ganba League 3""]]"	1005|3518	medium	unique-title-prefix
Nintendo SNES/Hakunetsu Pro Yakyuu - Ganba League (JP).uac	Review/Game Title Conflicts/Nintendo SNES/Hakunetsu Pro Yakyuu - Ganba League (JP).uac	58	49	2	list-valued Game Title; per-track Game Title variation	"[""Extra Innings"",""Extra Innings"",""Extra Innings"",""Extra Innings"",""Extra Innings"",""Extra Innings"",""Extra Innings"",""Extra Innings"",[""Hakunetsu Pro Yakyuu: Ganba Leag"",""Hakunetsu Pro Yakyuu: Ganba League""],[""Hakunetsu Pro Yakyuu: Ganba Leag"",""Hakunetsu Pro Yakyuu: Ganba League""],[""Hakunetsu Pro Yakyuu: Ganba Leag"",""Hakunetsu Pro Yakyuu: Ganba League""],[""Hakunetsu Pro Yakyuu: Ganba Leag"",""Hakunetsu Pro Yakyuu: Ganba League""],[""Hakunetsu Pro Yakyuu: Ganba Leag"",""Hakunetsu Pro Yakyuu: Ganba League""],[""Hakunetsu Pro Yakyuu: Ganba Leag"",""Hakunetsu Pro Yakyuu: Ganba League""],[""Hakunetsu Pro Yakyuu: Ganba Leag"",""Hakunetsu Pro Yakyuu: Ganba League""],[""Hakunetsu Pro Yakyuu: Ganba Leag"",""Hakunetsu Pro Yakyuu: Ganba League""],[""Hakunetsu Pro Yakyuu: Ganba Leag"",""Hakunetsu Pro Yakyuu: Ganba League""],[""Hakunetsu Pro Yakyuu: Ganba Leag"",""Hakunetsu Pro Yakyuu: Ganba League""],[""Hakunetsu Pro Yakyuu: Ganba Leag"",""Hakunetsu Pro Yakyuu: Ganba League""],[""Hakunetsu Pro Yakyuu: Ganba Leag"",""Hakunetsu Pro Yakyuu: Ganba League""],[""Hakunetsu Pro Yakyuu: Ganba Leag"",""Hakunetsu Pro Yakyuu: Ganba League""],[""Hakunetsu Pro Yakyuu: Ganba Leag"",""Hakunetsu Pro Yakyuu: Ganba League""],[""Hakunetsu Pro Yakyuu: Ganba Leag"",""Hakunetsu Pro Yakyuu: Ganba League""],[""Hakunetsu Pro Yakyuu: Ganba Leag"",""Hakunetsu Pro Yakyuu: Ganba League""],[""Hakunetsu Pro Yakyuu: Ganba Leag"",""Hakunetsu Pro Yakyuu: Ganba League""],[""Hakunetsu Pro Yakyuu: Ganba Leag"",""Hakunetsu Pro Yakyuu: Ganba League""],[""Hakunetsu Pro Yakyuu: Ganba Leag"",""Hakunetsu Pro Yakyuu: Ganba League""],[""Hakunetsu Pro Yakyuu: Ganba Leag"",""Hakunetsu Pro Yakyuu: Ganba League""],[""Hakunetsu Pro Yakyuu: Ganba Leag"",""Hakunetsu Pro Yakyuu: Ganba League""],[""Hakunetsu Pro Yakyuu: Ganba Leag"",""Hakunetsu Pro Yakyuu: Ganba League""],[""Hakunetsu Pro Yakyuu: Ganba Leag"",""Hakunetsu Pro Yakyuu: Ganba League""],[""Hakunetsu Pro Yakyuu: Ganba Leag"",""Hakunetsu Pro Yakyuu: Ganba League""],[""Hakunetsu Pro Yakyuu: Ganba Leag"",""Hakunetsu Pro Yakyuu: Ganba League""],[""Hakunetsu Pro Yakyuu: Ganba Leag"",""Hakunetsu Pro Yakyuu: Ganba League""],[""Hakunetsu Pro Yakyuu: Ganba Leag"",""Hakunetsu Pro Yakyuu: Ganba League""],[""Hakunetsu Pro Yakyuu: Ganba Leag"",""Hakunetsu Pro Yakyuu: Ganba League""],[""Hakunetsu Pro Yakyuu: Ganba Leag"",""Hakunetsu Pro Yakyuu: Ganba League""],[""Hakunetsu Pro Yakyuu: Ganba Leag"",""Hakunetsu Pro Yakyuu: Ganba League""],[""Hakunetsu Pro Yakyuu: Ganba Leag"",""Hakunetsu Pro Yakyuu: Ganba League""],[""Hakunetsu Pro Yakyuu: Ganba Leag"",""Hakunetsu Pro Yakyuu: Ganba League""],[""Hakunetsu Pro Yakyuu: Ganba Leag"",""Hakunetsu Pro Yakyuu: Ganba League""],[""Hakunetsu Pro Yakyuu: Ganba Leag"",""Hakunetsu Pro Yakyuu: Ganba League""],[""Hakunetsu Pro Yakyuu: Ganba Leag"",""Hakunetsu Pro Yakyuu: Ganba League""],[""Hakunetsu Pro Yakyuu: Ganba Leag"",""Hakunetsu Pro Yakyuu: Ganba League""],[""Hakunetsu Pro Yakyuu: Ganba Leag"",""Hakunetsu Pro Yakyuu: Ganba League""],[""Hakunetsu Pro Yakyuu: Ganba Leag"",""Hakunetsu Pro Yakyuu: Ganba League""],[""Hakunetsu Pro Yakyuu: Ganba Leag"",""Hakunetsu Pro Yakyuu: Ganba League""],[""Hakunetsu Pro Yakyuu: Ganba Leag"",""Hakunetsu Pro Yakyuu: Ganba League""],[""Hakunetsu Pro Yakyuu: Ganba Leag"",""Hakunetsu Pro Yakyuu: Ganba League""],[""Hakunetsu Pro Yakyuu: Ganba Leag"",""Hakunetsu Pro Yakyuu: Ganba League""],[""Hakunetsu Pro Yakyuu: Ganba Leag"",""Hakunetsu Pro Yakyuu: Ganba League""],[""Hakunetsu Pro Yakyuu: Ganba Leag"",""Hakunetsu Pro Yakyuu: Ganba League""],[""Hakunetsu Pro Yakyuu: Ganba Leag"",""Hakunetsu Pro Yakyuu: Ganba League""],[""Hakunetsu Pro Yakyuu: Ganba Leag"",""Hakunetsu Pro Yakyuu: Ganba League""],[""Hakunetsu Pro Yakyuu: Ganba Leag"",""Hakunetsu Pro Yakyuu: Ganba League""],[""Hakunetsu Pro Yakyuu: Ganba Leag"",""Hakunetsu Pro Yakyuu: Ganba League""],[""Hakunetsu Pro Yakyuu: Ganba Leag"",""Hakunetsu Pro Yakyuu: Ganba League""]]"	1006|1007	medium	unique-title-prefix
Nintendo SNES/Hansei Zaru Jiro-kun no Daibouken (JP).uac	Review/Game Title Conflicts/Nintendo SNES/Hansei Zaru Jiro-kun no Daibouken (JP).uac	22	17	2	list-valued Game Title; per-track Game Title variation	"[""Spanky's Quest"",""Spanky's Quest"",""Spanky's Quest"",""Spanky's Quest"",[""Hansei Zarujirou Kun no Daibouke"",""Hansei Zarujirou Kun no Daibouken""],[""Hansei Zarujirou Kun no Daibouke"",""Hansei Zarujirou Kun no Daibouken""],[""Hansei Zarujirou Kun no Daibouke"",""Hansei Zarujirou Kun no Daibouken""],[""Hansei Zarujirou Kun no Daibouke"",""Hansei Zarujirou Kun no Daibouken""],[""Hansei Zarujirou Kun no Daibouke"",""Hansei Zarujirou Kun no Daibouken""],[""Hansei Zarujirou Kun no Daibouke"",""Hansei Zarujirou Kun no Daibouken""],[""Hansei Zarujirou Kun no Daibouke"",""Hansei Zarujirou Kun no Daibouken""],[""Hansei Zarujirou Kun no Daibouke"",""Hansei Zarujirou Kun no Daibouken""],[""Hansei Zarujirou Kun no Daibouke"",""Hansei Zarujirou Kun no Daibouken""],[""Hansei Zarujirou Kun no Daibouke"",""Hansei Zarujirou Kun no Daibouken""],[""Hansei Zarujirou Kun no Daibouke"",""Hansei Zarujirou Kun no Daibouken""],[""Hansei Zarujirou Kun no Daibouke"",""Hansei Zarujirou Kun no Daibouken""],[""Hansei Zarujirou Kun no Daibouke"",""Hansei Zarujirou Kun no Daibouken""],[""Hansei Zarujirou Kun no Daibouke"",""Hansei Zarujirou Kun no Daibouken""],[""Hansei Zarujirou Kun no Daibouke"",""Hansei Zarujirou Kun no Daibouken""],[""Hansei Zarujirou Kun no Daibouke"",""Hansei Zarujirou Kun no Daibouken""],[""Hansei Zarujirou Kun no Daibouke"",""Hansei Zarujirou Kun no Daibouken""]]"	1016	medium	unique_prefix_match
Nintendo SNES/Harapeko Bakka (JP).uac	Review/Game Title Conflicts/Nintendo SNES/Harapeko Bakka (JP).uac	42	0	2	per-track Game Title variation	"[""Harapeko Bakka"",""Harapeko Bakka"",""Harapeko Bakka"",""Harapeko Bakka"",""Harapeko Bakka"",""Harapeko Bakka"",""Harapeko Bakka"",""Harapeko Bakka"",""Harapeko Bakka"",""Harapeko Bakka"",""Harapeko Bakka"",""Harapeko Bakka"",""Harapeko Bakka"",""Harapeko Bakka"",""Harapeko Bakka"",""Harapeko Bakka"",""Harapeko Bakka"",""Harapeko Bakka"",""Harapeko Bakka"",""Harapeko Bakka"",""Harapeko Bakka"",""Hungry Dinosaurs"",""Hungry Dinosaurs"",""Hungry Dinosaurs"",""Hungry Dinosaurs"",""Hungry Dinosaurs"",""Hungry Dinosaurs"",""Hungry Dinosaurs"",""Hungry Dinosaurs"",""Hungry Dinosaurs"",""Hungry Dinosaurs"",""Hungry Dinosaurs"",""Hungry Dinosaurs"",""Hungry Dinosaurs"",""Hungry Dinosaurs"",""Hungry Dinosaurs"",""Hungry Dinosaurs"",""Hungry Dinosaurs"",""Hungry Dinosaurs"",""Hungry Dinosaurs"",""Hungry Dinosaurs""]"	1019	high	root-title-exact
Nintendo SNES/Hebereke no Oishii Puzzle wa Irimasekna.uac	Review/Game Title Conflicts/Nintendo SNES/Hebereke no Oishii Puzzle wa Irimasekna.uac	19	18	1	list-valued Game Title	"[[""Hebereke no Oishii Puzzle wa Iri"",""Hebereke no Oishii Puzzle wa Irimasekna""],[""Hebereke no Oishii Puzzle wa Iri"",""Hebereke no Oishii Puzzle wa Irimasekna""],[""Hebereke no Oishii Puzzle wa Iri"",""Hebereke no Oishii Puzzle wa Irimasekna""],[""Hebereke no Oishii Puzzle wa Iri"",""Hebereke no Oishii Puzzle wa Irimasekna""],[""Hebereke no Oishii Puzzle wa Iri"",""Hebereke no Oishii Puzzle wa Irimasekna""],[""Hebereke no Oishii Puzzle wa Iri"",""Hebereke no Oishii Puzzle wa Irimasekna""],[""Hebereke no Oishii Puzzle wa Iri"",""Hebereke no Oishii Puzzle wa Irimasekna""],[""Hebereke no Oishii Puzzle wa Iri"",""Hebereke no Oishii Puzzle wa Irimasekna""],[""Hebereke no Oishii Puzzle wa Iri"",""Hebereke no Oishii Puzzle wa Irimasekna""],[""Hebereke no Oishii Puzzle wa Iri"",""Hebereke no Oishii Puzzle wa Irimasekna""],[""Hebereke no Oishii Puzzle wa Iri"",""Hebereke no Oishii Puzzle wa Irimasekna""],[""Hebereke no Oishii Puzzle wa Iri"",""Hebereke no Oishii Puzzle wa Irimasekna""],[""Hebereke no Oishii Puzzle wa Iri"",""Hebereke no Oishii Puzzle wa Irimasekna""],[""Hebereke no Oishii Puzzle wa Iri"",""Hebereke no Oishii Puzzle wa Irimasekna""],[""Hebereke no Oishii Puzzle wa Iri"",""Hebereke no Oishii Puzzle wa Irimasekna""],[""Hebereke no Oishii Puzzle wa Iri"",""Hebereke no Oishii Puzzle wa Irimasekna""],[""Hebereke no Oishii Puzzle wa Iri"",""Hebereke no Oishii Puzzle wa Irimasekna""],[""Hebereke no Oishii Puzzle wa Iri"",""Hebereke no Oishii Puzzle wa Irimasekna""]]"	1034	medium	difflib
Nintendo SNES/Heisei Shin Onigashima.uac	Review/Game Title Conflicts/Nintendo SNES/Heisei Shin Onigashima.uac	68	0	2	per-track Game Title variation	"[""Heisei Shin Onigashima (New)"",""Heisei Shin Onigashima (New)"",""Heisei Shin Onigashima (New)"",""Heisei Shin Onigashima (New)"",""Heisei Shin Onigashima (New)"",""Heisei Shin Onigashima (New)"",""Heisei Shin Onigashima (New)"",""Heisei Shin Onigashima (New)"",""Heisei Shin Onigashima (New)"",""Heisei Shin Onigashima (New)"",""Heisei Shin Onigashima (New)"",""Heisei Shin Onigashima (New)"",""Heisei Shin Onigashima (New)"",""Heisei Shin Onigashima (New)"",""Heisei Shin Onigashima (New)"",""Heisei Shin Onigashima (New)"",""Heisei Shin Onigashima (New)"",""Heisei Shin Onigashima (New)"",""Heisei Shin Onigashima (New)"",""Heisei Shin Onigashima (New)"",""Heisei Shin Onigashima (New)"",""Heisei Shin Onigashima (New)"",""Heisei Shin Onigashima (New)"",""Heisei Shin Onigashima (New)"",""Heisei Shin Onigashima (New)"",""Heisei Shin Onigashima (New)"",""Heisei Shin Onigashima (New)"",""Heisei Shin Onigashima (New)"",""Heisei Shin Onigashima (New)"",""Heisei Shin Onigashima (New)"",""Heisei Shin Onigashima (New)"",""Heisei Shin Onigashima (New)"",""Heisei Shin Onigashima (New)"",""Heisei Shin Onigashima (New)"",""Heisei Shin Onigashima (New)"",""Heisei Shin Onigashima (New)"",""Heisei Shin Onigashima (New)"",""Heisei Shin Onigashima (New)"",""Heisei Shin Onigashima (Remake)"",""Heisei Shin Onigashima (Remake)"",""Heisei Shin Onigashima (Remake)"",""Heisei Shin Onigashima (Remake)"",""Heisei Shin Onigashima (Remake)"",""Heisei Shin Onigashima (Remake)"",""Heisei Shin Onigashima (Remake)"",""Heisei Shin Onigashima (Remake)"",""Heisei Shin Onigashima (Remake)"",""Heisei Shin Onigashima (Remake)"",""Heisei Shin Onigashima (Remake)"",""Heisei Shin Onigashima (Remake)"",""Heisei Shin Onigashima (Remake)"",""Heisei Shin Onigashima (Remake)"",""Heisei Shin Onigashima (Remake)"",""Heisei Shin Onigashima (Remake)"",""Heisei Shin Onigashima (Remake)"",""Heisei Shin Onigashima (Remake)"",""Heisei Shin Onigashima (Remake)"",""Heisei Shin Onigashima (Remake)"",""Heisei Shin Onigashima (Remake)"",""Heisei Shin Onigashima (Remake)"",""Heisei Shin Onigashima (Remake)"",""Heisei Shin Onigashima (Remake)"",""Heisei Shin Onigashima (Remake)"",""Heisei Shin Onigashima (Remake)"",""Heisei Shin Onigashima (Remake)"",""Heisei Shin Onigashima (Remake)"",""Heisei Shin Onigashima (Remake)""]"			
Nintendo SNES/Hyper V-Ball.uac	Review/Game Title Conflicts/Nintendo SNES/Hyper V-Ball.uac	26	0	2	per-track Game Title variation	"[""Hyper V-Ball"",""Hyper V-Ball"",""Hyper V-Ball"",""Hyper V-Ball"",""Hyper V-Ball"",""Hyper V-Ball"",""Hyper V-Ball"",""Hyper V-Ball"",""Hyper V-Ball"",""Hyper V-Ball"",""Hyper V-Ball"",""Super Volley II"",""Super Volley II"",""Super Volley II"",""Super Volley II"",""Super Volley II"",""Super Volley II"",""Super Volley II"",""Super Volley II"",""Super Volley II"",""Super Volley II"",""Super Volley II"",""Super Volley II"",""Super Volley II"",""Super Volley II""]"	1111|1112|3811	medium	unique-title-prefix
Nintendo SNES/Indiana Jones' Greatest Adventures.uac	Review/Game Title Conflicts/Nintendo SNES/Indiana Jones' Greatest Adventures.uac	21	20	1	list-valued Game Title	"[[""Indiana Jones' Greatest Adventur"",""Indiana Jones' Greatest Adventures""],[""Indiana Jones' Greatest Adventur"",""Indiana Jones' Greatest Adventures""],[""Indiana Jones' Greatest Adventur"",""Indiana Jones' Greatest Adventures""],[""Indiana Jones' Greatest Adventur"",""Indiana Jones' Greatest Adventures""],[""Indiana Jones' Greatest Adventur"",""Indiana Jones' Greatest Adventures""],[""Indiana Jones' Greatest Adventur"",""Indiana Jones' Greatest Adventures""],[""Indiana Jones' Greatest Adventur"",""Indiana Jones' Greatest Adventures""],[""Indiana Jones' Greatest Adventur"",""Indiana Jones' Greatest Adventures""],[""Indiana Jones' Greatest Adventur"",""Indiana Jones' Greatest Adventures""],[""Indiana Jones' Greatest Adventur"",""Indiana Jones' Greatest Adventures""],[""Indiana Jones' Greatest Adventur"",""Indiana Jones' Greatest Adventures""],[""Indiana Jones' Greatest Adventur"",""Indiana Jones' Greatest Adventures""],[""Indiana Jones' Greatest Adventur"",""Indiana Jones' Greatest Adventures""],[""Indiana Jones' Greatest Adventur"",""Indiana Jones' Greatest Adventures""],[""Indiana Jones' Greatest Adventur"",""Indiana Jones' Greatest Adventures""],[""Indiana Jones' Greatest Adventur"",""Indiana Jones' Greatest Adventures""],[""Indiana Jones' Greatest Adventur"",""Indiana Jones' Greatest Adventures""],[""Indiana Jones' Greatest Adventur"",""Indiana Jones' Greatest Adventures""],[""Indiana Jones' Greatest Adventur"",""Indiana Jones' Greatest Adventures""],[""Indiana Jones' Greatest Adventur"",""Indiana Jones' Greatest Adventures""]]"	1140|1141|1142	medium	unique-title-prefix
Nintendo SNES/International Superstar Soccer Deluxe.uac	Review/Game Title Conflicts/Nintendo SNES/International Superstar Soccer Deluxe.uac	15	14	1	list-valued Game Title	"[[""International Superstar Soccer D"",""International Superstar Soccer Deluxe""],[""International Superstar Soccer D"",""International Superstar Soccer Deluxe""],[""International Superstar Soccer D"",""International Superstar Soccer Deluxe""],[""International Superstar Soccer D"",""International Superstar Soccer Deluxe""],[""International Superstar Soccer D"",""International Superstar Soccer Deluxe""],[""International Superstar Soccer D"",""International Superstar Soccer Deluxe""],[""International Superstar Soccer D"",""International Superstar Soccer Deluxe""],[""International Superstar Soccer D"",""International Superstar Soccer Deluxe""],[""International Superstar Soccer D"",""International Superstar Soccer Deluxe""],[""International Superstar Soccer D"",""International Superstar Soccer Deluxe""],[""International Superstar Soccer D"",""International Superstar Soccer Deluxe""],[""International Superstar Soccer D"",""International Superstar Soccer Deluxe""],[""International Superstar Soccer D"",""International Superstar Soccer Deluxe""],[""International Superstar Soccer D"",""International Superstar Soccer Deluxe""]]"	1148|1149|4085	high	exact
Nintendo SNES/Itoi Shigesato no Bass Tsuri No.1 (Shigesato Itoi's Bass Fishing No.1).uac	Review/Game Title Conflicts/Nintendo SNES/Itoi Shigesato no Bass Tsuri No.1 (Shigesato Itoi's Bass Fishing No.1).uac	19	18	1	list-valued Game Title	"[[""Shigesato Itoi's Bass Fishing No"",""Shigesato Itoi's Bass Fishing No. 1""],[""Shigesato Itoi's Bass Fishing No"",""Shigesato Itoi's Bass Fishing No. 1""],[""Shigesato Itoi's Bass Fishing No"",""Shigesato Itoi's Bass Fishing No. 1""],[""Shigesato Itoi's Bass Fishing No"",""Shigesato Itoi's Bass Fishing No. 1""],[""Shigesato Itoi's Bass Fishing No"",""Shigesato Itoi's Bass Fishing No. 1""],[""Shigesato Itoi's Bass Fishing No"",""Shigesato Itoi's Bass Fishing No. 1""],[""Shigesato Itoi's Bass Fishing No"",""Shigesato Itoi's Bass Fishing No. 1""],[""Shigesato Itoi's Bass Fishing No"",""Shigesato Itoi's Bass Fishing No. 1""],[""Shigesato Itoi's Bass Fishing No"",""Shigesato Itoi's Bass Fishing No. 1""],[""Shigesato Itoi's Bass Fishing No"",""Shigesato Itoi's Bass Fishing No. 1""],[""Shigesato Itoi's Bass Fishing No"",""Shigesato Itoi's Bass Fishing No. 1""],[""Shigesato Itoi's Bass Fishing No"",""Shigesato Itoi's Bass Fishing No. 1""],[""Shigesato Itoi's Bass Fishing No"",""Shigesato Itoi's Bass Fishing No. 1""],[""Shigesato Itoi's Bass Fishing No"",""Shigesato Itoi's Bass Fishing No. 1""],[""Shigesato Itoi's Bass Fishing No"",""Shigesato Itoi's Bass Fishing No. 1""],[""Shigesato Itoi's Bass Fishing No"",""Shigesato Itoi's Bass Fishing No. 1""],[""Shigesato Itoi's Bass Fishing No"",""Shigesato Itoi's Bass Fishing No. 1""],[""Shigesato Itoi's Bass Fishing No"",""Shigesato Itoi's Bass Fishing No. 1""]]"	1163	medium	unique-title-prefix
Nintendo SNES/Itou Hatasu Rokudan no Shougi Dojo.uac	Review/Game Title Conflicts/Nintendo SNES/Itou Hatasu Rokudan no Shougi Dojo.uac	10	9	1	list-valued Game Title	"[[""Itou Hatasu Rokudan no Shougi Do"",""Itou Hatasu Rokudan no Shougi Dojo""],[""Itou Hatasu Rokudan no Shougi Do"",""Itou Hatasu Rokudan no Shougi Dojo""],[""Itou Hatasu Rokudan no Shougi Do"",""Itou Hatasu Rokudan no Shougi Dojo""],[""Itou Hatasu Rokudan no Shougi Do"",""Itou Hatasu Rokudan no Shougi Dojo""],[""Itou Hatasu Rokudan no Shougi Do"",""Itou Hatasu Rokudan no Shougi Dojo""],[""Itou Hatasu Rokudan no Shougi Do"",""Itou Hatasu Rokudan no Shougi Dojo""],[""Itou Hatasu Rokudan no Shougi Do"",""Itou Hatasu Rokudan no Shougi Dojo""],[""Itou Hatasu Rokudan no Shougi Do"",""Itou Hatasu Rokudan no Shougi Dojo""],[""Itou Hatasu Rokudan no Shougi Do"",""Itou Hatasu Rokudan no Shougi Dojo""]]"	1164|1165	medium	difflib
Nintendo SNES/Izzy's Quest for the Olympic Rings.uac	Review/Game Title Conflicts/Nintendo SNES/Izzy's Quest for the Olympic Rings.uac	22	21	1	list-valued Game Title	"[[""Izzy's Quest for the Olympic Rin"",""Izzy's Quest for the Olympic Rings""],[""Izzy's Quest for the Olympic Rin"",""Izzy's Quest for the Olympic Rings""],[""Izzy's Quest for the Olympic Rin"",""Izzy's Quest for the Olympic Rings""],[""Izzy's Quest for the Olympic Rin"",""Izzy's Quest for the Olympic Rings""],[""Izzy's Quest for the Olympic Rin"",""Izzy's Quest for the Olympic Rings""],[""Izzy's Quest for the Olympic Rin"",""Izzy's Quest for the Olympic Rings""],[""Izzy's Quest for the Olympic Rin"",""Izzy's Quest for the Olympic Rings""],[""Izzy's Quest for the Olympic Rin"",""Izzy's Quest for the Olympic Rings""],[""Izzy's Quest for the Olympic Rin"",""Izzy's Quest for the Olympic Rings""],[""Izzy's Quest for the Olympic Rin"",""Izzy's Quest for the Olympic Rings""],[""Izzy's Quest for the Olympic Rin"",""Izzy's Quest for the Olympic Rings""],[""Izzy's Quest for the Olympic Rin"",""Izzy's Quest for the Olympic Rings""],[""Izzy's Quest for the Olympic Rin"",""Izzy's Quest for the Olympic Rings""],[""Izzy's Quest for the Olympic Rin"",""Izzy's Quest for the Olympic Rings""],[""Izzy's Quest for the Olympic Rin"",""Izzy's Quest for the Olympic Rings""],[""Izzy's Quest for the Olympic Rin"",""Izzy's Quest for the Olympic Rings""],[""Izzy's Quest for the Olympic Rin"",""Izzy's Quest for the Olympic Rings""],[""Izzy's Quest for the Olympic Rin"",""Izzy's Quest for the Olympic Rings""],[""Izzy's Quest for the Olympic Rin"",""Izzy's Quest for the Olympic Rings""],[""Izzy's Quest for the Olympic Rin"",""Izzy's Quest for the Olympic Rings""],[""Izzy's Quest for the Olympic Rin"",""Izzy's Quest for the Olympic Rings""]]"	1166|1167|1168	high	exact_root_match
Nintendo SNES/J League Excite Stage '94.uac	Review/Game Title Conflicts/Nintendo SNES/J League Excite Stage '94.uac	42	0	2	per-track Game Title variation	"[""Capcom's Soccer Shootout"",""J League Excite Stage '94"",""J League Excite Stage '94"",""J League Excite Stage '94"",""J League Excite Stage '94"",""J League Excite Stage '94"",""J League Excite Stage '94"",""J League Excite Stage '94"",""J League Excite Stage '94"",""J League Excite Stage '94"",""J League Excite Stage '94"",""J League Excite Stage '94"",""J League Excite Stage '94"",""J League Excite Stage '94"",""J League Excite Stage '94"",""J League Excite Stage '94"",""J League Excite Stage '94"",""J League Excite Stage '94"",""J League Excite Stage '94"",""J League Excite Stage '94"",""J League Excite Stage '94"",""J League Excite Stage '94"",""J League Excite Stage '94"",""J League Excite Stage '94"",""J League Excite Stage '94"",""J League Excite Stage '94"",""J League Excite Stage '94"",""J League Excite Stage '94"",""J League Excite Stage '94"",""J League Excite Stage '94"",""J League Excite Stage '94"",""J League Excite Stage '94"",""J League Excite Stage '94"",""J League Excite Stage '94"",""J League Excite Stage '94"",""J League Excite Stage '94"",""J League Excite Stage '94"",""J League Excite Stage '94"",""J League Excite Stage '94"",""J League Excite Stage '94"",""J League Excite Stage '94""]"	1170|1171	medium	unique-title-prefix
Nintendo SNES/J-League Super Soccer (Virtual Soccer).uac	Review/Game Title Conflicts/Nintendo SNES/J-League Super Soccer (Virtual Soccer).uac	32	0	2	per-track Game Title variation	"[""J-League Super Soccer"",""J-League Super Soccer"",""J-League Super Soccer"",""J-League Super Soccer"",""J-League Super Soccer"",""J-League Super Soccer"",""J-League Super Soccer"",""J-League Super Soccer"",""J-League Super Soccer"",""J-League Super Soccer"",""J-League Super Soccer"",""J-League Super Soccer"",""J-League Super Soccer"",""J-League Super Soccer"",""J-League Super Soccer"",""J-League Super Soccer"",""J-League Super Soccer"",""J-League Super Soccer"",""J-League Super Soccer"",""J-League Super Soccer"",""J-League Super Soccer"",""J-League Super Soccer"",""J-League Super Soccer"",""Virtual Soccer"",""Virtual Soccer"",""Virtual Soccer"",""Virtual Soccer"",""Virtual Soccer"",""Virtual Soccer"",""Virtual Soccer"",""Virtual Soccer""]"	1180	high	root-title-exact
Nintendo SNES/Jaleco Rally Big Run - The Supreme 4WD Challenge.uac	Review/Game Title Conflicts/Nintendo SNES/Jaleco Rally Big Run - The Supreme 4WD Challenge.uac	14	13	1	list-valued Game Title	"[[""Jaleco Rally Big Run: The Suprem"",""Jaleco Rally Big Run: The Supreme 4WD Challenge""],[""Jaleco Rally Big Run: The Suprem"",""Jaleco Rally Big Run: The Supreme 4WD Challenge""],[""Jaleco Rally Big Run: The Suprem"",""Jaleco Rally Big Run: The Supreme 4WD Challenge""],[""Jaleco Rally Big Run: The Suprem"",""Jaleco Rally Big Run: The Supreme 4WD Challenge""],[""Jaleco Rally Big Run: The Suprem"",""Jaleco Rally Big Run: The Supreme 4WD Challenge""],[""Jaleco Rally Big Run: The Suprem"",""Jaleco Rally Big Run: The Supreme 4WD Challenge""],[""Jaleco Rally Big Run: The Suprem"",""Jaleco Rally Big Run: The Supreme 4WD Challenge""],[""Jaleco Rally Big Run: The Suprem"",""Jaleco Rally Big Run: The Supreme 4WD Challenge""],[""Jaleco Rally Big Run: The Suprem"",""Jaleco Rally Big Run: The Supreme 4WD Challenge""],[""Jaleco Rally Big Run: The Suprem"",""Jaleco Rally Big Run: The Supreme 4WD Challenge""],[""Jaleco Rally Big Run: The Suprem"",""Jaleco Rally Big Run: The Supreme 4WD Challenge""],[""Jaleco Rally Big Run: The Suprem"",""Jaleco Rally Big Run: The Supreme 4WD Challenge""],[""Jaleco Rally Big Run: The Suprem"",""Jaleco Rally Big Run: The Supreme 4WD Challenge""]]"	1188|3759	medium	unique-title-prefix
Nintendo SNES/Jetsons - Invasion of the Planet Pirates.uac	Review/Game Title Conflicts/Nintendo SNES/Jetsons - Invasion of the Planet Pirates.uac	24	23	1	list-valued Game Title	"[[""Jetsons: Invasion of the Planet"",""Jetsons: Invasion of the Planet Pirates""],[""Jetsons: Invasion of the Planet"",""Jetsons: Invasion of the Planet Pirates""],[""Jetsons: Invasion of the Planet"",""Jetsons: Invasion of the Planet Pirates""],[""Jetsons: Invasion of the Planet"",""Jetsons: Invasion of the Planet Pirates""],[""Jetsons: Invasion of the Planet"",""Jetsons: Invasion of the Planet Pirates""],[""Jetsons: Invasion of the Planet"",""Jetsons: Invasion of the Planet Pirates""],[""Jetsons: Invasion of the Planet"",""Jetsons: Invasion of the Planet Pirates""],[""Jetsons: Invasion of the Planet"",""Jetsons: Invasion of the Planet Pirates""],[""Jetsons: Invasion of the Planet"",""Jetsons: Invasion of the Planet Pirates""],[""Jetsons: Invasion of the Planet"",""Jetsons: Invasion of the Planet Pirates""],[""Jetsons: Invasion of the Planet"",""Jetsons: Invasion of the Planet Pirates""],[""Jetsons: Invasion of the Planet"",""Jetsons: Invasion of the Planet Pirates""],[""Jetsons: Invasion of the Planet"",""Jetsons: Invasion of the Planet Pirates""],[""Jetsons: Invasion of the Planet"",""Jetsons: Invasion of the Planet Pirates""],[""Jetsons: Invasion of the Planet"",""Jetsons: Invasion of the Planet Pirates""],[""Jetsons: Invasion of the Planet"",""Jetsons: Invasion of the Planet Pirates""],[""Jetsons: Invasion of the Planet"",""Jetsons: Invasion of the Planet Pirates""],[""Jetsons: Invasion of the Planet"",""Jetsons: Invasion of the Planet Pirates""],[""Jetsons: Invasion of the Planet"",""Jetsons: Invasion of the Planet Pirates""],[""Jetsons: Invasion of the Planet"",""Jetsons: Invasion of the Planet Pirates""],[""Jetsons: Invasion of the Planet"",""Jetsons: Invasion of the Planet Pirates""],[""Jetsons: Invasion of the Planet"",""Jetsons: Invasion of the Planet Pirates""],[""Jetsons: Invasion of the Planet"",""Jetsons: Invasion of the Planet Pirates""]]"	1203|4471	medium	difflib
Nintendo SNES/Kablooey.uac	Review/Game Title Conflicts/Nintendo SNES/Kablooey.uac	27	0	2	per-track Game Title variation	"[""Kablooey (American)"",""Kablooey (American)"",""Kablooey (American)"",""Kablooey (American)"",""Kablooey (American)"",""Kablooey (American)"",""Kablooey (American)"",""Kablooey (American)"",""Kablooey (American)"",""Kablooey (American)"",""Kablooey (American)"",""Kablooey (American)"",""Kablooey (American)"",""Kablooey (Japanese)"",""Kablooey (Japanese)"",""Kablooey (Japanese)"",""Kablooey (Japanese)"",""Kablooey (Japanese)"",""Kablooey (Japanese)"",""Kablooey (Japanese)"",""Kablooey (Japanese)"",""Kablooey (Japanese)"",""Kablooey (Japanese)"",""Kablooey (Japanese)"",""Kablooey (Japanese)"",""Kablooey (Japanese)""]"	1292	medium	difflib
Nintendo SNES/Kabuki-chou Reach Mahjong Tonpuu Sen.uac	Review/Game Title Conflicts/Nintendo SNES/Kabuki-chou Reach Mahjong Tonpuu Sen.uac	27	26	1	list-valued Game Title	"[[""Kabuki-chou Reach Mahjong Tonpuu"",""Kabuki-chou Reach Mahjong Tonpuu Sen""],[""Kabuki-chou Reach Mahjong Tonpuu"",""Kabuki-chou Reach Mahjong Tonpuu Sen""],[""Kabuki-chou Reach Mahjong Tonpuu"",""Kabuki-chou Reach Mahjong Tonpuu Sen""],[""Kabuki-chou Reach Mahjong Tonpuu"",""Kabuki-chou Reach Mahjong Tonpuu Sen""],[""Kabuki-chou Reach Mahjong Tonpuu"",""Kabuki-chou Reach Mahjong Tonpuu Sen""],[""Kabuki-chou Reach Mahjong Tonpuu"",""Kabuki-chou Reach Mahjong Tonpuu Sen""],[""Kabuki-chou Reach Mahjong Tonpuu"",""Kabuki-chou Reach Mahjong Tonpuu Sen""],[""Kabuki-chou Reach Mahjong Tonpuu"",""Kabuki-chou Reach Mahjong Tonpuu Sen""],[""Kabuki-chou Reach Mahjong Tonpuu"",""Kabuki-chou Reach Mahjong Tonpuu Sen""],[""Kabuki-chou Reach Mahjong Tonpuu"",""Kabuki-chou Reach Mahjong Tonpuu Sen""],[""Kabuki-chou Reach Mahjong Tonpuu"",""Kabuki-chou Reach Mahjong Tonpuu Sen""],[""Kabuki-chou Reach Mahjong Tonpuu"",""Kabuki-chou Reach Mahjong Tonpuu Sen""],[""Kabuki-chou Reach Mahjong Tonpuu"",""Kabuki-chou Reach Mahjong Tonpuu Sen""],[""Kabuki-chou Reach Mahjong Tonpuu"",""Kabuki-chou Reach Mahjong Tonpuu Sen""],[""Kabuki-chou Reach Mahjong Tonpuu"",""Kabuki-chou Reach Mahjong Tonpuu Sen""],[""Kabuki-chou Reach Mahjong Tonpuu"",""Kabuki-chou Reach Mahjong Tonpuu Sen""],[""Kabuki-chou Reach Mahjong Tonpuu"",""Kabuki-chou Reach Mahjong Tonpuu Sen""],[""Kabuki-chou Reach Mahjong Tonpuu"",""Kabuki-chou Reach Mahjong Tonpuu Sen""],[""Kabuki-chou Reach Mahjong Tonpuu"",""Kabuki-chou Reach Mahjong Tonpuu Sen""],[""Kabuki-chou Reach Mahjong Tonpuu"",""Kabuki-chou Reach Mahjong Tonpuu Sen""],[""Kabuki-chou Reach Mahjong Tonpuu"",""Kabuki-chou Reach Mahjong Tonpuu Sen""],[""Kabuki-chou Reach Mahjong Tonpuu"",""Kabuki-chou Reach Mahjong Tonpuu Sen""],[""Kabuki-chou Reach Mahjong Tonpuu"",""Kabuki-chou Reach Mahjong Tonpuu Sen""],[""Kabuki-chou Reach Mahjong Tonpuu"",""Kabuki-chou Reach Mahjong Tonpuu Sen""],[""Kabuki-chou Reach Mahjong Tonpuu"",""Kabuki-chou Reach Mahjong Tonpuu Sen""],[""Kabuki-chou Reach Mahjong Tonpuu"",""Kabuki-chou Reach Mahjong Tonpuu Sen""]]"	1293	medium	difflib
Nintendo SNES/Kidou Senshi Gundam - Cross Dimension 0079.uac	Review/Game Title Conflicts/Nintendo SNES/Kidou Senshi Gundam - Cross Dimension 0079.uac	20	19	1	list-valued Game Title	"[[""Kidou Senshi Gundam: Cross Dimen"",""Kidou Senshi Gundam: Cross Dimension 0079""],[""Kidou Senshi Gundam: Cross Dimen"",""Kidou Senshi Gundam: Cross Dimension 0079""],[""Kidou Senshi Gundam: Cross Dimen"",""Kidou Senshi Gundam: Cross Dimension 0079""],[""Kidou Senshi Gundam: Cross Dimen"",""Kidou Senshi Gundam: Cross Dimension 0079""],[""Kidou Senshi Gundam: Cross Dimen"",""Kidou Senshi Gundam: Cross Dimension 0079""],[""Kidou Senshi Gundam: Cross Dimen"",""Kidou Senshi Gundam: Cross Dimension 0079""],[""Kidou Senshi Gundam: Cross Dimen"",""Kidou Senshi Gundam: Cross Dimension 0079""],[""Kidou Senshi Gundam: Cross Dimen"",""Kidou Senshi Gundam: Cross Dimension 0079""],[""Kidou Senshi Gundam: Cross Dimen"",""Kidou Senshi Gundam: Cross Dimension 0079""],[""Kidou Senshi Gundam: Cross Dimen"",""Kidou Senshi Gundam: Cross Dimension 0079""],[""Kidou Senshi Gundam: Cross Dimen"",""Kidou Senshi Gundam: Cross Dimension 0079""],[""Kidou Senshi Gundam: Cross Dimen"",""Kidou Senshi Gundam: Cross Dimension 0079""],[""Kidou Senshi Gundam: Cross Dimen"",""Kidou Senshi Gundam: Cross Dimension 0079""],[""Kidou Senshi Gundam: Cross Dimen"",""Kidou Senshi Gundam: Cross Dimension 0079""],[""Kidou Senshi Gundam: Cross Dimen"",""Kidou Senshi Gundam: Cross Dimension 0079""],[""Kidou Senshi Gundam: Cross Dimen"",""Kidou Senshi Gundam: Cross Dimension 0079""],[""Kidou Senshi Gundam: Cross Dimen"",""Kidou Senshi Gundam: Cross Dimension 0079""],[""Kidou Senshi Gundam: Cross Dimen"",""Kidou Senshi Gundam: Cross Dimension 0079""],[""Kidou Senshi Gundam: Cross Dimen"",""Kidou Senshi Gundam: Cross Dimension 0079""]]"	1331	medium	unique-title-prefix
Nintendo SNES/Kikuni Masahiko no Jantoushi Dora Ou.uac	Review/Game Title Conflicts/Nintendo SNES/Kikuni Masahiko no Jantoushi Dora Ou.uac	21	20	1	list-valued Game Title	"[[""Kikuni Masahiko no Jantoushi Dor"",""Kikuni Masahiko no Jantoushi Dora Ou""],[""Kikuni Masahiko no Jantoushi Dor"",""Kikuni Masahiko no Jantoushi Dora Ou""],[""Kikuni Masahiko no Jantoushi Dor"",""Kikuni Masahiko no Jantoushi Dora Ou""],[""Kikuni Masahiko no Jantoushi Dor"",""Kikuni Masahiko no Jantoushi Dora Ou""],[""Kikuni Masahiko no Jantoushi Dor"",""Kikuni Masahiko no Jantoushi Dora Ou""],[""Kikuni Masahiko no Jantoushi Dor"",""Kikuni Masahiko no Jantoushi Dora Ou""],[""Kikuni Masahiko no Jantoushi Dor"",""Kikuni Masahiko no Jantoushi Dora Ou""],[""Kikuni Masahiko no Jantoushi Dor"",""Kikuni Masahiko no Jantoushi Dora Ou""],[""Kikuni Masahiko no Jantoushi Dor"",""Kikuni Masahiko no Jantoushi Dora Ou""],[""Kikuni Masahiko no Jantoushi Dor"",""Kikuni Masahiko no Jantoushi Dora Ou""],[""Kikuni Masahiko no Jantoushi Dor"",""Kikuni Masahiko no Jantoushi Dora Ou""],[""Kikuni Masahiko no Jantoushi Dor"",""Kikuni Masahiko no Jantoushi Dora Ou""],[""Kikuni Masahiko no Jantoushi Dor"",""Kikuni Masahiko no Jantoushi Dora Ou""],[""Kikuni Masahiko no Jantoushi Dor"",""Kikuni Masahiko no Jantoushi Dora Ou""],[""Kikuni Masahiko no Jantoushi Dor"",""Kikuni Masahiko no Jantoushi Dora Ou""],[""Kikuni Masahiko no Jantoushi Dor"",""Kikuni Masahiko no Jantoushi Dora Ou""],[""Kikuni Masahiko no Jantoushi Dor"",""Kikuni Masahiko no Jantoushi Dora Ou""],[""Kikuni Masahiko no Jantoushi Dor"",""Kikuni Masahiko no Jantoushi Dora Ou""],[""Kikuni Masahiko no Jantoushi Dor"",""Kikuni Masahiko no Jantoushi Dora Ou""],[""Kikuni Masahiko no Jantoushi Dor"",""Kikuni Masahiko no Jantoushi Dora Ou""]]"	1340|3721	high	curated-exact
Nintendo SNES/King Arthur and the Knights of Justice.uac	Review/Game Title Conflicts/Nintendo SNES/King Arthur and the Knights of Justice.uac	16	15	1	list-valued Game Title	"[[""King Arthur and the Knights of J"",""King Arthur and the Knights of Justice""],[""King Arthur and the Knights of J"",""King Arthur and the Knights of Justice""],[""King Arthur and the Knights of J"",""King Arthur and the Knights of Justice""],[""King Arthur and the Knights of J"",""King Arthur and the Knights of Justice""],[""King Arthur and the Knights of J"",""King Arthur and the Knights of Justice""],[""King Arthur and the Knights of J"",""King Arthur and the Knights of Justice""],[""King Arthur and the Knights of J"",""King Arthur and the Knights of Justice""],[""King Arthur and the Knights of J"",""King Arthur and the Knights of Justice""],[""King Arthur and the Knights of J"",""King Arthur and the Knights of Justice""],[""King Arthur and the Knights of J"",""King Arthur and the Knights of Justice""],[""King Arthur and the Knights of J"",""King Arthur and the Knights of Justice""],[""King Arthur and the Knights of J"",""King Arthur and the Knights of Justice""],[""King Arthur and the Knights of J"",""King Arthur and the Knights of Justice""],[""King Arthur and the Knights of J"",""King Arthur and the Knights of Justice""],[""King Arthur and the Knights of J"",""King Arthur and the Knights of Justice""]]"	1347	medium	difflib
Nintendo SNES/Kirby no Omochabako - Hoshi Kuzushi.uac	Review/Game Title Conflicts/Nintendo SNES/Kirby no Omochabako - Hoshi Kuzushi.uac	7	6	1	list-valued Game Title	"[[""Kirby no Omochabako: Hoshi Kuzus"",""Kirby no Omochabako: Hoshi Kuzushi""],[""Kirby no Omochabako: Hoshi Kuzus"",""Kirby no Omochabako: Hoshi Kuzushi""],[""Kirby no Omochabako: Hoshi Kuzus"",""Kirby no Omochabako: Hoshi Kuzushi""],[""Kirby no Omochabako: Hoshi Kuzus"",""Kirby no Omochabako: Hoshi Kuzushi""],[""Kirby no Omochabako: Hoshi Kuzus"",""Kirby no Omochabako: Hoshi Kuzushi""],[""Kirby no Omochabako: Hoshi Kuzus"",""Kirby no Omochabako: Hoshi Kuzushi""]]"			
Nintendo SNES/Kirby's Avalanche (US).uac	Review/Game Title Conflicts/Nintendo SNES/Kirby's Avalanche (US).uac	57	0	2	per-track Game Title variation	"[""Kirby's Avalanche"",""Kirby's Avalanche"",""Kirby's Avalanche"",""Kirby's Avalanche"",""Kirby's Avalanche"",""Kirby's Avalanche"",""Kirby's Avalanche"",""Kirby's Avalanche"",""Kirby's Avalanche"",""Kirby's Avalanche"",""Kirby's Avalanche"",""Kirby's Avalanche"",""Kirby's Avalanche"",""Kirby's Avalanche"",""Kirby's Avalanche"",""Kirby's Avalanche"",""Kirby's Avalanche"",""Kirby's Avalanche"",""Kirby's Avalanche"",""Kirby's Avalanche"",""Kirby's Avalanche"",""Kirby's Avalanche"",""Kirby's Avalanche"",""Kirby's Avalanche"",""Kirby's Avalanche"",""Kirby's Avalanche"",""Kirby's Avalanche"",""Kirby's Avalanche"",""Kirby's Avalanche"",""Kirby's Avalanche"",""Kirby's Avalanche"",""Kirby's Avalanche"",""Kirby's Avalanche"",""Kirby's Avalanche"",""Kirby's Avalanche"",""Kirby's Avalanche"",""Kirby's Avalanche"",""Kirby's Avalanche"",""Kirby's Avalanche"",""Kirby's Avalanche"",""Kirby's Avalanche"",""Kirby's Avalanche"",""Kirby's Avalanche"",""Kirby's Avalanche"",""Kirby's Avalanche"",""Kirby's Avalanche"",""Kirby's Avalanche"",""Kirby's Avalanche"",""Kirby's Avalanche"",""Kirby's Avalanche"",""Kirby's Avalanche"",""Kirby's Avalanche"",""Kirby's Avalanche"",""Kirby's Ghost Trap"",""Kirby's Ghost Trap"",""Kirby's Ghost Trap""]"	1369	high	root-title-exact
Nintendo SNES/Konae-Chan no DokiDoki Pengin Kazoku.uac	Review/Game Title Conflicts/Nintendo SNES/Konae-Chan no DokiDoki Pengin Kazoku.uac	12	11	1	list-valued Game Title	"[[""Konae-Chan no DokiDoki Pengin Ka"",""Konae-Chan no DokiDoki Pengin Kazoku""],[""Konae-Chan no DokiDoki Pengin Ka"",""Konae-Chan no DokiDoki Pengin Kazoku""],[""Konae-Chan no DokiDoki Pengin Ka"",""Konae-Chan no DokiDoki Pengin Kazoku""],[""Konae-Chan no DokiDoki Pengin Ka"",""Konae-Chan no DokiDoki Pengin Kazoku""],[""Konae-Chan no DokiDoki Pengin Ka"",""Konae-Chan no DokiDoki Pengin Kazoku""],[""Konae-Chan no DokiDoki Pengin Ka"",""Konae-Chan no DokiDoki Pengin Kazoku""],[""Konae-Chan no DokiDoki Pengin Ka"",""Konae-Chan no DokiDoki Pengin Kazoku""],[""Konae-Chan no DokiDoki Pengin Ka"",""Konae-Chan no DokiDoki Pengin Kazoku""],[""Konae-Chan no DokiDoki Pengin Ka"",""Konae-Chan no DokiDoki Pengin Kazoku""],[""Konae-Chan no DokiDoki Pengin Ka"",""Konae-Chan no DokiDoki Pengin Kazoku""],[""Konae-Chan no DokiDoki Pengin Ka"",""Konae-Chan no DokiDoki Pengin Kazoku""]]"			
Nintendo SNES/Kyouraku Sanyou Maruhon Parlor Parlor! 5.uac	Review/Game Title Conflicts/Nintendo SNES/Kyouraku Sanyou Maruhon Parlor Parlor! 5.uac	13	12	1	list-valued Game Title	"[[""Kyouraku Sanyou Maruhon Parlor P"",""Kyouraku Sanyou Maruhon Parlor Parlor! 5""],[""Kyouraku Sanyou Maruhon Parlor P"",""Kyouraku Sanyou Maruhon Parlor Parlor! 5""],[""Kyouraku Sanyou Maruhon Parlor P"",""Kyouraku Sanyou Maruhon Parlor Parlor! 5""],[""Kyouraku Sanyou Maruhon Parlor P"",""Kyouraku Sanyou Maruhon Parlor Parlor! 5""],[""Kyouraku Sanyou Maruhon Parlor P"",""Kyouraku Sanyou Maruhon Parlor Parlor! 5""],[""Kyouraku Sanyou Maruhon Parlor P"",""Kyouraku Sanyou Maruhon Parlor Parlor! 5""],[""Kyouraku Sanyou Maruhon Parlor P"",""Kyouraku Sanyou Maruhon Parlor Parlor! 5""],[""Kyouraku Sanyou Maruhon Parlor P"",""Kyouraku Sanyou Maruhon Parlor Parlor! 5""],[""Kyouraku Sanyou Maruhon Parlor P"",""Kyouraku Sanyou Maruhon Parlor Parlor! 5""],[""Kyouraku Sanyou Maruhon Parlor P"",""Kyouraku Sanyou Maruhon Parlor Parlor! 5""],[""Kyouraku Sanyou Maruhon Parlor P"",""Kyouraku Sanyou Maruhon Parlor Parlor! 5""],[""Kyouraku Sanyou Maruhon Parlor P"",""Kyouraku Sanyou Maruhon Parlor Parlor! 5""]]"	1943	high	curated-exact
Nintendo SNES/Kyouraku Sanyou Toyomaru Daiichi Maruhon Parlor Parlor! 2.uac	Review/Game Title Conflicts/Nintendo SNES/Kyouraku Sanyou Toyomaru Daiichi Maruhon Parlor Parlor! 2.uac	13	12	1	list-valued Game Title	"[[""Kyouraku Sanyou Toyomaru Daiichi"",""Kyouraku Sanyou Toyomaru Daiichi Maruhon Parlor Parlor! 2""],[""Kyouraku Sanyou Toyomaru Daiichi"",""Kyouraku Sanyou Toyomaru Daiichi Maruhon Parlor Parlor! 2""],[""Kyouraku Sanyou Toyomaru Daiichi"",""Kyouraku Sanyou Toyomaru Daiichi Maruhon Parlor Parlor! 2""],[""Kyouraku Sanyou Toyomaru Daiichi"",""Kyouraku Sanyou Toyomaru Daiichi Maruhon Parlor Parlor! 2""],[""Kyouraku Sanyou Toyomaru Daiichi"",""Kyouraku Sanyou Toyomaru Daiichi Maruhon Parlor Parlor! 2""],[""Kyouraku Sanyou Toyomaru Daiichi"",""Kyouraku Sanyou Toyomaru Daiichi Maruhon Parlor Parlor! 2""],[""Kyouraku Sanyou Toyomaru Daiichi"",""Kyouraku Sanyou Toyomaru Daiichi Maruhon Parlor Parlor! 2""],[""Kyouraku Sanyou Toyomaru Daiichi"",""Kyouraku Sanyou Toyomaru Daiichi Maruhon Parlor Parlor! 2""],[""Kyouraku Sanyou Toyomaru Daiichi"",""Kyouraku Sanyou Toyomaru Daiichi Maruhon Parlor Parlor! 2""],[""Kyouraku Sanyou Toyomaru Daiichi"",""Kyouraku Sanyou Toyomaru Daiichi Maruhon Parlor Parlor! 2""],[""Kyouraku Sanyou Toyomaru Daiichi"",""Kyouraku Sanyou Toyomaru Daiichi Maruhon Parlor Parlor! 2""],[""Kyouraku Sanyou Toyomaru Daiichi"",""Kyouraku Sanyou Toyomaru Daiichi Maruhon Parlor Parlor! 2""]]"	1941	high	curated-exact
Nintendo SNES/Kyouraku Sanyou Toyomaru Okumura Daiichi Maruhon Parlor Parlor! 4 CR.uac	Review/Game Title Conflicts/Nintendo SNES/Kyouraku Sanyou Toyomaru Okumura Daiichi Maruhon Parlor Parlor! 4 CR.uac	15	14	1	list-valued Game Title	"[[""Kyouraku Sanyou Toyomaru Okumura"",""Kyouraku Sanyou Toyomaru Okumura Daiichi Maruhon Parlor Parlor! 4 CR""],[""Kyouraku Sanyou Toyomaru Okumura"",""Kyouraku Sanyou Toyomaru Okumura Daiichi Maruhon Parlor Parlor! 4 CR""],[""Kyouraku Sanyou Toyomaru Okumura"",""Kyouraku Sanyou Toyomaru Okumura Daiichi Maruhon Parlor Parlor! 4 CR""],[""Kyouraku Sanyou Toyomaru Okumura"",""Kyouraku Sanyou Toyomaru Okumura Daiichi Maruhon Parlor Parlor! 4 CR""],[""Kyouraku Sanyou Toyomaru Okumura"",""Kyouraku Sanyou Toyomaru Okumura Daiichi Maruhon Parlor Parlor! 4 CR""],[""Kyouraku Sanyou Toyomaru Okumura"",""Kyouraku Sanyou Toyomaru Okumura Daiichi Maruhon Parlor Parlor! 4 CR""],[""Kyouraku Sanyou Toyomaru Okumura"",""Kyouraku Sanyou Toyomaru Okumura Daiichi Maruhon Parlor Parlor! 4 CR""],[""Kyouraku Sanyou Toyomaru Okumura"",""Kyouraku Sanyou Toyomaru Okumura Daiichi Maruhon Parlor Parlor! 4 CR""],[""Kyouraku Sanyou Toyomaru Okumura"",""Kyouraku Sanyou Toyomaru Okumura Daiichi Maruhon Parlor Parlor! 4 CR""],[""Kyouraku Sanyou Toyomaru Okumura"",""Kyouraku Sanyou Toyomaru Okumura Daiichi Maruhon Parlor Parlor! 4 CR""],[""Kyouraku Sanyou Toyomaru Okumura"",""Kyouraku Sanyou Toyomaru Okumura Daiichi Maruhon Parlor Parlor! 4 CR""],[""Kyouraku Sanyou Toyomaru Okumura"",""Kyouraku Sanyou Toyomaru Okumura Daiichi Maruhon Parlor Parlor! 4 CR""],[""Kyouraku Sanyou Toyomaru Okumura"",""Kyouraku Sanyou Toyomaru Okumura Daiichi Maruhon Parlor Parlor! 4 CR""],[""Kyouraku Sanyou Toyomaru Okumura"",""Kyouraku Sanyou Toyomaru Okumura Daiichi Maruhon Parlor Parlor! 4 CR""]]"	1944	high	curated-exact
Nintendo SNES/Kyouraku Sanyou Toyomaru Okumura Taiyou Parlor Parlor! 3.uac	Review/Game Title Conflicts/Nintendo SNES/Kyouraku Sanyou Toyomaru Okumura Taiyou Parlor Parlor! 3.uac	13	12	1	list-valued Game Title	"[[""Kyouraku Sanyou Toyomaru Okumura"",""Kyouraku Sanyou Toyomaru Okumura Taiyou Parlor Parlor! 3""],[""Kyouraku Sanyou Toyomaru Okumura"",""Kyouraku Sanyou Toyomaru Okumura Taiyou Parlor Parlor! 3""],[""Kyouraku Sanyou Toyomaru Okumura"",""Kyouraku Sanyou Toyomaru Okumura Taiyou Parlor Parlor! 3""],[""Kyouraku Sanyou Toyomaru Okumura"",""Kyouraku Sanyou Toyomaru Okumura Taiyou Parlor Parlor! 3""],[""Kyouraku Sanyou Toyomaru Okumura"",""Kyouraku Sanyou Toyomaru Okumura Taiyou Parlor Parlor! 3""],[""Kyouraku Sanyou Toyomaru Okumura"",""Kyouraku Sanyou Toyomaru Okumura Taiyou Parlor Parlor! 3""],[""Kyouraku Sanyou Toyomaru Okumura"",""Kyouraku Sanyou Toyomaru Okumura Taiyou Parlor Parlor! 3""],[""Kyouraku Sanyou Toyomaru Okumura"",""Kyouraku Sanyou Toyomaru Okumura Taiyou Parlor Parlor! 3""],[""Kyouraku Sanyou Toyomaru Okumura"",""Kyouraku Sanyou Toyomaru Okumura Taiyou Parlor Parlor! 3""],[""Kyouraku Sanyou Toyomaru Okumura"",""Kyouraku Sanyou Toyomaru Okumura Taiyou Parlor Parlor! 3""],[""Kyouraku Sanyou Toyomaru Okumura"",""Kyouraku Sanyou Toyomaru Okumura Taiyou Parlor Parlor! 3""],[""Kyouraku Sanyou Toyomaru Okumura"",""Kyouraku Sanyou Toyomaru Okumura Taiyou Parlor Parlor! 3""]]"	1942	high	curated-exact
Nintendo SNES/Kyouraku Sanyou Toyomaru Parlor Parlor!.uac	Review/Game Title Conflicts/Nintendo SNES/Kyouraku Sanyou Toyomaru Parlor Parlor!.uac	11	10	1	list-valued Game Title	"[[""Kyouraku Sanyou Toyomaru Parlor"",""Kyouraku Sanyou Toyomaru Parlor Parlor!""],[""Kyouraku Sanyou Toyomaru Parlor"",""Kyouraku Sanyou Toyomaru Parlor Parlor!""],[""Kyouraku Sanyou Toyomaru Parlor"",""Kyouraku Sanyou Toyomaru Parlor Parlor!""],[""Kyouraku Sanyou Toyomaru Parlor"",""Kyouraku Sanyou Toyomaru Parlor Parlor!""],[""Kyouraku Sanyou Toyomaru Parlor"",""Kyouraku Sanyou Toyomaru Parlor Parlor!""],[""Kyouraku Sanyou Toyomaru Parlor"",""Kyouraku Sanyou Toyomaru Parlor Parlor!""],[""Kyouraku Sanyou Toyomaru Parlor"",""Kyouraku Sanyou Toyomaru Parlor Parlor!""],[""Kyouraku Sanyou Toyomaru Parlor"",""Kyouraku Sanyou Toyomaru Parlor Parlor!""],[""Kyouraku Sanyou Toyomaru Parlor"",""Kyouraku Sanyou Toyomaru Parlor Parlor!""],[""Kyouraku Sanyou Toyomaru Parlor"",""Kyouraku Sanyou Toyomaru Parlor Parlor!""]]"	1940	high	curated-exact
Nintendo SNES/Legend of Zelda - A Link to the Past, The.uac	Review/Game Title Conflicts/Nintendo SNES/Legend of Zelda - A Link to the Past, The.uac	51	50	1	list-valued Game Title	"[[""Legend of Zelda: A Link to the P"",""Legend of Zelda: A Link to the Past""],[""Legend of Zelda: A Link to the P"",""Legend of Zelda: A Link to the Past""],[""Legend of Zelda: A Link to the P"",""Legend of Zelda: A Link to the Past""],[""Legend of Zelda: A Link to the P"",""Legend of Zelda: A Link to the Past""],[""Legend of Zelda: A Link to the P"",""Legend of Zelda: A Link to the Past""],[""Legend of Zelda: A Link to the P"",""Legend of Zelda: A Link to the Past""],[""Legend of Zelda: A Link to the P"",""Legend of Zelda: A Link to the Past""],[""Legend of Zelda: A Link to the P"",""Legend of Zelda: A Link to the Past""],[""Legend of Zelda: A Link to the P"",""Legend of Zelda: A Link to the Past""],[""Legend of Zelda: A Link to the P"",""Legend of Zelda: A Link to the Past""],[""Legend of Zelda: A Link to the P"",""Legend of Zelda: A Link to the Past""],[""Legend of Zelda: A Link to the P"",""Legend of Zelda: A Link to the Past""],[""Legend of Zelda: A Link to the P"",""Legend of Zelda: A Link to the Past""],[""Legend of Zelda: A Link to the P"",""Legend of Zelda: A Link to the Past""],[""Legend of Zelda: A Link to the P"",""Legend of Zelda: A Link to the Past""],[""Legend of Zelda: A Link to the P"",""Legend of Zelda: A Link to the Past""],[""Legend of Zelda: A Link to the P"",""Legend of Zelda: A Link to the Past""],[""Legend of Zelda: A Link to the P"",""Legend of Zelda: A Link to the Past""],[""Legend of Zelda: A Link to the P"",""Legend of Zelda: A Link to the Past""],[""Legend of Zelda: A Link to the P"",""Legend of Zelda: A Link to the Past""],[""Legend of Zelda: A Link to the P"",""Legend of Zelda: A Link to the Past""],[""Legend of Zelda: A Link to the P"",""Legend of Zelda: A Link to the Past""],[""Legend of Zelda: A Link to the P"",""Legend of Zelda: A Link to the Past""],[""Legend of Zelda: A Link to the P"",""Legend of Zelda: A Link to the Past""],[""Legend of Zelda: A Link to the P"",""Legend of Zelda: A Link to the Past""],[""Legend of Zelda: A Link to the P"",""Legend of Zelda: A Link to the Past""],[""Legend of Zelda: A Link to the P"",""Legend of Zelda: A Link to the Past""],[""Legend of Zelda: A Link to the P"",""Legend of Zelda: A Link to the Past""],[""Legend of Zelda: A Link to the P"",""Legend of Zelda: A Link to the Past""],[""Legend of Zelda: A Link to the P"",""Legend of Zelda: A Link to the Past""],[""Legend of Zelda: A Link to the P"",""Legend of Zelda: A Link to the Past""],[""Legend of Zelda: A Link to the P"",""Legend of Zelda: A Link to the Past""],[""Legend of Zelda: A Link to the P"",""Legend of Zelda: A Link to the Past""],[""Legend of Zelda: A Link to the P"",""Legend of Zelda: A Link to the Past""],[""Legend of Zelda: A Link to the P"",""Legend of Zelda: A Link to the Past""],[""Legend of Zelda: A Link to the P"",""Legend of Zelda: A Link to the Past""],[""Legend of Zelda: A Link to the P"",""Legend of Zelda: A Link to the Past""],[""Legend of Zelda: A Link to the P"",""Legend of Zelda: A Link to the Past""],[""Legend of Zelda: A Link to the P"",""Legend of Zelda: A Link to the Past""],[""Legend of Zelda: A Link to the P"",""Legend of Zelda: A Link to the Past""],[""Legend of Zelda: A Link to the P"",""Legend of Zelda: A Link to the Past""],[""Legend of Zelda: A Link to the P"",""Legend of Zelda: A Link to the Past""],[""Legend of Zelda: A Link to the P"",""Legend of Zelda: A Link to the Past""],[""Legend of Zelda: A Link to the P"",""Legend of Zelda: A Link to the Past""],[""Legend of Zelda: A Link to the P"",""Legend of Zelda: A Link to the Past""],[""Legend of Zelda: A Link to the P"",""Legend of Zelda: A Link to the Past""],[""Legend of Zelda: A Link to the P"",""Legend of Zelda: A Link to the Past""],[""Legend of Zelda: A Link to the P"",""Legend of Zelda: A Link to the Past""],[""Legend of Zelda: A Link to the P"",""Legend of Zelda: A Link to the Past""],[""Legend of Zelda: A Link to the P"",""Legend of Zelda: A Link to the Past""]]"	1436|1437|1438|3982|4122	medium	unique-title-prefix
Nintendo SNES/Magical Quest 2 - The Great Circus Mystery, The.uac	Review/Game Title Conflicts/Nintendo SNES/Magical Quest 2 - The Great Circus Mystery, The.uac	34	33	1	list-valued Game Title	"[[""The Magical Quest 2: The Great C"",""The Magical Quest 2: The Great Circus Mystery""],[""The Magical Quest 2: The Great C"",""The Magical Quest 2: The Great Circus Mystery""],[""The Magical Quest 2: The Great C"",""The Magical Quest 2: The Great Circus Mystery""],[""The Magical Quest 2: The Great C"",""The Magical Quest 2: The Great Circus Mystery""],[""The Magical Quest 2: The Great C"",""The Magical Quest 2: The Great Circus Mystery""],[""The Magical Quest 2: The Great C"",""The Magical Quest 2: The Great Circus Mystery""],[""The Magical Quest 2: The Great C"",""The Magical Quest 2: The Great Circus Mystery""],[""The Magical Quest 2: The Great C"",""The Magical Quest 2: The Great Circus Mystery""],[""The Magical Quest 2: The Great C"",""The Magical Quest 2: The Great Circus Mystery""],[""The Magical Quest 2: The Great C"",""The Magical Quest 2: The Great Circus Mystery""],[""The Magical Quest 2: The Great C"",""The Magical Quest 2: The Great Circus Mystery""],[""The Magical Quest 2: The Great C"",""The Magical Quest 2: The Great Circus Mystery""],[""The Magical Quest 2: The Great C"",""The Magical Quest 2: The Great Circus Mystery""],[""The Magical Quest 2: The Great C"",""The Magical Quest 2: The Great Circus Mystery""],[""The Magical Quest 2: The Great C"",""The Magical Quest 2: The Great Circus Mystery""],[""The Magical Quest 2: The Great C"",""The Magical Quest 2: The Great Circus Mystery""],[""The Magical Quest 2: The Great C"",""The Magical Quest 2: The Great Circus Mystery""],[""The Magical Quest 2: The Great C"",""The Magical Quest 2: The Great Circus Mystery""],[""The Magical Quest 2: The Great C"",""The Magical Quest 2: The Great Circus Mystery""],[""The Magical Quest 2: The Great C"",""The Magical Quest 2: The Great Circus Mystery""],[""The Magical Quest 2: The Great C"",""The Magical Quest 2: The Great Circus Mystery""],[""The Magical Quest 2: The Great C"",""The Magical Quest 2: The Great Circus Mystery""],[""The Magical Quest 2: The Great C"",""The Magical Quest 2: The Great Circus Mystery""],[""The Magical Quest 2: The Great C"",""The Magical Quest 2: The Great Circus Mystery""],[""The Magical Quest 2: The Great C"",""The Magical Quest 2: The Great Circus Mystery""],[""The Magical Quest 2: The Great C"",""The Magical Quest 2: The Great Circus Mystery""],[""The Magical Quest 2: The Great C"",""The Magical Quest 2: The Great Circus Mystery""],[""The Magical Quest 2: The Great C"",""The Magical Quest 2: The Great Circus Mystery""],[""The Magical Quest 2: The Great C"",""The Magical Quest 2: The Great Circus Mystery""],[""The Magical Quest 2: The Great C"",""The Magical Quest 2: The Great Circus Mystery""],[""The Magical Quest 2: The Great C"",""The Magical Quest 2: The Great Circus Mystery""],[""The Magical Quest 2: The Great C"",""The Magical Quest 2: The Great Circus Mystery""],[""The Magical Quest 2: The Great C"",""The Magical Quest 2: The Great Circus Mystery""]]"	0990|0991	high	curated-alias
Nintendo SNES/Manchester United Championship Soccer.uac	Review/Game Title Conflicts/Nintendo SNES/Manchester United Championship Soccer.uac	9	8	1	list-valued Game Title	"[[""Manchester United Championship S"",""Manchester United Championship Soccer""],[""Manchester United Championship S"",""Manchester United Championship Soccer""],[""Manchester United Championship S"",""Manchester United Championship Soccer""],[""Manchester United Championship S"",""Manchester United Championship Soccer""],[""Manchester United Championship S"",""Manchester United Championship Soccer""],[""Manchester United Championship S"",""Manchester United Championship Soccer""],[""Manchester United Championship S"",""Manchester United Championship Soccer""],[""Manchester United Championship S"",""Manchester United Championship Soccer""]]"	1552|1553	medium	unique-title-prefix
Nintendo SNES/Mario Paint.uac	Review/Game Title Conflicts/Nintendo SNES/Mario Paint.uac	60	0	2	per-track Game Title variation	"[""Mario Paint (Prototype)"",""Mario Paint (Prototype)"",""Mario Paint (Prototype)"",""Mario Paint (Prototype)"",""Mario Paint (Prototype)"",""Mario Paint (Prototype)"",""Mario Paint (Prototype)"",""Mario Paint (Prototype)"",""Mario Paint (Prototype)"",""Mario Paint (Prototype)"",""Mario Paint (Prototype)"",""Mario Paint (Prototype)"",""Mario Paint (Prototype)"",""Mario Paint (Prototype)"",""Mario Paint (Prototype)"",""Mario Paint (Prototype)"",""Mario Paint (Prototype)"",""Mario Paint (Prototype)"",""Mario Paint (Prototype)"",""Mario Paint (Prototype)"",""Mario Paint (Prototype)"",""Mario Paint (Prototype)"",""Mario Paint"",""Mario Paint"",""Mario Paint"",""Mario Paint"",""Mario Paint"",""Mario Paint"",""Mario Paint"",""Mario Paint"",""Mario Paint"",""Mario Paint"",""Mario Paint"",""Mario Paint"",""Mario Paint"",""Mario Paint"",""Mario Paint"",""Mario Paint"",""Mario Paint"",""Mario Paint"",""Mario Paint"",""Mario Paint"",""Mario Paint"",""Mario Paint"",""Mario Paint"",""Mario Paint"",""Mario Paint"",""Mario Paint"",""Mario Paint"",""Mario Paint"",""Mario Paint"",""Mario Paint"",""Mario Paint"",""Mario Paint"",""Mario Paint"",""Mario Paint"",""Mario Paint"",""Mario Paint"",""Mario Paint""]"	1559|1560|3516	medium	unique-title-prefix
Nintendo SNES/Mario's Super Picross (EU).uac	Review/Game Title Conflicts/Nintendo SNES/Mario's Super Picross (EU).uac	33	0	2	per-track Game Title variation	"[""Mario's Super Picross"",""Mario's Super Picross"",""Mario's Super Picross"",""Mario's Super Picross"",""Mario's Super Picross"",""Mario's Super Picross"",""Mario's Super Picross"",""Mario's Super Picross"",""Mario's Super Picross"",""Mario's Super Picross"",""Mario's Super Picross"",""Mario's Super Picross"",""Mario's Super Picross"",""Mario's Super Picross"",""Mario's Super Picross"",""Mario's Super Picross"",""Mario's Super Picross"",""Mario's Super Picross"",""Mario's Super Picross"",""Mario's Super Picross"",""Mario's Super Picross"",""Mario's Super Picross"",""Mario's Super Picross"",""Mario's Super Picross"",""Tamori No Picross"",""Tamori No Picross"",""Tamori No Picross"",""Tamori No Picross"",""Tamori No Picross"",""Tamori No Picross"",""Tamori No Picross"",""Tamori No Picross""]"	3902	high	root-title-exact
Nintendo SNES/Mick & Mack as the Global Gladiators (US).uac	Review/Game Title Conflicts/Nintendo SNES/Mick & Mack as the Global Gladiators (US).uac	18	17	1	list-valued Game Title	"[[""Mick & Mack as the Global Gladia"",""Mick & Mack as the Global Gladiators""],[""Mick & Mack as the Global Gladia"",""Mick & Mack as the Global Gladiators""],[""Mick & Mack as the Global Gladia"",""Mick & Mack as the Global Gladiators""],[""Mick & Mack as the Global Gladia"",""Mick & Mack as the Global Gladiators""],[""Mick & Mack as the Global Gladia"",""Mick & Mack as the Global Gladiators""],[""Mick & Mack as the Global Gladia"",""Mick & Mack as the Global Gladiators""],[""Mick & Mack as the Global Gladia"",""Mick & Mack as the Global Gladiators""],[""Mick & Mack as the Global Gladia"",""Mick & Mack as the Global Gladiators""],[""Mick & Mack as the Global Gladia"",""Mick & Mack as the Global Gladiators""],[""Mick & Mack as the Global Gladia"",""Mick & Mack as the Global Gladiators""],[""Mick & Mack as the Global Gladia"",""Mick & Mack as the Global Gladiators""],[""Mick & Mack as the Global Gladia"",""Mick & Mack as the Global Gladiators""],[""Mick & Mack as the Global Gladia"",""Mick & Mack as the Global Gladiators""],[""Mick & Mack as the Global Gladia"",""Mick & Mack as the Global Gladiators""],[""Mick & Mack as the Global Gladia"",""Mick & Mack as the Global Gladiators""],[""Mick & Mack as the Global Gladia"",""Mick & Mack as the Global Gladiators""],[""Mick & Mack as the Global Gladia"",""Mick & Mack as the Global Gladiators""]]"	1629	high	root-title-exact
Nintendo SNES/mickey mania the timeless adventures of mickey mouse.uac	Review/Game Title Conflicts/Nintendo SNES/mickey mania the timeless adventures of mickey mouse.uac	29	28	1	list-valued Game Title	"[[""Mickey Mania: The Timeless Adven"",""Mickey Mania: The Timeless Adventures of Mickey Mouse""],[""Mickey Mania: The Timeless Adven"",""Mickey Mania: The Timeless Adventures of Mickey Mouse""],[""Mickey Mania: The Timeless Adven"",""Mickey Mania: The Timeless Adventures of Mickey Mouse""],[""Mickey Mania: The Timeless Adven"",""Mickey Mania: The Timeless Adventures of Mickey Mouse""],[""Mickey Mania: The Timeless Adven"",""Mickey Mania: The Timeless Adventures of Mickey Mouse""],[""Mickey Mania: The Timeless Adven"",""Mickey Mania: The Timeless Adventures of Mickey Mouse""],[""Mickey Mania: The Timeless Adven"",""Mickey Mania: The Timeless Adventures of Mickey Mouse""],[""Mickey Mania: The Timeless Adven"",""Mickey Mania: The Timeless Adventures of Mickey Mouse""],[""Mickey Mania: The Timeless Adven"",""Mickey Mania: The Timeless Adventures of Mickey Mouse""],[""Mickey Mania: The Timeless Adven"",""Mickey Mania: The Timeless Adventures of Mickey Mouse""],[""Mickey Mania: The Timeless Adven"",""Mickey Mania: The Timeless Adventures of Mickey Mouse""],[""Mickey Mania: The Timeless Adven"",""Mickey Mania: The Timeless Adventures of Mickey Mouse""],[""Mickey Mania: The Timeless Adven"",""Mickey Mania: The Timeless Adventures of Mickey Mouse""],[""Mickey Mania: The Timeless Adven"",""Mickey Mania: The Timeless Adventures of Mickey Mouse""],[""Mickey Mania: The Timeless Adven"",""Mickey Mania: The Timeless Adventures of Mickey Mouse""],[""Mickey Mania: The Timeless Adven"",""Mickey Mania: The Timeless Adventures of Mickey Mouse""],[""Mickey Mania: The Timeless Adven"",""Mickey Mania: The Timeless Adventures of Mickey Mouse""],[""Mickey Mania: The Timeless Adven"",""Mickey Mania: The Timeless Adventures of Mickey Mouse""],[""Mickey Mania: The Timeless Adven"",""Mickey Mania: The Timeless Adventures of Mickey Mouse""],[""Mickey Mania: The Timeless Adven"",""Mickey Mania: The Timeless Adventures of Mickey Mouse""],[""Mickey Mania: The Timeless Adven"",""Mickey Mania: The Timeless Adventures of Mickey Mouse""],[""Mickey Mania: The Timeless Adven"",""Mickey Mania: The Timeless Adventures of Mickey Mouse""],[""Mickey Mania: The Timeless Adven"",""Mickey Mania: The Timeless Adventures of Mickey Mouse""],[""Mickey Mania: The Timeless Adven"",""Mickey Mania: The Timeless Adventures of Mickey Mouse""],[""Mickey Mania: The Timeless Adven"",""Mickey Mania: The Timeless Adventures of Mickey Mouse""],[""Mickey Mania: The Timeless Adven"",""Mickey Mania: The Timeless Adventures of Mickey Mouse""],[""Mickey Mania: The Timeless Adven"",""Mickey Mania: The Timeless Adventures of Mickey Mouse""],[""Mickey Mania: The Timeless Adven"",""Mickey Mania: The Timeless Adventures of Mickey Mouse""]]"	1631|1632|3687|3761|4469	high	exact
Nintendo SNES/Mickey no Tokyo Disneyland Daibouken.uac	Review/Game Title Conflicts/Nintendo SNES/Mickey no Tokyo Disneyland Daibouken.uac	19	18	1	list-valued Game Title	"[[""Mickey no Tokyo Disneyland Daibo"",""Mickey no Tokyo Disneyland Daibouken""],[""Mickey no Tokyo Disneyland Daibo"",""Mickey no Tokyo Disneyland Daibouken""],[""Mickey no Tokyo Disneyland Daibo"",""Mickey no Tokyo Disneyland Daibouken""],[""Mickey no Tokyo Disneyland Daibo"",""Mickey no Tokyo Disneyland Daibouken""],[""Mickey no Tokyo Disneyland Daibo"",""Mickey no Tokyo Disneyland Daibouken""],[""Mickey no Tokyo Disneyland Daibo"",""Mickey no Tokyo Disneyland Daibouken""],[""Mickey no Tokyo Disneyland Daibo"",""Mickey no Tokyo Disneyland Daibouken""],[""Mickey no Tokyo Disneyland Daibo"",""Mickey no Tokyo Disneyland Daibouken""],[""Mickey no Tokyo Disneyland Daibo"",""Mickey no Tokyo Disneyland Daibouken""],[""Mickey no Tokyo Disneyland Daibo"",""Mickey no Tokyo Disneyland Daibouken""],[""Mickey no Tokyo Disneyland Daibo"",""Mickey no Tokyo Disneyland Daibouken""],[""Mickey no Tokyo Disneyland Daibo"",""Mickey no Tokyo Disneyland Daibouken""],[""Mickey no Tokyo Disneyland Daibo"",""Mickey no Tokyo Disneyland Daibouken""],[""Mickey no Tokyo Disneyland Daibo"",""Mickey no Tokyo Disneyland Daibouken""],[""Mickey no Tokyo Disneyland Daibo"",""Mickey no Tokyo Disneyland Daibouken""],[""Mickey no Tokyo Disneyland Daibo"",""Mickey no Tokyo Disneyland Daibouken""],[""Mickey no Tokyo Disneyland Daibo"",""Mickey no Tokyo Disneyland Daibouken""],[""Mickey no Tokyo Disneyland Daibo"",""Mickey no Tokyo Disneyland Daibouken""]]"	1635	medium	unique-title-prefix
Nintendo SNES/Mighty Morphin' Power Rangers - The Movie.uac	Review/Game Title Conflicts/Nintendo SNES/Mighty Morphin' Power Rangers - The Movie.uac	19	18	1	list-valued Game Title	"[[""Mighty Morphin' Power Rangers: T"",""Mighty Morphin' Power Rangers: The Movie""],[""Mighty Morphin' Power Rangers: T"",""Mighty Morphin' Power Rangers: The Movie""],[""Mighty Morphin' Power Rangers: T"",""Mighty Morphin' Power Rangers: The Movie""],[""Mighty Morphin' Power Rangers: T"",""Mighty Morphin' Power Rangers: The Movie""],[""Mighty Morphin' Power Rangers: T"",""Mighty Morphin' Power Rangers: The Movie""],[""Mighty Morphin' Power Rangers: T"",""Mighty Morphin' Power Rangers: The Movie""],[""Mighty Morphin' Power Rangers: T"",""Mighty Morphin' Power Rangers: The Movie""],[""Mighty Morphin' Power Rangers: T"",""Mighty Morphin' Power Rangers: The Movie""],[""Mighty Morphin' Power Rangers: T"",""Mighty Morphin' Power Rangers: The Movie""],[""Mighty Morphin' Power Rangers: T"",""Mighty Morphin' Power Rangers: The Movie""],[""Mighty Morphin' Power Rangers: T"",""Mighty Morphin' Power Rangers: The Movie""],[""Mighty Morphin' Power Rangers: T"",""Mighty Morphin' Power Rangers: The Movie""],[""Mighty Morphin' Power Rangers: T"",""Mighty Morphin' Power Rangers: The Movie""],[""Mighty Morphin' Power Rangers: T"",""Mighty Morphin' Power Rangers: The Movie""],[""Mighty Morphin' Power Rangers: T"",""Mighty Morphin' Power Rangers: The Movie""],[""Mighty Morphin' Power Rangers: T"",""Mighty Morphin' Power Rangers: The Movie""],[""Mighty Morphin' Power Rangers: T"",""Mighty Morphin' Power Rangers: The Movie""],[""Mighty Morphin' Power Rangers: T"",""Mighty Morphin' Power Rangers: The Movie""]]"	1657|1658	high	exact
Nintendo SNES/Nigel Mansell's World Championship Racing.uac	Review/Game Title Conflicts/Nintendo SNES/Nigel Mansell's World Championship Racing.uac	25	24	1	list-valued Game Title	"[[""Nigel Mansell's World Championsh"",""Nigel Mansell's World Championship Racing""],[""Nigel Mansell's World Championsh"",""Nigel Mansell's World Championship Racing""],[""Nigel Mansell's World Championsh"",""Nigel Mansell's World Championship Racing""],[""Nigel Mansell's World Championsh"",""Nigel Mansell's World Championship Racing""],[""Nigel Mansell's World Championsh"",""Nigel Mansell's World Championship Racing""],[""Nigel Mansell's World Championsh"",""Nigel Mansell's World Championship Racing""],[""Nigel Mansell's World Championsh"",""Nigel Mansell's World Championship Racing""],[""Nigel Mansell's World Championsh"",""Nigel Mansell's World Championship Racing""],[""Nigel Mansell's World Championsh"",""Nigel Mansell's World Championship Racing""],[""Nigel Mansell's World Championsh"",""Nigel Mansell's World Championship Racing""],[""Nigel Mansell's World Championsh"",""Nigel Mansell's World Championship Racing""],[""Nigel Mansell's World Championsh"",""Nigel Mansell's World Championship Racing""],[""Nigel Mansell's World Championsh"",""Nigel Mansell's World Championship Racing""],[""Nigel Mansell's World Championsh"",""Nigel Mansell's World Championship Racing""],[""Nigel Mansell's World Championsh"",""Nigel Mansell's World Championship Racing""],[""Nigel Mansell's World Championsh"",""Nigel Mansell's World Championship Racing""],[""Nigel Mansell's World Championsh"",""Nigel Mansell's World Championship Racing""],[""Nigel Mansell's World Championsh"",""Nigel Mansell's World Championship Racing""],[""Nigel Mansell's World Championsh"",""Nigel Mansell's World Championship Racing""],[""Nigel Mansell's World Championsh"",""Nigel Mansell's World Championship Racing""],[""Nigel Mansell's World Championsh"",""Nigel Mansell's World Championship Racing""],[""Nigel Mansell's World Championsh"",""Nigel Mansell's World Championship Racing""],[""Nigel Mansell's World Championsh"",""Nigel Mansell's World Championship Racing""],[""Nigel Mansell's World Championsh"",""Nigel Mansell's World Championship Racing""]]"	1815|1816|1817|1818|3814	medium	unique-title-prefix
Nintendo SNES/Ninja Gaiden Trilogy (US).uac	Review/Game Title Conflicts/Nintendo SNES/Ninja Gaiden Trilogy (US).uac	90	0	4	per-track Game Title variation	"[""Ninja Gaiden 2"",""Ninja Gaiden 2"",""Ninja Gaiden 2"",""Ninja Gaiden 2"",""Ninja Gaiden 2"",""Ninja Gaiden 2"",""Ninja Gaiden 2"",""Ninja Gaiden 2"",""Ninja Gaiden 2"",""Ninja Gaiden 2"",""Ninja Gaiden 2"",""Ninja Gaiden 2"",""Ninja Gaiden 2"",""Ninja Gaiden 2"",""Ninja Gaiden 2"",""Ninja Gaiden 2"",""Ninja Gaiden 2"",""Ninja Gaiden 2"",""Ninja Gaiden 2"",""Ninja Gaiden 2"",""Ninja Gaiden 2"",""Ninja Gaiden 2"",""Ninja Gaiden 2"",""Ninja Gaiden 2"",""Ninja Gaiden 2"",""Ninja Gaiden 2"",""Ninja Gaiden 2"",""Ninja Gaiden 3"",""Ninja Gaiden 3"",""Ninja Gaiden 3"",""Ninja Gaiden 3"",""Ninja Gaiden 3"",""Ninja Gaiden 3"",""Ninja Gaiden 3"",""Ninja Gaiden 3"",""Ninja Gaiden 3"",""Ninja Gaiden 3"",""Ninja Gaiden 3"",""Ninja Gaiden 3"",""Ninja Gaiden 3"",""Ninja Gaiden 3"",""Ninja Gaiden 3"",""Ninja Gaiden 3"",""Ninja Gaiden 3"",""Ninja Gaiden 3"",""Ninja Gaiden 3"",""Ninja Gaiden 3"",""Ninja Gaiden 3"",""Ninja Gaiden 3"",""Ninja Gaiden 3"",""Ninja Gaiden 3"",""Ninja Gaiden 3"",""Ninja Gaiden Trilogy"",""Ninja Gaiden Trilogy"",""Ninja Gaiden Trilogy"",""Ninja Gaiden Trilogy"",""Ninja Gaiden Trilogy"",""Ninja Gaiden Trilogy"",""Ninja Gaiden"",""Ninja Gaiden"",""Ninja Gaiden"",""Ninja Gaiden"",""Ninja Gaiden"",""Ninja Gaiden"",""Ninja Gaiden"",""Ninja Gaiden"",""Ninja Gaiden"",""Ninja Gaiden"",""Ninja Gaiden"",""Ninja Gaiden"",""Ninja Gaiden"",""Ninja Gaiden"",""Ninja Gaiden"",""Ninja Gaiden"",""Ninja Gaiden"",""Ninja Gaiden"",""Ninja Gaiden"",""Ninja Gaiden"",""Ninja Gaiden"",""Ninja Gaiden"",""Ninja Gaiden"",""Ninja Gaiden"",""Ninja Gaiden"",""Ninja Gaiden"",""Ninja Gaiden"",""Ninja Gaiden"",""Ninja Gaiden"",""Ninja Gaiden"",""Ninja Gaiden""]"	1820	medium	unique_prefix_match
Nintendo SNES/Onizuka Katsuya Super Virtual Boxing.uac	Review/Game Title Conflicts/Nintendo SNES/Onizuka Katsuya Super Virtual Boxing.uac	17	16	1	list-valued Game Title	"[[""Onizuka Katsuya Super Virtual Bo"",""Onizuka Katsuya Super Virtual Boxing""],[""Onizuka Katsuya Super Virtual Bo"",""Onizuka Katsuya Super Virtual Boxing""],[""Onizuka Katsuya Super Virtual Bo"",""Onizuka Katsuya Super Virtual Boxing""],[""Onizuka Katsuya Super Virtual Bo"",""Onizuka Katsuya Super Virtual Boxing""],[""Onizuka Katsuya Super Virtual Bo"",""Onizuka Katsuya Super Virtual Boxing""],[""Onizuka Katsuya Super Virtual Bo"",""Onizuka Katsuya Super Virtual Boxing""],[""Onizuka Katsuya Super Virtual Bo"",""Onizuka Katsuya Super Virtual Boxing""],[""Onizuka Katsuya Super Virtual Bo"",""Onizuka Katsuya Super Virtual Boxing""],[""Onizuka Katsuya Super Virtual Bo"",""Onizuka Katsuya Super Virtual Boxing""],[""Onizuka Katsuya Super Virtual Bo"",""Onizuka Katsuya Super Virtual Boxing""],[""Onizuka Katsuya Super Virtual Bo"",""Onizuka Katsuya Super Virtual Boxing""],[""Onizuka Katsuya Super Virtual Bo"",""Onizuka Katsuya Super Virtual Boxing""],[""Onizuka Katsuya Super Virtual Bo"",""Onizuka Katsuya Super Virtual Boxing""],[""Onizuka Katsuya Super Virtual Bo"",""Onizuka Katsuya Super Virtual Boxing""],[""Onizuka Katsuya Super Virtual Bo"",""Onizuka Katsuya Super Virtual Boxing""],[""Onizuka Katsuya Super Virtual Bo"",""Onizuka Katsuya Super Virtual Boxing""]]"	1864	medium	unique-title-prefix
Nintendo SNES/Operation Europe - Path to Victory.uac	Review/Game Title Conflicts/Nintendo SNES/Operation Europe - Path to Victory.uac	22	21	1	list-valued Game Title	"[[""Operation Europe: Path to Victor"",""Operation Europe: Path to Victory""],[""Operation Europe: Path to Victor"",""Operation Europe: Path to Victory""],[""Operation Europe: Path to Victor"",""Operation Europe: Path to Victory""],[""Operation Europe: Path to Victor"",""Operation Europe: Path to Victory""],[""Operation Europe: Path to Victor"",""Operation Europe: Path to Victory""],[""Operation Europe: Path to Victor"",""Operation Europe: Path to Victory""],[""Operation Europe: Path to Victor"",""Operation Europe: Path to Victory""],[""Operation Europe: Path to Victor"",""Operation Europe: Path to Victory""],[""Operation Europe: Path to Victor"",""Operation Europe: Path to Victory""],[""Operation Europe: Path to Victor"",""Operation Europe: Path to Victory""],[""Operation Europe: Path to Victor"",""Operation Europe: Path to Victory""],[""Operation Europe: Path to Victor"",""Operation Europe: Path to Victory""],[""Operation Europe: Path to Victor"",""Operation Europe: Path to Victory""],[""Operation Europe: Path to Victor"",""Operation Europe: Path to Victory""],[""Operation Europe: Path to Victor"",""Operation Europe: Path to Victory""],[""Operation Europe: Path to Victor"",""Operation Europe: Path to Victory""],[""Operation Europe: Path to Victor"",""Operation Europe: Path to Victory""],[""Operation Europe: Path to Victor"",""Operation Europe: Path to Victory""],[""Operation Europe: Path to Victor"",""Operation Europe: Path to Victory""],[""Operation Europe: Path to Victor"",""Operation Europe: Path to Victory""],[""Operation Europe: Path to Victor"",""Operation Europe: Path to Victory""]]"	1869	medium	unique-title-prefix
Nintendo SNES/Pachinko Renchan Tengoku - Super CR Special.uac	Review/Game Title Conflicts/Nintendo SNES/Pachinko Renchan Tengoku - Super CR Special.uac	32	31	1	list-valued Game Title	"[[""Pachinko Renchan Tengoku: Super"",""Pachinko Renchan Tengoku: Super CR Special""],[""Pachinko Renchan Tengoku: Super"",""Pachinko Renchan Tengoku: Super CR Special""],[""Pachinko Renchan Tengoku: Super"",""Pachinko Renchan Tengoku: Super CR Special""],[""Pachinko Renchan Tengoku: Super"",""Pachinko Renchan Tengoku: Super CR Special""],[""Pachinko Renchan Tengoku: Super"",""Pachinko Renchan Tengoku: Super CR Special""],[""Pachinko Renchan Tengoku: Super"",""Pachinko Renchan Tengoku: Super CR Special""],[""Pachinko Renchan Tengoku: Super"",""Pachinko Renchan Tengoku: Super CR Special""],[""Pachinko Renchan Tengoku: Super"",""Pachinko Renchan Tengoku: Super CR Special""],[""Pachinko Renchan Tengoku: Super"",""Pachinko Renchan Tengoku: Super CR Special""],[""Pachinko Renchan Tengoku: Super"",""Pachinko Renchan Tengoku: Super CR Special""],[""Pachinko Renchan Tengoku: Super"",""Pachinko Renchan Tengoku: Super CR Special""],[""Pachinko Renchan Tengoku: Super"",""Pachinko Renchan Tengoku: Super CR Special""],[""Pachinko Renchan Tengoku: Super"",""Pachinko Renchan Tengoku: Super CR Special""],[""Pachinko Renchan Tengoku: Super"",""Pachinko Renchan Tengoku: Super CR Special""],[""Pachinko Renchan Tengoku: Super"",""Pachinko Renchan Tengoku: Super CR Special""],[""Pachinko Renchan Tengoku: Super"",""Pachinko Renchan Tengoku: Super CR Special""],[""Pachinko Renchan Tengoku: Super"",""Pachinko Renchan Tengoku: Super CR Special""],[""Pachinko Renchan Tengoku: Super"",""Pachinko Renchan Tengoku: Super CR Special""],[""Pachinko Renchan Tengoku: Super"",""Pachinko Renchan Tengoku: Super CR Special""],[""Pachinko Renchan Tengoku: Super"",""Pachinko Renchan Tengoku: Super CR Special""],[""Pachinko Renchan Tengoku: Super"",""Pachinko Renchan Tengoku: Super CR Special""],[""Pachinko Renchan Tengoku: Super"",""Pachinko Renchan Tengoku: Super CR Special""],[""Pachinko Renchan Tengoku: Super"",""Pachinko Renchan Tengoku: Super CR Special""],[""Pachinko Renchan Tengoku: Super"",""Pachinko Renchan Tengoku: Super CR Special""],[""Pachinko Renchan Tengoku: Super"",""Pachinko Renchan Tengoku: Super CR Special""],[""Pachinko Renchan Tengoku: Super"",""Pachinko Renchan Tengoku: Super CR Special""],[""Pachinko Renchan Tengoku: Super"",""Pachinko Renchan Tengoku: Super CR Special""],[""Pachinko Renchan Tengoku: Super"",""Pachinko Renchan Tengoku: Super CR Special""],[""Pachinko Renchan Tengoku: Super"",""Pachinko Renchan Tengoku: Super CR Special""],[""Pachinko Renchan Tengoku: Super"",""Pachinko Renchan Tengoku: Super CR Special""],[""Pachinko Renchan Tengoku: Super"",""Pachinko Renchan Tengoku: Super CR Special""]]"	1913	medium	difflib
Nintendo SNES/Pachinko Tetsujin - Shichiban Shoubu.uac	Review/Game Title Conflicts/Nintendo SNES/Pachinko Tetsujin - Shichiban Shoubu.uac	20	19	1	list-valued Game Title	"[[""Pachinko Tetsujin: Shichiban Sho"",""Pachinko Tetsujin: Shichiban Shoubu""],[""Pachinko Tetsujin: Shichiban Sho"",""Pachinko Tetsujin: Shichiban Shoubu""],[""Pachinko Tetsujin: Shichiban Sho"",""Pachinko Tetsujin: Shichiban Shoubu""],[""Pachinko Tetsujin: Shichiban Sho"",""Pachinko Tetsujin: Shichiban Shoubu""],[""Pachinko Tetsujin: Shichiban Sho"",""Pachinko Tetsujin: Shichiban Shoubu""],[""Pachinko Tetsujin: Shichiban Sho"",""Pachinko Tetsujin: Shichiban Shoubu""],[""Pachinko Tetsujin: Shichiban Sho"",""Pachinko Tetsujin: Shichiban Shoubu""],[""Pachinko Tetsujin: Shichiban Sho"",""Pachinko Tetsujin: Shichiban Shoubu""],[""Pachinko Tetsujin: Shichiban Sho"",""Pachinko Tetsujin: Shichiban Shoubu""],[""Pachinko Tetsujin: Shichiban Sho"",""Pachinko Tetsujin: Shichiban Shoubu""],[""Pachinko Tetsujin: Shichiban Sho"",""Pachinko Tetsujin: Shichiban Shoubu""],[""Pachinko Tetsujin: Shichiban Sho"",""Pachinko Tetsujin: Shichiban Shoubu""],[""Pachinko Tetsujin: Shichiban Sho"",""Pachinko Tetsujin: Shichiban Shoubu""],[""Pachinko Tetsujin: Shichiban Sho"",""Pachinko Tetsujin: Shichiban Shoubu""],[""Pachinko Tetsujin: Shichiban Sho"",""Pachinko Tetsujin: Shichiban Shoubu""],[""Pachinko Tetsujin: Shichiban Sho"",""Pachinko Tetsujin: Shichiban Shoubu""],[""Pachinko Tetsujin: Shichiban Sho"",""Pachinko Tetsujin: Shichiban Shoubu""],[""Pachinko Tetsujin: Shichiban Sho"",""Pachinko Tetsujin: Shichiban Shoubu""],[""Pachinko Tetsujin: Shichiban Sho"",""Pachinko Tetsujin: Shichiban Shoubu""]]"	1914	high	curated-exact
Nintendo SNES/Parlor! Mini series (BGM Compilation).uac	Review/Game Title Conflicts/Nintendo SNES/Parlor! Mini series (BGM Compilation).uac	41	0	8	per-track Game Title variation	"[""Parlor! Mini 2"",""Parlor! Mini 2"",""Parlor! Mini 2"",""Parlor! Mini 2"",""Parlor! Mini 2"",""Parlor! Mini 2"",""Parlor! Mini 2"",""Parlor! Mini 3"",""Parlor! Mini 3"",""Parlor! Mini 3"",""Parlor! Mini 3"",""Parlor! Mini 3"",""Parlor! Mini 4"",""Parlor! Mini 4"",""Parlor! Mini 4"",""Parlor! Mini 4"",""Parlor! Mini 5"",""Parlor! Mini 5"",""Parlor! Mini 5"",""Parlor! Mini 5"",""Parlor! Mini 6"",""Parlor! Mini 6"",""Parlor! Mini 6"",""Parlor! Mini 7"",""Parlor! Mini 7"",""Parlor! Mini 7"",""Parlor! Mini 7"",""Parlor! Mini 8"",""Parlor! Mini 8"",""Parlor! Mini 8"",""Parlor! Mini"",""Parlor! Mini"",""Parlor! Mini"",""Parlor! Mini"",""Parlor! Mini"",""Parlor! Mini"",""Parlor! Mini"",""Parlor! Mini"",""Parlor! Mini"",""Parlor! Mini""]"			
Nintendo SNES/Porky Pig's Haunted Holiday.uac	Review/Game Title Conflicts/Nintendo SNES/Porky Pig's Haunted Holiday.uac	89	88	2	list-valued Game Title; per-track Game Title variation	"[[""Porky Pig's Haunted Holiday (Acc"",""Porky Pig's Haunted Holiday (Acclaim)""],[""Porky Pig's Haunted Holiday (Acc"",""Porky Pig's Haunted Holiday (Acclaim)""],[""Porky Pig's Haunted Holiday (Acc"",""Porky Pig's Haunted Holiday (Acclaim)""],[""Porky Pig's Haunted Holiday (Acc"",""Porky Pig's Haunted Holiday (Acclaim)""],[""Porky Pig's Haunted Holiday (Acc"",""Porky Pig's Haunted Holiday (Acclaim)""],[""Porky Pig's Haunted Holiday (Acc"",""Porky Pig's Haunted Holiday (Acclaim)""],[""Porky Pig's Haunted Holiday (Acc"",""Porky Pig's Haunted Holiday (Acclaim)""],[""Porky Pig's Haunted Holiday (Acc"",""Porky Pig's Haunted Holiday (Acclaim)""],[""Porky Pig's Haunted Holiday (Acc"",""Porky Pig's Haunted Holiday (Acclaim)""],[""Porky Pig's Haunted Holiday (Acc"",""Porky Pig's Haunted Holiday (Acclaim)""],[""Porky Pig's Haunted Holiday (Acc"",""Porky Pig's Haunted Holiday (Acclaim)""],[""Porky Pig's Haunted Holiday (Acc"",""Porky Pig's Haunted Holiday (Acclaim)""],[""Porky Pig's Haunted Holiday (Acc"",""Porky Pig's Haunted Holiday (Acclaim)""],[""Porky Pig's Haunted Holiday (Acc"",""Porky Pig's Haunted Holiday (Acclaim)""],[""Porky Pig's Haunted Holiday (Acc"",""Porky Pig's Haunted Holiday (Acclaim)""],[""Porky Pig's Haunted Holiday (Acc"",""Porky Pig's Haunted Holiday (Acclaim)""],[""Porky Pig's Haunted Holiday (Acc"",""Porky Pig's Haunted Holiday (Acclaim)""],[""Porky Pig's Haunted Holiday (Acc"",""Porky Pig's Haunted Holiday (Acclaim)""],[""Porky Pig's Haunted Holiday (Acc"",""Porky Pig's Haunted Holiday (Acclaim)""],[""Porky Pig's Haunted Holiday (Acc"",""Porky Pig's Haunted Holiday (Acclaim)""],[""Porky Pig's Haunted Holiday (Acc"",""Porky Pig's Haunted Holiday (Acclaim)""],[""Porky Pig's Haunted Holiday (Acc"",""Porky Pig's Haunted Holiday (Acclaim)""],[""Porky Pig's Haunted Holiday (Acc"",""Porky Pig's Haunted Holiday (Acclaim)""],[""Porky Pig's Haunted Holiday (Acc"",""Porky Pig's Haunted Holiday (Acclaim)""],[""Porky Pig's Haunted Holiday (Acc"",""Porky Pig's Haunted Holiday (Acclaim)""],[""Porky Pig's Haunted Holiday (Acc"",""Porky Pig's Haunted Holiday (Acclaim)""],[""Porky Pig's Haunted Holiday (Acc"",""Porky Pig's Haunted Holiday (Acclaim)""],[""Porky Pig's Haunted Holiday (Acc"",""Porky Pig's Haunted Holiday (Acclaim)""],[""Porky Pig's Haunted Holiday (Acc"",""Porky Pig's Haunted Holiday (Acclaim)""],[""Porky Pig's Haunted Holiday (Acc"",""Porky Pig's Haunted Holiday (Acclaim)""],[""Porky Pig's Haunted Holiday (Acc"",""Porky Pig's Haunted Holiday (Acclaim)""],[""Porky Pig's Haunted Holiday (Sun"",""Porky Pig's Haunted Holiday (Sunsoft)""],[""Porky Pig's Haunted Holiday (Sun"",""Porky Pig's Haunted Holiday (Sunsoft)""],[""Porky Pig's Haunted Holiday (Sun"",""Porky Pig's Haunted Holiday (Sunsoft)""],[""Porky Pig's Haunted Holiday (Sun"",""Porky Pig's Haunted Holiday (Sunsoft)""],[""Porky Pig's Haunted Holiday (Sun"",""Porky Pig's Haunted Holiday (Sunsoft)""],[""Porky Pig's Haunted Holiday (Sun"",""Porky Pig's Haunted Holiday (Sunsoft)""],[""Porky Pig's Haunted Holiday (Sun"",""Porky Pig's Haunted Holiday (Sunsoft)""],[""Porky Pig's Haunted Holiday (Sun"",""Porky Pig's Haunted Holiday (Sunsoft)""],[""Porky Pig's Haunted Holiday (Sun"",""Porky Pig's Haunted Holiday (Sunsoft)""],[""Porky Pig's Haunted Holiday (Sun"",""Porky Pig's Haunted Holiday (Sunsoft)""],[""Porky Pig's Haunted Holiday (Sun"",""Porky Pig's Haunted Holiday (Sunsoft)""],[""Porky Pig's Haunted Holiday (Sun"",""Porky Pig's Haunted Holiday (Sunsoft)""],[""Porky Pig's Haunted Holiday (Sun"",""Porky Pig's Haunted Holiday (Sunsoft)""],[""Porky Pig's Haunted Holiday (Sun"",""Porky Pig's Haunted Holiday (Sunsoft)""],[""Porky Pig's Haunted Holiday (Sun"",""Porky Pig's Haunted Holiday (Sunsoft)""],[""Porky Pig's Haunted Holiday (Sun"",""Porky Pig's Haunted Holiday (Sunsoft)""],[""Porky Pig's Haunted Holiday (Sun"",""Porky Pig's Haunted Holiday (Sunsoft)""],[""Porky Pig's Haunted Holiday (Sun"",""Porky Pig's Haunted Holiday (Sunsoft)""],[""Porky Pig's Haunted Holiday (Sun"",""Porky Pig's Haunted Holiday (Sunsoft)""],[""Porky Pig's Haunted Holiday (Sun"",""Porky Pig's Haunted Holiday (Sunsoft)""],[""Porky Pig's Haunted Holiday (Sun"",""Porky Pig's Haunted Holiday (Sunsoft)""],[""Porky Pig's Haunted Holiday (Sun"",""Porky Pig's Haunted Holiday (Sunsoft)""],[""Porky Pig's Haunted Holiday (Sun"",""Porky Pig's Haunted Holiday (Sunsoft)""],[""Porky Pig's Haunted Holiday (Sun"",""Porky Pig's Haunted Holiday (Sunsoft)""],[""Porky Pig's Haunted Holiday (Sun"",""Porky Pig's Haunted Holiday (Sunsoft)""],[""Porky Pig's Haunted Holiday (Sun"",""Porky Pig's Haunted Holiday (Sunsoft)""],[""Porky Pig's Haunted Holiday (Sun"",""Porky Pig's Haunted Holiday (Sunsoft)""],[""Porky Pig's Haunted Holiday (Sun"",""Porky Pig's Haunted Holiday (Sunsoft)""],[""Porky Pig's Haunted Holiday (Sun"",""Porky Pig's Haunted Holiday (Sunsoft)""],[""Porky Pig's Haunted Holiday (Sun"",""Porky Pig's Haunted Holiday (Sunsoft)""],[""Porky Pig's Haunted Holiday (Sun"",""Porky Pig's Haunted Holiday (Sunsoft)""],[""Porky Pig's Haunted Holiday (Sun"",""Porky Pig's Haunted Holiday (Sunsoft)""],[""Porky Pig's Haunted Holiday (Sun"",""Porky Pig's Haunted Holiday (Sunsoft)""],[""Porky Pig's Haunted Holiday (Sun"",""Porky Pig's Haunted Holiday (Sunsoft)""],[""Porky Pig's Haunted Holiday (Sun"",""Porky Pig's Haunted Holiday (Sunsoft)""],[""Porky Pig's Haunted Holiday (Sun"",""Porky Pig's Haunted Holiday (Sunsoft)""],[""Porky Pig's Haunted Holiday (Sun"",""Porky Pig's Haunted Holiday (Sunsoft)""],[""Porky Pig's Haunted Holiday (Sun"",""Porky Pig's Haunted Holiday (Sunsoft)""],[""Porky Pig's Haunted Holiday (Sun"",""Porky Pig's Haunted Holiday (Sunsoft)""],[""Porky Pig's Haunted Holiday (Sun"",""Porky Pig's Haunted Holiday (Sunsoft)""],[""Porky Pig's Haunted Holiday (Sun"",""Porky Pig's Haunted Holiday (Sunsoft)""],[""Porky Pig's Haunted Holiday (Sun"",""Porky Pig's Haunted Holiday (Sunsoft)""],[""Porky Pig's Haunted Holiday (Sun"",""Porky Pig's Haunted Holiday (Sunsoft)""],[""Porky Pig's Haunted Holiday (Sun"",""Porky Pig's Haunted Holiday (Sunsoft)""],[""Porky Pig's Haunted Holiday (Sun"",""Porky Pig's Haunted Holiday (Sunsoft)""],[""Porky Pig's Haunted Holiday (Sun"",""Porky Pig's Haunted Holiday (Sunsoft)""],[""Porky Pig's Haunted Holiday (Sun"",""Porky Pig's Haunted Holiday (Sunsoft)""],[""Porky Pig's Haunted Holiday (Sun"",""Porky Pig's Haunted Holiday (Sunsoft)""],[""Porky Pig's Haunted Holiday (Sun"",""Porky Pig's Haunted Holiday (Sunsoft)""],[""Porky Pig's Haunted Holiday (Sun"",""Porky Pig's Haunted Holiday (Sunsoft)""],[""Porky Pig's Haunted Holiday (Sun"",""Porky Pig's Haunted Holiday (Sunsoft)""],[""Porky Pig's Haunted Holiday (Sun"",""Porky Pig's Haunted Holiday (Sunsoft)""],[""Porky Pig's Haunted Holiday (Sun"",""Porky Pig's Haunted Holiday (Sunsoft)""],[""Porky Pig's Haunted Holiday (Sun"",""Porky Pig's Haunted Holiday (Sunsoft)""],[""Porky Pig's Haunted Holiday (Sun"",""Porky Pig's Haunted Holiday (Sunsoft)""],[""Porky Pig's Haunted Holiday (Sun"",""Porky Pig's Haunted Holiday (Sunsoft)""],[""Porky Pig's Haunted Holiday (Sun"",""Porky Pig's Haunted Holiday (Sunsoft)""]]"	2030|2031|2032|4201|4525|4526|4527|4528|4529	medium	unique-title-prefix
Nintendo SNES/Power Rangers - The Fighting Edition.uac	Review/Game Title Conflicts/Nintendo SNES/Power Rangers - The Fighting Edition.uac	12	11	1	list-valued Game Title	"[[""Power Rangers: The Fighting Edit"",""Power Rangers: The Fighting Edition""],[""Power Rangers: The Fighting Edit"",""Power Rangers: The Fighting Edition""],[""Power Rangers: The Fighting Edit"",""Power Rangers: The Fighting Edition""],[""Power Rangers: The Fighting Edit"",""Power Rangers: The Fighting Edition""],[""Power Rangers: The Fighting Edit"",""Power Rangers: The Fighting Edition""],[""Power Rangers: The Fighting Edit"",""Power Rangers: The Fighting Edition""],[""Power Rangers: The Fighting Edit"",""Power Rangers: The Fighting Edition""],[""Power Rangers: The Fighting Edit"",""Power Rangers: The Fighting Edition""],[""Power Rangers: The Fighting Edit"",""Power Rangers: The Fighting Edition""],[""Power Rangers: The Fighting Edit"",""Power Rangers: The Fighting Edition""],[""Power Rangers: The Fighting Edit"",""Power Rangers: The Fighting Edition""]]"	1652	medium	unique-title-prefix
Nintendo SNES/Power Rangers Zeo - Battle Racers.uac	Review/Game Title Conflicts/Nintendo SNES/Power Rangers Zeo - Battle Racers.uac	20	19	1	list-valued Game Title	"[[""Power Rangers Zeo - Battle Racer"",""Power Rangers Zeo - Battle Racers""],[""Power Rangers Zeo - Battle Racer"",""Power Rangers Zeo - Battle Racers""],[""Power Rangers Zeo - Battle Racer"",""Power Rangers Zeo - Battle Racers""],[""Power Rangers Zeo - Battle Racer"",""Power Rangers Zeo - Battle Racers""],[""Power Rangers Zeo - Battle Racer"",""Power Rangers Zeo - Battle Racers""],[""Power Rangers Zeo - Battle Racer"",""Power Rangers Zeo - Battle Racers""],[""Power Rangers Zeo - Battle Racer"",""Power Rangers Zeo - Battle Racers""],[""Power Rangers Zeo - Battle Racer"",""Power Rangers Zeo - Battle Racers""],[""Power Rangers Zeo - Battle Racer"",""Power Rangers Zeo - Battle Racers""],[""Power Rangers Zeo - Battle Racer"",""Power Rangers Zeo - Battle Racers""],[""Power Rangers Zeo - Battle Racer"",""Power Rangers Zeo - Battle Racers""],[""Power Rangers Zeo - Battle Racer"",""Power Rangers Zeo - Battle Racers""],[""Power Rangers Zeo - Battle Racer"",""Power Rangers Zeo - Battle Racers""],[""Power Rangers Zeo - Battle Racer"",""Power Rangers Zeo - Battle Racers""],[""Power Rangers Zeo - Battle Racer"",""Power Rangers Zeo - Battle Racers""],[""Power Rangers Zeo - Battle Racer"",""Power Rangers Zeo - Battle Racers""],[""Power Rangers Zeo - Battle Racer"",""Power Rangers Zeo - Battle Racers""],[""Power Rangers Zeo - Battle Racer"",""Power Rangers Zeo - Battle Racers""],[""Power Rangers Zeo - Battle Racer"",""Power Rangers Zeo - Battle Racers""]]"	2043|2044	high	exact
Nintendo SNES/Pro Sport Hockey (US).uac	Review/Game Title Conflicts/Nintendo SNES/Pro Sport Hockey (US).uac	14	0	2	per-track Game Title variation	"[""Pro Sport Hockey"",""Pro Sport Hockey"",""Pro Sport Hockey"",""Pro Sport Hockey"",""Pro Sport Hockey"",""Pro Sport Hockey"",""Pro Sport Hockey"",""Pro Sport Hockey"",""USA Ice Hockey"",""USA Ice Hockey"",""USA Ice Hockey"",""USA Ice Hockey"",""USA Ice Hockey""]"	2077	high	root-title-exact
Nintendo SNES/Ranma 1-2 - Akaneko-dan Teki Hihou.uac	Review/Game Title Conflicts/Nintendo SNES/Ranma 1-2 - Akaneko-dan Teki Hihou.uac	30	29	1	list-valued Game Title	"[[""Ranma 1/2: Akaneko-dan Teki Hiho"",""Ranma 1/2: Akaneko-dan Teki Hihou""],[""Ranma 1/2: Akaneko-dan Teki Hiho"",""Ranma 1/2: Akaneko-dan Teki Hihou""],[""Ranma 1/2: Akaneko-dan Teki Hiho"",""Ranma 1/2: Akaneko-dan Teki Hihou""],[""Ranma 1/2: Akaneko-dan Teki Hiho"",""Ranma 1/2: Akaneko-dan Teki Hihou""],[""Ranma 1/2: Akaneko-dan Teki Hiho"",""Ranma 1/2: Akaneko-dan Teki Hihou""],[""Ranma 1/2: Akaneko-dan Teki Hiho"",""Ranma 1/2: Akaneko-dan Teki Hihou""],[""Ranma 1/2: Akaneko-dan Teki Hiho"",""Ranma 1/2: Akaneko-dan Teki Hihou""],[""Ranma 1/2: Akaneko-dan Teki Hiho"",""Ranma 1/2: Akaneko-dan Teki Hihou""],[""Ranma 1/2: Akaneko-dan Teki Hiho"",""Ranma 1/2: Akaneko-dan Teki Hihou""],[""Ranma 1/2: Akaneko-dan Teki Hiho"",""Ranma 1/2: Akaneko-dan Teki Hihou""],[""Ranma 1/2: Akaneko-dan Teki Hiho"",""Ranma 1/2: Akaneko-dan Teki Hihou""],[""Ranma 1/2: Akaneko-dan Teki Hiho"",""Ranma 1/2: Akaneko-dan Teki Hihou""],[""Ranma 1/2: Akaneko-dan Teki Hiho"",""Ranma 1/2: Akaneko-dan Teki Hihou""],[""Ranma 1/2: Akaneko-dan Teki Hiho"",""Ranma 1/2: Akaneko-dan Teki Hihou""],[""Ranma 1/2: Akaneko-dan Teki Hiho"",""Ranma 1/2: Akaneko-dan Teki Hihou""],[""Ranma 1/2: Akaneko-dan Teki Hiho"",""Ranma 1/2: Akaneko-dan Teki Hihou""],[""Ranma 1/2: Akaneko-dan Teki Hiho"",""Ranma 1/2: Akaneko-dan Teki Hihou""],[""Ranma 1/2: Akaneko-dan Teki Hiho"",""Ranma 1/2: Akaneko-dan Teki Hihou""],[""Ranma 1/2: Akaneko-dan Teki Hiho"",""Ranma 1/2: Akaneko-dan Teki Hihou""],[""Ranma 1/2: Akaneko-dan Teki Hiho"",""Ranma 1/2: Akaneko-dan Teki Hihou""],[""Ranma 1/2: Akaneko-dan Teki Hiho"",""Ranma 1/2: Akaneko-dan Teki Hihou""],[""Ranma 1/2: Akaneko-dan Teki Hiho"",""Ranma 1/2: Akaneko-dan Teki Hihou""],[""Ranma 1/2: Akaneko-dan Teki Hiho"",""Ranma 1/2: Akaneko-dan Teki Hihou""],[""Ranma 1/2: Akaneko-dan Teki Hiho"",""Ranma 1/2: Akaneko-dan Teki Hihou""],[""Ranma 1/2: Akaneko-dan Teki Hiho"",""Ranma 1/2: Akaneko-dan Teki Hihou""],[""Ranma 1/2: Akaneko-dan Teki Hiho"",""Ranma 1/2: Akaneko-dan Teki Hihou""],[""Ranma 1/2: Akaneko-dan Teki Hiho"",""Ranma 1/2: Akaneko-dan Teki Hihou""],[""Ranma 1/2: Akaneko-dan Teki Hiho"",""Ranma 1/2: Akaneko-dan Teki Hihou""],[""Ranma 1/2: Akaneko-dan Teki Hiho"",""Ranma 1/2: Akaneko-dan Teki Hihou""]]"	2109|2110|2111	medium	unique-title-prefix
Nintendo SNES/Romancing Sa-Ga 3 (JP).uac	Review/Game Title Conflicts/Nintendo SNES/Romancing Sa-Ga 3 (JP).uac	75	0	2	per-track Game Title variation	"[""Romancing SaGa 3"",""Romancing SaGa 3"",""Romancing SaGa 3"",""Romancing SaGa 3"",""Romancing SaGa 3"",""Romancing SaGa 3"",""Romancing SaGa 3"",""Romancing SaGa 3"",""Romancing SaGa 3"",""Romancing SaGa 3"",""Romancing SaGa 3"",""Romancing SaGa 3"",""Romancing SaGa 3"",""Romancing SaGa 3"",""Romancing SaGa 3"",""Romancing SaGa 3"",""Romancing SaGa 3"",""Romancing SaGa 3"",""Romancing SaGa 3"",""Romancing SaGa 3"",""Romancing SaGa 3"",""Romancing SaGa 3"",""Romancing SaGa 3"",""Romancing SaGa 3"",""Romancing SaGa 3"",""Romancing SaGa 3"",""Romancing SaGa 3"",""Romancing SaGa 3"",""Romancing SaGa 3"",""Romancing SaGa 3"",""Romancing SaGa 3"",""Romancing SaGa 3"",""Romancing SaGa 3"",""Romancing SaGa 3"",""Romancing SaGa 3"",""Romancing SaGa 3"",""Romancing SaGa 3"",""Romancing SaGa 3"",""Romancing SaGa 3"",""Romancing SaGa 3"",""Romancing SaGa 3"",""Romancing SaGa 3"",""Romancing SaGa 3"",""Romancing SaGa 3"",""Romancing SaGa 3"",""Romancing SaGa 3"",""Romancing SaGa 3"",""Romancing SaGa 3"",""Romancing SaGa 3"",""Romancing SaGa 3"",""Romancing SaGa 3"",""Romancing SaGa 3"",""Romancing SaGa 3"",""Romancing SaGa 3"",""Romancing SaGa 3"",""Romancing SaGa 3"",""Romancing SaGa 3"",""Romancing SaGa 3"",""Romancing SaGa 3"",""Romancing SaGa 3"",""Romancing SaGa 3"",""Romancing SaGa 3"",""Romancing SaGa 3"",""Romancing SaGa 3"",""Romancing SaGa 3"",""Romancing SaGa 3"",""Romancing SaGa 3"",""Romancing SaGa 3"",""Romancing SaGa 3"",""Romancing SaGa 3"",""Romancing SaGa 3"",""Romancing SaGa 3"",""Romancing Saga 3"",""Romancing Saga 3""]"	2192|2193	high	exact_root_match
Nintendo SNES/Rushing Beat.uac	Review/Game Title Conflicts/Nintendo SNES/Rushing Beat.uac	40	0	2	per-track Game Title variation	"[""Peace Keepers"",""Peace Keepers"",""Peace Keepers"",""Peace Keepers"",""Peace Keepers"",""Peace Keepers"",""Peace Keepers"",""Peace Keepers"",""Peace Keepers"",""Peace Keepers"",""Peace Keepers"",""Peace Keepers"",""Peace Keepers"",""Rushing Beat Syura"",""Rushing Beat Syura"",""Rushing Beat Syura"",""Rushing Beat Syura"",""Rushing Beat Syura"",""Rushing Beat Syura"",""Rushing Beat Syura"",""Rushing Beat Syura"",""Rushing Beat Syura"",""Rushing Beat Syura"",""Rushing Beat Syura"",""Rushing Beat Syura"",""Rushing Beat Syura"",""Rushing Beat Syura"",""Rushing Beat Syura"",""Rushing Beat Syura"",""Rushing Beat Syura"",""Rushing Beat Syura"",""Rushing Beat Syura"",""Rushing Beat Syura"",""Rushing Beat Syura"",""Rushing Beat Syura"",""Rushing Beat Syura"",""Rushing Beat Syura"",""Rushing Beat Syura"",""Rushing Beat Syura""]"	2202|4424	medium	unique-title-prefix
Nintendo SNES/Saibara Rieko no Mahjong Hourouki.uac	Review/Game Title Conflicts/Nintendo SNES/Saibara Rieko no Mahjong Hourouki.uac	16	15	1	list-valued Game Title	"[[""Saibara Rieko no Mahjong Hourouk"",""Saibara Rieko no Mahjong Hourouki""],[""Saibara Rieko no Mahjong Hourouk"",""Saibara Rieko no Mahjong Hourouki""],[""Saibara Rieko no Mahjong Hourouk"",""Saibara Rieko no Mahjong Hourouki""],[""Saibara Rieko no Mahjong Hourouk"",""Saibara Rieko no Mahjong Hourouki""],[""Saibara Rieko no Mahjong Hourouk"",""Saibara Rieko no Mahjong Hourouki""],[""Saibara Rieko no Mahjong Hourouk"",""Saibara Rieko no Mahjong Hourouki""],[""Saibara Rieko no Mahjong Hourouk"",""Saibara Rieko no Mahjong Hourouki""],[""Saibara Rieko no Mahjong Hourouk"",""Saibara Rieko no Mahjong Hourouki""],[""Saibara Rieko no Mahjong Hourouk"",""Saibara Rieko no Mahjong Hourouki""],[""Saibara Rieko no Mahjong Hourouk"",""Saibara Rieko no Mahjong Hourouki""],[""Saibara Rieko no Mahjong Hourouk"",""Saibara Rieko no Mahjong Hourouki""],[""Saibara Rieko no Mahjong Hourouk"",""Saibara Rieko no Mahjong Hourouki""],[""Saibara Rieko no Mahjong Hourouk"",""Saibara Rieko no Mahjong Hourouki""],[""Saibara Rieko no Mahjong Hourouk"",""Saibara Rieko no Mahjong Hourouki""],[""Saibara Rieko no Mahjong Hourouk"",""Saibara Rieko no Mahjong Hourouki""]]"	2208	medium	unique-title-prefix
Nintendo SNES/Sailor Moon Super S - Zenin Sanka!! Shuyaku Soudatsusen.uac	Review/Game Title Conflicts/Nintendo SNES/Sailor Moon Super S - Zenin Sanka!! Shuyaku Soudatsusen.uac	21	20	1	list-valued Game Title	"[[""Sailor Moon Super S: Zenin Sanka"",""Sailor Moon Super S: Zenin Sanka!! Shuyaku Soudatsusen""],[""Sailor Moon Super S: Zenin Sanka"",""Sailor Moon Super S: Zenin Sanka!! Shuyaku Soudatsusen""],[""Sailor Moon Super S: Zenin Sanka"",""Sailor Moon Super S: Zenin Sanka!! Shuyaku Soudatsusen""],[""Sailor Moon Super S: Zenin Sanka"",""Sailor Moon Super S: Zenin Sanka!! Shuyaku Soudatsusen""],[""Sailor Moon Super S: Zenin Sanka"",""Sailor Moon Super S: Zenin Sanka!! Shuyaku Soudatsusen""],[""Sailor Moon Super S: Zenin Sanka"",""Sailor Moon Super S: Zenin Sanka!! Shuyaku Soudatsusen""],[""Sailor Moon Super S: Zenin Sanka"",""Sailor Moon Super S: Zenin Sanka!! Shuyaku Soudatsusen""],[""Sailor Moon Super S: Zenin Sanka"",""Sailor Moon Super S: Zenin Sanka!! Shuyaku Soudatsusen""],[""Sailor Moon Super S: Zenin Sanka"",""Sailor Moon Super S: Zenin Sanka!! Shuyaku Soudatsusen""],[""Sailor Moon Super S: Zenin Sanka"",""Sailor Moon Super S: Zenin Sanka!! Shuyaku Soudatsusen""],[""Sailor Moon Super S: Zenin Sanka"",""Sailor Moon Super S: Zenin Sanka!! Shuyaku Soudatsusen""],[""Sailor Moon Super S: Zenin Sanka"",""Sailor Moon Super S: Zenin Sanka!! Shuyaku Soudatsusen""],[""Sailor Moon Super S: Zenin Sanka"",""Sailor Moon Super S: Zenin Sanka!! Shuyaku Soudatsusen""],[""Sailor Moon Super S: Zenin Sanka"",""Sailor Moon Super S: Zenin Sanka!! Shuyaku Soudatsusen""],[""Sailor Moon Super S: Zenin Sanka"",""Sailor Moon Super S: Zenin Sanka!! Shuyaku Soudatsusen""],[""Sailor Moon Super S: Zenin Sanka"",""Sailor Moon Super S: Zenin Sanka!! Shuyaku Soudatsusen""],[""Sailor Moon Super S: Zenin Sanka"",""Sailor Moon Super S: Zenin Sanka!! Shuyaku Soudatsusen""],[""Sailor Moon Super S: Zenin Sanka"",""Sailor Moon Super S: Zenin Sanka!! Shuyaku Soudatsusen""],[""Sailor Moon Super S: Zenin Sanka"",""Sailor Moon Super S: Zenin Sanka!! Shuyaku Soudatsusen""],[""Sailor Moon Super S: Zenin Sanka"",""Sailor Moon Super S: Zenin Sanka!! Shuyaku Soudatsusen""]]"	0251	high	curated-exact
Nintendo SNES/SD Gundam X - Super Gachapon World.uac	Review/Game Title Conflicts/Nintendo SNES/SD Gundam X - Super Gachapon World.uac	32	31	1	list-valued Game Title	"[[""SD Gundam X: Super Gachapon Worl"",""SD Gundam X: Super Gachapon World""],[""SD Gundam X: Super Gachapon Worl"",""SD Gundam X: Super Gachapon World""],[""SD Gundam X: Super Gachapon Worl"",""SD Gundam X: Super Gachapon World""],[""SD Gundam X: Super Gachapon Worl"",""SD Gundam X: Super Gachapon World""],[""SD Gundam X: Super Gachapon Worl"",""SD Gundam X: Super Gachapon World""],[""SD Gundam X: Super Gachapon Worl"",""SD Gundam X: Super Gachapon World""],[""SD Gundam X: Super Gachapon Worl"",""SD Gundam X: Super Gachapon World""],[""SD Gundam X: Super Gachapon Worl"",""SD Gundam X: Super Gachapon World""],[""SD Gundam X: Super Gachapon Worl"",""SD Gundam X: Super Gachapon World""],[""SD Gundam X: Super Gachapon Worl"",""SD Gundam X: Super Gachapon World""],[""SD Gundam X: Super Gachapon Worl"",""SD Gundam X: Super Gachapon World""],[""SD Gundam X: Super Gachapon Worl"",""SD Gundam X: Super Gachapon World""],[""SD Gundam X: Super Gachapon Worl"",""SD Gundam X: Super Gachapon World""],[""SD Gundam X: Super Gachapon Worl"",""SD Gundam X: Super Gachapon World""],[""SD Gundam X: Super Gachapon Worl"",""SD Gundam X: Super Gachapon World""],[""SD Gundam X: Super Gachapon Worl"",""SD Gundam X: Super Gachapon World""],[""SD Gundam X: Super Gachapon Worl"",""SD Gundam X: Super Gachapon World""],[""SD Gundam X: Super Gachapon Worl"",""SD Gundam X: Super Gachapon World""],[""SD Gundam X: Super Gachapon Worl"",""SD Gundam X: Super Gachapon World""],[""SD Gundam X: Super Gachapon Worl"",""SD Gundam X: Super Gachapon World""],[""SD Gundam X: Super Gachapon Worl"",""SD Gundam X: Super Gachapon World""],[""SD Gundam X: Super Gachapon Worl"",""SD Gundam X: Super Gachapon World""],[""SD Gundam X: Super Gachapon Worl"",""SD Gundam X: Super Gachapon World""],[""SD Gundam X: Super Gachapon Worl"",""SD Gundam X: Super Gachapon World""],[""SD Gundam X: Super Gachapon Worl"",""SD Gundam X: Super Gachapon World""],[""SD Gundam X: Super Gachapon Worl"",""SD Gundam X: Super Gachapon World""],[""SD Gundam X: Super Gachapon Worl"",""SD Gundam X: Super Gachapon World""],[""SD Gundam X: Super Gachapon Worl"",""SD Gundam X: Super Gachapon World""],[""SD Gundam X: Super Gachapon Worl"",""SD Gundam X: Super Gachapon World""],[""SD Gundam X: Super Gachapon Worl"",""SD Gundam X: Super Gachapon World""],[""SD Gundam X: Super Gachapon Worl"",""SD Gundam X: Super Gachapon World""]]"	2682	high	curated-exact
Nintendo SNES/Seifuku Densetsu - Pretty Fighter.uac	Review/Game Title Conflicts/Nintendo SNES/Seifuku Densetsu - Pretty Fighter.uac	17	16	1	list-valued Game Title	"[[""Seifuku Densetsu - Pretty Fighte"",""Seifuku Densetsu - Pretty Fighter""],[""Seifuku Densetsu - Pretty Fighte"",""Seifuku Densetsu - Pretty Fighter""],[""Seifuku Densetsu - Pretty Fighte"",""Seifuku Densetsu - Pretty Fighter""],[""Seifuku Densetsu - Pretty Fighte"",""Seifuku Densetsu - Pretty Fighter""],[""Seifuku Densetsu - Pretty Fighte"",""Seifuku Densetsu - Pretty Fighter""],[""Seifuku Densetsu - Pretty Fighte"",""Seifuku Densetsu - Pretty Fighter""],[""Seifuku Densetsu - Pretty Fighte"",""Seifuku Densetsu - Pretty Fighter""],[""Seifuku Densetsu - Pretty Fighte"",""Seifuku Densetsu - Pretty Fighter""],[""Seifuku Densetsu - Pretty Fighte"",""Seifuku Densetsu - Pretty Fighter""],[""Seifuku Densetsu - Pretty Fighte"",""Seifuku Densetsu - Pretty Fighter""],[""Seifuku Densetsu - Pretty Fighte"",""Seifuku Densetsu - Pretty Fighter""],[""Seifuku Densetsu - Pretty Fighte"",""Seifuku Densetsu - Pretty Fighter""],[""Seifuku Densetsu - Pretty Fighte"",""Seifuku Densetsu - Pretty Fighter""],[""Seifuku Densetsu - Pretty Fighte"",""Seifuku Densetsu - Pretty Fighter""],[""Seifuku Densetsu - Pretty Fighte"",""Seifuku Densetsu - Pretty Fighter""],[""Seifuku Densetsu - Pretty Fighte"",""Seifuku Densetsu - Pretty Fighter""]]"	2269|4149	medium	unique-title-prefix
Nintendo SNES/Seiken Densetsu 3.uac	Review/Game Title Conflicts/Nintendo SNES/Seiken Densetsu 3.uac	80	0	2	per-track Game Title variation	"[""Seiken Densetsu 3 Sample"",""Seiken Densetsu 3"",""Seiken Densetsu 3"",""Seiken Densetsu 3"",""Seiken Densetsu 3"",""Seiken Densetsu 3"",""Seiken Densetsu 3"",""Seiken Densetsu 3"",""Seiken Densetsu 3"",""Seiken Densetsu 3"",""Seiken Densetsu 3"",""Seiken Densetsu 3"",""Seiken Densetsu 3"",""Seiken Densetsu 3"",""Seiken Densetsu 3"",""Seiken Densetsu 3"",""Seiken Densetsu 3"",""Seiken Densetsu 3"",""Seiken Densetsu 3"",""Seiken Densetsu 3"",""Seiken Densetsu 3"",""Seiken Densetsu 3"",""Seiken Densetsu 3"",""Seiken Densetsu 3"",""Seiken Densetsu 3"",""Seiken Densetsu 3"",""Seiken Densetsu 3"",""Seiken Densetsu 3"",""Seiken Densetsu 3"",""Seiken Densetsu 3"",""Seiken Densetsu 3"",""Seiken Densetsu 3"",""Seiken Densetsu 3"",""Seiken Densetsu 3"",""Seiken Densetsu 3"",""Seiken Densetsu 3"",""Seiken Densetsu 3"",""Seiken Densetsu 3"",""Seiken Densetsu 3"",""Seiken Densetsu 3"",""Seiken Densetsu 3"",""Seiken Densetsu 3"",""Seiken Densetsu 3"",""Seiken Densetsu 3"",""Seiken Densetsu 3"",""Seiken Densetsu 3"",""Seiken Densetsu 3"",""Seiken Densetsu 3"",""Seiken Densetsu 3"",""Seiken Densetsu 3"",""Seiken Densetsu 3"",""Seiken Densetsu 3"",""Seiken Densetsu 3"",""Seiken Densetsu 3"",""Seiken Densetsu 3"",""Seiken Densetsu 3"",""Seiken Densetsu 3"",""Seiken Densetsu 3"",""Seiken Densetsu 3"",""Seiken Densetsu 3"",""Seiken Densetsu 3"",""Seiken Densetsu 3"",""Seiken Densetsu 3"",""Seiken Densetsu 3"",""Seiken Densetsu 3"",""Seiken Densetsu 3"",""Seiken Densetsu 3"",""Seiken Densetsu 3"",""Seiken Densetsu 3"",""Seiken Densetsu 3"",""Seiken Densetsu 3"",""Seiken Densetsu 3"",""Seiken Densetsu 3"",""Seiken Densetsu 3"",""Seiken Densetsu 3"",""Seiken Densetsu 3"",""Seiken Densetsu 3"",""Seiken Densetsu 3"",""Seiken Densetsu 3""]"	2272|3963	high	exact
Nintendo SNES/Shigetaka Kashiwagi's Top Water Bassing.uac	Review/Game Title Conflicts/Nintendo SNES/Shigetaka Kashiwagi's Top Water Bassing.uac	17	16	1	list-valued Game Title	"[[""Shigetaka Kashiwagi's Top Water"",""Shigetaka Kashiwagi's Top Water Bassing""],[""Shigetaka Kashiwagi's Top Water"",""Shigetaka Kashiwagi's Top Water Bassing""],[""Shigetaka Kashiwagi's Top Water"",""Shigetaka Kashiwagi's Top Water Bassing""],[""Shigetaka Kashiwagi's Top Water"",""Shigetaka Kashiwagi's Top Water Bassing""],[""Shigetaka Kashiwagi's Top Water"",""Shigetaka Kashiwagi's Top Water Bassing""],[""Shigetaka Kashiwagi's Top Water"",""Shigetaka Kashiwagi's Top Water Bassing""],[""Shigetaka Kashiwagi's Top Water"",""Shigetaka Kashiwagi's Top Water Bassing""],[""Shigetaka Kashiwagi's Top Water"",""Shigetaka Kashiwagi's Top Water Bassing""],[""Shigetaka Kashiwagi's Top Water"",""Shigetaka Kashiwagi's Top Water Bassing""],[""Shigetaka Kashiwagi's Top Water"",""Shigetaka Kashiwagi's Top Water Bassing""],[""Shigetaka Kashiwagi's Top Water"",""Shigetaka Kashiwagi's Top Water Bassing""],[""Shigetaka Kashiwagi's Top Water"",""Shigetaka Kashiwagi's Top Water Bassing""],[""Shigetaka Kashiwagi's Top Water"",""Shigetaka Kashiwagi's Top Water Bassing""],[""Shigetaka Kashiwagi's Top Water"",""Shigetaka Kashiwagi's Top Water Bassing""],[""Shigetaka Kashiwagi's Top Water"",""Shigetaka Kashiwagi's Top Water Bassing""],[""Shigetaka Kashiwagi's Top Water"",""Shigetaka Kashiwagi's Top Water Bassing""]]"	1305	high	curated-exact
Nintendo SNES/Shijou Saikyou no Quiz Ou Kettei Sen Super.uac	Review/Game Title Conflicts/Nintendo SNES/Shijou Saikyou no Quiz Ou Kettei Sen Super.uac	19	18	1	list-valued Game Title	"[[""Shijou Saikyou no Quiz Ou Kettei"",""Shijou Saikyou no Quiz Ou Ketteisen Super""],[""Shijou Saikyou no Quiz Ou Kettei"",""Shijou Saikyou no Quiz Ou Ketteisen Super""],[""Shijou Saikyou no Quiz Ou Kettei"",""Shijou Saikyou no Quiz Ou Ketteisen Super""],[""Shijou Saikyou no Quiz Ou Kettei"",""Shijou Saikyou no Quiz Ou Ketteisen Super""],[""Shijou Saikyou no Quiz Ou Kettei"",""Shijou Saikyou no Quiz Ou Ketteisen Super""],[""Shijou Saikyou no Quiz Ou Kettei"",""Shijou Saikyou no Quiz Ou Ketteisen Super""],[""Shijou Saikyou no Quiz Ou Kettei"",""Shijou Saikyou no Quiz Ou Ketteisen Super""],[""Shijou Saikyou no Quiz Ou Kettei"",""Shijou Saikyou no Quiz Ou Ketteisen Super""],[""Shijou Saikyou no Quiz Ou Kettei"",""Shijou Saikyou no Quiz Ou Ketteisen Super""],[""Shijou Saikyou no Quiz Ou Kettei"",""Shijou Saikyou no Quiz Ou Ketteisen Super""],[""Shijou Saikyou no Quiz Ou Kettei"",""Shijou Saikyou no Quiz Ou Ketteisen Super""],[""Shijou Saikyou no Quiz Ou Kettei"",""Shijou Saikyou no Quiz Ou Ketteisen Super""],[""Shijou Saikyou no Quiz Ou Kettei"",""Shijou Saikyou no Quiz Ou Ketteisen Super""],[""Shijou Saikyou no Quiz Ou Kettei"",""Shijou Saikyou no Quiz Ou Ketteisen Super""],[""Shijou Saikyou no Quiz Ou Kettei"",""Shijou Saikyou no Quiz Ou Ketteisen Super""],[""Shijou Saikyou no Quiz Ou Kettei"",""Shijou Saikyou no Quiz Ou Ketteisen Super""],[""Shijou Saikyou no Quiz Ou Kettei"",""Shijou Saikyou no Quiz Ou Ketteisen Super""],[""Shijou Saikyou no Quiz Ou Kettei"",""Shijou Saikyou no Quiz Ou Ketteisen Super""]]"	2303	medium	difflib
Nintendo SNES/Shin SD Sengokuden - Daishougun Retsuden.uac	Review/Game Title Conflicts/Nintendo SNES/Shin SD Sengokuden - Daishougun Retsuden.uac	23	22	1	list-valued Game Title	"[[""Shin SD Sengokuden: Daishougun R"",""Shin SD Sengokuden: Daishougun Retsuden""],[""Shin SD Sengokuden: Daishougun R"",""Shin SD Sengokuden: Daishougun Retsuden""],[""Shin SD Sengokuden: Daishougun R"",""Shin SD Sengokuden: Daishougun Retsuden""],[""Shin SD Sengokuden: Daishougun R"",""Shin SD Sengokuden: Daishougun Retsuden""],[""Shin SD Sengokuden: Daishougun R"",""Shin SD Sengokuden: Daishougun Retsuden""],[""Shin SD Sengokuden: Daishougun R"",""Shin SD Sengokuden: Daishougun Retsuden""],[""Shin SD Sengokuden: Daishougun R"",""Shin SD Sengokuden: Daishougun Retsuden""],[""Shin SD Sengokuden: Daishougun R"",""Shin SD Sengokuden: Daishougun Retsuden""],[""Shin SD Sengokuden: Daishougun R"",""Shin SD Sengokuden: Daishougun Retsuden""],[""Shin SD Sengokuden: Daishougun R"",""Shin SD Sengokuden: Daishougun Retsuden""],[""Shin SD Sengokuden: Daishougun R"",""Shin SD Sengokuden: Daishougun Retsuden""],[""Shin SD Sengokuden: Daishougun R"",""Shin SD Sengokuden: Daishougun Retsuden""],[""Shin SD Sengokuden: Daishougun R"",""Shin SD Sengokuden: Daishougun Retsuden""],[""Shin SD Sengokuden: Daishougun R"",""Shin SD Sengokuden: Daishougun Retsuden""],[""Shin SD Sengokuden: Daishougun R"",""Shin SD Sengokuden: Daishougun Retsuden""],[""Shin SD Sengokuden: Daishougun R"",""Shin SD Sengokuden: Daishougun Retsuden""],[""Shin SD Sengokuden: Daishougun R"",""Shin SD Sengokuden: Daishougun Retsuden""],[""Shin SD Sengokuden: Daishougun R"",""Shin SD Sengokuden: Daishougun Retsuden""],[""Shin SD Sengokuden: Daishougun R"",""Shin SD Sengokuden: Daishougun Retsuden""],[""Shin SD Sengokuden: Daishougun R"",""Shin SD Sengokuden: Daishougun Retsuden""],[""Shin SD Sengokuden: Daishougun R"",""Shin SD Sengokuden: Daishougun Retsuden""],[""Shin SD Sengokuden: Daishougun R"",""Shin SD Sengokuden: Daishougun Retsuden""]]"	2318	medium	unique-title-prefix
Nintendo SNES/Shiroi Ring he - Twinkle Little Star.uac	Review/Game Title Conflicts/Nintendo SNES/Shiroi Ring he - Twinkle Little Star.uac	33	32	1	list-valued Game Title	"[[""Shiroi Ring he: Twinkle Little S"",""Shiroi Ring he: Twinkle Little Star""],[""Shiroi Ring he: Twinkle Little S"",""Shiroi Ring he: Twinkle Little Star""],[""Shiroi Ring he: Twinkle Little S"",""Shiroi Ring he: Twinkle Little Star""],[""Shiroi Ring he: Twinkle Little S"",""Shiroi Ring he: Twinkle Little Star""],[""Shiroi Ring he: Twinkle Little S"",""Shiroi Ring he: Twinkle Little Star""],[""Shiroi Ring he: Twinkle Little S"",""Shiroi Ring he: Twinkle Little Star""],[""Shiroi Ring he: Twinkle Little S"",""Shiroi Ring he: Twinkle Little Star""],[""Shiroi Ring he: Twinkle Little S"",""Shiroi Ring he: Twinkle Little Star""],[""Shiroi Ring he: Twinkle Little S"",""Shiroi Ring he: Twinkle Little Star""],[""Shiroi Ring he: Twinkle Little S"",""Shiroi Ring he: Twinkle Little Star""],[""Shiroi Ring he: Twinkle Little S"",""Shiroi Ring he: Twinkle Little Star""],[""Shiroi Ring he: Twinkle Little S"",""Shiroi Ring he: Twinkle Little Star""],[""Shiroi Ring he: Twinkle Little S"",""Shiroi Ring he: Twinkle Little Star""],[""Shiroi Ring he: Twinkle Little S"",""Shiroi Ring he: Twinkle Little Star""],[""Shiroi Ring he: Twinkle Little S"",""Shiroi Ring he: Twinkle Little Star""],[""Shiroi Ring he: Twinkle Little S"",""Shiroi Ring he: Twinkle Little Star""],[""Shiroi Ring he: Twinkle Little S"",""Shiroi Ring he: Twinkle Little Star""],[""Shiroi Ring he: Twinkle Little S"",""Shiroi Ring he: Twinkle Little Star""],[""Shiroi Ring he: Twinkle Little S"",""Shiroi Ring he: Twinkle Little Star""],[""Shiroi Ring he: Twinkle Little S"",""Shiroi Ring he: Twinkle Little Star""],[""Shiroi Ring he: Twinkle Little S"",""Shiroi Ring he: Twinkle Little Star""],[""Shiroi Ring he: Twinkle Little S"",""Shiroi Ring he: Twinkle Little Star""],[""Shiroi Ring he: Twinkle Little S"",""Shiroi Ring he: Twinkle Little Star""],[""Shiroi Ring he: Twinkle Little S"",""Shiroi Ring he: Twinkle Little Star""],[""Shiroi Ring he: Twinkle Little S"",""Shiroi Ring he: Twinkle Little Star""],[""Shiroi Ring he: Twinkle Little S"",""Shiroi Ring he: Twinkle Little Star""],[""Shiroi Ring he: Twinkle Little S"",""Shiroi Ring he: Twinkle Little Star""],[""Shiroi Ring he: Twinkle Little S"",""Shiroi Ring he: Twinkle Little Star""],[""Shiroi Ring he: Twinkle Little S"",""Shiroi Ring he: Twinkle Little Star""],[""Shiroi Ring he: Twinkle Little S"",""Shiroi Ring he: Twinkle Little Star""],[""Shiroi Ring he: Twinkle Little S"",""Shiroi Ring he: Twinkle Little Star""],[""Shiroi Ring he: Twinkle Little S"",""Shiroi Ring he: Twinkle Little Star""]]"	2329	medium	difflib
Nintendo SNES/Shodankurai Nintei Shodan Pro Mahjong.uac	Review/Game Title Conflicts/Nintendo SNES/Shodankurai Nintei Shodan Pro Mahjong.uac	10	9	1	list-valued Game Title	"[[""Shodankurai Nintei Shodan Pro Ma"",""Shodankurai Nintei Shodan Pro Mahjong""],[""Shodankurai Nintei Shodan Pro Ma"",""Shodankurai Nintei Shodan Pro Mahjong""],[""Shodankurai Nintei Shodan Pro Ma"",""Shodankurai Nintei Shodan Pro Mahjong""],[""Shodankurai Nintei Shodan Pro Ma"",""Shodankurai Nintei Shodan Pro Mahjong""],[""Shodankurai Nintei Shodan Pro Ma"",""Shodankurai Nintei Shodan Pro Mahjong""],[""Shodankurai Nintei Shodan Pro Ma"",""Shodankurai Nintei Shodan Pro Mahjong""],[""Shodankurai Nintei Shodan Pro Ma"",""Shodankurai Nintei Shodan Pro Mahjong""],[""Shodankurai Nintei Shodan Pro Ma"",""Shodankurai Nintei Shodan Pro Mahjong""],[""Shodankurai Nintei Shodan Pro Ma"",""Shodankurai Nintei Shodan Pro Mahjong""]]"	2332	medium	difflib
Nintendo SNES/Soukoukihei Votoms - The Battling Road.uac	Review/Game Title Conflicts/Nintendo SNES/Soukoukihei Votoms - The Battling Road.uac	19	1	2	list-valued Game Title; per-track Game Title variation	"[""Soukoukihei Votoms"",""Soukoukihei Votoms"",""Soukoukihei Votoms"",""Soukoukihei Votoms"",""Soukoukihei Votoms"",""Soukoukihei Votoms"",""Soukoukihei Votoms"",""Soukoukihei Votoms"",""Soukoukihei Votoms"",""Soukoukihei Votoms"",""Soukoukihei Votoms"",""Soukoukihei Votoms"",""Soukoukihei Votoms"",""Soukoukihei Votoms"",""Soukoukihei Votoms"",""Soukoukihei Votoms"",""Soukoukihei Votoms"",[""Soukoukihei Votoms: The Battling"",""Soukoukihei Votoms: The Battling Road""]]"	2416	medium	difflib
Nintendo SNES/Spider-Man & Venom - Separation Anxiety.uac	Review/Game Title Conflicts/Nintendo SNES/Spider-Man & Venom - Separation Anxiety.uac	16	15	1	list-valued Game Title	"[[""Spider-Man & Venom: Separation A"",""Spider-Man & Venom: Separation Anxiety""],[""Spider-Man & Venom: Separation A"",""Spider-Man & Venom: Separation Anxiety""],[""Spider-Man & Venom: Separation A"",""Spider-Man & Venom: Separation Anxiety""],[""Spider-Man & Venom: Separation A"",""Spider-Man & Venom: Separation Anxiety""],[""Spider-Man & Venom: Separation A"",""Spider-Man & Venom: Separation Anxiety""],[""Spider-Man & Venom: Separation A"",""Spider-Man & Venom: Separation Anxiety""],[""Spider-Man & Venom: Separation A"",""Spider-Man & Venom: Separation Anxiety""],[""Spider-Man & Venom: Separation A"",""Spider-Man & Venom: Separation Anxiety""],[""Spider-Man & Venom: Separation A"",""Spider-Man & Venom: Separation Anxiety""],[""Spider-Man & Venom: Separation A"",""Spider-Man & Venom: Separation Anxiety""],[""Spider-Man & Venom: Separation A"",""Spider-Man & Venom: Separation Anxiety""],[""Spider-Man & Venom: Separation A"",""Spider-Man & Venom: Separation Anxiety""],[""Spider-Man & Venom: Separation A"",""Spider-Man & Venom: Separation Anxiety""],[""Spider-Man & Venom: Separation A"",""Spider-Man & Venom: Separation Anxiety""],[""Spider-Man & Venom: Separation A"",""Spider-Man & Venom: Separation Anxiety""]]"	2458|2459|2460	medium	unique-title-prefix
Nintendo SNES/Spider-Man and Venom - Maximum Carnage.uac	Review/Game Title Conflicts/Nintendo SNES/Spider-Man and Venom - Maximum Carnage.uac	20	19	1	list-valued Game Title	"[[""Spider-Man and Venom: Maximum Ca"",""Spider-Man and Venom: Maximum Carnage""],[""Spider-Man and Venom: Maximum Ca"",""Spider-Man and Venom: Maximum Carnage""],[""Spider-Man and Venom: Maximum Ca"",""Spider-Man and Venom: Maximum Carnage""],[""Spider-Man and Venom: Maximum Ca"",""Spider-Man and Venom: Maximum Carnage""],[""Spider-Man and Venom: Maximum Ca"",""Spider-Man and Venom: Maximum Carnage""],[""Spider-Man and Venom: Maximum Ca"",""Spider-Man and Venom: Maximum Carnage""],[""Spider-Man and Venom: Maximum Ca"",""Spider-Man and Venom: Maximum Carnage""],[""Spider-Man and Venom: Maximum Ca"",""Spider-Man and Venom: Maximum Carnage""],[""Spider-Man and Venom: Maximum Ca"",""Spider-Man and Venom: Maximum Carnage""],[""Spider-Man and Venom: Maximum Ca"",""Spider-Man and Venom: Maximum Carnage""],[""Spider-Man and Venom: Maximum Ca"",""Spider-Man and Venom: Maximum Carnage""],[""Spider-Man and Venom: Maximum Ca"",""Spider-Man and Venom: Maximum Carnage""],[""Spider-Man and Venom: Maximum Ca"",""Spider-Man and Venom: Maximum Carnage""],[""Spider-Man and Venom: Maximum Ca"",""Spider-Man and Venom: Maximum Carnage""],[""Spider-Man and Venom: Maximum Ca"",""Spider-Man and Venom: Maximum Carnage""],[""Spider-Man and Venom: Maximum Ca"",""Spider-Man and Venom: Maximum Carnage""],[""Spider-Man and Venom: Maximum Ca"",""Spider-Man and Venom: Maximum Carnage""],[""Spider-Man and Venom: Maximum Ca"",""Spider-Man and Venom: Maximum Carnage""],[""Spider-Man and Venom: Maximum Ca"",""Spider-Man and Venom: Maximum Carnage""]]"	2458|2459|2460	medium	unique-title-prefix
Nintendo SNES/Sports Illustrated Championship Football and Baseball.uac	Review/Game Title Conflicts/Nintendo SNES/Sports Illustrated Championship Football and Baseball.uac	7	6	1	list-valued Game Title	"[[""Sports Illustrated Championship"",""Sports Illustrated Championship Football and Baseball""],[""Sports Illustrated Championship"",""Sports Illustrated Championship Football and Baseball""],[""Sports Illustrated Championship"",""Sports Illustrated Championship Football and Baseball""],[""Sports Illustrated Championship"",""Sports Illustrated Championship Football and Baseball""],[""Sports Illustrated Championship"",""Sports Illustrated Championship Football and Baseball""],[""Sports Illustrated Championship"",""Sports Illustrated Championship Football and Baseball""]]"	2469|2470|3746	medium	difflib
Nintendo SNES/Star Fox 2 (never released to public).uac	Review/Game Title Conflicts/Nintendo SNES/Star Fox 2 (never released to public).uac	66	0	2	per-track Game Title variation	"[""Star Fox 2 Beta"",""Star Fox 2 Beta"",""Star Fox 2 Beta"",""Star Fox 2"",""Star Fox 2"",""Star Fox 2"",""Star Fox 2"",""Star Fox 2"",""Star Fox 2"",""Star Fox 2"",""Star Fox 2"",""Star Fox 2"",""Star Fox 2"",""Star Fox 2"",""Star Fox 2"",""Star Fox 2"",""Star Fox 2"",""Star Fox 2"",""Star Fox 2"",""Star Fox 2"",""Star Fox 2"",""Star Fox 2"",""Star Fox 2"",""Star Fox 2"",""Star Fox 2"",""Star Fox 2"",""Star Fox 2"",""Star Fox 2"",""Star Fox 2"",""Star Fox 2"",""Star Fox 2"",""Star Fox 2"",""Star Fox 2"",""Star Fox 2"",""Star Fox 2"",""Star Fox 2"",""Star Fox 2"",""Star Fox 2"",""Star Fox 2"",""Star Fox 2"",""Star Fox 2"",""Star Fox 2"",""Star Fox 2"",""Star Fox 2"",""Star Fox 2"",""Star Fox 2"",""Star Fox 2"",""Star Fox 2"",""Star Fox 2"",""Star Fox 2"",""Star Fox 2"",""Star Fox 2"",""Star Fox 2"",""Star Fox 2"",""Star Fox 2"",""Star Fox 2"",""Star Fox 2"",""Star Fox 2"",""Star Fox 2"",""Star Fox 2"",""Star Fox 2"",""Star Fox 2"",""Star Fox 2"",""Star Fox 2"",""Star Fox 2""]"	2480|2481|3683|3684|3685|3686|4071|4072|4073|4074|4075|4076|4077|4078|4079|4080|4081|4082	high	exact
Nintendo SNES/star trek deep space nine crossroads of time.uac	Review/Game Title Conflicts/Nintendo SNES/star trek deep space nine crossroads of time.uac	18	17	1	list-valued Game Title	"[[""Star Trek Deep Space Nine: The C"",""Star Trek Deep Space Nine: The Crossroads of Time""],[""Star Trek Deep Space Nine: The C"",""Star Trek Deep Space Nine: The Crossroads of Time""],[""Star Trek Deep Space Nine: The C"",""Star Trek Deep Space Nine: The Crossroads of Time""],[""Star Trek Deep Space Nine: The C"",""Star Trek Deep Space Nine: The Crossroads of Time""],[""Star Trek Deep Space Nine: The C"",""Star Trek Deep Space Nine: The Crossroads of Time""],[""Star Trek Deep Space Nine: The C"",""Star Trek Deep Space Nine: The Crossroads of Time""],[""Star Trek Deep Space Nine: The C"",""Star Trek Deep Space Nine: The Crossroads of Time""],[""Star Trek Deep Space Nine: The C"",""Star Trek Deep Space Nine: The Crossroads of Time""],[""Star Trek Deep Space Nine: The C"",""Star Trek Deep Space Nine: The Crossroads of Time""],[""Star Trek Deep Space Nine: The C"",""Star Trek Deep Space Nine: The Crossroads of Time""],[""Star Trek Deep Space Nine: The C"",""Star Trek Deep Space Nine: The Crossroads of Time""],[""Star Trek Deep Space Nine: The C"",""Star Trek Deep Space Nine: The Crossroads of Time""],[""Star Trek Deep Space Nine: The C"",""Star Trek Deep Space Nine: The Crossroads of Time""],[""Star Trek Deep Space Nine: The C"",""Star Trek Deep Space Nine: The Crossroads of Time""],[""Star Trek Deep Space Nine: The C"",""Star Trek Deep Space Nine: The Crossroads of Time""],[""Star Trek Deep Space Nine: The C"",""Star Trek Deep Space Nine: The Crossroads of Time""],[""Star Trek Deep Space Nine: The C"",""Star Trek Deep Space Nine: The Crossroads of Time""]]"	2483|2484|2485|3784	medium	difflib
Nintendo SNES/Steven Seagal is the Final Option.uac	Review/Game Title Conflicts/Nintendo SNES/Steven Seagal is the Final Option.uac	15	14	1	list-valued Game Title	"[[""Steven Seagal is the Final Optio"",""Steven Seagal is the Final Option""],[""Steven Seagal is the Final Optio"",""Steven Seagal is the Final Option""],[""Steven Seagal is the Final Optio"",""Steven Seagal is the Final Option""],[""Steven Seagal is the Final Optio"",""Steven Seagal is the Final Option""],[""Steven Seagal is the Final Optio"",""Steven Seagal is the Final Option""],[""Steven Seagal is the Final Optio"",""Steven Seagal is the Final Option""],[""Steven Seagal is the Final Optio"",""Steven Seagal is the Final Option""],[""Steven Seagal is the Final Optio"",""Steven Seagal is the Final Option""],[""Steven Seagal is the Final Optio"",""Steven Seagal is the Final Option""],[""Steven Seagal is the Final Optio"",""Steven Seagal is the Final Option""],[""Steven Seagal is the Final Optio"",""Steven Seagal is the Final Option""],[""Steven Seagal is the Final Optio"",""Steven Seagal is the Final Option""],[""Steven Seagal is the Final Optio"",""Steven Seagal is the Final Option""],[""Steven Seagal is the Final Optio"",""Steven Seagal is the Final Option""]]"	2504	medium	unique-title-prefix
Nintendo SNES/Super Aoki Ookami to Shiroki Mejika - Genchou Hishi (Genghis Khan 2 - Clan of the Grey Wolf).uac	Review/Game Title Conflicts/Nintendo SNES/Super Aoki Ookami to Shiroki Mejika - Genchou Hishi (Genghis Khan 2 - Clan of the Grey Wolf).uac	27	26	1	list-valued Game Title	"[[""Super Aoki Ookami to Shiroki Mej"",""Super Aoki Ookami to Shiroki Mejika: Genchou Hishi""],[""Super Aoki Ookami to Shiroki Mej"",""Super Aoki Ookami to Shiroki Mejika: Genchou Hishi""],[""Super Aoki Ookami to Shiroki Mej"",""Super Aoki Ookami to Shiroki Mejika: Genchou Hishi""],[""Super Aoki Ookami to Shiroki Mej"",""Super Aoki Ookami to Shiroki Mejika: Genchou Hishi""],[""Super Aoki Ookami to Shiroki Mej"",""Super Aoki Ookami to Shiroki Mejika: Genchou Hishi""],[""Super Aoki Ookami to Shiroki Mej"",""Super Aoki Ookami to Shiroki Mejika: Genchou Hishi""],[""Super Aoki Ookami to Shiroki Mej"",""Super Aoki Ookami to Shiroki Mejika: Genchou Hishi""],[""Super Aoki Ookami to Shiroki Mej"",""Super Aoki Ookami to Shiroki Mejika: Genchou Hishi""],[""Super Aoki Ookami to Shiroki Mej"",""Super Aoki Ookami to Shiroki Mejika: Genchou Hishi""],[""Super Aoki Ookami to Shiroki Mej"",""Super Aoki Ookami to Shiroki Mejika: Genchou Hishi""],[""Super Aoki Ookami to Shiroki Mej"",""Super Aoki Ookami to Shiroki Mejika: Genchou Hishi""],[""Super Aoki Ookami to Shiroki Mej"",""Super Aoki Ookami to Shiroki Mejika: Genchou Hishi""],[""Super Aoki Ookami to Shiroki Mej"",""Super Aoki Ookami to Shiroki Mejika: Genchou Hishi""],[""Super Aoki Ookami to Shiroki Mej"",""Super Aoki Ookami to Shiroki Mejika: Genchou Hishi""],[""Super Aoki Ookami to Shiroki Mej"",""Super Aoki Ookami to Shiroki Mejika: Genchou Hishi""],[""Super Aoki Ookami to Shiroki Mej"",""Super Aoki Ookami to Shiroki Mejika: Genchou Hishi""],[""Super Aoki Ookami to Shiroki Mej"",""Super Aoki Ookami to Shiroki Mejika: Genchou Hishi""],[""Super Aoki Ookami to Shiroki Mej"",""Super Aoki Ookami to Shiroki Mejika: Genchou Hishi""],[""Super Aoki Ookami to Shiroki Mej"",""Super Aoki Ookami to Shiroki Mejika: Genchou Hishi""],[""Super Aoki Ookami to Shiroki Mej"",""Super Aoki Ookami to Shiroki Mejika: Genchou Hishi""],[""Super Aoki Ookami to Shiroki Mej"",""Super Aoki Ookami to Shiroki Mejika: Genchou Hishi""],[""Super Aoki Ookami to Shiroki Mej"",""Super Aoki Ookami to Shiroki Mejika: Genchou Hishi""],[""Super Aoki Ookami to Shiroki Mej"",""Super Aoki Ookami to Shiroki Mejika: Genchou Hishi""],[""Super Aoki Ookami to Shiroki Mej"",""Super Aoki Ookami to Shiroki Mejika: Genchou Hishi""],[""Super Aoki Ookami to Shiroki Mej"",""Super Aoki Ookami to Shiroki Mejika: Genchou Hishi""],[""Super Aoki Ookami to Shiroki Mej"",""Super Aoki Ookami to Shiroki Mejika: Genchou Hishi""]]"	2554	medium	unique-title-prefix
Nintendo SNES/Super Bases Loaded 2 (US).uac	Review/Game Title Conflicts/Nintendo SNES/Super Bases Loaded 2 (US).uac	17	0	2	per-track Game Title variation	"[""Super 3D Baseball"",""Super 3D Baseball"",""Super 3D Baseball"",""Super 3D Baseball"",""Super Bases Loaded 2"",""Super Bases Loaded 2"",""Super Bases Loaded 2"",""Super Bases Loaded 2"",""Super Bases Loaded 2"",""Super Bases Loaded 2"",""Super Bases Loaded 2"",""Super Bases Loaded 2"",""Super Bases Loaded 2"",""Super Bases Loaded 2"",""Super Bases Loaded 2"",""Super Bases Loaded 2""]"	2564	high	root-title-exact
Nintendo SNES/Super Bases Loaded 3.uac	Review/Game Title Conflicts/Nintendo SNES/Super Bases Loaded 3.uac	38	0	2	per-track Game Title variation	"[""Super Bases Loaded 3"",""Super Bases Loaded 3"",""Super Bases Loaded 3"",""Super Bases Loaded 3"",""Super Bases Loaded 3"",""Super Bases Loaded 3"",""Super Bases Loaded 3"",""Super Bases Loaded 3"",""Super Bases Loaded 3"",""Super Bases Loaded 3"",""Super Bases Loaded 3"",""Super Bases Loaded 3"",""Super Bases Loaded 3"",""Super Bases Loaded 3"",""Super Bases Loaded 3"",""Super Bases Loaded 3"",""Super Bases Loaded 3"",""Super Bases Loaded 3"",""Super Bases Loaded 3"",""Super Bases Loaded 3"",""Super Bases Loaded 3"",""Super Bases Loaded 3"",""Super Bases Loaded 3"",""Super Bases Loaded 3"",""Super Bases Loaded 3"",""Super Bases Loaded 3"",""Super Bases Loaded 3"",""Super Bases Loaded 3"",""Super Bases Loaded 3"",""Super Bases Loaded 3"",""Super Bases Loaded 3"",""Super Bases Loaded 3"",""Super Moero!! Pro Yakyuu"",""Super Moero!! Pro Yakyuu"",""Super Moero!! Pro Yakyuu"",""Super Moero!! Pro Yakyuu"",""Super Moero!! Pro Yakyuu""]"	2561|4456	high	difflib-exact
Nintendo SNES/Super Battletank.uac	Review/Game Title Conflicts/Nintendo SNES/Super Battletank.uac	13	0	2	per-track Game Title variation	"[""Super Battletank (American)"",""Super Battletank (American)"",""Super Battletank (American)"",""Super Battletank (American)"",""Super Battletank (American)"",""Super Battletank (American)"",""Super Battletank (Japanese)"",""Super Battletank (Japanese)"",""Super Battletank (Japanese)"",""Super Battletank (Japanese)"",""Super Battletank (Japanese)"",""Super Battletank (Japanese)""]"	2568|2569	high	exact_root_match
Nintendo SNES/Super E.D.F. - Earth Defense Force.uac	Review/Game Title Conflicts/Nintendo SNES/Super E.D.F. - Earth Defense Force.uac	27	0	2	per-track Game Title variation	"[""Super E.D.F. (American)"",""Super E.D.F. (American)"",""Super E.D.F. (American)"",""Super E.D.F. (American)"",""Super E.D.F. (American)"",""Super E.D.F. (American)"",""Super E.D.F. (American)"",""Super E.D.F. (American)"",""Super E.D.F. (American)"",""Super E.D.F. (American)"",""Super E.D.F. (American)"",""Super E.D.F. (American)"",""Super E.D.F. (American)"",""Super E.D.F. (American)"",""Super E.D.F. (Japanese)"",""Super E.D.F. (Japanese)"",""Super E.D.F. (Japanese)"",""Super E.D.F. (Japanese)"",""Super E.D.F. (Japanese)"",""Super E.D.F. (Japanese)"",""Super E.D.F. (Japanese)"",""Super E.D.F. (Japanese)"",""Super E.D.F. (Japanese)"",""Super E.D.F. (Japanese)"",""Super E.D.F. (Japanese)"",""Super E.D.F. (Japanese)""]"	2644|3925	medium	unique-title-prefix
Nintendo SNES/Super Koukou Yakyuu - Ikkyuu Nyuukon.uac	Review/Game Title Conflicts/Nintendo SNES/Super Koukou Yakyuu - Ikkyuu Nyuukon.uac	24	23	1	list-valued Game Title	"[[""Super Koukou Yakyuu: Ikkyuu Nyuu"",""Super Koukou Yakyuu: Ikkyuu Nyuukon""],[""Super Koukou Yakyuu: Ikkyuu Nyuu"",""Super Koukou Yakyuu: Ikkyuu Nyuukon""],[""Super Koukou Yakyuu: Ikkyuu Nyuu"",""Super Koukou Yakyuu: Ikkyuu Nyuukon""],[""Super Koukou Yakyuu: Ikkyuu Nyuu"",""Super Koukou Yakyuu: Ikkyuu Nyuukon""],[""Super Koukou Yakyuu: Ikkyuu Nyuu"",""Super Koukou Yakyuu: Ikkyuu Nyuukon""],[""Super Koukou Yakyuu: Ikkyuu Nyuu"",""Super Koukou Yakyuu: Ikkyuu Nyuukon""],[""Super Koukou Yakyuu: Ikkyuu Nyuu"",""Super Koukou Yakyuu: Ikkyuu Nyuukon""],[""Super Koukou Yakyuu: Ikkyuu Nyuu"",""Super Koukou Yakyuu: Ikkyuu Nyuukon""],[""Super Koukou Yakyuu: Ikkyuu Nyuu"",""Super Koukou Yakyuu: Ikkyuu Nyuukon""],[""Super Koukou Yakyuu: Ikkyuu Nyuu"",""Super Koukou Yakyuu: Ikkyuu Nyuukon""],[""Super Koukou Yakyuu: Ikkyuu Nyuu"",""Super Koukou Yakyuu: Ikkyuu Nyuukon""],[""Super Koukou Yakyuu: Ikkyuu Nyuu"",""Super Koukou Yakyuu: Ikkyuu Nyuukon""],[""Super Koukou Yakyuu: Ikkyuu Nyuu"",""Super Koukou Yakyuu: Ikkyuu Nyuukon""],[""Super Koukou Yakyuu: Ikkyuu Nyuu"",""Super Koukou Yakyuu: Ikkyuu Nyuukon""],[""Super Koukou Yakyuu: Ikkyuu Nyuu"",""Super Koukou Yakyuu: Ikkyuu Nyuukon""],[""Super Koukou Yakyuu: Ikkyuu Nyuu"",""Super Koukou Yakyuu: Ikkyuu Nyuukon""],[""Super Koukou Yakyuu: Ikkyuu Nyuu"",""Super Koukou Yakyuu: Ikkyuu Nyuukon""],[""Super Koukou Yakyuu: Ikkyuu Nyuu"",""Super Koukou Yakyuu: Ikkyuu Nyuukon""],[""Super Koukou Yakyuu: Ikkyuu Nyuu"",""Super Koukou Yakyuu: Ikkyuu Nyuukon""],[""Super Koukou Yakyuu: Ikkyuu Nyuu"",""Super Koukou Yakyuu: Ikkyuu Nyuukon""],[""Super Koukou Yakyuu: Ikkyuu Nyuu"",""Super Koukou Yakyuu: Ikkyuu Nyuukon""],[""Super Koukou Yakyuu: Ikkyuu Nyuu"",""Super Koukou Yakyuu: Ikkyuu Nyuukon""],[""Super Koukou Yakyuu: Ikkyuu Nyuu"",""Super Koukou Yakyuu: Ikkyuu Nyuukon""]]"	2731	medium	unique-title-prefix
Nintendo SNES/Super Mario All-Stars.uac	Review/Game Title Conflicts/Nintendo SNES/Super Mario All-Stars.uac	102	0	4	per-track Game Title variation	"[""Super Mario All-Stars"",""Super Mario All-Stars"",""Super Mario All-Stars"",""Super Mario All-Stars"",""Super Mario All-Stars"",""Super Mario All-Stars"",""Super Mario All-Stars"",""Super Mario All-Stars"",""Super Mario All-Stars"",""Super Mario Bros. 2"",""Super Mario Bros. 2"",""Super Mario Bros. 2"",""Super Mario Bros. 2"",""Super Mario Bros. 2"",""Super Mario Bros. 2"",""Super Mario Bros. 2"",""Super Mario Bros. 2"",""Super Mario Bros. 2"",""Super Mario Bros. 2"",""Super Mario Bros. 2"",""Super Mario Bros. 2"",""Super Mario Bros. 2"",""Super Mario Bros. 2"",""Super Mario Bros. 2"",""Super Mario Bros. 2"",""Super Mario Bros. 3"",""Super Mario Bros. 3"",""Super Mario Bros. 3"",""Super Mario Bros. 3"",""Super Mario Bros. 3"",""Super Mario Bros. 3"",""Super Mario Bros. 3"",""Super Mario Bros. 3"",""Super Mario Bros. 3"",""Super Mario Bros. 3"",""Super Mario Bros. 3"",""Super Mario Bros. 3"",""Super Mario Bros. 3"",""Super Mario Bros. 3"",""Super Mario Bros. 3"",""Super Mario Bros. 3"",""Super Mario Bros. 3"",""Super Mario Bros. 3"",""Super Mario Bros. 3"",""Super Mario Bros. 3"",""Super Mario Bros. 3"",""Super Mario Bros. 3"",""Super Mario Bros. 3"",""Super Mario Bros. 3"",""Super Mario Bros. 3"",""Super Mario Bros. 3"",""Super Mario Bros. 3"",""Super Mario Bros. 3"",""Super Mario Bros. 3"",""Super Mario Bros. 3"",""Super Mario Bros. 3"",""Super Mario Bros. 3"",""Super Mario Bros. 3"",""Super Mario Bros. 3"",""Super Mario Bros. 3"",""Super Mario Bros. 3"",""Super Mario Bros. 3"",""Super Mario Bros. 3"",""Super Mario Bros. 3"",""Super Mario Bros. 3"",""Super Mario Bros. 3"",""Super Mario Bros. 3"",""Super Mario Bros. 3"",""Super Mario Bros. 3"",""Super Mario Bros. 3"",""Super Mario Bros. 3"",""Super Mario Bros. 3"",""Super Mario Bros. 3"",""Super Mario Bros. 3"",""Super Mario Bros. 3"",""Super Mario Bros."",""Super Mario Bros."",""Super Mario Bros."",""Super Mario Bros."",""Super Mario Bros."",""Super Mario Bros."",""Super Mario Bros."",""Super Mario Bros."",""Super Mario Bros."",""Super Mario Bros."",""Super Mario Bros."",""Super Mario Bros."",""Super Mario Bros."",""Super Mario Bros."",""Super Mario Bros."",""Super Mario Bros."",""Super Mario Bros."",""Super Mario Bros."",""Super Mario Bros."",""Super Mario Bros."",""Super Mario Bros."",""Super Mario Bros."",""Super Mario Bros."",""Super Mario Bros."",""Super Mario Bros."",""Super Mario Bros.""]"	2753|2754|3875|3876|3969|4574|4575|4590	high	exact_root_match
Nintendo SNES/Super Oozumou Netsusen Daiichiban.uac	Review/Game Title Conflicts/Nintendo SNES/Super Oozumou Netsusen Daiichiban.uac	12	11	1	list-valued Game Title	"[[""Super Oozumou Netsusen Daiichiba"",""Super Oozumou Netsusen Daiichiban""],[""Super Oozumou Netsusen Daiichiba"",""Super Oozumou Netsusen Daiichiban""],[""Super Oozumou Netsusen Daiichiba"",""Super Oozumou Netsusen Daiichiban""],[""Super Oozumou Netsusen Daiichiba"",""Super Oozumou Netsusen Daiichiban""],[""Super Oozumou Netsusen Daiichiba"",""Super Oozumou Netsusen Daiichiban""],[""Super Oozumou Netsusen Daiichiba"",""Super Oozumou Netsusen Daiichiban""],[""Super Oozumou Netsusen Daiichiba"",""Super Oozumou Netsusen Daiichiban""],[""Super Oozumou Netsusen Daiichiba"",""Super Oozumou Netsusen Daiichiban""],[""Super Oozumou Netsusen Daiichiba"",""Super Oozumou Netsusen Daiichiban""],[""Super Oozumou Netsusen Daiichiba"",""Super Oozumou Netsusen Daiichiban""],[""Super Oozumou Netsusen Daiichiba"",""Super Oozumou Netsusen Daiichiban""]]"	2803|3608	high	curated-exact
Nintendo SNES/Super Play Action Football (US).uac	Review/Game Title Conflicts/Nintendo SNES/Super Play Action Football (US).uac	29	0	2	per-track Game Title variation	"[""Super Play Action Football"",""Super Play Action Football"",""Super Play Action Football"",""Super Play Action Football"",""Super Play Action Football"",""Super Play Action Football"",""Super Play Action Football"",""Super Play Action Football"",""Super Play Action Football"",""Super Play Action Football"",""Super Play Action Football"",""Super Play Action Football"",""Super Play Action Football"",""Super Play Action Football"",""Super Play Action Football"",""Super Play Action Football"",""Super Play Action Football"",""Super Play Action Football"",""Super Play Action Football"",""Super Play Action Football"",""Super Play Action Football"",""Super Play Action Football"",""Super Play Action Football"",""Super Play Action Football"",""Super Play Action Football"",""Super Play Action Football"",""Super Play Action Football"",""Super Play action Football""]"	2814|4286	medium	unique-title-prefix
Nintendo SNES/Super Star Wars - Return of the Jedi.uac	Review/Game Title Conflicts/Nintendo SNES/Super Star Wars - Return of the Jedi.uac	20	19	1	list-valued Game Title	"[[""Super Star Wars: Return of the J"",""Super Star Wars: Return of the Jedi""],[""Super Star Wars: Return of the J"",""Super Star Wars: Return of the Jedi""],[""Super Star Wars: Return of the J"",""Super Star Wars: Return of the Jedi""],[""Super Star Wars: Return of the J"",""Super Star Wars: Return of the Jedi""],[""Super Star Wars: Return of the J"",""Super Star Wars: Return of the Jedi""],[""Super Star Wars: Return of the J"",""Super Star Wars: Return of the Jedi""],[""Super Star Wars: Return of the J"",""Super Star Wars: Return of the Jedi""],[""Super Star Wars: Return of the J"",""Super Star Wars: Return of the Jedi""],[""Super Star Wars: Return of the J"",""Super Star Wars: Return of the Jedi""],[""Super Star Wars: Return of the J"",""Super Star Wars: Return of the Jedi""],[""Super Star Wars: Return of the J"",""Super Star Wars: Return of the Jedi""],[""Super Star Wars: Return of the J"",""Super Star Wars: Return of the Jedi""],[""Super Star Wars: Return of the J"",""Super Star Wars: Return of the Jedi""],[""Super Star Wars: Return of the J"",""Super Star Wars: Return of the Jedi""],[""Super Star Wars: Return of the J"",""Super Star Wars: Return of the Jedi""],[""Super Star Wars: Return of the J"",""Super Star Wars: Return of the Jedi""],[""Super Star Wars: Return of the J"",""Super Star Wars: Return of the Jedi""],[""Super Star Wars: Return of the J"",""Super Star Wars: Return of the Jedi""],[""Super Star Wars: Return of the J"",""Super Star Wars: Return of the Jedi""]]"	2874|2875|2876|2877|3783	high	exact
Nintendo SNES/Super Star Wars - The Empire Strikes Back.uac	Review/Game Title Conflicts/Nintendo SNES/Super Star Wars - The Empire Strikes Back.uac	21	20	1	list-valued Game Title	"[[""Super Star Wars: The Empire Stri"",""Super Star Wars: The Empire Strikes Back""],[""Super Star Wars: The Empire Stri"",""Super Star Wars: The Empire Strikes Back""],[""Super Star Wars: The Empire Stri"",""Super Star Wars: The Empire Strikes Back""],[""Super Star Wars: The Empire Stri"",""Super Star Wars: The Empire Strikes Back""],[""Super Star Wars: The Empire Stri"",""Super Star Wars: The Empire Strikes Back""],[""Super Star Wars: The Empire Stri"",""Super Star Wars: The Empire Strikes Back""],[""Super Star Wars: The Empire Stri"",""Super Star Wars: The Empire Strikes Back""],[""Super Star Wars: The Empire Stri"",""Super Star Wars: The Empire Strikes Back""],[""Super Star Wars: The Empire Stri"",""Super Star Wars: The Empire Strikes Back""],[""Super Star Wars: The Empire Stri"",""Super Star Wars: The Empire Strikes Back""],[""Super Star Wars: The Empire Stri"",""Super Star Wars: The Empire Strikes Back""],[""Super Star Wars: The Empire Stri"",""Super Star Wars: The Empire Strikes Back""],[""Super Star Wars: The Empire Stri"",""Super Star Wars: The Empire Strikes Back""],[""Super Star Wars: The Empire Stri"",""Super Star Wars: The Empire Strikes Back""],[""Super Star Wars: The Empire Stri"",""Super Star Wars: The Empire Strikes Back""],[""Super Star Wars: The Empire Stri"",""Super Star Wars: The Empire Strikes Back""],[""Super Star Wars: The Empire Stri"",""Super Star Wars: The Empire Strikes Back""],[""Super Star Wars: The Empire Stri"",""Super Star Wars: The Empire Strikes Back""],[""Super Star Wars: The Empire Stri"",""Super Star Wars: The Empire Strikes Back""],[""Super Star Wars: The Empire Stri"",""Super Star Wars: The Empire Strikes Back""]]"	2879|2880|2881|2882|2883	high	exact
Nintendo SNES/Super Street Fighter 2.uac	Review/Game Title Conflicts/Nintendo SNES/Super Street Fighter 2.uac	99	98	2	list-valued Game Title; per-track Game Title variation	"[[""Super Street Fighter 2 (American"",""Super Street Fighter 2 (American)""],[""Super Street Fighter 2 (American"",""Super Street Fighter 2 (American)""],[""Super Street Fighter 2 (American"",""Super Street Fighter 2 (American)""],[""Super Street Fighter 2 (American"",""Super Street Fighter 2 (American)""],[""Super Street Fighter 2 (American"",""Super Street Fighter 2 (American)""],[""Super Street Fighter 2 (American"",""Super Street Fighter 2 (American)""],[""Super Street Fighter 2 (American"",""Super Street Fighter 2 (American)""],[""Super Street Fighter 2 (American"",""Super Street Fighter 2 (American)""],[""Super Street Fighter 2 (American"",""Super Street Fighter 2 (American)""],[""Super Street Fighter 2 (American"",""Super Street Fighter 2 (American)""],[""Super Street Fighter 2 (American"",""Super Street Fighter 2 (American)""],[""Super Street Fighter 2 (American"",""Super Street Fighter 2 (American)""],[""Super Street Fighter 2 (American"",""Super Street Fighter 2 (American)""],[""Super Street Fighter 2 (American"",""Super Street Fighter 2 (American)""],[""Super Street Fighter 2 (American"",""Super Street Fighter 2 (American)""],[""Super Street Fighter 2 (American"",""Super Street Fighter 2 (American)""],[""Super Street Fighter 2 (American"",""Super Street Fighter 2 (American)""],[""Super Street Fighter 2 (American"",""Super Street Fighter 2 (American)""],[""Super Street Fighter 2 (American"",""Super Street Fighter 2 (American)""],[""Super Street Fighter 2 (American"",""Super Street Fighter 2 (American)""],[""Super Street Fighter 2 (American"",""Super Street Fighter 2 (American)""],[""Super Street Fighter 2 (American"",""Super Street Fighter 2 (American)""],[""Super Street Fighter 2 (American"",""Super Street Fighter 2 (American)""],[""Super Street Fighter 2 (American"",""Super Street Fighter 2 (American)""],[""Super Street Fighter 2 (American"",""Super Street Fighter 2 (American)""],[""Super Street Fighter 2 (American"",""Super Street Fighter 2 (American)""],[""Super Street Fighter 2 (American"",""Super Street Fighter 2 (American)""],[""Super Street Fighter 2 (American"",""Super Street Fighter 2 (American)""],[""Super Street Fighter 2 (American"",""Super Street Fighter 2 (American)""],[""Super Street Fighter 2 (American"",""Super Street Fighter 2 (American)""],[""Super Street Fighter 2 (American"",""Super Street Fighter 2 (American)""],[""Super Street Fighter 2 (American"",""Super Street Fighter 2 (American)""],[""Super Street Fighter 2 (American"",""Super Street Fighter 2 (American)""],[""Super Street Fighter 2 (American"",""Super Street Fighter 2 (American)""],[""Super Street Fighter 2 (American"",""Super Street Fighter 2 (American)""],[""Super Street Fighter 2 (American"",""Super Street Fighter 2 (American)""],[""Super Street Fighter 2 (American"",""Super Street Fighter 2 (American)""],[""Super Street Fighter 2 (American"",""Super Street Fighter 2 (American)""],[""Super Street Fighter 2 (American"",""Super Street Fighter 2 (American)""],[""Super Street Fighter 2 (American"",""Super Street Fighter 2 (American)""],[""Super Street Fighter 2 (American"",""Super Street Fighter 2 (American)""],[""Super Street Fighter 2 (American"",""Super Street Fighter 2 (American)""],[""Super Street Fighter 2 (American"",""Super Street Fighter 2 (American)""],[""Super Street Fighter 2 (American"",""Super Street Fighter 2 (American)""],[""Super Street Fighter 2 (American"",""Super Street Fighter 2 (American)""],[""Super Street Fighter 2 (American"",""Super Street Fighter 2 (American)""],[""Super Street Fighter 2 (American"",""Super Street Fighter 2 (American)""],[""Super Street Fighter 2 (American"",""Super Street Fighter 2 (American)""],[""Super Street Fighter 2 (American"",""Super Street Fighter 2 (American)""],[""Super Street Fighter 2 (Japanese"",""Super Street Fighter 2 (Japanese)""],[""Super Street Fighter 2 (Japanese"",""Super Street Fighter 2 (Japanese)""],[""Super Street Fighter 2 (Japanese"",""Super Street Fighter 2 (Japanese)""],[""Super Street Fighter 2 (Japanese"",""Super Street Fighter 2 (Japanese)""],[""Super Street Fighter 2 (Japanese"",""Super Street Fighter 2 (Japanese)""],[""Super Street Fighter 2 (Japanese"",""Super Street Fighter 2 (Japanese)""],[""Super Street Fighter 2 (Japanese"",""Super Street Fighter 2 (Japanese)""],[""Super Street Fighter 2 (Japanese"",""Super Street Fighter 2 (Japanese)""],[""Super Street Fighter 2 (Japanese"",""Super Street Fighter 2 (Japanese)""],[""Super Street Fighter 2 (Japanese"",""Super Street Fighter 2 (Japanese)""],[""Super Street Fighter 2 (Japanese"",""Super Street Fighter 2 (Japanese)""],[""Super Street Fighter 2 (Japanese"",""Super Street Fighter 2 (Japanese)""],[""Super Street Fighter 2 (Japanese"",""Super Street Fighter 2 (Japanese)""],[""Super Street Fighter 2 (Japanese"",""Super Street Fighter 2 (Japanese)""],[""Super Street Fighter 2 (Japanese"",""Super Street Fighter 2 (Japanese)""],[""Super Street Fighter 2 (Japanese"",""Super Street Fighter 2 (Japanese)""],[""Super Street Fighter 2 (Japanese"",""Super Street Fighter 2 (Japanese)""],[""Super Street Fighter 2 (Japanese"",""Super Street Fighter 2 (Japanese)""],[""Super Street Fighter 2 (Japanese"",""Super Street Fighter 2 (Japanese)""],[""Super Street Fighter 2 (Japanese"",""Super Street Fighter 2 (Japanese)""],[""Super Street Fighter 2 (Japanese"",""Super Street Fighter 2 (Japanese)""],[""Super Street Fighter 2 (Japanese"",""Super Street Fighter 2 (Japanese)""],[""Super Street Fighter 2 (Japanese"",""Super Street Fighter 2 (Japanese)""],[""Super Street Fighter 2 (Japanese"",""Super Street Fighter 2 (Japanese)""],[""Super Street Fighter 2 (Japanese"",""Super Street Fighter 2 (Japanese)""],[""Super Street Fighter 2 (Japanese"",""Super Street Fighter 2 (Japanese)""],[""Super Street Fighter 2 (Japanese"",""Super Street Fighter 2 (Japanese)""],[""Super Street Fighter 2 (Japanese"",""Super Street Fighter 2 (Japanese)""],[""Super Street Fighter 2 (Japanese"",""Super Street Fighter 2 (Japanese)""],[""Super Street Fighter 2 (Japanese"",""Super Street Fighter 2 (Japanese)""],[""Super Street Fighter 2 (Japanese"",""Super Street Fighter 2 (Japanese)""],[""Super Street Fighter 2 (Japanese"",""Super Street Fighter 2 (Japanese)""],[""Super Street Fighter 2 (Japanese"",""Super Street Fighter 2 (Japanese)""],[""Super Street Fighter 2 (Japanese"",""Super Street Fighter 2 (Japanese)""],[""Super Street Fighter 2 (Japanese"",""Super Street Fighter 2 (Japanese)""],[""Super Street Fighter 2 (Japanese"",""Super Street Fighter 2 (Japanese)""],[""Super Street Fighter 2 (Japanese"",""Super Street Fighter 2 (Japanese)""],[""Super Street Fighter 2 (Japanese"",""Super Street Fighter 2 (Japanese)""],[""Super Street Fighter 2 (Japanese"",""Super Street Fighter 2 (Japanese)""],[""Super Street Fighter 2 (Japanese"",""Super Street Fighter 2 (Japanese)""],[""Super Street Fighter 2 (Japanese"",""Super Street Fighter 2 (Japanese)""],[""Super Street Fighter 2 (Japanese"",""Super Street Fighter 2 (Japanese)""],[""Super Street Fighter 2 (Japanese"",""Super Street Fighter 2 (Japanese)""],[""Super Street Fighter 2 (Japanese"",""Super Street Fighter 2 (Japanese)""],[""Super Street Fighter 2 (Japanese"",""Super Street Fighter 2 (Japanese)""],[""Super Street Fighter 2 (Japanese"",""Super Street Fighter 2 (Japanese)""],[""Super Street Fighter 2 (Japanese"",""Super Street Fighter 2 (Japanese)""],[""Super Street Fighter 2 (Japanese"",""Super Street Fighter 2 (Japanese)""],[""Super Street Fighter 2 (Japanese"",""Super Street Fighter 2 (Japanese)""]]"			
Nintendo SNES/Sutobasu Yarou Show - 3 on 3 Basketball.uac	Review/Game Title Conflicts/Nintendo SNES/Sutobasu Yarou Show - 3 on 3 Basketball.uac	17	16	1	list-valued Game Title	"[[""Sutobasu Yarou Show: 3 on 3 Bask"",""Sutobasu Yarou Show: 3 on 3 Basketball""],[""Sutobasu Yarou Show: 3 on 3 Bask"",""Sutobasu Yarou Show: 3 on 3 Basketball""],[""Sutobasu Yarou Show: 3 on 3 Bask"",""Sutobasu Yarou Show: 3 on 3 Basketball""],[""Sutobasu Yarou Show: 3 on 3 Bask"",""Sutobasu Yarou Show: 3 on 3 Basketball""],[""Sutobasu Yarou Show: 3 on 3 Bask"",""Sutobasu Yarou Show: 3 on 3 Basketball""],[""Sutobasu Yarou Show: 3 on 3 Bask"",""Sutobasu Yarou Show: 3 on 3 Basketball""],[""Sutobasu Yarou Show: 3 on 3 Bask"",""Sutobasu Yarou Show: 3 on 3 Basketball""],[""Sutobasu Yarou Show: 3 on 3 Bask"",""Sutobasu Yarou Show: 3 on 3 Basketball""],[""Sutobasu Yarou Show: 3 on 3 Bask"",""Sutobasu Yarou Show: 3 on 3 Basketball""],[""Sutobasu Yarou Show: 3 on 3 Bask"",""Sutobasu Yarou Show: 3 on 3 Basketball""],[""Sutobasu Yarou Show: 3 on 3 Bask"",""Sutobasu Yarou Show: 3 on 3 Basketball""],[""Sutobasu Yarou Show: 3 on 3 Bask"",""Sutobasu Yarou Show: 3 on 3 Basketball""],[""Sutobasu Yarou Show: 3 on 3 Bask"",""Sutobasu Yarou Show: 3 on 3 Basketball""],[""Sutobasu Yarou Show: 3 on 3 Bask"",""Sutobasu Yarou Show: 3 on 3 Basketball""],[""Sutobasu Yarou Show: 3 on 3 Bask"",""Sutobasu Yarou Show: 3 on 3 Basketball""],[""Sutobasu Yarou Show: 3 on 3 Bask"",""Sutobasu Yarou Show: 3 on 3 Basketball""]]"	2935	medium	unique-title-prefix
Nintendo SNES/Takemiya Masaki Kudan no Igo Taishou.uac	Review/Game Title Conflicts/Nintendo SNES/Takemiya Masaki Kudan no Igo Taishou.uac	11	10	1	list-valued Game Title	"[[""Takemiya Masaki Kudan no Igo Tai"",""Takemiya Masaki Kudan no Igo Taishou""],[""Takemiya Masaki Kudan no Igo Tai"",""Takemiya Masaki Kudan no Igo Taishou""],[""Takemiya Masaki Kudan no Igo Tai"",""Takemiya Masaki Kudan no Igo Taishou""],[""Takemiya Masaki Kudan no Igo Tai"",""Takemiya Masaki Kudan no Igo Taishou""],[""Takemiya Masaki Kudan no Igo Tai"",""Takemiya Masaki Kudan no Igo Taishou""],[""Takemiya Masaki Kudan no Igo Tai"",""Takemiya Masaki Kudan no Igo Taishou""],[""Takemiya Masaki Kudan no Igo Tai"",""Takemiya Masaki Kudan no Igo Taishou""],[""Takemiya Masaki Kudan no Igo Tai"",""Takemiya Masaki Kudan no Igo Taishou""],[""Takemiya Masaki Kudan no Igo Tai"",""Takemiya Masaki Kudan no Igo Taishou""],[""Takemiya Masaki Kudan no Igo Tai"",""Takemiya Masaki Kudan no Igo Taishou""]]"	2977	medium	unique-title-prefix
Nintendo SNES/Teenage Mutant Ninja Turtles - Tournament Fighters.uac	Review/Game Title Conflicts/Nintendo SNES/Teenage Mutant Ninja Turtles - Tournament Fighters.uac	39	38	2	list-valued Game Title; per-track Game Title variation	"[[""Teenage Mutant Ninja Turtles: To"",""Teenage Mutant Ninja Turtles: Tounament Fighters""],[""Teenage Mutant Ninja Turtles: To"",""Teenage Mutant Ninja Turtles: Tournament Fighters""],[""Teenage Mutant Ninja Turtles: To"",""Teenage Mutant Ninja Turtles: Tournament Fighters""],[""Teenage Mutant Ninja Turtles: To"",""Teenage Mutant Ninja Turtles: Tournament Fighters""],[""Teenage Mutant Ninja Turtles: To"",""Teenage Mutant Ninja Turtles: Tournament Fighters""],[""Teenage Mutant Ninja Turtles: To"",""Teenage Mutant Ninja Turtles: Tournament Fighters""],[""Teenage Mutant Ninja Turtles: To"",""Teenage Mutant Ninja Turtles: Tournament Fighters""],[""Teenage Mutant Ninja Turtles: To"",""Teenage Mutant Ninja Turtles: Tournament Fighters""],[""Teenage Mutant Ninja Turtles: To"",""Teenage Mutant Ninja Turtles: Tournament Fighters""],[""Teenage Mutant Ninja Turtles: To"",""Teenage Mutant Ninja Turtles: Tournament Fighters""],[""Teenage Mutant Ninja Turtles: To"",""Teenage Mutant Ninja Turtles: Tournament Fighters""],[""Teenage Mutant Ninja Turtles: To"",""Teenage Mutant Ninja Turtles: Tournament Fighters""],[""Teenage Mutant Ninja Turtles: To"",""Teenage Mutant Ninja Turtles: Tournament Fighters""],[""Teenage Mutant Ninja Turtles: To"",""Teenage Mutant Ninja Turtles: Tournament Fighters""],[""Teenage Mutant Ninja Turtles: To"",""Teenage Mutant Ninja Turtles: Tournament Fighters""],[""Teenage Mutant Ninja Turtles: To"",""Teenage Mutant Ninja Turtles: Tournament Fighters""],[""Teenage Mutant Ninja Turtles: To"",""Teenage Mutant Ninja Turtles: Tournament Fighters""],[""Teenage Mutant Ninja Turtles: To"",""Teenage Mutant Ninja Turtles: Tournament Fighters""],[""Teenage Mutant Ninja Turtles: To"",""Teenage Mutant Ninja Turtles: Tournament Fighters""],[""Teenage Mutant Ninja Turtles: To"",""Teenage Mutant Ninja Turtles: Tournament Fighters""],[""Teenage Mutant Ninja Turtles: To"",""Teenage Mutant Ninja Turtles: Tournament Fighters""],[""Teenage Mutant Ninja Turtles: To"",""Teenage Mutant Ninja Turtles: Tournament Fighters""],[""Teenage Mutant Ninja Turtles: To"",""Teenage Mutant Ninja Turtles: Tournament Fighters""],[""Teenage Mutant Ninja Turtles: To"",""Teenage Mutant Ninja Turtles: Tournament Fighters""],[""Teenage Mutant Ninja Turtles: To"",""Teenage Mutant Ninja Turtles: Tournament Fighters""],[""Teenage Mutant Ninja Turtles: To"",""Teenage Mutant Ninja Turtles: Tournament Fighters""],[""Teenage Mutant Ninja Turtles: To"",""Teenage Mutant Ninja Turtles: Tournament Fighters""],[""Teenage Mutant Ninja Turtles: To"",""Teenage Mutant Ninja Turtles: Tournament Fighters""],[""Teenage Mutant Ninja Turtles: To"",""Teenage Mutant Ninja Turtles: Tournament Fighters""],[""Teenage Mutant Ninja Turtles: To"",""Teenage Mutant Ninja Turtles: Tournament Fighters""],[""Teenage Mutant Ninja Turtles: To"",""Teenage Mutant Ninja Turtles: Tournament Fighters""],[""Teenage Mutant Ninja Turtles: To"",""Teenage Mutant Ninja Turtles: Tournament Fighters""],[""Teenage Mutant Ninja Turtles: To"",""Teenage Mutant Ninja Turtles: Tournament Fighters""],[""Teenage Mutant Ninja Turtles: To"",""Teenage Mutant Ninja Turtles: Tournament Fighters""],[""Teenage Mutant Ninja Turtles: To"",""Teenage Mutant Ninja Turtles: Tournament Fighters""],[""Teenage Mutant Ninja Turtles: To"",""Teenage Mutant Ninja Turtles: Tournament Fighters""],[""Teenage Mutant Ninja Turtles: To"",""Teenage Mutant Ninja Turtles: Tournament Fighters""],[""Teenage Mutant Ninja Turtles: To"",""Teenage Mutant Ninja Turtles: Tournament Fighters""]]"	3007|3008|3009|4244	medium	unique-title-prefix
Nintendo SNES/Teenage Mutant Ninja Turtles IV - Turtles in Time.uac	Review/Game Title Conflicts/Nintendo SNES/Teenage Mutant Ninja Turtles IV - Turtles in Time.uac	43	42	1	list-valued Game Title	"[[""Teenage Mutant Ninja Turtles IV:"",""Teenage Mutant Ninja Turtles IV: Turtles in Time""],[""Teenage Mutant Ninja Turtles IV:"",""Teenage Mutant Ninja Turtles IV: Turtles in Time""],[""Teenage Mutant Ninja Turtles IV:"",""Teenage Mutant Ninja Turtles IV: Turtles in Time""],[""Teenage Mutant Ninja Turtles IV:"",""Teenage Mutant Ninja Turtles IV: Turtles in Time""],[""Teenage Mutant Ninja Turtles IV:"",""Teenage Mutant Ninja Turtles IV: Turtles in Time""],[""Teenage Mutant Ninja Turtles IV:"",""Teenage Mutant Ninja Turtles IV: Turtles in Time""],[""Teenage Mutant Ninja Turtles IV:"",""Teenage Mutant Ninja Turtles IV: Turtles in Time""],[""Teenage Mutant Ninja Turtles IV:"",""Teenage Mutant Ninja Turtles IV: Turtles in Time""],[""Teenage Mutant Ninja Turtles IV:"",""Teenage Mutant Ninja Turtles IV: Turtles in Time""],[""Teenage Mutant Ninja Turtles IV:"",""Teenage Mutant Ninja Turtles IV: Turtles in Time""],[""Teenage Mutant Ninja Turtles IV:"",""Teenage Mutant Ninja Turtles IV: Turtles in Time""],[""Teenage Mutant Ninja Turtles IV:"",""Teenage Mutant Ninja Turtles IV: Turtles in Time""],[""Teenage Mutant Ninja Turtles IV:"",""Teenage Mutant Ninja Turtles IV: Turtles in Time""],[""Teenage Mutant Ninja Turtles IV:"",""Teenage Mutant Ninja Turtles IV: Turtles in Time""],[""Teenage Mutant Ninja Turtles IV:"",""Teenage Mutant Ninja Turtles IV: Turtles in Time""],[""Teenage Mutant Ninja Turtles IV:"",""Teenage Mutant Ninja Turtles IV: Turtles in Time""],[""Teenage Mutant Ninja Turtles IV:"",""Teenage Mutant Ninja Turtles IV: Turtles in Time""],[""Teenage Mutant Ninja Turtles IV:"",""Teenage Mutant Ninja Turtles IV: Turtles in Time""],[""Teenage Mutant Ninja Turtles IV:"",""Teenage Mutant Ninja Turtles IV: Turtles in Time""],[""Teenage Mutant Ninja Turtles IV:"",""Teenage Mutant Ninja Turtles IV: Turtles in Time""],[""Teenage Mutant Ninja Turtles IV:"",""Teenage Mutant Ninja Turtles IV: Turtles in Time""],[""Teenage Mutant Ninja Turtles IV:"",""Teenage Mutant Ninja Turtles IV: Turtles in Time""],[""Teenage Mutant Ninja Turtles IV:"",""Teenage Mutant Ninja Turtles IV: Turtles in Time""],[""Teenage Mutant Ninja Turtles IV:"",""Teenage Mutant Ninja Turtles IV: Turtles in Time""],[""Teenage Mutant Ninja Turtles IV:"",""Teenage Mutant Ninja Turtles IV: Turtles in Time""],[""Teenage Mutant Ninja Turtles IV:"",""Teenage Mutant Ninja Turtles IV: Turtles in Time""],[""Teenage Mutant Ninja Turtles IV:"",""Teenage Mutant Ninja Turtles IV: Turtles in Time""],[""Teenage Mutant Ninja Turtles IV:"",""Teenage Mutant Ninja Turtles IV: Turtles in Time""],[""Teenage Mutant Ninja Turtles IV:"",""Teenage Mutant Ninja Turtles IV: Turtles in Time""],[""Teenage Mutant Ninja Turtles IV:"",""Teenage Mutant Ninja Turtles IV: Turtles in Time""],[""Teenage Mutant Ninja Turtles IV:"",""Teenage Mutant Ninja Turtles IV: Turtles in Time""],[""Teenage Mutant Ninja Turtles IV:"",""Teenage Mutant Ninja Turtles IV: Turtles in Time""],[""Teenage Mutant Ninja Turtles IV:"",""Teenage Mutant Ninja Turtles IV: Turtles in Time""],[""Teenage Mutant Ninja Turtles IV:"",""Teenage Mutant Ninja Turtles IV: Turtles in Time""],[""Teenage Mutant Ninja Turtles IV:"",""Teenage Mutant Ninja Turtles IV: Turtles in Time""],[""Teenage Mutant Ninja Turtles IV:"",""Teenage Mutant Ninja Turtles IV: Turtles in Time""],[""Teenage Mutant Ninja Turtles IV:"",""Teenage Mutant Ninja Turtles IV: Turtles in Time""],[""Teenage Mutant Ninja Turtles IV:"",""Teenage Mutant Ninja Turtles IV: Turtles in Time""],[""Teenage Mutant Ninja Turtles IV:"",""Teenage Mutant Ninja Turtles IV: Turtles in Time""],[""Teenage Mutant Ninja Turtles IV:"",""Teenage Mutant Ninja Turtles IV: Turtles in Time""],[""Teenage Mutant Ninja Turtles IV:"",""Teenage Mutant Ninja Turtles IV: Turtles in Time""],[""Teenage Mutant Ninja Turtles IV:"",""Teenage Mutant Ninja Turtles IV: Turtles in Time""]]"	3011|3012|3013|3505|4246	medium	unique-title-prefix
Nintendo SNES/Tetris Attack.uac	Review/Game Title Conflicts/Nintendo SNES/Tetris Attack.uac	54	0	3	per-track Game Title variation	"[""Panel De Pon"",""Panel De Pon"",""Panel de Pon"",""Panel de Pon"",""Panel de Pon"",""Tetris Attack"",""Tetris Attack"",""Tetris Attack"",""Tetris Attack"",""Tetris Attack"",""Tetris Attack"",""Tetris Attack"",""Tetris Attack"",""Tetris Attack"",""Tetris Attack"",""Tetris Attack"",""Tetris Attack"",""Tetris Attack"",""Tetris Attack"",""Tetris Attack"",""Tetris Attack"",""Tetris Attack"",""Tetris Attack"",""Tetris Attack"",""Tetris Attack"",""Tetris Attack"",""Tetris Attack"",""Tetris Attack"",""Tetris Attack"",""Tetris Attack"",""Tetris Attack"",""Tetris Attack"",""Tetris Attack"",""Tetris Attack"",""Tetris Attack"",""Tetris Attack"",""Tetris Attack"",""Tetris Attack"",""Tetris Attack"",""Tetris Attack"",""Tetris Attack"",""Tetris Attack"",""Tetris Attack"",""Tetris Attack"",""Tetris Attack"",""Tetris Attack"",""Tetris Attack"",""Tetris Attack"",""Tetris Attack"",""Tetris Attack"",""Tetris Attack"",""Tetris Attack"",""Tetris Attack""]"	3043|3044	medium	unique-title-prefix
Nintendo SNES/Tiny Toon Adventures - Buster Busts Loose.uac	Review/Game Title Conflicts/Nintendo SNES/Tiny Toon Adventures - Buster Busts Loose.uac	30	29	1	list-valued Game Title	"[[""Tiny Toon Adventures: Buster Bus"",""Tiny Toon Adventures: Buster Busts Loose""],[""Tiny Toon Adventures: Buster Bus"",""Tiny Toon Adventures: Buster Busts Loose""],[""Tiny Toon Adventures: Buster Bus"",""Tiny Toon Adventures: Buster Busts Loose""],[""Tiny Toon Adventures: Buster Bus"",""Tiny Toon Adventures: Buster Busts Loose""],[""Tiny Toon Adventures: Buster Bus"",""Tiny Toon Adventures: Buster Busts Loose""],[""Tiny Toon Adventures: Buster Bus"",""Tiny Toon Adventures: Buster Busts Loose""],[""Tiny Toon Adventures: Buster Bus"",""Tiny Toon Adventures: Buster Busts Loose""],[""Tiny Toon Adventures: Buster Bus"",""Tiny Toon Adventures: Buster Busts Loose""],[""Tiny Toon Adventures: Buster Bus"",""Tiny Toon Adventures: Buster Busts Loose""],[""Tiny Toon Adventures: Buster Bus"",""Tiny Toon Adventures: Buster Busts Loose""],[""Tiny Toon Adventures: Buster Bus"",""Tiny Toon Adventures: Buster Busts Loose""],[""Tiny Toon Adventures: Buster Bus"",""Tiny Toon Adventures: Buster Busts Loose""],[""Tiny Toon Adventures: Buster Bus"",""Tiny Toon Adventures: Buster Busts Loose""],[""Tiny Toon Adventures: Buster Bus"",""Tiny Toon Adventures: Buster Busts Loose""],[""Tiny Toon Adventures: Buster Bus"",""Tiny Toon Adventures: Buster Busts Loose""],[""Tiny Toon Adventures: Buster Bus"",""Tiny Toon Adventures: Buster Busts Loose""],[""Tiny Toon Adventures: Buster Bus"",""Tiny Toon Adventures: Buster Busts Loose""],[""Tiny Toon Adventures: Buster Bus"",""Tiny Toon Adventures: Buster Busts Loose""],[""Tiny Toon Adventures: Buster Bus"",""Tiny Toon Adventures: Buster Busts Loose""],[""Tiny Toon Adventures: Buster Bus"",""Tiny Toon Adventures: Buster Busts Loose""],[""Tiny Toon Adventures: Buster Bus"",""Tiny Toon Adventures: Buster Busts Loose""],[""Tiny Toon Adventures: Buster Bus"",""Tiny Toon Adventures: Buster Busts Loose""],[""Tiny Toon Adventures: Buster Bus"",""Tiny Toon Adventures: Buster Busts Loose""],[""Tiny Toon Adventures: Buster Bus"",""Tiny Toon Adventures: Buster Busts Loose""],[""Tiny Toon Adventures: Buster Bus"",""Tiny Toon Adventures: Buster Busts Loose""],[""Tiny Toon Adventures: Buster Bus"",""Tiny Toon Adventures: Buster Busts Loose""],[""Tiny Toon Adventures: Buster Bus"",""Tiny Toon Adventures: Buster Busts Loose""],[""Tiny Toon Adventures: Buster Bus"",""Tiny Toon Adventures: Buster Busts Loose""],[""Tiny Toon Adventures: Buster Bus"",""Tiny Toon Adventures: Buster Busts Loose""]]"	3075|3076|3077|3078	high	exact
Nintendo SNES/Tiny Toon Adventures - Wacky Sports Challenge (US).uac	Review/Game Title Conflicts/Nintendo SNES/Tiny Toon Adventures - Wacky Sports Challenge (US).uac	28	27	1	list-valued Game Title	"[[""Tiny Toon Adventures: Wacky Spor"",""Tiny Toon Adventures: Wacky Sports Challenge""],[""Tiny Toon Adventures: Wacky Spor"",""Tiny Toon Adventures: Wacky Sports Challenge""],[""Tiny Toon Adventures: Wacky Spor"",""Tiny Toon Adventures: Wacky Sports Challenge""],[""Tiny Toon Adventures: Wacky Spor"",""Tiny Toon Adventures: Wacky Sports Challenge""],[""Tiny Toon Adventures: Wacky Spor"",""Tiny Toon Adventures: Wacky Sports Challenge""],[""Tiny Toon Adventures: Wacky Spor"",""Tiny Toon Adventures: Wacky Sports Challenge""],[""Tiny Toon Adventures: Wacky Spor"",""Tiny Toon Adventures: Wacky Sports Challenge""],[""Tiny Toon Adventures: Wacky Spor"",""Tiny Toon Adventures: Wacky Sports Challenge""],[""Tiny Toon Adventures: Wacky Spor"",""Tiny Toon Adventures: Wacky Sports Challenge""],[""Tiny Toon Adventures: Wacky Spor"",""Tiny Toon Adventures: Wacky Sports Challenge""],[""Tiny Toon Adventures: Wacky Spor"",""Tiny Toon Adventures: Wacky Sports Challenge""],[""Tiny Toon Adventures: Wacky Spor"",""Tiny Toon Adventures: Wacky Sports Challenge""],[""Tiny Toon Adventures: Wacky Spor"",""Tiny Toon Adventures: Wacky Sports Challenge""],[""Tiny Toon Adventures: Wacky Spor"",""Tiny Toon Adventures: Wacky Sports Challenge""],[""Tiny Toon Adventures: Wacky Spor"",""Tiny Toon Adventures: Wacky Sports Challenge""],[""Tiny Toon Adventures: Wacky Spor"",""Tiny Toon Adventures: Wacky Sports Challenge""],[""Tiny Toon Adventures: Wacky Spor"",""Tiny Toon Adventures: Wacky Sports Challenge""],[""Tiny Toon Adventures: Wacky Spor"",""Tiny Toon Adventures: Wacky Sports Challenge""],[""Tiny Toon Adventures: Wacky Spor"",""Tiny Toon Adventures: Wacky Sports Challenge""],[""Tiny Toon Adventures: Wacky Spor"",""Tiny Toon Adventures: Wacky Sports Challenge""],[""Tiny Toon Adventures: Wacky Spor"",""Tiny Toon Adventures: Wacky Sports Challenge""],[""Tiny Toon Adventures: Wacky Spor"",""Tiny Toon Adventures: Wacky Sports Challenge""],[""Tiny Toon Adventures: Wacky Spor"",""Tiny Toon Adventures: Wacky Sports Challenge""],[""Tiny Toon Adventures: Wacky Spor"",""Tiny Toon Adventures: Wacky Sports Challenge""],[""Tiny Toon Adventures: Wacky Spor"",""Tiny Toon Adventures: Wacky Sports Challenge""],[""Tiny Toon Adventures: Wacky Spor"",""Tiny Toon Adventures: Wacky Sports Challenge""],[""Tiny Toon Adventures: Wacky Spor"",""Tiny Toon Adventures: Wacky Sports Challenge""]]"	3080	high	root-title-exact
Nintendo SNES/Tsuppari Oozumo Rissin Shusse Hen.uac	Review/Game Title Conflicts/Nintendo SNES/Tsuppari Oozumo Rissin Shusse Hen.uac	38	37	1	list-valued Game Title	"[[""Tsuppari Oozumo Rissin Shusse He"",""Tsuppari Oozumo Rissin Shusse Hen""],[""Tsuppari Oozumo Rissin Shusse He"",""Tsuppari Oozumo Rissin Shusse Hen""],[""Tsuppari Oozumo Rissin Shusse He"",""Tsuppari Oozumo Rissin Shusse Hen""],[""Tsuppari Oozumo Rissin Shusse He"",""Tsuppari Oozumo Rissin Shusse Hen""],[""Tsuppari Oozumo Rissin Shusse He"",""Tsuppari Oozumo Rissin Shusse Hen""],[""Tsuppari Oozumo Rissin Shusse He"",""Tsuppari Oozumo Rissin Shusse Hen""],[""Tsuppari Oozumo Rissin Shusse He"",""Tsuppari Oozumo Rissin Shusse Hen""],[""Tsuppari Oozumo Rissin Shusse He"",""Tsuppari Oozumo Rissin Shusse Hen""],[""Tsuppari Oozumo Rissin Shusse He"",""Tsuppari Oozumo Rissin Shusse Hen""],[""Tsuppari Oozumo Rissin Shusse He"",""Tsuppari Oozumo Rissin Shusse Hen""],[""Tsuppari Oozumo Rissin Shusse He"",""Tsuppari Oozumo Rissin Shusse Hen""],[""Tsuppari Oozumo Rissin Shusse He"",""Tsuppari Oozumo Rissin Shusse Hen""],[""Tsuppari Oozumo Rissin Shusse He"",""Tsuppari Oozumo Rissin Shusse Hen""],[""Tsuppari Oozumo Rissin Shusse He"",""Tsuppari Oozumo Rissin Shusse Hen""],[""Tsuppari Oozumo Rissin Shusse He"",""Tsuppari Oozumo Rissin Shusse Hen""],[""Tsuppari Oozumo Rissin Shusse He"",""Tsuppari Oozumo Rissin Shusse Hen""],[""Tsuppari Oozumo Rissin Shusse He"",""Tsuppari Oozumo Rissin Shusse Hen""],[""Tsuppari Oozumo Rissin Shusse He"",""Tsuppari Oozumo Rissin Shusse Hen""],[""Tsuppari Oozumo Rissin Shusse He"",""Tsuppari Oozumo Rissin Shusse Hen""],[""Tsuppari Oozumo Rissin Shusse He"",""Tsuppari Oozumo Rissin Shusse Hen""],[""Tsuppari Oozumo Rissin Shusse He"",""Tsuppari Oozumo Rissin Shusse Hen""],[""Tsuppari Oozumo Rissin Shusse He"",""Tsuppari Oozumo Rissin Shusse Hen""],[""Tsuppari Oozumo Rissin Shusse He"",""Tsuppari Oozumo Rissin Shusse Hen""],[""Tsuppari Oozumo Rissin Shusse He"",""Tsuppari Oozumo Rissin Shusse Hen""],[""Tsuppari Oozumo Rissin Shusse He"",""Tsuppari Oozumo Rissin Shusse Hen""],[""Tsuppari Oozumo Rissin Shusse He"",""Tsuppari Oozumo Rissin Shusse Hen""],[""Tsuppari Oozumo Rissin Shusse He"",""Tsuppari Oozumo Rissin Shusse Hen""],[""Tsuppari Oozumo Rissin Shusse He"",""Tsuppari Oozumo Rissin Shusse Hen""],[""Tsuppari Oozumo Rissin Shusse He"",""Tsuppari Oozumo Rissin Shusse Hen""],[""Tsuppari Oozumo Rissin Shusse He"",""Tsuppari Oozumo Rissin Shusse Hen""],[""Tsuppari Oozumo Rissin Shusse He"",""Tsuppari Oozumo Rissin Shusse Hen""],[""Tsuppari Oozumo Rissin Shusse He"",""Tsuppari Oozumo Rissin Shusse Hen""],[""Tsuppari Oozumo Rissin Shusse He"",""Tsuppari Oozumo Rissin Shusse Hen""],[""Tsuppari Oozumo Rissin Shusse He"",""Tsuppari Oozumo Rissin Shusse Hen""],[""Tsuppari Oozumo Rissin Shusse He"",""Tsuppari Oozumo Rissin Shusse Hen""],[""Tsuppari Oozumo Rissin Shusse He"",""Tsuppari Oozumo Rissin Shusse Hen""],[""Tsuppari Oozumo Rissin Shusse He"",""Tsuppari Oozumo Rissin Shusse Hen""]]"	3142	high	token
Nintendo SNES/Tsuyoshi Shikkarishinasai Taisen Puzzle-Dama.uac	Review/Game Title Conflicts/Nintendo SNES/Tsuyoshi Shikkarishinasai Taisen Puzzle-Dama.uac	21	20	1	list-valued Game Title	"[[""Tsuyoshi Shikkarishinasai Taisen"",""Tsuyoshi Shikkarishinasai Taisen Puzzle-Dama""],[""Tsuyoshi Shikkarishinasai Taisen"",""Tsuyoshi Shikkarishinasai Taisen Puzzle-Dama""],[""Tsuyoshi Shikkarishinasai Taisen"",""Tsuyoshi Shikkarishinasai Taisen Puzzle-Dama""],[""Tsuyoshi Shikkarishinasai Taisen"",""Tsuyoshi Shikkarishinasai Taisen Puzzle-Dama""],[""Tsuyoshi Shikkarishinasai Taisen"",""Tsuyoshi Shikkarishinasai Taisen Puzzle-Dama""],[""Tsuyoshi Shikkarishinasai Taisen"",""Tsuyoshi Shikkarishinasai Taisen Puzzle-Dama""],[""Tsuyoshi Shikkarishinasai Taisen"",""Tsuyoshi Shikkarishinasai Taisen Puzzle-Dama""],[""Tsuyoshi Shikkarishinasai Taisen"",""Tsuyoshi Shikkarishinasai Taisen Puzzle-Dama""],[""Tsuyoshi Shikkarishinasai Taisen"",""Tsuyoshi Shikkarishinasai Taisen Puzzle-Dama""],[""Tsuyoshi Shikkarishinasai Taisen"",""Tsuyoshi Shikkarishinasai Taisen Puzzle-Dama""],[""Tsuyoshi Shikkarishinasai Taisen"",""Tsuyoshi Shikkarishinasai Taisen Puzzle-Dama""],[""Tsuyoshi Shikkarishinasai Taisen"",""Tsuyoshi Shikkarishinasai Taisen Puzzle-Dama""],[""Tsuyoshi Shikkarishinasai Taisen"",""Tsuyoshi Shikkarishinasai Taisen Puzzle-Dama""],[""Tsuyoshi Shikkarishinasai Taisen"",""Tsuyoshi Shikkarishinasai Taisen Puzzle-Dama""],[""Tsuyoshi Shikkarishinasai Taisen"",""Tsuyoshi Shikkarishinasai Taisen Puzzle-Dama""],[""Tsuyoshi Shikkarishinasai Taisen"",""Tsuyoshi Shikkarishinasai Taisen Puzzle-Dama""],[""Tsuyoshi Shikkarishinasai Taisen"",""Tsuyoshi Shikkarishinasai Taisen Puzzle-Dama""],[""Tsuyoshi Shikkarishinasai Taisen"",""Tsuyoshi Shikkarishinasai Taisen Puzzle-Dama""],[""Tsuyoshi Shikkarishinasai Taisen"",""Tsuyoshi Shikkarishinasai Taisen Puzzle-Dama""],[""Tsuyoshi Shikkarishinasai Taisen"",""Tsuyoshi Shikkarishinasai Taisen Puzzle-Dama""]]"	3144	medium	difflib
Nintendo SNES/Twisted Tales of Spike McFang, The.uac	Review/Game Title Conflicts/Nintendo SNES/Twisted Tales of Spike McFang, The.uac	34	33	1	list-valued Game Title	"[[""The Twisted Tales of Spike McFan"",""The Twisted Tales of Spike McFang""],[""The Twisted Tales of Spike McFan"",""The Twisted Tales of Spike McFang""],[""The Twisted Tales of Spike McFan"",""The Twisted Tales of Spike McFang""],[""The Twisted Tales of Spike McFan"",""The Twisted Tales of Spike McFang""],[""The Twisted Tales of Spike McFan"",""The Twisted Tales of Spike McFang""],[""The Twisted Tales of Spike McFan"",""The Twisted Tales of Spike McFang""],[""The Twisted Tales of Spike McFan"",""The Twisted Tales of Spike McFang""],[""The Twisted Tales of Spike McFan"",""The Twisted Tales of Spike McFang""],[""The Twisted Tales of Spike McFan"",""The Twisted Tales of Spike McFang""],[""The Twisted Tales of Spike McFan"",""The Twisted Tales of Spike McFang""],[""The Twisted Tales of Spike McFan"",""The Twisted Tales of Spike McFang""],[""The Twisted Tales of Spike McFan"",""The Twisted Tales of Spike McFang""],[""The Twisted Tales of Spike McFan"",""The Twisted Tales of Spike McFang""],[""The Twisted Tales of Spike McFan"",""The Twisted Tales of Spike McFang""],[""The Twisted Tales of Spike McFan"",""The Twisted Tales of Spike McFang""],[""The Twisted Tales of Spike McFan"",""The Twisted Tales of Spike McFang""],[""The Twisted Tales of Spike McFan"",""The Twisted Tales of Spike McFang""],[""The Twisted Tales of Spike McFan"",""The Twisted Tales of Spike McFang""],[""The Twisted Tales of Spike McFan"",""The Twisted Tales of Spike McFang""],[""The Twisted Tales of Spike McFan"",""The Twisted Tales of Spike McFang""],[""The Twisted Tales of Spike McFan"",""The Twisted Tales of Spike McFang""],[""The Twisted Tales of Spike McFan"",""The Twisted Tales of Spike McFang""],[""The Twisted Tales of Spike McFan"",""The Twisted Tales of Spike McFang""],[""The Twisted Tales of Spike McFan"",""The Twisted Tales of Spike McFang""],[""The Twisted Tales of Spike McFan"",""The Twisted Tales of Spike McFang""],[""The Twisted Tales of Spike McFan"",""The Twisted Tales of Spike McFang""],[""The Twisted Tales of Spike McFan"",""The Twisted Tales of Spike McFang""],[""The Twisted Tales of Spike McFan"",""The Twisted Tales of Spike McFang""],[""The Twisted Tales of Spike McFan"",""The Twisted Tales of Spike McFang""],[""The Twisted Tales of Spike McFan"",""The Twisted Tales of Spike McFang""],[""The Twisted Tales of Spike McFan"",""The Twisted Tales of Spike McFang""],[""The Twisted Tales of Spike McFan"",""The Twisted Tales of Spike McFang""],[""The Twisted Tales of Spike McFan"",""The Twisted Tales of Spike McFang""]]"	3154	medium	unique-title-prefix
Nintendo SNES/Wayne Gretzky and the NHLPA All-Stars.uac	Review/Game Title Conflicts/Nintendo SNES/Wayne Gretzky and the NHLPA All-Stars.uac	23	22	1	list-valued Game Title	"[[""Wayne Gretzky and the NHLPA All-"",""Wayne Gretzky and the NHLPA All-Stars""],[""Wayne Gretzky and the NHLPA All-"",""Wayne Gretzky and the NHLPA All-Stars""],[""Wayne Gretzky and the NHLPA All-"",""Wayne Gretzky and the NHLPA All-Stars""],[""Wayne Gretzky and the NHLPA All-"",""Wayne Gretzky and the NHLPA All-Stars""],[""Wayne Gretzky and the NHLPA All-"",""Wayne Gretzky and the NHLPA All-Stars""],[""Wayne Gretzky and the NHLPA All-"",""Wayne Gretzky and the NHLPA All-Stars""],[""Wayne Gretzky and the NHLPA All-"",""Wayne Gretzky and the NHLPA All-Stars""],[""Wayne Gretzky and the NHLPA All-"",""Wayne Gretzky and the NHLPA All-Stars""],[""Wayne Gretzky and the NHLPA All-"",""Wayne Gretzky and the NHLPA All-Stars""],[""Wayne Gretzky and the NHLPA All-"",""Wayne Gretzky and the NHLPA All-Stars""],[""Wayne Gretzky and the NHLPA All-"",""Wayne Gretzky and the NHLPA All-Stars""],[""Wayne Gretzky and the NHLPA All-"",""Wayne Gretzky and the NHLPA All-Stars""],[""Wayne Gretzky and the NHLPA All-"",""Wayne Gretzky and the NHLPA All-Stars""],[""Wayne Gretzky and the NHLPA All-"",""Wayne Gretzky and the NHLPA All-Stars""],[""Wayne Gretzky and the NHLPA All-"",""Wayne Gretzky and the NHLPA All-Stars""],[""Wayne Gretzky and the NHLPA All-"",""Wayne Gretzky and the NHLPA All-Stars""],[""Wayne Gretzky and the NHLPA All-"",""Wayne Gretzky and the NHLPA All-Stars""],[""Wayne Gretzky and the NHLPA All-"",""Wayne Gretzky and the NHLPA All-Stars""],[""Wayne Gretzky and the NHLPA All-"",""Wayne Gretzky and the NHLPA All-Stars""],[""Wayne Gretzky and the NHLPA All-"",""Wayne Gretzky and the NHLPA All-Stars""],[""Wayne Gretzky and the NHLPA All-"",""Wayne Gretzky and the NHLPA All-Stars""],[""Wayne Gretzky and the NHLPA All-"",""Wayne Gretzky and the NHLPA All-Stars""]]"	3247|3248	medium	unique-title-prefix
Nintendo SNES/Wing Commander.uac	Review/Game Title Conflicts/Nintendo SNES/Wing Commander.uac	43	0	2	per-track Game Title variation	"[""Wing Commander"",""Wing Commander"",""Wing Commander"",""Wing Commander"",""Wing Commander"",""Wing Commander"",""Wing Commander"",""Wing Commander"",""Wing Commander"",""Wing Commander"",""Wing Commander"",""Wing Commander"",""Wing Commander"",""Wing Commander"",""Wing Commander"",""Wing Commander"",""Wing Commander"",""Wing Commander"",""Wing Commander"",""Wing Commander"",""Wing Commander"",""Wing Commander"",""Wing Commander"",""Wing Commander"",""Wing Commander"",""Wing Commander"",""Wing Commander"",""Wing Commander"",""Wing Commander"",""Wing Commander"",""Wing Commander"",""Wing Commander"",""Wing Commander"",""Wing Commander"",""Wing Commander"",""Wing Commander"",""Wing Commander"",""Wing Commander: Secret Missions"",""Wing Commander: Secret Missions"",""Wing Commander: Secret Missions"",""Wing Commander: Secret Missions"",""Wing Commander: Secret Missions""]"	3273|3274|3275|3276|3717	high	exact
Nintendo SNES/Winter Extreme - Skiing and Snowboarding.uac	Review/Game Title Conflicts/Nintendo SNES/Winter Extreme - Skiing and Snowboarding.uac	8	7	1	list-valued Game Title	"[[""Winter Extreme: Skiing and Snowb"",""Winter Extreme: Skiing and Snowboarding""],[""Winter Extreme: Skiing and Snowb"",""Winter Extreme: Skiing and Snowboarding""],[""Winter Extreme: Skiing and Snowb"",""Winter Extreme: Skiing and Snowboarding""],[""Winter Extreme: Skiing and Snowb"",""Winter Extreme: Skiing and Snowboarding""],[""Winter Extreme: Skiing and Snowb"",""Winter Extreme: Skiing and Snowboarding""],[""Winter Extreme: Skiing and Snowb"",""Winter Extreme: Skiing and Snowboarding""],[""Winter Extreme: Skiing and Snowb"",""Winter Extreme: Skiing and Snowboarding""]]"	3095	high	curated-exact
Nintendo SNES/Wizardry 1-2-3.uac	Review/Game Title Conflicts/Nintendo SNES/Wizardry 1-2-3.uac	59	0	4	per-track Game Title variation	"[""Wizardry I II III"",""Wizardry I II III"",""Wizardry I II III"",""Wizardry I II III"",""Wizardry I II III"",""Wizardry I II III"",""Wizardry I II III"",""Wizardry I II III"",""Wizardry I"",""Wizardry I"",""Wizardry I"",""Wizardry I"",""Wizardry I"",""Wizardry I"",""Wizardry I"",""Wizardry I"",""Wizardry I"",""Wizardry I"",""Wizardry I"",""Wizardry I"",""Wizardry I"",""Wizardry I"",""Wizardry I"",""Wizardry I"",""Wizardry II"",""Wizardry II"",""Wizardry II"",""Wizardry II"",""Wizardry II"",""Wizardry II"",""Wizardry II"",""Wizardry II"",""Wizardry II"",""Wizardry II"",""Wizardry II"",""Wizardry II"",""Wizardry II"",""Wizardry II"",""Wizardry II"",""Wizardry II"",""Wizardry II"",""Wizardry II"",""Wizardry II"",""Wizardry III"",""Wizardry III"",""Wizardry III"",""Wizardry III"",""Wizardry III"",""Wizardry III"",""Wizardry III"",""Wizardry III"",""Wizardry III"",""Wizardry III"",""Wizardry III"",""Wizardry III"",""Wizardry III"",""Wizardry III"",""Wizardry III""]"	3295	medium	curated-numbered
Nintendo SNES/Wrecking Crew '98 (JP).uac	Review/Game Title Conflicts/Nintendo SNES/Wrecking Crew '98 (JP).uac	48	0	2	per-track Game Title variation	"[""Wrecking Crew '98"",""Wrecking Crew '98"",""Wrecking Crew '98"",""Wrecking Crew '98"",""Wrecking Crew '98"",""Wrecking Crew '98"",""Wrecking Crew '98"",""Wrecking Crew '98"",""Wrecking Crew '98"",""Wrecking Crew '98"",""Wrecking Crew '98"",""Wrecking Crew '98"",""Wrecking Crew '98"",""Wrecking Crew '98"",""Wrecking Crew '98"",""Wrecking Crew '98"",""Wrecking Crew '98"",""Wrecking Crew '98"",""Wrecking Crew '98"",""Wrecking Crew '98"",""Wrecking Crew '98"",""Wrecking Crew '98"",""Wrecking Crew '98"",""Wrecking Crew '98"",""Wrecking Crew '98"",""Wrecking Crew '98"",""Wrecking Crew"",""Wrecking Crew"",""Wrecking Crew"",""Wrecking Crew"",""Wrecking Crew"",""Wrecking Crew"",""Wrecking Crew"",""Wrecking Crew"",""Wrecking Crew"",""Wrecking Crew"",""Wrecking Crew"",""Wrecking Crew"",""Wrecking Crew"",""Wrecking Crew"",""Wrecking Crew"",""Wrecking Crew"",""Wrecking Crew"",""Wrecking Crew"",""Wrecking Crew"",""Wrecking Crew"",""Wrecking Crew""]"	3337	high	root-title-exact
Nintendo SNES/WWF Wrestlemania - The Arcade Game.uac	Review/Game Title Conflicts/Nintendo SNES/WWF Wrestlemania - The Arcade Game.uac	10	9	1	list-valued Game Title	"[[""WWF Wrestlemania: The Arcade Gam"",""WWF Wrestlemania: The Arcade Game""],[""WWF Wrestlemania: The Arcade Gam"",""WWF Wrestlemania: The Arcade Game""],[""WWF Wrestlemania: The Arcade Gam"",""WWF Wrestlemania: The Arcade Game""],[""WWF Wrestlemania: The Arcade Gam"",""WWF Wrestlemania: The Arcade Game""],[""WWF Wrestlemania: The Arcade Gam"",""WWF Wrestlemania: The Arcade Game""],[""WWF Wrestlemania: The Arcade Gam"",""WWF Wrestlemania: The Arcade Game""],[""WWF Wrestlemania: The Arcade Gam"",""WWF Wrestlemania: The Arcade Game""],[""WWF Wrestlemania: The Arcade Gam"",""WWF Wrestlemania: The Arcade Game""],[""WWF Wrestlemania: The Arcade Gam"",""WWF Wrestlemania: The Arcade Game""]]"	3346|3347|3348|3689|3948	medium	unique-title-prefix
Nintendo SNES/Yoshi's Cookie.uac	Review/Game Title Conflicts/Nintendo SNES/Yoshi's Cookie.uac	34	0	2	per-track Game Title variation	"[""Yoshi's Cookie (Prototype)"",""Yoshi's Cookie (Prototype)"",""Yoshi's Cookie (Prototype)"",""Yoshi's Cookie (Prototype)"",""Yoshi's Cookie (Prototype)"",""Yoshi's Cookie (Prototype)"",""Yoshi's Cookie (Prototype)"",""Yoshi's Cookie (Prototype)"",""Yoshi's Cookie (Prototype)"",""Yoshi's Cookie"",""Yoshi's Cookie"",""Yoshi's Cookie"",""Yoshi's Cookie"",""Yoshi's Cookie"",""Yoshi's Cookie"",""Yoshi's Cookie"",""Yoshi's Cookie"",""Yoshi's Cookie"",""Yoshi's Cookie"",""Yoshi's Cookie"",""Yoshi's Cookie"",""Yoshi's Cookie"",""Yoshi's Cookie"",""Yoshi's Cookie"",""Yoshi's Cookie"",""Yoshi's Cookie"",""Yoshi's Cookie"",""Yoshi's Cookie"",""Yoshi's Cookie"",""Yoshi's Cookie"",""Yoshi's Cookie"",""Yoshi's Cookie"",""Yoshi's Cookie""]"	3380|3381|3503	medium	unique-title-prefix
Nintendo SNES/Zenkoku Koukou Soccer Senshuken 2.uac	Review/Game Title Conflicts/Nintendo SNES/Zenkoku Koukou Soccer Senshuken 2.uac	16	15	1	list-valued Game Title	"[[""Zenkoku Koukou Soccer Senshuken"",""Zenkoku Koukou Soccer Senshuken 2""],[""Zenkoku Koukou Soccer Senshuken"",""Zenkoku Koukou Soccer Senshuken 2""],[""Zenkoku Koukou Soccer Senshuken"",""Zenkoku Koukou Soccer Senshuken 2""],[""Zenkoku Koukou Soccer Senshuken"",""Zenkoku Koukou Soccer Senshuken 2""],[""Zenkoku Koukou Soccer Senshuken"",""Zenkoku Koukou Soccer Senshuken 2""],[""Zenkoku Koukou Soccer Senshuken"",""Zenkoku Koukou Soccer Senshuken 2""],[""Zenkoku Koukou Soccer Senshuken"",""Zenkoku Koukou Soccer Senshuken 2""],[""Zenkoku Koukou Soccer Senshuken"",""Zenkoku Koukou Soccer Senshuken 2""],[""Zenkoku Koukou Soccer Senshuken"",""Zenkoku Koukou Soccer Senshuken 2""],[""Zenkoku Koukou Soccer Senshuken"",""Zenkoku Koukou Soccer Senshuken 2""],[""Zenkoku Koukou Soccer Senshuken"",""Zenkoku Koukou Soccer Senshuken 2""],[""Zenkoku Koukou Soccer Senshuken"",""Zenkoku Koukou Soccer Senshuken 2""],[""Zenkoku Koukou Soccer Senshuken"",""Zenkoku Koukou Soccer Senshuken 2""],[""Zenkoku Koukou Soccer Senshuken"",""Zenkoku Koukou Soccer Senshuken 2""],[""Zenkoku Koukou Soccer Senshuken"",""Zenkoku Koukou Soccer Senshuken 2""]]"	3418	medium	unique-title-prefix
