Package Path	Member Path	Source Key	UAC Tag Name	Value
Nintendo SNES/7th Saga 2 - Mystic Ark.uac	00-Mystic Ark.spc	OST Disc	Disc Number	1
Nintendo SNES/7th Saga 2 - Mystic Ark.uac	01-The Mother Goddess.spc	OST Disc	Disc Number	1
Nintendo SNES/7th Saga 2 - Mystic Ark.uac	02-First Step Towards Adventure.spc	OST Disc	Disc Number	1
Nintendo SNES/7th Saga 2 - Mystic Ark.uac	03-Let's Go on an Adventure!!.spc	OST Disc	Disc Number	1
Nintendo SNES/7th Saga 2 - Mystic Ark.uac	04-Theme of Lord Bladfuk.spc	OST Disc	Disc Number	1
Nintendo SNES/7th Saga 2 - Mystic Ark.uac	05-Theme of Sir Ganbos.spc	OST Disc	Disc Number	1
Nintendo SNES/7th Saga 2 - Mystic Ark.uac	06-In the Darkness.spc	OST Disc	Disc Number	1
Nintendo SNES/7th Saga 2 - Mystic Ark.uac	07-Up! Up!.spc	OST Disc	Disc Number	1
Nintendo SNES/7th Saga 2 - Mystic Ark.uac	08-In the Depths of the Labyrinth.spc	OST Disc	Disc Number	1
Nintendo SNES/7th Saga 2 - Mystic Ark.uac	09-So the Fingers of the Dark Have Reached Even Here.spc	OST Disc	Disc Number	1
Nintendo SNES/7th Saga 2 - Mystic Ark.uac	10-Victory!.spc	OST Disc	Disc Number	1
Nintendo SNES/7th Saga 2 - Mystic Ark.uac	11-I Am a Powerful Ally!.spc	OST Disc	Disc Number	1
Nintendo SNES/7th Saga 2 - Mystic Ark.uac	12-Was it Delicious.spc	OST Disc	Disc Number	1
Nintendo SNES/7th Saga 2 - Mystic Ark.uac	13-The Rise and Fall of the Waves.spc	OST Disc	Disc Number	1
Nintendo SNES/7th Saga 2 - Mystic Ark.uac	14-Composers are Always Too Quiet on Their Days Off.spc	OST Disc	Disc Number	1
Nintendo SNES/7th Saga 2 - Mystic Ark.uac	15-Downtown.spc	OST Disc	Disc Number	1
Nintendo SNES/7th Saga 2 - Mystic Ark.uac	16-Where Are We... I'm a Forest!.spc	OST Disc	Disc Number	1
Nintendo SNES/7th Saga 2 - Mystic Ark.uac	17-Muhahaha!.spc	OST Disc	Disc Number	1
Nintendo SNES/7th Saga 2 - Mystic Ark.uac	18-How Rude!.spc	OST Disc	Disc Number	1
Nintendo SNES/7th Saga 2 - Mystic Ark.uac	19-We Did It!.spc	OST Disc	Disc Number	1
Nintendo SNES/7th Saga 2 - Mystic Ark.uac	20-Hey! Don't Attack Me!.spc	OST Disc	Disc Number	1
Nintendo SNES/7th Saga 2 - Mystic Ark.uac	21-The Shepherd People.spc	OST Disc	Disc Number	2
Nintendo SNES/7th Saga 2 - Mystic Ark.uac	22-Alone.spc	OST Disc	Disc Number	2
Nintendo SNES/7th Saga 2 - Mystic Ark.uac	23-The Haunted Mansion.spc	OST Disc	Disc Number	2
Nintendo SNES/7th Saga 2 - Mystic Ark.uac	24-What Was That!.spc	OST Disc	Disc Number	2
Nintendo SNES/7th Saga 2 - Mystic Ark.uac	25-Water is the Mother of All Life.spc	OST Disc	Disc Number	2
Nintendo SNES/7th Saga 2 - Mystic Ark.uac	26-Look Behind You!.spc	OST Disc	Disc Number	2
Nintendo SNES/7th Saga 2 - Mystic Ark.uac	27-The Rogues Who Await Us in the Depths of the Dungeon are Strong Indeed!.spc	OST Disc	Disc Number	2
Nintendo SNES/7th Saga 2 - Mystic Ark.uac	28-On the Holiday, Let's Bask in the Light of the Sun.spc	OST Disc	Disc Number	2
Nintendo SNES/7th Saga 2 - Mystic Ark.uac	29-Re... Regrettable.spc	OST Disc	Disc Number	2
Nintendo SNES/7th Saga 2 - Mystic Ark.uac	30-What Am I.spc	OST Disc	Disc Number	2
Nintendo SNES/7th Saga 2 - Mystic Ark.uac	31-Threads of Memories.spc	OST Disc	Disc Number	2
Nintendo SNES/7th Saga 2 - Mystic Ark.uac	32-Shall We Dance.spc	OST Disc	Disc Number	2
Nintendo SNES/7th Saga 2 - Mystic Ark.uac	33-Only a Music Box Remains.spc	OST Disc	Disc Number	2
Nintendo SNES/7th Saga 2 - Mystic Ark.uac	34-Without You, This Village Holds Nothing for Me.spc	OST Disc	Disc Number	2
Nintendo SNES/7th Saga 2 - Mystic Ark.uac	35-Pathetique.spc	OST Disc	Disc Number	2
Nintendo SNES/7th Saga 2 - Mystic Ark.uac	36-The Summer of Youth.spc	OST Disc	Disc Number	2
Nintendo SNES/7th Saga 2 - Mystic Ark.uac	37-A Tale of a Faery Land.spc	OST Disc	Disc Number	2
Nintendo SNES/7th Saga 2 - Mystic Ark.uac	38-Oyobidenai.spc	OST Disc	Disc Number	2
Nintendo SNES/7th Saga 2 - Mystic Ark.uac	39-How Are You Things Are Pretty Much the Same Here.spc	OST Disc	Disc Number	2
Nintendo SNES/7th Saga 2 - Mystic Ark.uac	40-Techno House.spc	OST Disc	Disc Number	2
Nintendo SNES/7th Saga 2 - Mystic Ark.uac	41-A Decisive Time.spc	OST Disc	Disc Number	2
Nintendo SNES/7th Saga 2 - Mystic Ark.uac	42-!!!.spc	OST Disc	Disc Number	2
Nintendo SNES/7th Saga 2 - Mystic Ark.uac	43-The Monster Has Come!.spc	OST Disc	Disc Number	2
Nintendo SNES/7th Saga 2 - Mystic Ark.uac	44-This Will Become Your Grave.spc	OST Disc	Disc Number	2
Nintendo SNES/7th Saga 2 - Mystic Ark.uac	45-The Terror Will Attack Nanaka Village at Dawn.spc	OST Disc	Disc Number	2
Nintendo SNES/7th Saga 2 - Mystic Ark.uac	46-Your Fighting Eyes Are Always Beautiful.spc	OST Disc	Disc Number	2
Nintendo SNES/7th Saga 2 - Mystic Ark.uac	47-The Truth Hidden Within the Temple.spc	OST Disc	Disc Number	2
Nintendo SNES/7th Saga 2 - Mystic Ark.uac	48-Are You the True Form of Darkness.spc	OST Disc	Disc Number	2
Nintendo SNES/7th Saga 2 - Mystic Ark.uac	49-Reunion.spc	OST Disc	Disc Number	2
Nintendo SNES/7th Saga 2 - Mystic Ark.uac	50-Birth.spc	OST Disc	Disc Number	2
Nintendo SNES/Actraiser.uac	00-Opening.spc	OST Disc	Disc Number	1
Nintendo SNES/Actraiser.uac	01-Sky Palast.spc	OST Disc	Disc Number	1
Nintendo SNES/Actraiser.uac	02-Descent.spc	OST Disc	Disc Number	1
Nintendo SNES/Actraiser.uac	03-Fillmoa.spc	OST Disc	Disc Number	1
Nintendo SNES/Actraiser.uac	04-The Beast Appears.spc	OST Disc	Disc Number	1
Nintendo SNES/Actraiser.uac	05-Round Clear.spc	OST Disc	Disc Number	1
Nintendo SNES/Actraiser.uac	06-Bloodpool ~ Casandora.spc	OST Disc	Disc Number	1
Nintendo SNES/Actraiser.uac	07-Aitos ~ Temple.spc	OST Disc	Disc Number	1
Nintendo SNES/Actraiser.uac	08-Powerful Enemy.spc	OST Disc	Disc Number	1
Nintendo SNES/Actraiser.uac	09-Piramid ~ Marana.spc	OST Disc	Disc Number	1
Nintendo SNES/Actraiser.uac	10-North Wall.spc	OST Disc	Disc Number	1
Nintendo SNES/Actraiser.uac	11-All over the World.spc	OST Disc	Disc Number	1
Nintendo SNES/Actraiser.uac	12-Satan.spc	OST Disc	Disc Number	1
Nintendo SNES/Actraiser.uac	13-Silence.spc	OST Disc	Disc Number	1
Nintendo SNES/Actraiser.uac	14-Birth of the People.spc	OST Disc	Disc Number	1
Nintendo SNES/Actraiser.uac	15-Sacrifices.spc	OST Disc	Disc Number	1
Nintendo SNES/Actraiser.uac	16-Peaceful World.spc	OST Disc	Disc Number	1
Nintendo SNES/Actraiser.uac	17-Ending.spc	OST Disc	Disc Number	1
Nintendo SNES/Albert Odyssey 2.uac	00-Sunsoft.spc	OST Disc	Disc Number	1
Nintendo SNES/Albert Odyssey 2.uac	01-Ode to the New Hero (part 1).spc	OST Disc	Disc Number	1
Nintendo SNES/Albert Odyssey 2.uac	02-Ode to the New Hero (part 2).spc	OST Disc	Disc Number	1
Nintendo SNES/Albert Odyssey 2.uac	03-Going through Void.spc	OST Disc	Disc Number	1
Nintendo SNES/Albert Odyssey 2.uac	04-Soaring.spc	OST Disc	Disc Number	1
Nintendo SNES/Albert Odyssey 2.uac	05-Dirge of Grief.spc	OST Disc	Disc Number	1
Nintendo SNES/Albert Odyssey 2.uac	06-Goth Kingdom Anthem ~ Noble Lion.spc	OST Disc	Disc Number	1
Nintendo SNES/Albert Odyssey 2.uac	07-Tasting a Bitter Experience.spc	OST Disc	Disc Number	1
Nintendo SNES/Albert Odyssey 2.uac	08-Quickening of Evil God.spc	OST Disc	Disc Number	1
Nintendo SNES/Albert Odyssey 2.uac	09-Goth Kights Song ~ Raise Your Sword.spc	OST Disc	Disc Number	1
Nintendo SNES/Albert Odyssey 2.uac	10-Wondering for Mates.spc	OST Disc	Disc Number	1
Nintendo SNES/Albert Odyssey 2.uac	11-Hometown of a Hero.spc	OST Disc	Disc Number	1
Nintendo SNES/Albert Odyssey 2.uac	12-Good Bargainer.spc	OST Disc	Disc Number	1
Nintendo SNES/Albert Odyssey 2.uac	13-Sacred Children.spc	OST Disc	Disc Number	1
Nintendo SNES/Albert Odyssey 2.uac	14-Wriggling Enmity.spc	OST Disc	Disc Number	1
Nintendo SNES/Albert Odyssey 2.uac	15-Pricess' Intension.spc	OST Disc	Disc Number	1
Nintendo SNES/Albert Odyssey 2.uac	16-Shadow of Evil.spc	OST Disc	Disc Number	1
Nintendo SNES/Albert Odyssey 2.uac	17-Sorceress of Glacier.spc	OST Disc	Disc Number	1
Nintendo SNES/Albert Odyssey 2.uac	18-Land of Stillness.spc	OST Disc	Disc Number	1
Nintendo SNES/Albert Odyssey 2.uac	19-Blown in a Sea Breeze.spc	OST Disc	Disc Number	1
Nintendo SNES/Albert Odyssey 2.uac	20-Journey.spc	OST Disc	Disc Number	1
Nintendo SNES/Albert Odyssey 2.uac	21-City of Dusk.spc	OST Disc	Disc Number	1
Nintendo SNES/Albert Odyssey 2.uac	22-Chain of Calm.spc	OST Disc	Disc Number	1
Nintendo SNES/Albert Odyssey 2.uac	23-Straying off in the Depth.spc	OST Disc	Disc Number	1
Nintendo SNES/Albert Odyssey 2.uac	24-Guardian Spirits.spc	OST Disc	Disc Number	1
Nintendo SNES/Albert Odyssey 2.uac	25-Searching for Treasures.spc	OST Disc	Disc Number	1
Nintendo SNES/Albert Odyssey 2.uac	26-New Sunlight.spc	OST Disc	Disc Number	1
Nintendo SNES/Albert Odyssey 2.uac	27-Blaze of Assault.spc	OST Disc	Disc Number	1
Nintendo SNES/Albert Odyssey 2.uac	28-Melody of Hero.spc	OST Disc	Disc Number	1
Nintendo SNES/Albert Odyssey 2.uac	29-With the Hero.spc	OST Disc	Disc Number	1
Nintendo SNES/Albert Odyssey 2.uac	30-Goodnight Sophia.spc	OST Disc	Disc Number	1
Nintendo SNES/Albert Odyssey 2.uac	31-Land of Frozen Forest.spc	OST Disc	Disc Number	1
Nintendo SNES/Albert Odyssey 2.uac	32-Brimful Power.spc	OST Disc	Disc Number	1
Nintendo SNES/Albert Odyssey 2.uac	33-City of Luxuriance.spc	OST Disc	Disc Number	1
Nintendo SNES/Albert Odyssey 2.uac	34-Way of Chivalry.spc	OST Disc	Disc Number	1
Nintendo SNES/Albert Odyssey 2.uac	35-Rabid Prince of Hades.spc	OST Disc	Disc Number	1
Nintendo SNES/Albert Odyssey 2.uac	36-Over the Sadness.spc	OST Disc	Disc Number	1
Nintendo SNES/Albert Odyssey 2.uac	37-New Hope.spc	OST Disc	Disc Number	1
Nintendo SNES/Albert Odyssey 2.uac	38-Brimming Sentiments.spc	OST Disc	Disc Number	1
Nintendo SNES/Albert Odyssey 2.uac	39-God Bless You.spc	OST Disc	Disc Number	1
Nintendo SNES/Albert Odyssey.uac	00-Memories of the Past.spc	OST Disc	Disc Number	1
Nintendo SNES/Albert Odyssey.uac	01-The Other Side of Reminiscence.spc	OST Disc	Disc Number	1
Nintendo SNES/Albert Odyssey.uac	02-Beyond the Empty Space.spc	OST Disc	Disc Number	1
Nintendo SNES/Albert Odyssey.uac	03-An Offering to the Holy King Gort.spc	OST Disc	Disc Number	1
Nintendo SNES/Albert Odyssey.uac	04-Gathering of Comrades.spc	OST Disc	Disc Number	1
Nintendo SNES/Albert Odyssey.uac	05-Hometown Tibelis.spc	OST Disc	Disc Number	1
Nintendo SNES/Albert Odyssey.uac	06-On Holy Ground.spc	OST Disc	Disc Number	1
Nintendo SNES/Albert Odyssey.uac	07-Fine Goods.spc	OST Disc	Disc Number	1
Nintendo SNES/Albert Odyssey.uac	08-The Road Walked by Heroes.spc	OST Disc	Disc Number	1
Nintendo SNES/Albert Odyssey.uac	09-Brimming Strength.spc	OST Disc	Disc Number	1
Nintendo SNES/Albert Odyssey.uac	10-Roar of the Beast.spc	OST Disc	Disc Number	1
Nintendo SNES/Albert Odyssey.uac	11-Fire Raid.spc	OST Disc	Disc Number	1
Nintendo SNES/Albert Odyssey.uac	12-At the Base of Gort's Flag.spc	OST Disc	Disc Number	1
Nintendo SNES/Albert Odyssey.uac	13-Goodnight, Sophia.spc	OST Disc	Disc Number	1
Nintendo SNES/Albert Odyssey.uac	14-Take a Rest.spc	OST Disc	Disc Number	1
Nintendo SNES/Albert Odyssey.uac	15-Clouds Riding the Wind.spc	OST Disc	Disc Number	1
Nintendo SNES/Albert Odyssey.uac	16-We're Cheerful Workers!.spc	OST Disc	Disc Number	1
Nintendo SNES/Albert Odyssey.uac	17-In a Strange New World.spc	OST Disc	Disc Number	1
Nintendo SNES/Albert Odyssey.uac	18-Lovers' Dirge.spc	OST Disc	Disc Number	1
Nintendo SNES/Albert Odyssey.uac	19-Proof of Mania.spc	OST Disc	Disc Number	1
Nintendo SNES/Albert Odyssey.uac	20-Sleeping World.spc	OST Disc	Disc Number	1
Nintendo SNES/Albert Odyssey.uac	21-Stir of Sorcery.spc	OST Disc	Disc Number	1
Nintendo SNES/Albert Odyssey.uac	22-To a New World.spc	OST Disc	Disc Number	1
Nintendo SNES/Albert Odyssey.uac	23-Mysterious Garden.spc	OST Disc	Disc Number	1
Nintendo SNES/Albert Odyssey.uac	24-World of Twilight.spc	OST Disc	Disc Number	1
Nintendo SNES/Albert Odyssey.uac	25-Lovely Faeries.spc	OST Disc	Disc Number	1
Nintendo SNES/Albert Odyssey.uac	26-Lost in the Darkness.spc	OST Disc	Disc Number	1
Nintendo SNES/Albert Odyssey.uac	27-A Faint Glimmer.spc	OST Disc	Disc Number	1
Nintendo SNES/Albert Odyssey.uac	28-Temple of the Demon God.spc	OST Disc	Disc Number	1
Nintendo SNES/Albert Odyssey.uac	29-Messenger at the Lunatic Banquet.spc	OST Disc	Disc Number	1
Nintendo SNES/Albert Odyssey.uac	30-Until My Life Comes to an End.spc	OST Disc	Disc Number	1
Nintendo SNES/Albert Odyssey.uac	31-Song of Reposing Souls Warrior's Headstone.spc	OST Disc	Disc Number	1
Nintendo SNES/Albert Odyssey.uac	32-Anthem of a New Hero.spc	OST Disc	Disc Number	1
Nintendo SNES/Albert Odyssey.uac	33-Someday, Once More Will He.spc	OST Disc	Disc Number	1
Nintendo SNES/Albert Odyssey.uac	34-Sunsoft.spc	OST Disc	Disc Number	1
Nintendo SNES/Axelay.uac	00-Axelay.spc	OST Disc	Disc Number	1
Nintendo SNES/Axelay.uac	01-Set Up.spc	OST Disc	Disc Number	1
Nintendo SNES/Axelay.uac	02-Unkai.spc	OST Disc	Disc Number	1
Nintendo SNES/Axelay.uac	03-Spiders.spc	OST Disc	Disc Number	1
Nintendo SNES/Axelay.uac	04-Bravo.spc	OST Disc	Disc Number	1
Nintendo SNES/Axelay.uac	05-Colony.spc	OST Disc	Disc Number	1
Nintendo SNES/Axelay.uac	06-Cosmic Dance.spc	OST Disc	Disc Number	1
Nintendo SNES/Axelay.uac	07-Mother.spc	OST Disc	Disc Number	1
Nintendo SNES/Axelay.uac	08-What's That.spc	OST Disc	Disc Number	1
Nintendo SNES/Axelay.uac	09-Silence.spc	OST Disc	Disc Number	1
Nintendo SNES/Axelay.uac	10-Bio-tech.spc	OST Disc	Disc Number	1
Nintendo SNES/Axelay.uac	11-Burning.spc	OST Disc	Disc Number	1
Nintendo SNES/Axelay.uac	12-Fire Shoot.spc	OST Disc	Disc Number	1
Nintendo SNES/Axelay.uac	13-Cosmos.spc	OST Disc	Disc Number	1
Nintendo SNES/Axelay.uac	14-Danger.spc	OST Disc	Disc Number	1
Nintendo SNES/Axelay.uac	15-Final Alert.spc	OST Disc	Disc Number	1
Nintendo SNES/Axelay.uac	16-Toughness (part 1).spc	OST Disc	Disc Number	1
Nintendo SNES/Axelay.uac	17-Toughness (part 2).spc	OST Disc	Disc Number	1
Nintendo SNES/Axelay.uac	18-Toughness (Noiseless).spc	OST Disc	Disc Number	1
Nintendo SNES/Axelay.uac	19-The Moment of Rest.spc	OST Disc	Disc Number	1
Nintendo SNES/Axelay.uac	20-Return to Mother.spc	OST Disc	Disc Number	1
Nintendo SNES/Bahamut Lagoon.uac	00-Opening.spc	OST Disc	Disc Number	1
Nintendo SNES/Bahamut Lagoon.uac	01-Kanna.spc	OST Disc	Disc Number	1
Nintendo SNES/Bahamut Lagoon.uac	02-Fight 1.spc	OST Disc	Disc Number	1
Nintendo SNES/Bahamut Lagoon.uac	03-Jojo.spc	OST Disc	Disc Number	1
Nintendo SNES/Bahamut Lagoon.uac	04-Jojo and the God Dragons.spc	OST Disc	Disc Number	1
Nintendo SNES/Bahamut Lagoon.uac	05-Sauzer.spc	OST Disc	Disc Number	1
Nintendo SNES/Bahamut Lagoon.uac	06-Requiem.spc	OST Disc	Disc Number	1
Nintendo SNES/Bahamut Lagoon.uac	07-Friendship.spc	OST Disc	Disc Number	1
Nintendo SNES/Bahamut Lagoon.uac	08-Materaito.spc	OST Disc	Disc Number	1
Nintendo SNES/Bahamut Lagoon.uac	09-Gudorfu.spc	OST Disc	Disc Number	1
Nintendo SNES/Bahamut Lagoon.uac	10-Menu.spc	OST Disc	Disc Number	1
Nintendo SNES/Bahamut Lagoon.uac	11-Kanna Army.spc	OST Disc	Disc Number	1
Nintendo SNES/Bahamut Lagoon.uac	12-Rebel Troops.spc	OST Disc	Disc Number	1
Nintendo SNES/Bahamut Lagoon.uac	13-Orerusu Salvation Army.spc	OST Disc	Disc Number	1
Nintendo SNES/Bahamut Lagoon.uac	14-Guranberosu.spc	OST Disc	Disc Number	1
Nintendo SNES/Bahamut Lagoon.uac	15-Monsters.spc	OST Disc	Disc Number	1
Nintendo SNES/Bahamut Lagoon.uac	16-Arutairu Monsters.spc	OST Disc	Disc Number	1
Nintendo SNES/Bahamut Lagoon.uac	17-Sub Battle.spc	OST Disc	Disc Number	1
Nintendo SNES/Bahamut Lagoon.uac	18-Boss Battle.spc	OST Disc	Disc Number	1
Nintendo SNES/Bahamut Lagoon.uac	19-Level Up.spc	OST Disc	Disc Number	1
Nintendo SNES/Bahamut Lagoon.uac	20-Mission Clear.spc	OST Disc	Disc Number	1
Nintendo SNES/Bahamut Lagoon.uac	21-Game Over.spc	OST Disc	Disc Number	1
Nintendo SNES/Bahamut Lagoon.uac	22-Green Land Canbel.spc	OST Disc	Disc Number	1
Nintendo SNES/Bahamut Lagoon.uac	23-Aqui-Land Mahaaru.spc	OST Disc	Disc Number	1
Nintendo SNES/Bahamut Lagoon.uac	24-Magical City Godorando.spc	OST Disc	Disc Number	1
Nintendo SNES/Bahamut Lagoon.uac	25-Desert Daphira.spc	OST Disc	Disc Number	1
Nintendo SNES/Bahamut Lagoon.uac	26-Bahamut.spc	OST Disc	Disc Number	1
Nintendo SNES/Bahamut Lagoon.uac	27-Bahamut Lagoon Arutairu.spc	OST Disc	Disc Number	1
Nintendo SNES/Bahamut Lagoon.uac	28-Epicedium.spc	OST Disc	Disc Number	1
Nintendo SNES/Bahamut Lagoon.uac	29-Stringency.spc	OST Disc	Disc Number	1
Nintendo SNES/Bahamut Lagoon.uac	30-Little Nori.spc	OST Disc	Disc Number	1
Nintendo SNES/Bahamut Lagoon.uac	31-Dancing Party.spc	OST Disc	Disc Number	1
Nintendo SNES/Bahamut Lagoon.uac	32-Fight 2.spc	OST Disc	Disc Number	1
Nintendo SNES/Bahamut Lagoon.uac	33-Battle with Alexander.spc	OST Disc	Disc Number	1
Nintendo SNES/Bahamut Lagoon.uac	34-The Last Battle.spc	OST Disc	Disc Number	1
Nintendo SNES/Bahamut Lagoon.uac	35-Ending.spc	OST Disc	Disc Number	1
Nintendo SNES/bishoujo senshi sailor moon (JP).uac	01-Wangan Kousoku.spc	OST Disc	Disc Number	1
Nintendo SNES/bishoujo senshi sailor moon (JP).uac	02-Pretty Soldiers.spc	OST Disc	Disc Number	1
Nintendo SNES/bishoujo senshi sailor moon (JP).uac	03-Sailor Senshi! Make Up!.spc	OST Disc	Disc Number	1
Nintendo SNES/bishoujo senshi sailor moon (JP).uac	04-Pretty Soldiers (Reprise).spc	OST Disc	Disc Number	1
Nintendo SNES/bishoujo senshi sailor moon (JP).uac	05-Juuban Shoutengai.spc	OST Disc	Disc Number	1
Nintendo SNES/bishoujo senshi sailor moon (JP).uac	06-Jikuu Ijigen.spc	OST Disc	Disc Number	1
Nintendo SNES/bishoujo senshi sailor moon (JP).uac	07-Dream Land.spc	OST Disc	Disc Number	1
Nintendo SNES/bishoujo senshi sailor moon (JP).uac	08-Okashi no Ie.spc	OST Disc	Disc Number	1
Nintendo SNES/bishoujo senshi sailor moon (JP).uac	09-Himitsu Kouba.spc	OST Disc	Disc Number	1
Nintendo SNES/bishoujo senshi sailor moon (JP).uac	10-Silver Millenium.spc	OST Disc	Disc Number	1
Nintendo SNES/bishoujo senshi sailor moon (JP).uac	11-Hokkyokuken D Point.spc	OST Disc	Disc Number	1
Nintendo SNES/bishoujo senshi sailor moon (JP).uac	12-Dark Kingdom.spc	OST Disc	Disc Number	1
Nintendo SNES/bishoujo senshi sailor moon (JP).uac	13-Stage Boss.spc	OST Disc	Disc Number	1
Nintendo SNES/bishoujo senshi sailor moon (JP).uac	14-Endymion.spc	OST Disc	Disc Number	1
Nintendo SNES/bishoujo senshi sailor moon (JP).uac	15-Queen Beryl.spc	OST Disc	Disc Number	1
Nintendo SNES/bishoujo senshi sailor moon (JP).uac	16-Kyodai Queen Beryl.spc	OST Disc	Disc Number	1
Nintendo SNES/bishoujo senshi sailor moon (JP).uac	17-Queen Serenity.spc	OST Disc	Disc Number	1
Nintendo SNES/bishoujo senshi sailor moon (JP).uac	18-Tuxedo Mask.spc	OST Disc	Disc Number	1
Nintendo SNES/bishoujo senshi sailor moon r (JP).uac	00-Prologue.spc	OST Disc	Disc Number	1
Nintendo SNES/bishoujo senshi sailor moon r (JP).uac	02-Player Select.spc	OST Disc	Disc Number	1
Nintendo SNES/bishoujo senshi sailor moon r (JP).uac	03-Sailor Senshi! Make Up!! (ver. 2).spc	OST Disc	Disc Number	1
Nintendo SNES/bishoujo senshi sailor moon r (JP).uac	04-Sailor Senshi! Make Up!! (ver. 2) (reprise).spc	OST Disc	Disc Number	1
Nintendo SNES/bishoujo senshi sailor moon r (JP).uac	05-Eyecatch.spc	OST Disc	Disc Number	1
Nintendo SNES/bishoujo senshi sailor moon r (JP).uac	06-Eyecatch (Tuxedo Mask).spc	OST Disc	Disc Number	1
Nintendo SNES/bishoujo senshi sailor moon r (JP).uac	07-Eyecatch (reprise).spc	OST Disc	Disc Number	1
Nintendo SNES/bishoujo senshi sailor moon r (JP).uac	08-T.A. Jogakuin Bunka Matsuri.spc	OST Disc	Disc Number	1
Nintendo SNES/bishoujo senshi sailor moon r (JP).uac	09-Christmas no Juuban Shoutenga.spc	OST Disc	Disc Number	1
Nintendo SNES/bishoujo senshi sailor moon r (JP).uac	10-Midori no Esmerald.spc	OST Disc	Disc Number	1
Nintendo SNES/bishoujo senshi sailor moon r (JP).uac	11-Fantasy Attraction.spc	OST Disc	Disc Number	1
Nintendo SNES/bishoujo senshi sailor moon r (JP).uac	12-Jungle Craze.spc	OST Disc	Disc Number	1
Nintendo SNES/bishoujo senshi sailor moon r (JP).uac	13-Aoi no Safiru.spc	OST Disc	Disc Number	1
Nintendo SNES/bishoujo senshi sailor moon r (JP).uac	14-Crystal Tokyo.spc	OST Disc	Disc Number	1
Nintendo SNES/bishoujo senshi sailor moon r (JP).uac	15-Crystal Palace.spc	OST Disc	Disc Number	1
Nintendo SNES/bishoujo senshi sailor moon r (JP).uac	16-Kurenai no Rubeus.spc	OST Disc	Disc Number	1
Nintendo SNES/bishoujo senshi sailor moon r (JP).uac	17-Wakusei Nemesis.spc	OST Disc	Disc Number	1
Nintendo SNES/bishoujo senshi sailor moon r (JP).uac	18-Jakuro Suishou Hannouro.spc	OST Disc	Disc Number	1
Nintendo SNES/bishoujo senshi sailor moon r (JP).uac	19-Prince Demando.spc	OST Disc	Disc Number	1
Nintendo SNES/bishoujo senshi sailor moon r (JP).uac	20-Ending Theme.spc	OST Disc	Disc Number	1
Nintendo SNES/bishoujo senshi sailor moon r (JP).uac	21-Seisekihyou.spc	OST Disc	Disc Number	1
Nintendo SNES/bishoujo senshi sailor moon r (JP).uac	22-Game Over.spc	OST Disc	Disc Number	1
Nintendo SNES/bishoujo senshi sailor moon s jougai rantou shuyaku soudatsusen (JP).uac	01-Opening Demo.spc	OST Disc	Disc Number	1
Nintendo SNES/bishoujo senshi sailor moon s jougai rantou shuyaku soudatsusen (JP).uac	02-Player Select.spc	OST Disc	Disc Number	1
Nintendo SNES/bishoujo senshi sailor moon s jougai rantou shuyaku soudatsusen (JP).uac	03-Eyecatch.spc	OST Disc	Disc Number	1
Nintendo SNES/bishoujo senshi sailor moon s jougai rantou shuyaku soudatsusen (JP).uac	04-Demo Visual A.spc	OST Disc	Disc Number	1
Nintendo SNES/bishoujo senshi sailor moon s jougai rantou shuyaku soudatsusen (JP).uac	05-A.C.S.spc	OST Disc	Disc Number	1
Nintendo SNES/bishoujo senshi sailor moon s jougai rantou shuyaku soudatsusen (JP).uac	06-Demo Visual C.spc	OST Disc	Disc Number	1
Nintendo SNES/bishoujo senshi sailor moon s jougai rantou shuyaku soudatsusen (JP).uac	07-Demo Visual B.spc	OST Disc	Disc Number	1
Nintendo SNES/bishoujo senshi sailor moon s jougai rantou shuyaku soudatsusen (JP).uac	08-Moon's Theme.spc	OST Disc	Disc Number	1
Nintendo SNES/bishoujo senshi sailor moon s jougai rantou shuyaku soudatsusen (JP).uac	09-Mercury's Theme.spc	OST Disc	Disc Number	1
Nintendo SNES/bishoujo senshi sailor moon s jougai rantou shuyaku soudatsusen (JP).uac	10-Mars's Theme.spc	OST Disc	Disc Number	1
Nintendo SNES/bishoujo senshi sailor moon s jougai rantou shuyaku soudatsusen (JP).uac	11-Jupiter's Theme.spc	OST Disc	Disc Number	1
Nintendo SNES/bishoujo senshi sailor moon s jougai rantou shuyaku soudatsusen (JP).uac	12-Venus's Theme.spc	OST Disc	Disc Number	1
Nintendo SNES/bishoujo senshi sailor moon s jougai rantou shuyaku soudatsusen (JP).uac	13-Uranus's Theme.spc	OST Disc	Disc Number	1
Nintendo SNES/bishoujo senshi sailor moon s jougai rantou shuyaku soudatsusen (JP).uac	14-Neptune's Theme.spc	OST Disc	Disc Number	1
Nintendo SNES/bishoujo senshi sailor moon s jougai rantou shuyaku soudatsusen (JP).uac	15-Pluto's Theme.spc	OST Disc	Disc Number	1
Nintendo SNES/bishoujo senshi sailor moon s jougai rantou shuyaku soudatsusen (JP).uac	16-Chibimoon's Theme.spc	OST Disc	Disc Number	1
Nintendo SNES/bishoujo senshi sailor moon s jougai rantou shuyaku soudatsusen (JP).uac	17-Ending Theme.spc	OST Disc	Disc Number	1
Nintendo SNES/Blazeon.uac	00-Optimistic Departure.spc	OST Disc	Disc Number	1
Nintendo SNES/Blazeon.uac	01-Hope and Fear.spc	OST Disc	Disc Number	1
Nintendo SNES/Blazeon.uac	02-Intimidating Spaces.spc	OST Disc	Disc Number	1
Nintendo SNES/Blazeon.uac	03-Next Step.spc	OST Disc	Disc Number	1
Nintendo SNES/Blazeon.uac	04-Cosmic Ocean Blue.spc	OST Disc	Disc Number	1
Nintendo SNES/Blazeon.uac	05-Unlimited Attack.spc	OST Disc	Disc Number	1
Nintendo SNES/Blazeon.uac	06-Alpha.spc	OST Disc	Disc Number	1
Nintendo SNES/Blazeon.uac	07-Fighting Machine.spc	OST Disc	Disc Number	1
Nintendo SNES/Blazeon.uac	08-Emergency Avoidance.spc	OST Disc	Disc Number	1
Nintendo SNES/Blazeon.uac	09-Infinite World.spc	OST Disc	Disc Number	1
Nintendo SNES/Blazeon.uac	10-Battle of Silence.spc	OST Disc	Disc Number	1
Nintendo SNES/Blazeon.uac	11-Hop, Step, Jump!.spc	OST Disc	Disc Number	1
Nintendo SNES/Burai - Hachigyoku no Yuushi Densetsu.uac	00-Dahl's Revival 1.spc	OST Disc	Disc Number	1
Nintendo SNES/Burai - Hachigyoku no Yuushi Densetsu.uac	01-Dahl's Revival 2.spc	OST Disc	Disc Number	1
Nintendo SNES/Burai - Hachigyoku no Yuushi Densetsu.uac	02-Critical Situation.spc	OST Disc	Disc Number	1
Nintendo SNES/Burai - Hachigyoku no Yuushi Densetsu.uac	03-Burai Theme.spc	OST Disc	Disc Number	1
Nintendo SNES/Burai - Hachigyoku no Yuushi Densetsu.uac	04-The Plot Brothers' Theme.spc	OST Disc	Disc Number	1
Nintendo SNES/Burai - Hachigyoku no Yuushi Densetsu.uac	05-Time For a Rest.spc	OST Disc	Disc Number	1
Nintendo SNES/Burai - Hachigyoku no Yuushi Densetsu.uac	06-Peace.spc	OST Disc	Disc Number	1
Nintendo SNES/Burai - Hachigyoku no Yuushi Densetsu.uac	07-Battle Theme.spc	OST Disc	Disc Number	1
Nintendo SNES/Burai - Hachigyoku no Yuushi Densetsu.uac	08-The End.spc	OST Disc	Disc Number	1
Nintendo SNES/Burai - Hachigyoku no Yuushi Densetsu.uac	09-Rival's Entry.spc	OST Disc	Disc Number	1
Nintendo SNES/Burai - Hachigyoku no Yuushi Densetsu.uac	10-Battle Ended.spc	OST Disc	Disc Number	1
Nintendo SNES/Burai - Hachigyoku no Yuushi Densetsu.uac	11-Warrior's Rest.spc	OST Disc	Disc Number	1
Nintendo SNES/Burai - Hachigyoku no Yuushi Densetsu.uac	12-Sakyo's Theme.spc	OST Disc	Disc Number	1
Nintendo SNES/Burai - Hachigyoku no Yuushi Densetsu.uac	13-Alex's Theme.spc	OST Disc	Disc Number	1
Nintendo SNES/Burai - Hachigyoku no Yuushi Densetsu.uac	14-Kook's Theme.spc	OST Disc	Disc Number	1
Nintendo SNES/Burai - Hachigyoku no Yuushi Densetsu.uac	15-Lilian's Theme.spc	OST Disc	Disc Number	1
Nintendo SNES/Burai - Hachigyoku no Yuushi Densetsu.uac	16-Hayate's Theme.spc	OST Disc	Disc Number	1
Nintendo SNES/Burai - Hachigyoku no Yuushi Densetsu.uac	17-A New Hope.spc	OST Disc	Disc Number	1
Nintendo SNES/Burai - Hachigyoku no Yuushi Densetsu.uac	18-Romar's Theme.spc	OST Disc	Disc Number	1
Nintendo SNES/Burai - Hachigyoku no Yuushi Densetsu.uac	19-The Hero's Regimentation.spc	OST Disc	Disc Number	1
Nintendo SNES/Burai - Hachigyoku no Yuushi Densetsu.uac	20-The Seven Beast Warriors' Triumph.spc	OST Disc	Disc Number	1
Nintendo SNES/Burai - Hachigyoku no Yuushi Densetsu.uac	21-On to Kipros' Castle.spc	OST Disc	Disc Number	1
Nintendo SNES/Burai - Hachigyoku no Yuushi Densetsu.uac	22-Setting Off Anew.spc	OST Disc	Disc Number	1
Nintendo SNES/Chrono Trigger.uac	00-Presentiment.spc	OST Disc	Disc Number	1
Nintendo SNES/Chrono Trigger.uac	01-Chrono Trigger.spc	OST Disc	Disc Number	1
Nintendo SNES/Chrono Trigger.uac	02-Chrono Trigger (Looped).spc	OST Disc	Disc Number	1
Nintendo SNES/Chrono Trigger.uac	03-Morning Sunlight.spc	OST Disc	Disc Number	1
Nintendo SNES/Chrono Trigger.uac	04-Peaceful Days.spc	OST Disc	Disc Number	1
Nintendo SNES/Chrono Trigger.uac	05-Memories of Green.spc	OST Disc	Disc Number	1
Nintendo SNES/Chrono Trigger.uac	06-Guardia Millennial Fair.spc	OST Disc	Disc Number	1
Nintendo SNES/Chrono Trigger.uac	07-Gato's Song.spc	OST Disc	Disc Number	1
Nintendo SNES/Chrono Trigger.uac	08-A Strange Happening.spc	OST Disc	Disc Number	1
Nintendo SNES/Chrono Trigger.uac	09-Wind Scene.spc	OST Disc	Disc Number	1
Nintendo SNES/Chrono Trigger.uac	10-Goodnight.spc	OST Disc	Disc Number	1
Nintendo SNES/Chrono Trigger.uac	11-Secret of the Forest.spc	OST Disc	Disc Number	1
Nintendo SNES/Chrono Trigger.uac	12-Battle 1.spc	OST Disc	Disc Number	1
Nintendo SNES/Chrono Trigger.uac	13-Courage and Pride.spc	OST Disc	Disc Number	1
Nintendo SNES/Chrono Trigger.uac	14-Huh !.spc	OST Disc	Disc Number	1
Nintendo SNES/Chrono Trigger.uac	15-Manoria Cathedral.spc	OST Disc	Disc Number	1
Nintendo SNES/Chrono Trigger.uac	16-A Prayer to the Road that Leads.spc	OST Disc	Disc Number	1
Nintendo SNES/Chrono Trigger.uac	17-Silent Light.spc	OST Disc	Disc Number	1
Nintendo SNES/Chrono Trigger.uac	18-Boss Battle 1.spc	OST Disc	Disc Number	1
Nintendo SNES/Chrono Trigger.uac	19-Frog's Theme.spc	OST Disc	Disc Number	1
Nintendo SNES/Chrono Trigger.uac	20-Fanfare 1.spc	OST Disc	Disc Number	1
Nintendo SNES/Chrono Trigger.uac	21-Kingdom Trial.spc	OST Disc	Disc Number	1
Nintendo SNES/Chrono Trigger.uac	22-The Hidden Truth.spc	OST Disc	Disc Number	1
Nintendo SNES/Chrono Trigger.uac	23-The Hidden Truth (Looped).spc	OST Disc	Disc Number	1
Nintendo SNES/Chrono Trigger.uac	24-A Shot of Crisis.spc	OST Disc	Disc Number	1
Nintendo SNES/Chrono Trigger.uac	25-Ruined World.spc	OST Disc	Disc Number	2
Nintendo SNES/Chrono Trigger.uac	26-Mystery of the Past.spc	OST Disc	Disc Number	2
Nintendo SNES/Chrono Trigger.uac	27-Lab 16's Ruin.spc	OST Disc	Disc Number	2
Nintendo SNES/Chrono Trigger.uac	28-People Without Hope.spc	OST Disc	Disc Number	2
Nintendo SNES/Chrono Trigger.uac	29-People Without Hope (Variant 1).spc	OST Disc	Disc Number	2
Nintendo SNES/Chrono Trigger.uac	30-People Without Hope (Variant 2).spc	OST Disc	Disc Number	2
Nintendo SNES/Chrono Trigger.uac	31-Lavos' Theme.spc	OST Disc	Disc Number	2
Nintendo SNES/Chrono Trigger.uac	32-Lavos' Theme (Extended).spc	OST Disc	Disc Number	2
Nintendo SNES/Chrono Trigger.uac	33-The Day the World Revived.spc	OST Disc	Disc Number	2
Nintendo SNES/Chrono Trigger.uac	34-Robo Gang Johnny.spc	OST Disc	Disc Number	2
Nintendo SNES/Chrono Trigger.uac	35-Bike Chase.spc	OST Disc	Disc Number	2
Nintendo SNES/Chrono Trigger.uac	36-Robo's Theme.spc	OST Disc	Disc Number	2
Nintendo SNES/Chrono Trigger.uac	37-Remains of the Factory.spc	OST Disc	Disc Number	2
Nintendo SNES/Chrono Trigger.uac	38-Battle 2.spc	OST Disc	Disc Number	2
Nintendo SNES/Chrono Trigger.uac	39-Fanfare 2.spc	OST Disc	Disc Number	2
Nintendo SNES/Chrono Trigger.uac	40-Brink of Time.spc	OST Disc	Disc Number	2
Nintendo SNES/Chrono Trigger.uac	41-Delightful Spekkio.spc	OST Disc	Disc Number	2
Nintendo SNES/Chrono Trigger.uac	42-Fanfare 3.spc	OST Disc	Disc Number	2
Nintendo SNES/Chrono Trigger.uac	43-Underground Sewer.spc	OST Disc	Disc Number	2
Nintendo SNES/Chrono Trigger.uac	44-Underground Sewer (No Water).spc	OST Disc	Disc Number	2
Nintendo SNES/Chrono Trigger.uac	45-Boss Battle 2.spc	OST Disc	Disc Number	2
Nintendo SNES/Chrono Trigger.uac	46-Primitive Mountain.spc	OST Disc	Disc Number	2
Nintendo SNES/Chrono Trigger.uac	47-Ayla's Theme.spc	OST Disc	Disc Number	2
Nintendo SNES/Chrono Trigger.uac	48-Rhythm of Wind, Sky and Earth.spc	OST Disc	Disc Number	2
Nintendo SNES/Chrono Trigger.uac	49-Burn! Bobonga!.spc	OST Disc	Disc Number	2
Nintendo SNES/Chrono Trigger.uac	50-Magus' Castle.spc	OST Disc	Disc Number	2
Nintendo SNES/Chrono Trigger.uac	51-Confusing Melody.spc	OST Disc	Disc Number	2
Nintendo SNES/Chrono Trigger.uac	52-Battle with Magus.spc	OST Disc	Disc Number	2
Nintendo SNES/Chrono Trigger.uac	53-Singing Mountain.spc	OST Disc	Disc Number	3
Nintendo SNES/Chrono Trigger.uac	54-Tyran Castle.spc	OST Disc	Disc Number	3
Nintendo SNES/Chrono Trigger.uac	55-At the Bottom of Night.spc	OST Disc	Disc Number	3
Nintendo SNES/Chrono Trigger.uac	56-Corridors of Time.spc	OST Disc	Disc Number	3
Nintendo SNES/Chrono Trigger.uac	57-Zeal Palace.spc	OST Disc	Disc Number	3
Nintendo SNES/Chrono Trigger.uac	58-Schala's Theme.spc	OST Disc	Disc Number	3
Nintendo SNES/Chrono Trigger.uac	59-Sealed Door.spc	OST Disc	Disc Number	3
Nintendo SNES/Chrono Trigger.uac	60-Undersea Palace.spc	OST Disc	Disc Number	3
Nintendo SNES/Chrono Trigger.uac	61-Far Off Promise.spc	OST Disc	Disc Number	3
Nintendo SNES/Chrono Trigger.uac	62-Wings That Cross Time.spc	OST Disc	Disc Number	3
Nintendo SNES/Chrono Trigger.uac	63-Black Omen.spc	OST Disc	Disc Number	3
Nintendo SNES/Chrono Trigger.uac	64-Determination.spc	OST Disc	Disc Number	3
Nintendo SNES/Chrono Trigger.uac	65-World Revolution.spc	OST Disc	Disc Number	3
Nintendo SNES/Chrono Trigger.uac	66-Last Battle.spc	OST Disc	Disc Number	3
Nintendo SNES/Chrono Trigger.uac	67-First Festival of Stars.spc	OST Disc	Disc Number	3
Nintendo SNES/Chrono Trigger.uac	68-Epilogue ~ To Good Friends.spc	OST Disc	Disc Number	3
Nintendo SNES/Chrono Trigger.uac	69-To Far Away Times.spc	OST Disc	Disc Number	3
Nintendo SNES/Cybernator.uac	00-Who's Praying for a Soldier.spc	OST Disc	Disc Number	1
Nintendo SNES/Cybernator.uac	01-Fully Set Up for Penetration.spc	OST Disc	Disc Number	1
Nintendo SNES/Cybernator.uac	02-We've Gotta Do it.spc	OST Disc	Disc Number	1
Nintendo SNES/Cybernator.uac	03-No Time, No Shield.spc	OST Disc	Disc Number	1
Nintendo SNES/Cybernator.uac	04-Mission Completed.spc	OST Disc	Disc Number	1
Nintendo SNES/Cybernator.uac	05-Asteroid Run.spc	OST Disc	Disc Number	1
Nintendo SNES/Cybernator.uac	06-Face to Face.spc	OST Disc	Disc Number	1
Nintendo SNES/Cybernator.uac	07-Not for Peace.spc	OST Disc	Disc Number	1
Nintendo SNES/Cybernator.uac	08-Living Possibility.spc	OST Disc	Disc Number	1
Nintendo SNES/Cybernator.uac	09-Armed Ghost.spc	OST Disc	Disc Number	1
Nintendo SNES/Cybernator.uac	10-Till the Crack of Doom.spc	OST Disc	Disc Number	1
Nintendo SNES/Cybernator.uac	11-In Despair.spc	OST Disc	Disc Number	1
Nintendo SNES/Cybernator.uac	12-Looking for the Infinitude.spc	OST Disc	Disc Number	1
Nintendo SNES/Cybernator.uac	13-Crashed Burn.spc	OST Disc	Disc Number	1
Nintendo SNES/Cybernator.uac	14-Staff Roll.spc	OST Disc	Disc Number	1
Nintendo SNES/Dai Koukai Jidai 2 (Uncharted Waters - New Horizons).uac	00-Wind Ahead.spc	OST Disc	Disc Number	1
Nintendo SNES/Dai Koukai Jidai 2 (Uncharted Waters - New Horizons).uac	02-Mast in the Mist.spc	OST Disc	Disc Number	1
Nintendo SNES/Dai Koukai Jidai 2 (Uncharted Waters - New Horizons).uac	03-Caprice For Lute.spc	OST Disc	Disc Number	1
Nintendo SNES/Dai Koukai Jidai 2 (Uncharted Waters - New Horizons).uac	05-Catalina.spc	OST Disc	Disc Number	1
Nintendo SNES/Dai Koukai Jidai 2 (Uncharted Waters - New Horizons).uac	09-Fiddler's Green.spc	OST Disc	Disc Number	1
Nintendo SNES/Dai Koukai Jidai 2 (Uncharted Waters - New Horizons).uac	10-The Chase.spc	OST Disc	Disc Number	1
Nintendo SNES/Dai Koukai Jidai 2 (Uncharted Waters - New Horizons).uac	15-Empty Eyes.spc	OST Disc	Disc Number	1
Nintendo SNES/Dai Koukai Jidai 2 (Uncharted Waters - New Horizons).uac	18-Moslem Dance.spc	OST Disc	Disc Number	1
Nintendo SNES/Dai Koukai Jidai 2 (Uncharted Waters - New Horizons).uac	19-The Mahout.spc	OST Disc	Disc Number	1
Nintendo SNES/Dai Koukai Jidai 2 (Uncharted Waters - New Horizons).uac	20-Land of Luxury.spc	OST Disc	Disc Number	1
Nintendo SNES/Dai Koukai Jidai 2 (Uncharted Waters - New Horizons).uac	23-Close to Home.spc	OST Disc	Disc Number	1
Nintendo SNES/Down the World.uac	00-Love Theme ~ Now My Love.spc	OST Disc	Disc Number	1
Nintendo SNES/Down the World.uac	01-Main Theme.spc	OST Disc	Disc Number	1
Nintendo SNES/Down the World.uac	02-Blue Tears Knight.spc	OST Disc	Disc Number	1
Nintendo SNES/Down the World.uac	03-Attack!.spc	OST Disc	Disc Number	1
Nintendo SNES/Down the World.uac	07-The Old Priest.spc	OST Disc	Disc Number	1
Nintendo SNES/Down the World.uac	09-Human World.spc	OST Disc	Disc Number	1
Nintendo SNES/Down the World.uac	16-King Fishman.spc	OST Disc	Disc Number	1
Nintendo SNES/Down the World.uac	17-Covert Meeting.spc	OST Disc	Disc Number	1
Nintendo SNES/Down the World.uac	20-Joshua's Theme.spc	OST Disc	Disc Number	1
Nintendo SNES/Down the World.uac	22-Bell Bell, the Fairy.spc	OST Disc	Disc Number	1
Nintendo SNES/Down the World.uac	23-Lost Smile.spc	OST Disc	Disc Number	1
Nintendo SNES/Down the World.uac	25-Sad Song.spc	OST Disc	Disc Number	1
Nintendo SNES/Down the World.uac	26-Love Theme (Version 1).spc	OST Disc	Disc Number	1
Nintendo SNES/Down the World.uac	27-Fire Dance.spc	OST Disc	Disc Number	1
Nintendo SNES/Down the World.uac	29-Gacha, the Soldier.spc	OST Disc	Disc Number	1
Nintendo SNES/Down the World.uac	33-Long Time Ago.spc	OST Disc	Disc Number	1
Nintendo SNES/Down the World.uac	35-Red Blood Army.spc	OST Disc	Disc Number	1
Nintendo SNES/Down the World.uac	37-The Noblin Tribe.spc	OST Disc	Disc Number	1
Nintendo SNES/Down the World.uac	41-Underground Cave.spc	OST Disc	Disc Number	1
Nintendo SNES/Down the World.uac	42-Secret of the Kingdom.spc	OST Disc	Disc Number	1
Nintendo SNES/Down the World.uac	44-Chaloon.spc	OST Disc	Disc Number	1
Nintendo SNES/Down the World.uac	47-Snowflakes in My Heart.spc	OST Disc	Disc Number	1
Nintendo SNES/Down the World.uac	49-Demon Battle.spc	OST Disc	Disc Number	1
Nintendo SNES/Down the World.uac	50-Dead End Castle.spc	OST Disc	Disc Number	1
Nintendo SNES/Down the World.uac	51-Last Battle.spc	OST Disc	Disc Number	1
Nintendo SNES/Down the World.uac	52-Love Theme (Version 2).spc	OST Disc	Disc Number	1
Nintendo SNES/Energy Breaker.uac	00-Rising to the Rescue of his Land.spc	OST Disc	Disc Number	1
Nintendo SNES/Energy Breaker.uac	01-Voice of Awakening.spc	OST Disc	Disc Number	1
Nintendo SNES/Energy Breaker.uac	02-Ride the Wind.spc	OST Disc	Disc Number	1
Nintendo SNES/Energy Breaker.uac	03-The Flowers Have Bloomed.spc	OST Disc	Disc Number	1
Nintendo SNES/Energy Breaker.uac	04-Renewed Joy.spc	OST Disc	Disc Number	1
Nintendo SNES/Energy Breaker.uac	05-Newly-Settled Town.spc	OST Disc	Disc Number	1
Nintendo SNES/Energy Breaker.uac	06-The Guiding Fortuneteller.spc	OST Disc	Disc Number	1
Nintendo SNES/Energy Breaker.uac	07-The Place Illuminated by the Sunlight Filtered through Trees.spc	OST Disc	Disc Number	1
Nintendo SNES/Energy Breaker.uac	08-Scientist's Waltz.spc	OST Disc	Disc Number	1
Nintendo SNES/Energy Breaker.uac	09-Agreeable Disposition.spc	OST Disc	Disc Number	1
Nintendo SNES/Energy Breaker.uac	10-The Bottom of Cold Skies.spc	OST Disc	Disc Number	1
Nintendo SNES/Energy Breaker.uac	11-Aroma of Stew.spc	OST Disc	Disc Number	1
Nintendo SNES/Energy Breaker.uac	12-Runaway Train.spc	OST Disc	Disc Number	1
Nintendo SNES/Energy Breaker.uac	13-Death's Footfalls.spc	OST Disc	Disc Number	1
Nintendo SNES/Energy Breaker.uac	14-Those Dead and Rotting.spc	OST Disc	Disc Number	1
Nintendo SNES/Energy Breaker.uac	15-Wind that Whips the Wilderness.spc	OST Disc	Disc Number	1
Nintendo SNES/Energy Breaker.uac	16-Berserker.spc	OST Disc	Disc Number	1
Nintendo SNES/Energy Breaker.uac	17-Overflowing Power.spc	OST Disc	Disc Number	1
Nintendo SNES/Energy Breaker.uac	18-Young Prodigies.spc	OST Disc	Disc Number	1
Nintendo SNES/Energy Breaker.uac	19-Frozen Tombstone.spc	OST Disc	Disc Number	1
Nintendo SNES/Energy Breaker.uac	20-Burning Red-Hot for Someone's Sake.spc	OST Disc	Disc Number	1
Nintendo SNES/Energy Breaker.uac	21-Thoughts Unarrived 1.spc	OST Disc	Disc Number	1
Nintendo SNES/Energy Breaker.uac	22-Summoned One.spc	OST Disc	Disc Number	1
Nintendo SNES/Energy Breaker.uac	23-Feast for the Festival of Flames.spc	OST Disc	Disc Number	1
Nintendo SNES/Energy Breaker.uac	24-Calming Days.spc	OST Disc	Disc Number	1
Nintendo SNES/Energy Breaker.uac	25-The Future Century Approaching Dusk.spc	OST Disc	Disc Number	1
Nintendo SNES/Energy Breaker.uac	26-Golden-Colored Wind.spc	OST Disc	Disc Number	1
Nintendo SNES/Energy Breaker.uac	27-Memory.spc	OST Disc	Disc Number	1
Nintendo SNES/Energy Breaker.uac	28-The Sky's Brilliance.spc	OST Disc	Disc Number	1
Nintendo SNES/Energy Breaker.uac	29-Thoughts Unarrived 2.spc	OST Disc	Disc Number	1
Nintendo SNES/Energy Breaker.uac	30-Golden-Colored Friend.spc	OST Disc	Disc Number	1
Nintendo SNES/Energy Breaker.uac	31-Heroes' Adventure.spc	OST Disc	Disc Number	1
Nintendo SNES/Energy Breaker.uac	32-Mania of the Past.spc	OST Disc	Disc Number	1
Nintendo SNES/Energy Breaker.uac	33-To the Blue Horizon.spc	OST Disc	Disc Number	1
Nintendo SNES/Energy Breaker.uac	34-Broken-Hearted Ones.spc	OST Disc	Disc Number	1
Nintendo SNES/Energy Breaker.uac	35-Four Powers.spc	OST Disc	Disc Number	1
Nintendo SNES/Energy Breaker.uac	36-Those Which were Left Behind.spc	OST Disc	Disc Number	1
Nintendo SNES/Energy Breaker.uac	37-Collapse of the Cycle of Rebirth.spc	OST Disc	Disc Number	1
Nintendo SNES/Energy Breaker.uac	38-Those Who Unite the Bottom of the Earth.spc	OST Disc	Disc Number	1
Nintendo SNES/Energy Breaker.uac	39-Illegitimate Child.spc	OST Disc	Disc Number	1
Nintendo SNES/Energy Breaker.uac	40-The Ruins of the Rain.spc	OST Disc	Disc Number	1
Nintendo SNES/Energy Breaker.uac	41-Cursed Daybreak.spc	OST Disc	Disc Number	1
Nintendo SNES/Energy Breaker.uac	42-The Prayer Bells do not Toll.spc	OST Disc	Disc Number	1
Nintendo SNES/Energy Breaker.uac	43-Pontiff.spc	OST Disc	Disc Number	1
Nintendo SNES/Energy Breaker.uac	44-Grand Victory.spc	OST Disc	Disc Number	1
Nintendo SNES/Energy Breaker.uac	45-Only Pulifia Petals Fall.spc	OST Disc	Disc Number	1
Nintendo SNES/Energy Breaker.uac	46-Pulifia Flowers.spc	OST Disc	Disc Number	1
Nintendo SNES/Energy Breaker.uac	47-The Rest of the Story.spc	OST Disc	Disc Number	1
Nintendo SNES/Energy Breaker.uac	48-Loss of the Game.spc	OST Disc	Disc Number	1
Nintendo SNES/Estpolis Denki (Lufia and the Fortress of Doom).uac	00-Departure.spc	OST Disc	Disc Number	2
Nintendo SNES/Estpolis Denki (Lufia and the Fortress of Doom).uac	01-The Battle of the Island in the Void.spc	OST Disc	Disc Number	2
Nintendo SNES/Estpolis Denki (Lufia and the Fortress of Doom).uac	02-Last Battle.spc	OST Disc	Disc Number	2
Nintendo SNES/Estpolis Denki (Lufia and the Fortress of Doom).uac	03-The Spoils of War.spc	OST Disc	Disc Number	2
Nintendo SNES/Estpolis Denki (Lufia and the Fortress of Doom).uac	04-99 Years Later.spc	OST Disc	Disc Number	2
Nintendo SNES/Estpolis Denki (Lufia and the Fortress of Doom).uac	05-Town.spc	OST Disc	Disc Number	2
Nintendo SNES/Estpolis Denki (Lufia and the Fortress of Doom).uac	06-Shopping.spc	OST Disc	Disc Number	2
Nintendo SNES/Estpolis Denki (Lufia and the Fortress of Doom).uac	07-Good Night.spc	OST Disc	Disc Number	2
Nintendo SNES/Estpolis Denki (Lufia and the Fortress of Doom).uac	08-Pulifia Flowers.spc	OST Disc	Disc Number	2
Nintendo SNES/Estpolis Denki (Lufia and the Fortress of Doom).uac	09-Castle.spc	OST Disc	Disc Number	2
Nintendo SNES/Estpolis Denki (Lufia and the Fortress of Doom).uac	10-The Earth.spc	OST Disc	Disc Number	2
Nintendo SNES/Estpolis Denki (Lufia and the Fortress of Doom).uac	11-Battle #1.spc	OST Disc	Disc Number	2
Nintendo SNES/Estpolis Denki (Lufia and the Fortress of Doom).uac	12-Triumph.spc	OST Disc	Disc Number	2
Nintendo SNES/Estpolis Denki (Lufia and the Fortress of Doom).uac	13-Village.spc	OST Disc	Disc Number	2
Nintendo SNES/Estpolis Denki (Lufia and the Fortress of Doom).uac	14-Cave.spc	OST Disc	Disc Number	2
Nintendo SNES/Estpolis Denki (Lufia and the Fortress of Doom).uac	15-The Ruins of Dread.spc	OST Disc	Disc Number	2
Nintendo SNES/Estpolis Denki (Lufia and the Fortress of Doom).uac	16-Wave of Evil.spc	OST Disc	Disc Number	2
Nintendo SNES/Estpolis Denki (Lufia and the Fortress of Doom).uac	17-Battle #2.spc	OST Disc	Disc Number	2
Nintendo SNES/Estpolis Denki (Lufia and the Fortress of Doom).uac	18-Port Town.spc	OST Disc	Disc Number	2
Nintendo SNES/Estpolis Denki (Lufia and the Fortress of Doom).uac	19-Parting.spc	OST Disc	Disc Number	2
Nintendo SNES/Estpolis Denki (Lufia and the Fortress of Doom).uac	20-To a New World.spc	OST Disc	Disc Number	2
Nintendo SNES/Estpolis Denki (Lufia and the Fortress of Doom).uac	21-Tower.spc	OST Disc	Disc Number	2
Nintendo SNES/Estpolis Denki (Lufia and the Fortress of Doom).uac	22-Door for Journey.spc	OST Disc	Disc Number	2
Nintendo SNES/Estpolis Denki (Lufia and the Fortress of Doom).uac	23-Lairl Shaia Labs.spc	OST Disc	Disc Number	2
Nintendo SNES/Estpolis Denki (Lufia and the Fortress of Doom).uac	24-In the Ocean.spc	OST Disc	Disc Number	2
Nintendo SNES/Estpolis Denki (Lufia and the Fortress of Doom).uac	25-Silent Shrine.spc	OST Disc	Disc Number	2
Nintendo SNES/Estpolis Denki (Lufia and the Fortress of Doom).uac	26-Underground Market.spc	OST Disc	Disc Number	2
Nintendo SNES/Estpolis Denki (Lufia and the Fortress of Doom).uac	27-Spirits of Hades.spc	OST Disc	Disc Number	2
Nintendo SNES/Estpolis Denki (Lufia and the Fortress of Doom).uac	28-To the Sky.spc	OST Disc	Disc Number	2
Nintendo SNES/Estpolis Denki (Lufia and the Fortress of Doom).uac	29-The Island in the Void.spc	OST Disc	Disc Number	2
Nintendo SNES/Estpolis Denki (Lufia and the Fortress of Doom).uac	30-Four Mad Gods.spc	OST Disc	Disc Number	2
Nintendo SNES/Estpolis Denki (Lufia and the Fortress of Doom).uac	31-Battle #3.spc	OST Disc	Disc Number	2
Nintendo SNES/Estpolis Denki (Lufia and the Fortress of Doom).uac	32-Field Motif.spc	OST Disc	Disc Number	2
Nintendo SNES/Estpolis Denki (Lufia and the Fortress of Doom).uac	33-A Reunion. And.spc	OST Disc	Disc Number	2
Nintendo SNES/Estpolis Denki (Lufia and the Fortress of Doom).uac	34-Journey's End.spc	OST Disc	Disc Number	2
Nintendo SNES/Final Fantasy 4.uac	00-The Prelude.spc	OST Disc	Disc Number	1
Nintendo SNES/Final Fantasy 4.uac	01-Red Wings.spc	OST Disc	Disc Number	1
Nintendo SNES/Final Fantasy 4.uac	02-Kingdom Baron.spc	OST Disc	Disc Number	1
Nintendo SNES/Final Fantasy 4.uac	03-Theme of Love.spc	OST Disc	Disc Number	1
Nintendo SNES/Final Fantasy 4.uac	04-Prologue.spc	OST Disc	Disc Number	1
Nintendo SNES/Final Fantasy 4.uac	05-Welcome to Our Town!.spc	OST Disc	Disc Number	1
Nintendo SNES/Final Fantasy 4.uac	06-Main Theme.spc	OST Disc	Disc Number	1
Nintendo SNES/Final Fantasy 4.uac	08-Fight 1.spc	OST Disc	Disc Number	1
Nintendo SNES/Final Fantasy 4.uac	09-Fanfare.spc	OST Disc	Disc Number	1
Nintendo SNES/Final Fantasy 4.uac	10-Hello! Big Chocobo!.spc	OST Disc	Disc Number	1
Nintendo SNES/Final Fantasy 4.uac	11-Chocobo ~ Chocobo.spc	OST Disc	Disc Number	1
Nintendo SNES/Final Fantasy 4.uac	12-Into the Darkness.spc	OST Disc	Disc Number	1
Nintendo SNES/Final Fantasy 4.uac	13-Fight 2.spc	OST Disc	Disc Number	1
Nintendo SNES/Final Fantasy 4.uac	14-Ring of Bomb.spc	OST Disc	Disc Number	1
Nintendo SNES/Final Fantasy 4.uac	15-Rydia.spc	OST Disc	Disc Number	1
Nintendo SNES/Final Fantasy 4.uac	16-Castle Damcyan.spc	OST Disc	Disc Number	1
Nintendo SNES/Final Fantasy 4.uac	17-Cry in Sorrow (part 1).spc	OST Disc	Disc Number	1
Nintendo SNES/Final Fantasy 4.uac	18-Cry in Sorrow (part 2).spc	OST Disc	Disc Number	1
Nintendo SNES/Final Fantasy 4.uac	19-Melody of Lute.spc	OST Disc	Disc Number	1
Nintendo SNES/Final Fantasy 4.uac	21-Mt. Ordeals.spc	OST Disc	Disc Number	1
Nintendo SNES/Final Fantasy 4.uac	22-Fabul.spc	OST Disc	Disc Number	1
Nintendo SNES/Final Fantasy 4.uac	23-Run!!!.spc	OST Disc	Disc Number	1
Nintendo SNES/Final Fantasy 4.uac	24-Suspicion.spc	OST Disc	Disc Number	1
Nintendo SNES/Final Fantasy 4.uac	25-Golbez, Clad in Dark.spc	OST Disc	Disc Number	1
Nintendo SNES/Final Fantasy 4.uac	26-Hey, Cid!.spc	OST Disc	Disc Number	1
Nintendo SNES/Final Fantasy 4.uac	27-Mystic Mysidia.spc	OST Disc	Disc Number	1
Nintendo SNES/Final Fantasy 4.uac	28-Long Way to Go.spc	OST Disc	Disc Number	1
Nintendo SNES/Final Fantasy 4.uac	29-Palom and Porom.spc	OST Disc	Disc Number	1
Nintendo SNES/Final Fantasy 4.uac	30-The Dreadful Fight.spc	OST Disc	Disc Number	1
Nintendo SNES/Final Fantasy 4.uac	31-The Airship.spc	OST Disc	Disc Number	1
Nintendo SNES/Final Fantasy 4.uac	32-Toroian Beauty.spc	OST Disc	Disc Number	1
Nintendo SNES/Final Fantasy 4.uac	33-Samba de Chocobo!.spc	OST Disc	Disc Number	1
Nintendo SNES/Final Fantasy 4.uac	34-The Tower of Babel.spc	OST Disc	Disc Number	1
Nintendo SNES/Final Fantasy 4.uac	35-Somewhere in the World.spc	OST Disc	Disc Number	1
Nintendo SNES/Final Fantasy 4.uac	36-Land of Dwarves.spc	OST Disc	Disc Number	1
Nintendo SNES/Final Fantasy 4.uac	37-Giott, the Great King.spc	OST Disc	Disc Number	1
Nintendo SNES/Final Fantasy 4.uac	38-Dancing Calcobrina.spc	OST Disc	Disc Number	1
Nintendo SNES/Final Fantasy 4.uac	39-Tower of Zot.spc	OST Disc	Disc Number	1
Nintendo SNES/Final Fantasy 4.uac	40-Illusionary World.spc	OST Disc	Disc Number	1
Nintendo SNES/Final Fantasy 4.uac	41-The Big Whale.spc	OST Disc	Disc Number	1
Nintendo SNES/Final Fantasy 4.uac	42-Another Moon.spc	OST Disc	Disc Number	1
Nintendo SNES/Final Fantasy 4.uac	43-The Lunarians.spc	OST Disc	Disc Number	1
Nintendo SNES/Final Fantasy 4.uac	44-Within the Giant.spc	OST Disc	Disc Number	1
Nintendo SNES/Final Fantasy 4.uac	45-The Final Battle.spc	OST Disc	Disc Number	1
Nintendo SNES/Final Fantasy 4.uac	46-Epilogue (part 1).spc	OST Disc	Disc Number	1
Nintendo SNES/Final Fantasy 4.uac	47-Epilogue (part 2).spc	OST Disc	Disc Number	1
Nintendo SNES/Final Fantasy 4.uac	48-Epilogue (part 3).spc	OST Disc	Disc Number	1
Nintendo SNES/Final Fantasy 6.uac	00-Opening Theme (part 1).spc	OST Disc	Disc Number	1
Nintendo SNES/Final Fantasy 6.uac	01-Opening Theme (part 2).spc	OST Disc	Disc Number	1
Nintendo SNES/Final Fantasy 6.uac	02-Opening Theme (part 3).spc	OST Disc	Disc Number	1
Nintendo SNES/Final Fantasy 6.uac	03-The Mines of Narshe.spc	OST Disc	Disc Number	1
Nintendo SNES/Final Fantasy 6.uac	04-Awakening.spc	OST Disc	Disc Number	1
Nintendo SNES/Final Fantasy 6.uac	05-Locke.spc	OST Disc	Disc Number	1
Nintendo SNES/Final Fantasy 6.uac	06-Battle Theme.spc	OST Disc	Disc Number	1
Nintendo SNES/Final Fantasy 6.uac	07-Fanfare.spc	OST Disc	Disc Number	1
Nintendo SNES/Final Fantasy 6.uac	08-Edgar and Sabin.spc	OST Disc	Disc Number	1
Nintendo SNES/Final Fantasy 6.uac	09-Kefka.spc	OST Disc	Disc Number	1
Nintendo SNES/Final Fantasy 6.uac	10-Mt. Koltz.spc	OST Disc	Disc Number	1
Nintendo SNES/Final Fantasy 6.uac	11-Returners.spc	OST Disc	Disc Number	1
Nintendo SNES/Final Fantasy 6.uac	12-Shadow.spc	OST Disc	Disc Number	1
Nintendo SNES/Final Fantasy 6.uac	13-Troops March on.spc	OST Disc	Disc Number	1
Nintendo SNES/Final Fantasy 6.uac	14-Cyan.spc	OST Disc	Disc Number	1
Nintendo SNES/Final Fantasy 6.uac	15-The Unforgiven.spc	OST Disc	Disc Number	1
Nintendo SNES/Final Fantasy 6.uac	16-The Phantom Forest.spc	OST Disc	Disc Number	1
Nintendo SNES/Final Fantasy 6.uac	17-The Phantom Train.spc	OST Disc	Disc Number	1
Nintendo SNES/Final Fantasy 6.uac	18-Wild West.spc	OST Disc	Disc Number	1
Nintendo SNES/Final Fantasy 6.uac	19-Gau.spc	OST Disc	Disc Number	1
Nintendo SNES/Final Fantasy 6.uac	20-The Serpent Trench.spc	OST Disc	Disc Number	1
Nintendo SNES/Final Fantasy 6.uac	21-Kids Run Through the City.spc	OST Disc	Disc Number	1
Nintendo SNES/Final Fantasy 6.uac	22-Under Martial Law.spc	OST Disc	Disc Number	1
Nintendo SNES/Final Fantasy 6.uac	23-Celes.spc	OST Disc	Disc Number	1
Nintendo SNES/Final Fantasy 6.uac	24-Save Them!.spc	OST Disc	Disc Number	1
Nintendo SNES/Final Fantasy 6.uac	25-The Decisive Battle.spc	OST Disc	Disc Number	1
Nintendo SNES/Final Fantasy 6.uac	26-Metamorphasis.spc	OST Disc	Disc Number	1
Nintendo SNES/Final Fantasy 6.uac	27-Terra.spc	OST Disc	Disc Number	2
Nintendo SNES/Final Fantasy 6.uac	28-Coin Song.spc	OST Disc	Disc Number	2
Nintendo SNES/Final Fantasy 6.uac	29-Techno de Chocobo.spc	OST Disc	Disc Number	2
Nintendo SNES/Final Fantasy 6.uac	30-Forever Rachel!.spc	OST Disc	Disc Number	2
Nintendo SNES/Final Fantasy 6.uac	31-Slam Shuffle.spc	OST Disc	Disc Number	2
Nintendo SNES/Final Fantasy 6.uac	32-Spinach Rag.spc	OST Disc	Disc Number	2
Nintendo SNES/Final Fantasy 6.uac	33-Overture (part 1).spc	OST Disc	Disc Number	2
Nintendo SNES/Final Fantasy 6.uac	34-Overture (part 2).spc	OST Disc	Disc Number	2
Nintendo SNES/Final Fantasy 6.uac	35-Overture (part 3).spc	OST Disc	Disc Number	2
Nintendo SNES/Final Fantasy 6.uac	36-Aria de Mezzo Carattere.spc	OST Disc	Disc Number	2
Nintendo SNES/Final Fantasy 6.uac	37-The Wedding Waltz-Duel (part 1).spc	OST Disc	Disc Number	2
Nintendo SNES/Final Fantasy 6.uac	38-The Wedding Waltz-Duel (part 2).spc	OST Disc	Disc Number	2
Nintendo SNES/Final Fantasy 6.uac	39-The Wedding Waltz-Duel (part 3).spc	OST Disc	Disc Number	2
Nintendo SNES/Final Fantasy 6.uac	40-The Wedding Waltz-Duel (part 4).spc	OST Disc	Disc Number	2
Nintendo SNES/Final Fantasy 6.uac	41-Grand Finale (part 1).spc	OST Disc	Disc Number	2
Nintendo SNES/Final Fantasy 6.uac	42-Grand Finale (part 2).spc	OST Disc	Disc Number	2
Nintendo SNES/Final Fantasy 6.uac	43-Setzer.spc	OST Disc	Disc Number	2
Nintendo SNES/Final Fantasy 6.uac	44-Johnny C. Bad.spc	OST Disc	Disc Number	2
Nintendo SNES/Final Fantasy 6.uac	45-The Empire Gestahl.spc	OST Disc	Disc Number	2
Nintendo SNES/Final Fantasy 6.uac	46-Devil's Lab.spc	OST Disc	Disc Number	2
Nintendo SNES/Final Fantasy 6.uac	47-Blackjack.spc	OST Disc	Disc Number	2
Nintendo SNES/Final Fantasy 6.uac	48-Untitled.spc	OST Disc	Disc Number	2
Nintendo SNES/Final Fantasy 6.uac	49-Mog.spc	OST Disc	Disc Number	2
Nintendo SNES/Final Fantasy 6.uac	50-Strago.spc	OST Disc	Disc Number	2
Nintendo SNES/Final Fantasy 6.uac	51-Relm.spc	OST Disc	Disc Number	2
Nintendo SNES/Final Fantasy 6.uac	52-Another World of Beasts.spc	OST Disc	Disc Number	2
Nintendo SNES/Final Fantasy 6.uac	53-New Continent.spc	OST Disc	Disc Number	3
Nintendo SNES/Final Fantasy 6.uac	54-Catastrophe.spc	OST Disc	Disc Number	3
Nintendo SNES/Final Fantasy 6.uac	55-The Fierce Battle.spc	OST Disc	Disc Number	3
Nintendo SNES/Final Fantasy 6.uac	56-Rest in Peace.spc	OST Disc	Disc Number	3
Nintendo SNES/Final Fantasy 6.uac	57-Dark World.spc	OST Disc	Disc Number	3
Nintendo SNES/Final Fantasy 6.uac	58-The Day After.spc	OST Disc	Disc Number	3
Nintendo SNES/Final Fantasy 6.uac	59-Searching for Friends.spc	OST Disc	Disc Number	3
Nintendo SNES/Final Fantasy 6.uac	60-Gogo.spc	OST Disc	Disc Number	3
Nintendo SNES/Final Fantasy 6.uac	61-Epitaph.spc	OST Disc	Disc Number	3
Nintendo SNES/Final Fantasy 6.uac	62-The Magic House.spc	OST Disc	Disc Number	3
Nintendo SNES/Final Fantasy 6.uac	63-Umaro.spc	OST Disc	Disc Number	3
Nintendo SNES/Final Fantasy 6.uac	64-Fanatics.spc	OST Disc	Disc Number	3
Nintendo SNES/Final Fantasy 6.uac	65-Last Dungeon.spc	OST Disc	Disc Number	3
Nintendo SNES/Final Fantasy 6.uac	66-Dancing Mad (part 1).spc	OST Disc	Disc Number	3
Nintendo SNES/Final Fantasy 6.uac	67-Dancing Mad (part 2).spc	OST Disc	Disc Number	3
Nintendo SNES/Final Fantasy 6.uac	68-Dancing Mad (part 3).spc	OST Disc	Disc Number	3
Nintendo SNES/Final Fantasy 6.uac	69-Dancing Mad (part 4).spc	OST Disc	Disc Number	3
Nintendo SNES/Final Fantasy 6.uac	70-Dancing Mad (part 5).spc	OST Disc	Disc Number	3
Nintendo SNES/Final Fantasy 6.uac	71-Ending Theme (part 1).spc	OST Disc	Disc Number	3
Nintendo SNES/Final Fantasy 6.uac	72-Ending Theme (part 2).spc	OST Disc	Disc Number	3
Nintendo SNES/Final Fantasy 6.uac	73-The Prelude.spc	OST Disc	Disc Number	3
Nintendo SNES/Final Fantasy 6.uac	74-Dancing Mad (Full).spc	OST Disc	Disc Number	3
Nintendo SNES/Final Fantasy USA - Mystic Quest.uac	00-Mystic Quest.spc	OST Disc	Disc Number	1
Nintendo SNES/Final Fantasy USA - Mystic Quest.uac	01-Hill of Fate.spc	OST Disc	Disc Number	1
Nintendo SNES/Final Fantasy USA - Mystic Quest.uac	02-World.spc	OST Disc	Disc Number	1
Nintendo SNES/Final Fantasy USA - Mystic Quest.uac	03-Beautiful Forest.spc	OST Disc	Disc Number	1
Nintendo SNES/Final Fantasy USA - Mystic Quest.uac	04-Battle 1.spc	OST Disc	Disc Number	1
Nintendo SNES/Final Fantasy USA - Mystic Quest.uac	05-Victory Fanfare.spc	OST Disc	Disc Number	1
Nintendo SNES/Final Fantasy USA - Mystic Quest.uac	06-City of Forest.spc	OST Disc	Disc Number	1
Nintendo SNES/Final Fantasy USA - Mystic Quest.uac	07-Fossil Labryrinth.spc	OST Disc	Disc Number	1
Nintendo SNES/Final Fantasy USA - Mystic Quest.uac	08-Battle 2.spc	OST Disc	Disc Number	1
Nintendo SNES/Final Fantasy USA - Mystic Quest.uac	09-Middle Tower.spc	OST Disc	Disc Number	1
Nintendo SNES/Final Fantasy USA - Mystic Quest.uac	10-Shrine of Light.spc	OST Disc	Disc Number	1
Nintendo SNES/Final Fantasy USA - Mystic Quest.uac	11-Rock Theme.spc	OST Disc	Disc Number	1
Nintendo SNES/Final Fantasy USA - Mystic Quest.uac	12-Fanfare of Friendship.spc	OST Disc	Disc Number	1
Nintendo SNES/Final Fantasy USA - Mystic Quest.uac	13-Dungeon of Ice.spc	OST Disc	Disc Number	1
Nintendo SNES/Final Fantasy USA - Mystic Quest.uac	14-Dungeon and Waterfall.spc	OST Disc	Disc Number	1
Nintendo SNES/Final Fantasy USA - Mystic Quest.uac	15-City of Fire ~ Faeria.spc	OST Disc	Disc Number	1
Nintendo SNES/Final Fantasy USA - Mystic Quest.uac	16-Rock 'n' Roll.spc	OST Disc	Disc Number	1
Nintendo SNES/Final Fantasy USA - Mystic Quest.uac	17-Lava Dome.spc	OST Disc	Disc Number	1
Nintendo SNES/Final Fantasy USA - Mystic Quest.uac	18-City of Wind ~ Windaria.spc	OST Disc	Disc Number	1
Nintendo SNES/Final Fantasy USA - Mystic Quest.uac	19-Mountain Range of Whirlwinds.spc	OST Disc	Disc Number	1
Nintendo SNES/Final Fantasy USA - Mystic Quest.uac	20-The Crystal.spc	OST Disc	Disc Number	1
Nintendo SNES/Final Fantasy USA - Mystic Quest.uac	21-Last Castle.spc	OST Disc	Disc Number	1
Nintendo SNES/Final Fantasy USA - Mystic Quest.uac	22-Battle 3.spc	OST Disc	Disc Number	1
Nintendo SNES/Final Fantasy USA - Mystic Quest.uac	23-Mystic Ballad.spc	OST Disc	Disc Number	1
Nintendo SNES/Final Fantasy USA - Mystic Quest.uac	24-Ending.spc	OST Disc	Disc Number	1
Nintendo SNES/Final Fantasy V.uac	00-Ahead on our Way.spc	OST Disc	Disc Number	1
Nintendo SNES/Final Fantasy V.uac	01-A Presentiment.spc	OST Disc	Disc Number	1
Nintendo SNES/Final Fantasy V.uac	02-Four Valiant Hearts.spc	OST Disc	Disc Number	1
Nintendo SNES/Final Fantasy V.uac	03-Hurry! Hurry!.spc	OST Disc	Disc Number	1
Nintendo SNES/Final Fantasy V.uac	04-Lenna's Theme.spc	OST Disc	Disc Number	1
Nintendo SNES/Final Fantasy V.uac	05-Fate in Haze.spc	OST Disc	Disc Number	1
Nintendo SNES/Final Fantasy V.uac	06-The Battle.spc	OST Disc	Disc Number	1
Nintendo SNES/Final Fantasy V.uac	07-Victory's Fanfare.spc	OST Disc	Disc Number	1
Nintendo SNES/Final Fantasy V.uac	08-Requiem.spc	OST Disc	Disc Number	1
Nintendo SNES/Final Fantasy V.uac	09-Pirates Ahoy!.spc	OST Disc	Disc Number	1
Nintendo SNES/Final Fantasy V.uac	10-Tenderness in the Air.spc	OST Disc	Disc Number	1
Nintendo SNES/Final Fantasy V.uac	11-Good Night!.spc	OST Disc	Disc Number	1
Nintendo SNES/Final Fantasy V.uac	12-Sealed Away.spc	OST Disc	Disc Number	1
Nintendo SNES/Final Fantasy V.uac	13-Cursed Earths.spc	OST Disc	Disc Number	1
Nintendo SNES/Final Fantasy V.uac	14-Deception.spc	OST Disc	Disc Number	1
Nintendo SNES/Final Fantasy V.uac	15-Harvest.spc	OST Disc	Disc Number	1
Nintendo SNES/Final Fantasy V.uac	16-Walking the Snowy Mountains.spc	OST Disc	Disc Number	1
Nintendo SNES/Final Fantasy V.uac	17-Danger!.spc	OST Disc	Disc Number	1
Nintendo SNES/Final Fantasy V.uac	18-The Fierce Battle.spc	OST Disc	Disc Number	1
Nintendo SNES/Final Fantasy V.uac	19-The Dragon Spreads it's Wings.spc	OST Disc	Disc Number	1
Nintendo SNES/Final Fantasy V.uac	20-Royal Palace.spc	OST Disc	Disc Number	1
Nintendo SNES/Final Fantasy V.uac	21-The Fire Powered Ship.spc	OST Disc	Disc Number	1
Nintendo SNES/Final Fantasy V.uac	22-Run!.spc	OST Disc	Disc Number	1
Nintendo SNES/Final Fantasy V.uac	23-Nostalgia.spc	OST Disc	Disc Number	1
Nintendo SNES/Final Fantasy V.uac	24-The Ancient Library.spc	OST Disc	Disc Number	1
Nintendo SNES/Final Fantasy V.uac	25-Reminiscence.spc	OST Disc	Disc Number	1
Nintendo SNES/Final Fantasy V.uac	26-Musica Machina.spc	OST Disc	Disc Number	1
Nintendo SNES/Final Fantasy V.uac	27-The Day Will Come.spc	OST Disc	Disc Number	1
Nintendo SNES/Final Fantasy V.uac	28-What.spc	OST Disc	Disc Number	1
Nintendo SNES/Final Fantasy V.uac	29-Mambo de Chocobo!.spc	OST Disc	Disc Number	1
Nintendo SNES/Final Fantasy V.uac	30-My Home, Sweet Home.spc	OST Disc	Disc Number	1
Nintendo SNES/Final Fantasy V.uac	31-Music Box.spc	OST Disc	Disc Number	1
Nintendo SNES/Final Fantasy V.uac	32-The Airship.spc	OST Disc	Disc Number	1
Nintendo SNES/Final Fantasy V.uac	33-The Evil Lord Exdeath.spc	OST Disc	Disc Number	1
Nintendo SNES/Final Fantasy V.uac	34-Exdeath's Castle.spc	OST Disc	Disc Number	2
Nintendo SNES/Final Fantasy V.uac	35-The Four Warriors of Dawn.spc	OST Disc	Disc Number	2
Nintendo SNES/Final Fantasy V.uac	36-Battle with Gilgamesh.spc	OST Disc	Disc Number	2
Nintendo SNES/Final Fantasy V.uac	37-Unknown Lands.spc	OST Disc	Disc Number	2
Nintendo SNES/Final Fantasy V.uac	38-Critter Tripper Fritter!.spc	OST Disc	Disc Number	2
Nintendo SNES/Final Fantasy V.uac	39-The Castle of Dawn.spc	OST Disc	Disc Number	2
Nintendo SNES/Final Fantasy V.uac	40-Beyond the Deep Blue Sea.spc	OST Disc	Disc Number	2
Nintendo SNES/Final Fantasy V.uac	41-As I Feel, You Feel.spc	OST Disc	Disc Number	2
Nintendo SNES/Final Fantasy V.uac	42-Waltz Suomi.spc	OST Disc	Disc Number	2
Nintendo SNES/Final Fantasy V.uac	43-Go Go Boco!.spc	OST Disc	Disc Number	2
Nintendo SNES/Final Fantasy V.uac	44-The Land Unknown.spc	OST Disc	Disc Number	2
Nintendo SNES/Final Fantasy V.uac	45-The Book of Sealings.spc	OST Disc	Disc Number	2
Nintendo SNES/Final Fantasy V.uac	46-Intension of the Earth.spc	OST Disc	Disc Number	2
Nintendo SNES/Final Fantasy V.uac	47-The Prelude of Empty Skies.spc	OST Disc	Disc Number	2
Nintendo SNES/Final Fantasy V.uac	48-Searching the Light.spc	OST Disc	Disc Number	2
Nintendo SNES/Final Fantasy V.uac	49-The Decisive Battle.spc	OST Disc	Disc Number	2
Nintendo SNES/Final Fantasy V.uac	50-The Last Battle.spc	OST Disc	Disc Number	2
Nintendo SNES/Final Fantasy V.uac	51-The Silent Beyond.spc	OST Disc	Disc Number	2
Nintendo SNES/Final Fantasy V.uac	52-Dear Friends.spc	OST Disc	Disc Number	2
Nintendo SNES/Final Fantasy V.uac	53-Final Fantasy.spc	OST Disc	Disc Number	2
Nintendo SNES/Final Fantasy V.uac	54-A New Origin.spc	OST Disc	Disc Number	2
Nintendo SNES/Final Fantasy V.uac	55-The Prelude.spc	OST Disc	Disc Number	2
Nintendo SNES/Final Fantasy V.uac	56-Fanfare 1.spc	OST Disc	Disc Number	2
Nintendo SNES/Final Fantasy V.uac	57-Fanfare 2.spc	OST Disc	Disc Number	2
Nintendo SNES/Final Fantasy V.uac	58-I'm a Dancer.spc	OST Disc	Disc Number	2
Nintendo SNES/Final Fantasy V.uac	59-Piano Lesson 1.spc	OST Disc	Disc Number	2
Nintendo SNES/Final Fantasy V.uac	60-Piano Lesson 2.spc	OST Disc	Disc Number	2
Nintendo SNES/Final Fantasy V.uac	61-Piano Lesson 3.spc	OST Disc	Disc Number	2
Nintendo SNES/Final Fantasy V.uac	62-Piano Lesson 4.spc	OST Disc	Disc Number	2
Nintendo SNES/Final Fantasy V.uac	63-Piano Lesson 5.spc	OST Disc	Disc Number	2
Nintendo SNES/Final Fantasy V.uac	64-Piano Lesson 6.spc	OST Disc	Disc Number	2
Nintendo SNES/Final Fantasy V.uac	65-Piano Lesson 7.spc	OST Disc	Disc Number	2
Nintendo SNES/Final Fantasy V.uac	66-Piano Lesson 8.spc	OST Disc	Disc Number	2
Nintendo SNES/Fire Emblem - Monshou no Nazo (JP).uac	00-Opening Theme ~ Mystery of the Emblem.spc	OST Disc	Disc Number	1
Nintendo SNES/Fire Emblem - Monshou no Nazo (JP).uac	01-Tapestry ~ Naga's Elegy.spc	OST Disc	Disc Number	1
Nintendo SNES/Fire Emblem - Monshou no Nazo (JP).uac	02-Main Theme ~ Fire Emblem.spc	OST Disc	Disc Number	1
Nintendo SNES/Fire Emblem - Monshou no Nazo (JP).uac	03-Akanea's Anthem.spc	OST Disc	Disc Number	1
Nintendo SNES/Fire Emblem - Monshou no Nazo (JP).uac	04-Mystery of the Emblem.spc	OST Disc	Disc Number	1
Nintendo SNES/Fire Emblem - Monshou no Nazo (JP).uac	05-Starting a New Journey.spc	OST Disc	Disc Number	1
Nintendo SNES/Fire Emblem - Monshou no Nazo (JP).uac	06-War of Heroes.spc	OST Disc	Disc Number	1
Nintendo SNES/Fire Emblem - Monshou no Nazo (JP).uac	07-Dragon's Altar.spc	OST Disc	Disc Number	1
Nintendo SNES/Fire Emblem - Monshou no Nazo (JP).uac	08-March.spc	OST Disc	Disc Number	1
Nintendo SNES/Fire Emblem - Monshou no Nazo (JP).uac	09-Invasion.spc	OST Disc	Disc Number	1
Nintendo SNES/Fire Emblem - Monshou no Nazo (JP).uac	10-Liberation.spc	OST Disc	Disc Number	1
Nintendo SNES/Fire Emblem - Monshou no Nazo (JP).uac	11-Holy War.spc	OST Disc	Disc Number	1
Nintendo SNES/Fire Emblem - Monshou no Nazo (JP).uac	12-Victory is Ours.spc	OST Disc	Disc Number	1
Nintendo SNES/Fire Emblem - Monshou no Nazo (JP).uac	13-Rebellion.spc	OST Disc	Disc Number	1
Nintendo SNES/Fire Emblem - Monshou no Nazo (JP).uac	14-For Whose Sake.spc	OST Disc	Disc Number	1
Nintendo SNES/Fire Emblem - Monshou no Nazo (JP).uac	15-Attack.spc	OST Disc	Disc Number	1
Nintendo SNES/Fire Emblem - Monshou no Nazo (JP).uac	16-Defending.spc	OST Disc	Disc Number	1
Nintendo SNES/Fire Emblem - Monshou no Nazo (JP).uac	17-Hold Ground.spc	OST Disc	Disc Number	1
Nintendo SNES/Fire Emblem - Monshou no Nazo (JP).uac	18-Dancer.spc	OST Disc	Disc Number	1
Nintendo SNES/Fire Emblem - Monshou no Nazo (JP).uac	19-Feena.spc	OST Disc	Disc Number	1
Nintendo SNES/Fire Emblem - Monshou no Nazo (JP).uac	20-Dark Emperor.spc	OST Disc	Disc Number	1
Nintendo SNES/Fire Emblem - Monshou no Nazo (JP).uac	21-Dark Earth Dragon.spc	OST Disc	Disc Number	1
Nintendo SNES/Fire Emblem - Monshou no Nazo (JP).uac	22-Off to War.spc	OST Disc	Disc Number	1
Nintendo SNES/Fire Emblem - Monshou no Nazo (JP).uac	23-Destiny.spc	OST Disc	Disc Number	1
Nintendo SNES/Fire Emblem - Monshou no Nazo (JP).uac	24-Conspiracy.spc	OST Disc	Disc Number	1
Nintendo SNES/Fire Emblem - Monshou no Nazo (JP).uac	25-Different World.spc	OST Disc	Disc Number	1
Nintendo SNES/Fire Emblem - Monshou no Nazo (JP).uac	26-Love Theme.spc	OST Disc	Disc Number	1
Nintendo SNES/Fire Emblem - Monshou no Nazo (JP).uac	27-Encounter Theme.spc	OST Disc	Disc Number	1
Nintendo SNES/Fire Emblem - Monshou no Nazo (JP).uac	28-Ricard.spc	OST Disc	Disc Number	1
Nintendo SNES/Fire Emblem - Monshou no Nazo (JP).uac	29-Victory.spc	OST Disc	Disc Number	1
Nintendo SNES/Fire Emblem - Monshou no Nazo (JP).uac	30-Evil Ones.spc	OST Disc	Disc Number	1
Nintendo SNES/Fire Emblem - Monshou no Nazo (JP).uac	31-God Dragon Legend 1.spc	OST Disc	Disc Number	1
Nintendo SNES/Fire Emblem - Monshou no Nazo (JP).uac	32-God Dragon Legend 2.spc	OST Disc	Disc Number	1
Nintendo SNES/Fire Emblem - Monshou no Nazo (JP).uac	33-Village Girl.spc	OST Disc	Disc Number	1
Nintendo SNES/Fire Emblem - Monshou no Nazo (JP).uac	34-Sad Villager.spc	OST Disc	Disc Number	1
Nintendo SNES/Fire Emblem - Monshou no Nazo (JP).uac	35-Ending.spc	OST Disc	Disc Number	1
Nintendo SNES/Fire Emblem - Monshou no Nazo (JP).uac	36-Ending Medley.spc	OST Disc	Disc Number	1
Nintendo SNES/Fire Emblem - Monshou no Nazo (JP).uac	37-Epilogue.spc	OST Disc	Disc Number	1
Nintendo SNES/Fire Emblem Thracia 776.uac	00-Thracia 776 - The Beginning.spc	OST Disc	Disc Number	1
Nintendo SNES/Fire Emblem Thracia 776.uac	01-Thracia 776 - Theme of Fire Emblem.spc	OST Disc	Disc Number	1
Nintendo SNES/Fire Emblem Thracia 776.uac	02-Thracia 776 - Map A.spc	OST Disc	Disc Number	1
Nintendo SNES/Fire Emblem Thracia 776.uac	03-Thracia 776 - Map B - A.spc	OST Disc	Disc Number	1
Nintendo SNES/Fire Emblem Thracia 776.uac	04-Thracia 776 - Map B - B.spc	OST Disc	Disc Number	1
Nintendo SNES/Fire Emblem Thracia 776.uac	05-Thracia 776 - Map C.spc	OST Disc	Disc Number	1
Nintendo SNES/Fire Emblem Thracia 776.uac	06-Thracia 776 - Sortie.spc	OST Disc	Disc Number	1
Nintendo SNES/Fire Emblem Thracia 776.uac	07-The Army of Leif Seeks Victory - Base.spc	OST Disc	Disc Number	1
Nintendo SNES/Fire Emblem Thracia 776.uac	08-The Army of Leif Seeks Victory - Charge A.spc	OST Disc	Disc Number	1
Nintendo SNES/Fire Emblem Thracia 776.uac	09-The Army of Leif Seeks Victory - Charge B.spc	OST Disc	Disc Number	1
Nintendo SNES/Fire Emblem Thracia 776.uac	10-The Army of Leif Seeks Victory - Adversity.spc	OST Disc	Disc Number	1
Nintendo SNES/Fire Emblem Thracia 776.uac	11-The Army of Leif Seeks Victory - Close to Victory.spc	OST Disc	Disc Number	1
Nintendo SNES/Fire Emblem Thracia 776.uac	12-The Army of Leif Seeks Victory - Close to Defeat.spc	OST Disc	Disc Number	1
Nintendo SNES/Fire Emblem Thracia 776.uac	13-The Army of Leif Seeks Victory - Search for the Enemy.spc	OST Disc	Disc Number	1
Nintendo SNES/Fire Emblem Thracia 776.uac	14-The Army of Leif Seeks Victory - Leif.spc	OST Disc	Disc Number	1
Nintendo SNES/Fire Emblem Thracia 776.uac	15-The Threat Draws Near - Base A.spc	OST Disc	Disc Number	1
Nintendo SNES/Fire Emblem Thracia 776.uac	16-The Threat Draws Near - Base B.spc	OST Disc	Disc Number	1
Nintendo SNES/Fire Emblem Thracia 776.uac	17-The Threat Draws Near - Charge.spc	OST Disc	Disc Number	1
Nintendo SNES/Fire Emblem Thracia 776.uac	18-The Threat Draws Near - Priest of Darkness.spc	OST Disc	Disc Number	1
Nintendo SNES/Fire Emblem Thracia 776.uac	19-The Threat Draws Near - Search for the Enemy.spc	OST Disc	Disc Number	1
Nintendo SNES/Fire Emblem Thracia 776.uac	20-The Threat Draws Near - The Final Chapter.spc	OST Disc	Disc Number	1
Nintendo SNES/Fire Emblem Thracia 776.uac	21-Spread Justice - Offense.spc	OST Disc	Disc Number	1
Nintendo SNES/Fire Emblem Thracia 776.uac	22-Spread Justice - Defense.spc	OST Disc	Disc Number	1
Nintendo SNES/Fire Emblem Thracia 776.uac	23-Spread Justice - Recovery Magic A.spc	OST Disc	Disc Number	1
Nintendo SNES/Fire Emblem Thracia 776.uac	24-Spread Justice - Recovery Magic B.spc	OST Disc	Disc Number	1
Nintendo SNES/Fire Emblem Thracia 776.uac	25-Spread Justice - Dancer.spc	OST Disc	Disc Number	1
Nintendo SNES/Fire Emblem Thracia 776.uac	26-Spread Justice - Class Change.spc	OST Disc	Disc Number	1
Nintendo SNES/Fire Emblem Thracia 776.uac	27-Spread Justice - Boss Fight.spc	OST Disc	Disc Number	1
Nintendo SNES/Fire Emblem Thracia 776.uac	28-Spread Justice - Fight with Laydrick.spc	OST Disc	Disc Number	1
Nintendo SNES/Fire Emblem Thracia 776.uac	29-Spread Justice - Fight with Beld.spc	OST Disc	Disc Number	1
Nintendo SNES/Fire Emblem Thracia 776.uac	30-Spread Justice - Battle in the Place of Hand-to-Hand Fighting.spc	OST Disc	Disc Number	1
Nintendo SNES/Fire Emblem Thracia 776.uac	31-Spread Justice - Level Up A.spc	OST Disc	Disc Number	1
Nintendo SNES/Fire Emblem Thracia 776.uac	32-Spread Justice - Level Up B.spc	OST Disc	Disc Number	1
Nintendo SNES/Fire Emblem Thracia 776.uac	33-In the Midst of Battle - Crisis.spc	OST Disc	Disc Number	1
Nintendo SNES/Fire Emblem Thracia 776.uac	34-In the Midst of Battle - Charge.spc	OST Disc	Disc Number	1
Nintendo SNES/Fire Emblem Thracia 776.uac	35-In the Midst of Battle - Destiny.spc	OST Disc	Disc Number	1
Nintendo SNES/Fire Emblem Thracia 776.uac	36-In the Midst of Battle - Army A.spc	OST Disc	Disc Number	1
Nintendo SNES/Fire Emblem Thracia 776.uac	37-In the Midst of Battle - Savage Tribe.spc	OST Disc	Disc Number	1
Nintendo SNES/Fire Emblem Thracia 776.uac	38-In the Midst of Battle - Laydrick.spc	OST Disc	Disc Number	1
Nintendo SNES/Fire Emblem Thracia 776.uac	39-In the Midst of Battle - Lopto A.spc	OST Disc	Disc Number	1
Nintendo SNES/Fire Emblem Thracia 776.uac	40-In the Midst of Battle - Thracia.spc	OST Disc	Disc Number	1
Nintendo SNES/Fire Emblem Thracia 776.uac	41-In the Midst of Battle - Lopto B.spc	OST Disc	Disc Number	1
Nintendo SNES/Fire Emblem Thracia 776.uac	42-In the Midst of Battle - Army B.spc	OST Disc	Disc Number	1
Nintendo SNES/Fire Emblem Thracia 776.uac	43-Chapter's End - Victory.spc	OST Disc	Disc Number	2
Nintendo SNES/Fire Emblem Thracia 776.uac	44-Chapter's End - Victory Minor.spc	OST Disc	Disc Number	2
Nintendo SNES/Fire Emblem Thracia 776.uac	45-Chapter's End - August Speaks A.spc	OST Disc	Disc Number	2
Nintendo SNES/Fire Emblem Thracia 776.uac	46-Chapter's End - August Speaks B.spc	OST Disc	Disc Number	2
Nintendo SNES/Fire Emblem Thracia 776.uac	47-Chapter's End - Leif Defeated.spc	OST Disc	Disc Number	2
Nintendo SNES/Fire Emblem Thracia 776.uac	48-Chapter's End - Conquest.spc	OST Disc	Disc Number	2
Nintendo SNES/Fire Emblem Thracia 776.uac	49-In-Chapter - Arena - Acceptance.spc	OST Disc	Disc Number	2
Nintendo SNES/Fire Emblem Thracia 776.uac	50-In-Chapter - A Comrade Enters.spc	OST Disc	Disc Number	2
Nintendo SNES/Fire Emblem Thracia 776.uac	51-In-Chapter - Meeting, Meeting Again.spc	OST Disc	Disc Number	2
Nintendo SNES/Fire Emblem Thracia 776.uac	52-In-Chapter - Comical.spc	OST Disc	Disc Number	2
Nintendo SNES/Fire Emblem Thracia 776.uac	53-In-Chapter - Church.spc	OST Disc	Disc Number	2
Nintendo SNES/Fire Emblem Thracia 776.uac	54-In-Chapter - Sadness.spc	OST Disc	Disc Number	2
Nintendo SNES/Fire Emblem Thracia 776.uac	55-In-Chapter - Sara.spc	OST Disc	Disc Number	2
Nintendo SNES/Fire Emblem Thracia 776.uac	56-In-Chapter - Ayvel.spc	OST Disc	Disc Number	2
Nintendo SNES/Fire Emblem Thracia 776.uac	57-Game Over.spc	OST Disc	Disc Number	2
Nintendo SNES/Fire Emblem Thracia 776.uac	58-Ending - War Record.spc	OST Disc	Disc Number	2
Nintendo SNES/Fire Emblem Thracia 776.uac	59-Ending - Afterwards.spc	OST Disc	Disc Number	2
Nintendo SNES/Fire Emblem Thracia 776.uac	60-Ending - Ballad.spc	OST Disc	Disc Number	2
Nintendo SNES/Fire Emblem Thracia 776.uac	61-Ending - Music Box.spc	OST Disc	Disc Number	2
Nintendo SNES/Front Mission - Gun Hazard.uac	00-Gun Hazard.spc	OST Disc	Disc Number	1
Nintendo SNES/Front Mission - Gun Hazard.uac	01-Emergency.spc	OST Disc	Disc Number	1
Nintendo SNES/Front Mission - Gun Hazard.uac	02-Mission Complete.spc	OST Disc	Disc Number	1
Nintendo SNES/Front Mission - Gun Hazard.uac	03-Pull Out.spc	OST Disc	Disc Number	1
Nintendo SNES/Front Mission - Gun Hazard.uac	04-Last Words.spc	OST Disc	Disc Number	1
Nintendo SNES/Front Mission - Gun Hazard.uac	05-Tension.spc	OST Disc	Disc Number	1
Nintendo SNES/Front Mission - Gun Hazard.uac	06-Footsteps.spc	OST Disc	Disc Number	1
Nintendo SNES/Front Mission - Gun Hazard.uac	07-Shiver.spc	OST Disc	Disc Number	1
Nintendo SNES/Front Mission - Gun Hazard.uac	08-Move.spc	OST Disc	Disc Number	1
Nintendo SNES/Front Mission - Gun Hazard.uac	09-A Store Keeper.spc	OST Disc	Disc Number	1
Nintendo SNES/Front Mission - Gun Hazard.uac	10-Voice of Ark.spc	OST Disc	Disc Number	1
Nintendo SNES/Front Mission - Gun Hazard.uac	11-The President's Deadly Fight.spc	OST Disc	Disc Number	1
Nintendo SNES/Front Mission - Gun Hazard.uac	12-Ominous Wind.spc	OST Disc	Disc Number	1
Nintendo SNES/Front Mission - Gun Hazard.uac	13-Silencer.spc	OST Disc	Disc Number	1
Nintendo SNES/Front Mission - Gun Hazard.uac	14-Escape.spc	OST Disc	Disc Number	1
Nintendo SNES/Front Mission - Gun Hazard.uac	15-Richard Millman.spc	OST Disc	Disc Number	1
Nintendo SNES/Front Mission - Gun Hazard.uac	16-Cenktrich.spc	OST Disc	Disc Number	1
Nintendo SNES/Front Mission - Gun Hazard.uac	17-Enemy Raid.spc	OST Disc	Disc Number	1
Nintendo SNES/Front Mission - Gun Hazard.uac	18-Successful Attack.spc	OST Disc	Disc Number	1
Nintendo SNES/Front Mission - Gun Hazard.uac	19-Invasion.spc	OST Disc	Disc Number	1
Nintendo SNES/Front Mission - Gun Hazard.uac	20-Warning One.spc	OST Disc	Disc Number	1
Nintendo SNES/Front Mission - Gun Hazard.uac	21-Warning Two.spc	OST Disc	Disc Number	1
Nintendo SNES/Front Mission - Gun Hazard.uac	22-Genoce.spc	OST Disc	Disc Number	1
Nintendo SNES/Front Mission - Gun Hazard.uac	23-Sorrowful Karion.spc	OST Disc	Disc Number	1
Nintendo SNES/Front Mission - Gun Hazard.uac	24-Transaction.spc	OST Disc	Disc Number	1
Nintendo SNES/Front Mission - Gun Hazard.uac	25-Monologue.spc	OST Disc	Disc Number	1
Nintendo SNES/Front Mission - Gun Hazard.uac	26-Secret Story.spc	OST Disc	Disc Number	1
Nintendo SNES/Front Mission - Gun Hazard.uac	27-Galeon.spc	OST Disc	Disc Number	1
Nintendo SNES/Front Mission - Gun Hazard.uac	28-Sneak and Attack.spc	OST Disc	Disc Number	1
Nintendo SNES/Front Mission - Gun Hazard.uac	29-Blue Sky ~ Blue Sky.spc	OST Disc	Disc Number	1
Nintendo SNES/Front Mission - Gun Hazard.uac	30-Notice.spc	OST Disc	Disc Number	1
Nintendo SNES/Front Mission - Gun Hazard.uac	31-Resistence.spc	OST Disc	Disc Number	1
Nintendo SNES/Front Mission - Gun Hazard.uac	32-Naval Fortress.spc	OST Disc	Disc Number	1
Nintendo SNES/Front Mission - Gun Hazard.uac	33-Royce Felder.spc	OST Disc	Disc Number	2
Nintendo SNES/Front Mission - Gun Hazard.uac	34-A Running Fight.spc	OST Disc	Disc Number	2
Nintendo SNES/Front Mission - Gun Hazard.uac	35-A-R-K.spc	OST Disc	Disc Number	2
Nintendo SNES/Front Mission - Gun Hazard.uac	36-Remains.spc	OST Disc	Disc Number	2
Nintendo SNES/Front Mission - Gun Hazard.uac	37-Cavern.spc	OST Disc	Disc Number	2
Nintendo SNES/Front Mission - Gun Hazard.uac	38-Spark Shot.spc	OST Disc	Disc Number	2
Nintendo SNES/Front Mission - Gun Hazard.uac	39-202.spc	OST Disc	Disc Number	2
Nintendo SNES/Front Mission - Gun Hazard.uac	40-Violent Chase.spc	OST Disc	Disc Number	2
Nintendo SNES/Front Mission - Gun Hazard.uac	41-Death in Broad Daylight.spc	OST Disc	Disc Number	2
Nintendo SNES/Front Mission - Gun Hazard.uac	42-Uneasy.spc	OST Disc	Disc Number	2
Nintendo SNES/Front Mission - Gun Hazard.uac	43-Message of Genoce.spc	OST Disc	Disc Number	2
Nintendo SNES/Front Mission - Gun Hazard.uac	44-Determination.spc	OST Disc	Disc Number	2
Nintendo SNES/Front Mission - Gun Hazard.uac	45-Gardian.spc	OST Disc	Disc Number	2
Nintendo SNES/Front Mission - Gun Hazard.uac	46-Sentinel.spc	OST Disc	Disc Number	2
Nintendo SNES/Front Mission - Gun Hazard.uac	47-Trap.spc	OST Disc	Disc Number	2
Nintendo SNES/Front Mission - Gun Hazard.uac	48-Edel Ritter.spc	OST Disc	Disc Number	2
Nintendo SNES/Front Mission - Gun Hazard.uac	49-Nature.spc	OST Disc	Disc Number	2
Nintendo SNES/Front Mission - Gun Hazard.uac	50-Royce's Death.spc	OST Disc	Disc Number	2
Nintendo SNES/Front Mission - Gun Hazard.uac	51-Evil Power.spc	OST Disc	Disc Number	2
Nintendo SNES/Front Mission - Gun Hazard.uac	52-Atlas.spc	OST Disc	Disc Number	2
Nintendo SNES/Front Mission - Gun Hazard.uac	53-Approach to a Shrine.spc	OST Disc	Disc Number	2
Nintendo SNES/Front Mission - Gun Hazard.uac	54-Final Mission.spc	OST Disc	Disc Number	2
Nintendo SNES/Front Mission - Gun Hazard.uac	55-Impatience (Part 1).spc	OST Disc	Disc Number	2
Nintendo SNES/Front Mission - Gun Hazard.uac	56-Impatience (Part 2).spc	OST Disc	Disc Number	2
Nintendo SNES/Front Mission - Gun Hazard.uac	57-Promise ~ Engagement.spc	OST Disc	Disc Number	2
Nintendo SNES/Front Mission - Gun Hazard.uac	58-Heaven's Door.spc	OST Disc	Disc Number	2
Nintendo SNES/Front Mission - Gun Hazard.uac	59-Emotion.spc	OST Disc	Disc Number	2
Nintendo SNES/Front Mission - Gun Hazard.uac	60-Trial Zone.spc	OST Disc	Disc Number	2
Nintendo SNES/Front Mission.uac	00-A Minefield.spc	OST Disc	Disc Number	1
Nintendo SNES/Front Mission.uac	01-Canyon Crow.spc	OST Disc	Disc Number	1
Nintendo SNES/Front Mission.uac	02-Rise to Action.spc	OST Disc	Disc Number	1
Nintendo SNES/Front Mission.uac	03-Advanced Guard.spc	OST Disc	Disc Number	1
Nintendo SNES/Front Mission.uac	04-Mercenaries.spc	OST Disc	Disc Number	1
Nintendo SNES/Front Mission.uac	05-Take the Offensive.spc	OST Disc	Disc Number	1
Nintendo SNES/Front Mission.uac	06-The Evils of War.spc	OST Disc	Disc Number	1
Nintendo SNES/Front Mission.uac	07-Decline.spc	OST Disc	Disc Number	1
Nintendo SNES/Front Mission.uac	08-Force Stall.spc	OST Disc	Disc Number	1
Nintendo SNES/Front Mission.uac	09-Manifold Irons.spc	OST Disc	Disc Number	1
Nintendo SNES/Front Mission.uac	10-Bloody Temperature.spc	OST Disc	Disc Number	1
Nintendo SNES/Front Mission.uac	11-Relative Thinking.spc	OST Disc	Disc Number	1
Nintendo SNES/Front Mission.uac	12-Holic Shot.spc	OST Disc	Disc Number	1
Nintendo SNES/Front Mission.uac	13-Hard Drag.spc	OST Disc	Disc Number	1
Nintendo SNES/Front Mission.uac	14-More and More.spc	OST Disc	Disc Number	1
Nintendo SNES/Front Mission.uac	15-Win Back.spc	OST Disc	Disc Number	1
Nintendo SNES/Front Mission.uac	16-Raise a Flag.spc	OST Disc	Disc Number	1
Nintendo SNES/Front Mission.uac	17-The General Situation.spc	OST Disc	Disc Number	1
Nintendo SNES/Front Mission.uac	18-Shallow Twilight.spc	OST Disc	Disc Number	1
Nintendo SNES/Front Mission.uac	19-Optical City.spc	OST Disc	Disc Number	1
Nintendo SNES/Front Mission.uac	20-Coaxial Town.spc	OST Disc	Disc Number	1
Nintendo SNES/Front Mission.uac	21-Field Hospital.spc	OST Disc	Disc Number	1
Nintendo SNES/Front Mission.uac	22-Arena.spc	OST Disc	Disc Number	1
Nintendo SNES/Front Mission.uac	23-Shop.spc	OST Disc	Disc Number	1
Nintendo SNES/Front Mission.uac	24-Bar.spc	OST Disc	Disc Number	1
Nintendo SNES/Front Mission.uac	25-Setting Up.spc	OST Disc	Disc Number	1
Nintendo SNES/Front Mission.uac	26-Military Government.spc	OST Disc	Disc Number	1
Nintendo SNES/Front Mission.uac	27-Ominous.spc	OST Disc	Disc Number	1
Nintendo SNES/Front Mission.uac	28-Martial Ecologist.spc	OST Disc	Disc Number	1
Nintendo SNES/Front Mission.uac	29-Rage! Rage! Rage!.spc	OST Disc	Disc Number	1
Nintendo SNES/Front Mission.uac	30-Tension.spc	OST Disc	Disc Number	1
Nintendo SNES/Front Mission.uac	31-A Person Easily Elated.spc	OST Disc	Disc Number	1
Nintendo SNES/Front Mission.uac	32-Kalen.spc	OST Disc	Disc Number	1
Nintendo SNES/Front Mission.uac	33-Elegie.spc	OST Disc	Disc Number	1
Nintendo SNES/Front Mission.uac	34-Natalie.spc	OST Disc	Disc Number	1
Nintendo SNES/Front Mission.uac	35-Fear.spc	OST Disc	Disc Number	1
Nintendo SNES/Front Mission.uac	36-Terrible Density.spc	OST Disc	Disc Number	1
Nintendo SNES/Front Mission.uac	37-Mad Pressure.spc	OST Disc	Disc Number	1
Nintendo SNES/Front Mission.uac	38-Destructive Logic.spc	OST Disc	Disc Number	1
Nintendo SNES/Front Mission.uac	39-Defeated.spc	OST Disc	Disc Number	1
Nintendo SNES/Front Mission.uac	40-Within Living Memory.spc	OST Disc	Disc Number	1
Nintendo SNES/Front Mission.uac	41-Next Resolution.spc	OST Disc	Disc Number	1
Nintendo SNES/Getsumen no Anubis.uac	00-Lunatic Dance.spc	OST Disc	Disc Number	1
Nintendo SNES/Getsumen no Anubis.uac	01-Inside the Shuttle.spc	OST Disc	Disc Number	1
Nintendo SNES/Getsumen no Anubis.uac	02-Grand Universe.spc	OST Disc	Disc Number	1
Nintendo SNES/Getsumen no Anubis.uac	03-Twinkling Star.spc	OST Disc	Disc Number	1
Nintendo SNES/Getsumen no Anubis.uac	04-Theme of Leonard.spc	OST Disc	Disc Number	1
Nintendo SNES/Getsumen no Anubis.uac	05-Wine Table.spc	OST Disc	Disc Number	1
Nintendo SNES/Getsumen no Anubis.uac	06-Reasoning.spc	OST Disc	Disc Number	1
Nintendo SNES/Getsumen no Anubis.uac	07-Chaos.spc	OST Disc	Disc Number	1
Nintendo SNES/Getsumen no Anubis.uac	08-Suspicion.spc	OST Disc	Disc Number	1
Nintendo SNES/Getsumen no Anubis.uac	09-Unfaithfulness.spc	OST Disc	Disc Number	1
Nintendo SNES/Getsumen no Anubis.uac	10-Reminiscence.spc	OST Disc	Disc Number	1
Nintendo SNES/Getsumen no Anubis.uac	11-Recollection.spc	OST Disc	Disc Number	1
Nintendo SNES/Getsumen no Anubis.uac	12-Theme of the Partner.spc	OST Disc	Disc Number	1
Nintendo SNES/Getsumen no Anubis.uac	13-Tension.spc	OST Disc	Disc Number	1
Nintendo SNES/Getsumen no Anubis.uac	14-Escape.spc	OST Disc	Disc Number	1
Nintendo SNES/Getsumen no Anubis.uac	15-Disturbance.spc	OST Disc	Disc Number	1
Nintendo SNES/Getsumen no Anubis.uac	16-Stalker.spc	OST Disc	Disc Number	1
Nintendo SNES/Getsumen no Anubis.uac	17-Sleepless Night.spc	OST Disc	Disc Number	1
Nintendo SNES/Getsumen no Anubis.uac	18-Approaching Person.spc	OST Disc	Disc Number	1
Nintendo SNES/Getsumen no Anubis.uac	19-Cornered.spc	OST Disc	Disc Number	1
Nintendo SNES/Getsumen no Anubis.uac	20-Rest.spc	OST Disc	Disc Number	1
Nintendo SNES/Getsumen no Anubis.uac	21-Throbbing.spc	OST Disc	Disc Number	1
Nintendo SNES/Getsumen no Anubis.uac	22-Nostalgia.spc	OST Disc	Disc Number	1
Nintendo SNES/Getsumen no Anubis.uac	23-Conclusion.spc	OST Disc	Disc Number	1
Nintendo SNES/Getsumen no Anubis.uac	24-The Truth That I Saw.spc	OST Disc	Disc Number	1
Nintendo SNES/Getsumen no Anubis.uac	25-Exact Judgement.spc	OST Disc	Disc Number	1
Nintendo SNES/Getsumen no Anubis.uac	26-Not Convince.spc	OST Disc	Disc Number	1
Nintendo SNES/Getsumen no Anubis.uac	27-Cruel Dead.spc	OST Disc	Disc Number	1
Nintendo SNES/Getsumen no Anubis.uac	28-Final Credit.spc	OST Disc	Disc Number	1
Nintendo SNES/Godzilla - Kaijuu Daikessen.uac	00-Opening.spc	OST Disc	Disc Number	1
Nintendo SNES/Godzilla - Kaijuu Daikessen.uac	01-Vs. Select.spc	OST Disc	Disc Number	1
Nintendo SNES/Godzilla - Kaijuu Daikessen.uac	02-Player Monster Select.spc	OST Disc	Disc Number	1
Nintendo SNES/Godzilla - Kaijuu Daikessen.uac	03-Enemy Monster Select.spc	OST Disc	Disc Number	1
Nintendo SNES/Godzilla - Kaijuu Daikessen.uac	04-Godzilla's Theme.spc	OST Disc	Disc Number	1
Nintendo SNES/Godzilla - Kaijuu Daikessen.uac	05-The Ancient Roar.spc	OST Disc	Disc Number	1
Nintendo SNES/Godzilla - Kaijuu Daikessen.uac	06-Total Destruction.spc	OST Disc	Disc Number	1
Nintendo SNES/Godzilla - Kaijuu Daikessen.uac	07-Pulsing in the Dark.spc	OST Disc	Disc Number	1
Nintendo SNES/Godzilla - Kaijuu Daikessen.uac	08-Endless Wilderness.spc	OST Disc	Disc Number	1
Nintendo SNES/Godzilla - Kaijuu Daikessen.uac	09-The Squeaking of the Wheel.spc	OST Disc	Disc Number	1
Nintendo SNES/Godzilla - Kaijuu Daikessen.uac	10-Raging Waters.spc	OST Disc	Disc Number	1
Nintendo SNES/Godzilla - Kaijuu Daikessen.uac	11-Mothra's Song.spc	OST Disc	Disc Number	1
Nintendo SNES/Godzilla - Kaijuu Daikessen.uac	12-The Final Battle.spc	OST Disc	Disc Number	1
Nintendo SNES/Godzilla - Kaijuu Daikessen.uac	13-Armageddon at Sea.spc	OST Disc	Disc Number	1
Nintendo SNES/Godzilla - Kaijuu Daikessen.uac	14-Normal Game Win.spc	OST Disc	Disc Number	1
Nintendo SNES/Godzilla - Kaijuu Daikessen.uac	15-Normal Game Lose.spc	OST Disc	Disc Number	1
Nintendo SNES/Godzilla - Kaijuu Daikessen.uac	16-Vs. Game Win.spc	OST Disc	Disc Number	1
Nintendo SNES/Godzilla - Kaijuu Daikessen.uac	17-Continue.spc	OST Disc	Disc Number	1
Nintendo SNES/Godzilla - Kaijuu Daikessen.uac	18-Ending ~ Staff Roll.spc	OST Disc	Disc Number	1
Nintendo SNES/Godzilla - Kaijuu Daikessen.uac	19-Game Over.spc	OST Disc	Disc Number	1
Nintendo SNES/Gokujyo Parodius (Parodius 2).uac	00-Good Ol' Days.spc	OST Disc	Disc Number	1
Nintendo SNES/Gokujyo Parodius (Parodius 2).uac	01-Show Time in the Parodius.spc	OST Disc	Disc Number	1
Nintendo SNES/Gokujyo Parodius (Parodius 2).uac	02-Let's Go Together!.spc	OST Disc	Disc Number	1
Nintendo SNES/Gokujyo Parodius (Parodius 2).uac	03-Vic Viper & Lord British's Theme.spc	OST Disc	Disc Number	1
Nintendo SNES/Gokujyo Parodius (Parodius 2).uac	04-In the Crane Game.spc	OST Disc	Disc Number	1
Nintendo SNES/Gokujyo Parodius (Parodius 2).uac	05-Dancing Panda.spc	OST Disc	Disc Number	1
Nintendo SNES/Gokujyo Parodius (Parodius 2).uac	06-Takosuke & Belial's Theme.spc	OST Disc	Disc Number	1
Nintendo SNES/Gokujyo Parodius (Parodius 2).uac	07-Battleship Cat Forever.spc	OST Disc	Disc Number	1
Nintendo SNES/Gokujyo Parodius (Parodius 2).uac	08-I am Eliza.spc	OST Disc	Disc Number	1
Nintendo SNES/Gokujyo Parodius (Parodius 2).uac	09-Twinbee & Winbee's Theme.spc	OST Disc	Disc Number	1
Nintendo SNES/Gokujyo Parodius (Parodius 2).uac	10-Athletics Cry for the Candies.spc	OST Disc	Disc Number	1
Nintendo SNES/Gokujyo Parodius (Parodius 2).uac	11-Cooking Mambo.spc	OST Disc	Disc Number	1
Nintendo SNES/Gokujyo Parodius (Parodius 2).uac	12-Pentaro & Hanako's Theme.spc	OST Disc	Disc Number	1
Nintendo SNES/Gokujyo Parodius (Parodius 2).uac	13-Run! Run! Run!.spc	OST Disc	Disc Number	1
Nintendo SNES/Gokujyo Parodius (Parodius 2).uac	14-Hikaru & Akane's Theme.spc	OST Disc	Disc Number	1
Nintendo SNES/Gokujyo Parodius (Parodius 2).uac	15-Space Hit Parade.spc	OST Disc	Disc Number	1
Nintendo SNES/Gokujyo Parodius (Parodius 2).uac	16-Capsule Monster Capuchin.spc	OST Disc	Disc Number	1
Nintendo SNES/Gokujyo Parodius (Parodius 2).uac	17-Mambo & Samba's Theme.spc	OST Disc	Disc Number	1
Nintendo SNES/Gokujyo Parodius (Parodius 2).uac	18-The Brothers' Ships Move Again.spc	OST Disc	Disc Number	1
Nintendo SNES/Gokujyo Parodius (Parodius 2).uac	19-Yoshiko & Yoshio's Love.spc	OST Disc	Disc Number	1
Nintendo SNES/Gokujyo Parodius (Parodius 2).uac	20-Michael & Gabrielle's Theme.spc	OST Disc	Disc Number	1
Nintendo SNES/Gokujyo Parodius (Parodius 2).uac	21-What Do You See When You're Jumping.spc	OST Disc	Disc Number	1
Nintendo SNES/Gokujyo Parodius (Parodius 2).uac	22-Oh, Kaguya Princess!.spc	OST Disc	Disc Number	1
Nintendo SNES/Gokujyo Parodius (Parodius 2).uac	23-The Kaguya Princess's Realization.spc	OST Disc	Disc Number	1
Nintendo SNES/Gokujyo Parodius (Parodius 2).uac	24-Koitsu & Doitsu's Theme.spc	OST Disc	Disc Number	1
Nintendo SNES/Gokujyo Parodius (Parodius 2).uac	25-Baro-Baro Dancing.spc	OST Disc	Disc Number	1
Nintendo SNES/Gokujyo Parodius (Parodius 2).uac	26-Rikaon, The Beat.spc	OST Disc	Disc Number	1
Nintendo SNES/Gokujyo Parodius (Parodius 2).uac	27-Taste My Life.spc	OST Disc	Disc Number	1
Nintendo SNES/Gokujyo Parodius (Parodius 2).uac	28-Hey, The Ancient Hero!.spc	OST Disc	Disc Number	1
Nintendo SNES/Gokujyo Parodius (Parodius 2).uac	29-Loving Farewell.spc	OST Disc	Disc Number	1
Nintendo SNES/Gokujyo Parodius (Parodius 2).uac	30-Shooting Memories (part 1).spc	OST Disc	Disc Number	1
Nintendo SNES/Gokujyo Parodius (Parodius 2).uac	31-Shooting Memories (part 2).spc	OST Disc	Disc Number	1
Nintendo SNES/Gokujyo Parodius (Parodius 2).uac	32-Shooting Memories (part 3).spc	OST Disc	Disc Number	1
Nintendo SNES/Gokujyo Parodius (Parodius 2).uac	33-Shooting Memories (part 4).spc	OST Disc	Disc Number	1
Nintendo SNES/Gokujyo Parodius (Parodius 2).uac	34-Shooting Memories (part 5).spc	OST Disc	Disc Number	1
Nintendo SNES/Gokujyo Parodius (Parodius 2).uac	35-Shooting Memories (part 6).spc	OST Disc	Disc Number	1
Nintendo SNES/Gokujyo Parodius (Parodius 2).uac	36-Mr. Bex X's Theme.spc	OST Disc	Disc Number	1
Nintendo SNES/Gokujyo Parodius (Parodius 2).uac	37-Premium Continue!.spc	OST Disc	Disc Number	1
Nintendo SNES/Gokujyo Parodius (Parodius 2).uac	38-Premium Game Over!.spc	OST Disc	Disc Number	1
Nintendo SNES/Gokujyo Parodius (Parodius 2).uac	39-Premium Ranking!.spc	OST Disc	Disc Number	1
Nintendo SNES/Gokujyo Parodius (Parodius 2).uac	40-Play Again!.spc	OST Disc	Disc Number	1
Nintendo SNES/Hanjuku Hero.uac	00-Hanjuku! Hero.spc	OST Disc	Disc Number	1
Nintendo SNES/Hanjuku Hero.uac	01-Chapter of...!.spc	OST Disc	Disc Number	1
Nintendo SNES/Hanjuku Hero.uac	02-Ah, May the World Be Half-Boiled...!.spc	OST Disc	Disc Number	1
Nintendo SNES/Hanjuku Hero.uac	03-Comfortable Alma Moon.spc	OST Disc	Disc Number	1
Nintendo SNES/Hanjuku Hero.uac	04-The Great Fiasco From Top to Bottom.spc	OST Disc	Disc Number	1
Nintendo SNES/Hanjuku Hero.uac	05-Ah, Our Faraway Land.spc	OST Disc	Disc Number	1
Nintendo SNES/Hanjuku Hero.uac	06-Swordplay.spc	OST Disc	Disc Number	1
Nintendo SNES/Hanjuku Hero.uac	07-Hondara Hendara.spc	OST Disc	Disc Number	1
Nintendo SNES/Hanjuku Hero.uac	08-I'm Counting on You, Egg Monster!.spc	OST Disc	Disc Number	1
Nintendo SNES/Hanjuku Hero.uac	09-Wild Egg Battle.spc	OST Disc	Disc Number	1
Nintendo SNES/Hanjuku Hero.uac	10-Even Risking My Life.spc	OST Disc	Disc Number	1
Nintendo SNES/Hanjuku Hero.uac	11-Big Swordplay.spc	OST Disc	Disc Number	1
Nintendo SNES/Hanjuku Hero.uac	12-Rhythm Tree 1.spc	OST Disc	Disc Number	1
Nintendo SNES/Hanjuku Hero.uac	13-Faraway Hometown of the Egg.spc	OST Disc	Disc Number	1
Nintendo SNES/Hanjuku Hero.uac	14-The Black Egg Has a Dangerous Smell.spc	OST Disc	Disc Number	1
Nintendo SNES/Hanjuku Hero.uac	15-Perfectly-Boiled King of the Seasons.spc	OST Disc	Disc Number	1
Nintendo SNES/Hanjuku Hero.uac	16-Perfectly-Boiled King of Evil.spc	OST Disc	Disc Number	1
Nintendo SNES/Hanjuku Hero.uac	17-Hard Boiled!.spc	OST Disc	Disc Number	1
Nintendo SNES/Hanjuku Hero.uac	18-Die! Dang! Yen!.spc	OST Disc	Disc Number	1
Nintendo SNES/Hanjuku Hero.uac	19-For the Sake of Everyone.spc	OST Disc	Disc Number	1
Nintendo SNES/Hanjuku Hero.uac	20-Only for the Yellow Taste of His Love.spc	OST Disc	Disc Number	1
Nintendo SNES/Hanjuku Hero.uac	21-Half-Boiled Wife's Theatre.spc	OST Disc	Disc Number	1
Nintendo SNES/Hanjuku Hero.uac	22-Half-Boiled Wife's Theatre-In Sentimental.spc	OST Disc	Disc Number	1
Nintendo SNES/Hanjuku Hero.uac	23-At the End of Love and Hatred.spc	OST Disc	Disc Number	1
Nintendo SNES/Hanjuku Hero.uac	24-Perfectly-Boiled Person.spc	OST Disc	Disc Number	1
Nintendo SNES/Hanjuku Hero.uac	25-Perfectly-Boiled General's Ambition.spc	OST Disc	Disc Number	1
Nintendo SNES/Hanjuku Hero.uac	26-In the Middle of the Left of the Right.spc	OST Disc	Disc Number	1
Nintendo SNES/Hanjuku Hero.uac	27-Lucky!.spc	OST Disc	Disc Number	1
Nintendo SNES/Hanjuku Hero.uac	28-Lucky! Lucky!.spc	OST Disc	Disc Number	1
Nintendo SNES/Hanjuku Hero.uac	29-Shock!.spc	OST Disc	Disc Number	1
Nintendo SNES/Hanjuku Hero.uac	30-Shock! Shock!.spc	OST Disc	Disc Number	1
Nintendo SNES/Hanjuku Hero.uac	31-Victory!.spc	OST Disc	Disc Number	1
Nintendo SNES/Hanjuku Hero.uac	32-The Next Time I'm Reborn.spc	OST Disc	Disc Number	1
Nintendo SNES/Hanjuku Hero.uac	33-Lady Mind, Autumn Sky.spc	OST Disc	Disc Number	1
Nintendo SNES/Hanjuku Hero.uac	34-Appear.spc	OST Disc	Disc Number	1
Nintendo SNES/Hanjuku Hero.uac	35-My Dance.spc	OST Disc	Disc Number	1
Nintendo SNES/Hanjuku Hero.uac	36-Ochey!.spc	OST Disc	Disc Number	1
Nintendo SNES/Hanjuku Hero.uac	37-Tada!!.spc	OST Disc	Disc Number	1
Nintendo SNES/Hanjuku Hero.uac	38-And Up!!.spc	OST Disc	Disc Number	1
Nintendo SNES/Hanjuku Hero.uac	39-Egg Kick!.spc	OST Disc	Disc Number	1
Nintendo SNES/Hanjuku Hero.uac	40-Egg Beam!.spc	OST Disc	Disc Number	1
Nintendo SNES/Hanjuku Hero.uac	41-Mega Kick!.spc	OST Disc	Disc Number	1
Nintendo SNES/Hanjuku Hero.uac	42-Rhythm Tree 2.spc	OST Disc	Disc Number	1
Nintendo SNES/Heracles no Eikou IV - Kamigami kara no Okurimono.uac	49-Ending Interval 2.spc	OST Disc	Disc Number	9
Nintendo SNES/Itoi Shigesato no Bass Tsuri No.1 (Shigesato Itoi's Bass Fishing No.1).uac	00-Nintendo and Halken Jingle.spc	OST Disc	Disc Number	1
Nintendo SNES/Itoi Shigesato no Bass Tsuri No.1 (Shigesato Itoi's Bass Fishing No.1).uac	01-Theme of Bass Fishing No. 1.spc	OST Disc	Disc Number	1
Nintendo SNES/Itoi Shigesato no Bass Tsuri No.1 (Shigesato Itoi's Bass Fishing No.1).uac	02-Bass Anglers Club.spc	OST Disc	Disc Number	1
Nintendo SNES/Itoi Shigesato no Bass Tsuri No.1 (Shigesato Itoi's Bass Fishing No.1).uac	03-Morning at Home.spc	OST Disc	Disc Number	1
Nintendo SNES/Itoi Shigesato no Bass Tsuri No.1 (Shigesato Itoi's Bass Fishing No.1).uac	04-Field.spc	OST Disc	Disc Number	1
Nintendo SNES/Itoi Shigesato no Bass Tsuri No.1 (Shigesato Itoi's Bass Fishing No.1).uac	05-Tournament Begins 1.spc	OST Disc	Disc Number	1
Nintendo SNES/Itoi Shigesato no Bass Tsuri No.1 (Shigesato Itoi's Bass Fishing No.1).uac	06-Tournament Fanfare.spc	OST Disc	Disc Number	1
Nintendo SNES/Itoi Shigesato no Bass Tsuri No.1 (Shigesato Itoi's Bass Fishing No.1).uac	07-Fight! 1.spc	OST Disc	Disc Number	1
Nintendo SNES/Itoi Shigesato no Bass Tsuri No.1 (Shigesato Itoi's Bass Fishing No.1).uac	08-Advice Boy.spc	OST Disc	Disc Number	1
Nintendo SNES/Itoi Shigesato no Bass Tsuri No.1 (Shigesato Itoi's Bass Fishing No.1).uac	09-Boat House BOSe.spc	OST Disc	Disc Number	1
Nintendo SNES/Itoi Shigesato no Bass Tsuri No.1 (Shigesato Itoi's Bass Fishing No.1).uac	10-Rest House BOSe.spc	OST Disc	Disc Number	1
Nintendo SNES/Itoi Shigesato no Bass Tsuri No.1 (Shigesato Itoi's Bass Fishing No.1).uac	11-Bass Stop 1101.spc	OST Disc	Disc Number	1
Nintendo SNES/Itoi Shigesato no Bass Tsuri No.1 (Shigesato Itoi's Bass Fishing No.1).uac	12-Tournament Begins 2.spc	OST Disc	Disc Number	1
Nintendo SNES/Itoi Shigesato no Bass Tsuri No.1 (Shigesato Itoi's Bass Fishing No.1).uac	13-Fight! 2.spc	OST Disc	Disc Number	1
Nintendo SNES/Itoi Shigesato no Bass Tsuri No.1 (Shigesato Itoi's Bass Fishing No.1).uac	14-Garbage Collecting Fanfare.spc	OST Disc	Disc Number	1
Nintendo SNES/Itoi Shigesato no Bass Tsuri No.1 (Shigesato Itoi's Bass Fishing No.1).uac	15-Garbage Collecting.spc	OST Disc	Disc Number	1
Nintendo SNES/Itoi Shigesato no Bass Tsuri No.1 (Shigesato Itoi's Bass Fishing No.1).uac	16-Night at Home.spc	OST Disc	Disc Number	1
Nintendo SNES/Itoi Shigesato no Bass Tsuri No.1 (Shigesato Itoi's Bass Fishing No.1).uac	17-Ending.spc	OST Disc	Disc Number	1
Nintendo SNES/Kamaitachi no Yoru.uac	00-Kamaitachi no Yoru.spc	OST Disc	Disc Number	1
Nintendo SNES/Kamaitachi no Yoru.uac	01-Introduction.spc	OST Disc	Disc Number	1
Nintendo SNES/Kamaitachi no Yoru.uac	02-Lovers on Ski Run.spc	OST Disc	Disc Number	1
Nintendo SNES/Kamaitachi no Yoru.uac	03-Three Florescent Working Girls.spc	OST Disc	Disc Number	1
Nintendo SNES/Kamaitachi no Yoru.uac	04-I'm Kayama! ~ Manlike Life.spc	OST Disc	Disc Number	1
Nintendo SNES/Kamaitachi no Yoru.uac	05-Pension ~ Traces of Skies.spc	OST Disc	Disc Number	1
Nintendo SNES/Kamaitachi no Yoru.uac	06-Nuisance.spc	OST Disc	Disc Number	1
Nintendo SNES/Kamaitachi no Yoru.uac	07-A Late Guest.spc	OST Disc	Disc Number	1
Nintendo SNES/Kamaitachi no Yoru.uac	08-Nightmare.spc	OST Disc	Disc Number	1
Nintendo SNES/Kamaitachi no Yoru.uac	09-Wandering Murderer.spc	OST Disc	Disc Number	1
Nintendo SNES/Kamaitachi no Yoru.uac	10-Strange Scene.spc	OST Disc	Disc Number	1
Nintendo SNES/Kamaitachi no Yoru.uac	11-Fondly Remembered Scenery.spc	OST Disc	Disc Number	1
Nintendo SNES/Kamaitachi no Yoru.uac	12-Doubts Beget Doubts.spc	OST Disc	Disc Number	1
Nintendo SNES/Kamaitachi no Yoru.uac	13-Single Inference.spc	OST Disc	Disc Number	1
Nintendo SNES/Kamaitachi no Yoru.uac	14-Requiem.spc	OST Disc	Disc Number	1
Nintendo SNES/Kamaitachi no Yoru.uac	15-Toshio's Fury.spc	OST Disc	Disc Number	1
Nintendo SNES/Kamaitachi no Yoru.uac	16-Battle.spc	OST Disc	Disc Number	1
Nintendo SNES/Kamaitachi no Yoru.uac	17-Resolution.spc	OST Disc	Disc Number	1
Nintendo SNES/Kamaitachi no Yoru.uac	18-Chaos.spc	OST Disc	Disc Number	1
Nintendo SNES/Kamaitachi no Yoru.uac	19-Beginning of a Long Night.spc	OST Disc	Disc Number	1
Nintendo SNES/Kamaitachi no Yoru.uac	20-Imminent Fear.spc	OST Disc	Disc Number	1
Nintendo SNES/Kamaitachi no Yoru.uac	21-Unexpected End.spc	OST Disc	Disc Number	1
Nintendo SNES/Kamaitachi no Yoru.uac	22-Devilish Homicide.spc	OST Disc	Disc Number	1
Nintendo SNES/Kamaitachi no Yoru.uac	23-Illusion of a Distant Day.spc	OST Disc	Disc Number	1
Nintendo SNES/Kamaitachi no Yoru.uac	24-Amber Crescent Moon.spc	OST Disc	Disc Number	1
Nintendo SNES/Kamaitachi no Yoru.uac	25-French Information Bureau SDECE.spc	OST Disc	Disc Number	1
Nintendo SNES/Kamaitachi no Yoru.uac	26-Legendary Spy.spc	OST Disc	Disc Number	1
Nintendo SNES/Kamaitachi no Yoru.uac	27-Mission.spc	OST Disc	Disc Number	1
Nintendo SNES/Kamaitachi no Yoru.uac	28-Pursuit.spc	OST Disc	Disc Number	1
Nintendo SNES/Kamaitachi no Yoru.uac	29-Something Lost.spc	OST Disc	Disc Number	1
Nintendo SNES/Kamaitachi no Yoru.uac	30-Tracing through Snow.spc	OST Disc	Disc Number	1
Nintendo SNES/Kamaitachi no Yoru.uac	31-Lover.spc	OST Disc	Disc Number	1
Nintendo SNES/Kamaitachi no Yoru.uac	32-Nostalgia.spc	OST Disc	Disc Number	1
Nintendo SNES/Kamaitachi no Yoru.uac	33-Recollection.spc	OST Disc	Disc Number	1
Nintendo SNES/Kamaitachi no Yoru.uac	34-Evil Spirit.spc	OST Disc	Disc Number	1
Nintendo SNES/Kamaitachi no Yoru.uac	35-Comedy of O.spc	OST Disc	Disc Number	1
Nintendo SNES/Kamaitachi no Yoru.uac	36-Message Written in Blood.spc	OST Disc	Disc Number	1
Nintendo SNES/Kamaitachi no Yoru.uac	37-Nice Treasure.spc	OST Disc	Disc Number	1
Nintendo SNES/Live A Live.uac	00-Live-A-Live.spc	OST Disc	Disc Number	1
Nintendo SNES/Live A Live.uac	01-Select-A-Live.spc	OST Disc	Disc Number	1
Nintendo SNES/Live A Live.uac	02-Secret Mission.spc	OST Disc	Disc Number	1
Nintendo SNES/Live A Live.uac	03-Sound of Shinobi.spc	OST Disc	Disc Number	1
Nintendo SNES/Live A Live.uac	04-Killing Field!.spc	OST Disc	Disc Number	1
Nintendo SNES/Live A Live.uac	05-Ultimate Strength ~ Victory Road.spc	OST Disc	Disc Number	1
Nintendo SNES/Live A Live.uac	06-Martial Arts Masters.spc	OST Disc	Disc Number	1
Nintendo SNES/Live A Live.uac	07-Versus!.spc	OST Disc	Disc Number	1
Nintendo SNES/Live A Live.uac	08-Knock You Down!.spc	OST Disc	Disc Number	1
Nintendo SNES/Live A Live.uac	09-Native Life.spc	OST Disc	Disc Number	1
Nintendo SNES/Live A Live.uac	10-Nice Weather Ain't it!.spc	OST Disc	Disc Number	1
Nintendo SNES/Live A Live.uac	11-Kiss of Jealousy.spc	OST Disc	Disc Number	1
Nintendo SNES/Live A Live.uac	12-Sacrificial Feast.spc	OST Disc	Disc Number	1
Nintendo SNES/Live A Live.uac	13-Unseen Syndrome.spc	OST Disc	Disc Number	1
Nintendo SNES/Live A Live.uac	14-Captain Square.spc	OST Disc	Disc Number	1
Nintendo SNES/Live A Live.uac	15-Captain of the Shooting Stars!.spc	OST Disc	Disc Number	1
Nintendo SNES/Live A Live.uac	16-The Birds Fly in the Sky, the Fish Swim in the River.spc	OST Disc	Disc Number	1
Nintendo SNES/Live A Live.uac	17-The Ancient Master Descends from the Mountains.spc	OST Disc	Disc Number	1
Nintendo SNES/Live A Live.uac	18-War in China.spc	OST Disc	Disc Number	1
Nintendo SNES/Live A Live.uac	19-Wanderer.spc	OST Disc	Disc Number	1
Nintendo SNES/Live A Live.uac	20-Under the Fake.spc	OST Disc	Disc Number	1
Nintendo SNES/Live A Live.uac	21-The Wilds.spc	OST Disc	Disc Number	1
Nintendo SNES/Live A Live.uac	22-Sancho.de.Los.Panchos.spc	OST Disc	Disc Number	1
Nintendo SNES/Live A Live.uac	23-Go Go Buriki Daioh!.spc	OST Disc	Disc Number	1
Nintendo SNES/Live A Live.uac	24-Go Go Buriki Daioh! (Opening).spc	OST Disc	Disc Number	1
Nintendo SNES/Live A Live.uac	25-Wait for Truth.spc	OST Disc	Disc Number	1
Nintendo SNES/Live A Live.uac	26-A Painful Death at the Hands of a Psycho.spc	OST Disc	Disc Number	1
Nintendo SNES/Live A Live.uac	27-Prelude to the Demon King.spc	OST Disc	Disc Number	1
Nintendo SNES/Live A Live.uac	28-Wings That Don't Reach.spc	OST Disc	Disc Number	1
Nintendo SNES/Live A Live.uac	29-Difficult Fight.spc	OST Disc	Disc Number	1
Nintendo SNES/Live A Live.uac	30-Journey to the Mountain of the Demon King.spc	OST Disc	Disc Number	1
Nintendo SNES/Live A Live.uac	31-City of Hopelessness.spc	OST Disc	Disc Number	1
Nintendo SNES/Live A Live.uac	32-Silent Labyrinth.spc	OST Disc	Disc Number	1
Nintendo SNES/Live A Live.uac	33-Cry-A-Live.spc	OST Disc	Disc Number	1
Nintendo SNES/Live A Live.uac	34-Warm-A-Live.spc	OST Disc	Disc Number	1
Nintendo SNES/Live A Live.uac	35-The Demon King Odio.spc	OST Disc	Disc Number	1
Nintendo SNES/Live A Live.uac	36-Megalomania.spc	OST Disc	Disc Number	1
Nintendo SNES/Live A Live.uac	37-Illusion.spc	OST Disc	Disc Number	1
Nintendo SNES/Live A Live.uac	38-Pure Odio.spc	OST Disc	Disc Number	1
Nintendo SNES/Live A Live.uac	39-Armageddon.spc	OST Disc	Disc Number	1
Nintendo SNES/Live A Live.uac	40-Live Over Again.spc	OST Disc	Disc Number	1
Nintendo SNES/Live A Live.uac	41-Live for Live.spc	OST Disc	Disc Number	1
Nintendo SNES/Lufia 2 - Rise of the Sinistrals.uac	00-Time of Judgement.spc	OST Disc	Disc Number	1
Nintendo SNES/Lufia 2 - Rise of the Sinistrals.uac	01-Rumbling.spc	OST Disc	Disc Number	1
Nintendo SNES/Lufia 2 - Rise of the Sinistrals.uac	02-Start of the Journey.spc	OST Disc	Disc Number	1
Nintendo SNES/Lufia 2 - Rise of the Sinistrals.uac	03-Town.spc	OST Disc	Disc Number	1
Nintendo SNES/Lufia 2 - Rise of the Sinistrals.uac	04-Light Slumber.spc	OST Disc	Disc Number	1
Nintendo SNES/Lufia 2 - Rise of the Sinistrals.uac	05-The Earth.spc	OST Disc	Disc Number	1
Nintendo SNES/Lufia 2 - Rise of the Sinistrals.uac	06-Cave.spc	OST Disc	Disc Number	1
Nintendo SNES/Lufia 2 - Rise of the Sinistrals.uac	07-Battle #1.spc	OST Disc	Disc Number	1
Nintendo SNES/Lufia 2 - Rise of the Sinistrals.uac	08-Triumph.spc	OST Disc	Disc Number	1
Nintendo SNES/Lufia 2 - Rise of the Sinistrals.uac	09-Item.spc	OST Disc	Disc Number	1
Nintendo SNES/Lufia 2 - Rise of the Sinistrals.uac	10-Scenario Item.spc	OST Disc	Disc Number	1
Nintendo SNES/Lufia 2 - Rise of the Sinistrals.uac	11-Skill Item.spc	OST Disc	Disc Number	1
Nintendo SNES/Lufia 2 - Rise of the Sinistrals.uac	12-Comrade.spc	OST Disc	Disc Number	1
Nintendo SNES/Lufia 2 - Rise of the Sinistrals.uac	13-Peace of Mind.spc	OST Disc	Disc Number	1
Nintendo SNES/Lufia 2 - Rise of the Sinistrals.uac	14-Village.spc	OST Disc	Disc Number	1
Nintendo SNES/Lufia 2 - Rise of the Sinistrals.uac	15-Battle #2.spc	OST Disc	Disc Number	1
Nintendo SNES/Lufia 2 - Rise of the Sinistrals.uac	16-The Prophet.spc	OST Disc	Disc Number	1
Nintendo SNES/Lufia 2 - Rise of the Sinistrals.uac	17-Castle.spc	OST Disc	Disc Number	1
Nintendo SNES/Lufia 2 - Rise of the Sinistrals.uac	18-The Greatest Thieves in the World.spc	OST Disc	Disc Number	1
Nintendo SNES/Lufia 2 - Rise of the Sinistrals.uac	19-Labyrinth.spc	OST Disc	Disc Number	1
Nintendo SNES/Lufia 2 - Rise of the Sinistrals.uac	20-Capsule Monster.spc	OST Disc	Disc Number	1
Nintendo SNES/Lufia 2 - Rise of the Sinistrals.uac	21-Growth!.spc	OST Disc	Disc Number	1
Nintendo SNES/Lufia 2 - Rise of the Sinistrals.uac	22-Tower.spc	OST Disc	Disc Number	1
Nintendo SNES/Lufia 2 - Rise of the Sinistrals.uac	23-Door of Journey.spc	OST Disc	Disc Number	1
Nintendo SNES/Lufia 2 - Rise of the Sinistrals.uac	24-Shrine.spc	OST Disc	Disc Number	1
Nintendo SNES/Lufia 2 - Rise of the Sinistrals.uac	25-Despair.spc	OST Disc	Disc Number	1
Nintendo SNES/Lufia 2 - Rise of the Sinistrals.uac	26-Shudder.spc	OST Disc	Disc Number	1
Nintendo SNES/Lufia 2 - Rise of the Sinistrals.uac	27-The Strongest Man.spc	OST Disc	Disc Number	1
Nintendo SNES/Lufia 2 - Rise of the Sinistrals.uac	28-Parting.spc	OST Disc	Disc Number	1
Nintendo SNES/Lufia 2 - Rise of the Sinistrals.uac	29-Wedding Bells.spc	OST Disc	Disc Number	1
Nintendo SNES/Lufia 2 - Rise of the Sinistrals.uac	30-After the Ceremony.spc	OST Disc	Disc Number	1
Nintendo SNES/Lufia 2 - Rise of the Sinistrals.uac	31-Spring.spc	OST Disc	Disc Number	1
Nintendo SNES/Lufia 2 - Rise of the Sinistrals.uac	32-Summer.spc	OST Disc	Disc Number	1
Nintendo SNES/Lufia 2 - Rise of the Sinistrals.uac	33-Autumn.spc	OST Disc	Disc Number	1
Nintendo SNES/Lufia 2 - Rise of the Sinistrals.uac	34-Winter.spc	OST Disc	Disc Number	1
Nintendo SNES/Lufia 2 - Rise of the Sinistrals.uac	35-Port Town.spc	OST Disc	Disc Number	1
Nintendo SNES/Lufia 2 - Rise of the Sinistrals.uac	36-Towering Mountain.spc	OST Disc	Disc Number	1
Nintendo SNES/Lufia 2 - Rise of the Sinistrals.uac	37-Azure Ocean.spc	OST Disc	Disc Number	1
Nintendo SNES/Lufia 2 - Rise of the Sinistrals.uac	38-Flute of Sleepwalk.spc	OST Disc	Disc Number	1
Nintendo SNES/Lufia 2 - Rise of the Sinistrals.uac	39-Lexis Shaia Lab.spc	OST Disc	Disc Number	1
Nintendo SNES/Lufia 2 - Rise of the Sinistrals.uac	40-Casino.spc	OST Disc	Disc Number	1
Nintendo SNES/Lufia 2 - Rise of the Sinistrals.uac	41-Slot.spc	OST Disc	Disc Number	1
Nintendo SNES/Lufia 2 - Rise of the Sinistrals.uac	42-Big Game.spc	OST Disc	Disc Number	1
Nintendo SNES/Lufia 2 - Rise of the Sinistrals.uac	43-Hit!.spc	OST Disc	Disc Number	1
Nintendo SNES/Lufia 2 - Rise of the Sinistrals.uac	44-The Abysmal Depths of the Ocean.spc	OST Disc	Disc Number	2
Nintendo SNES/Lufia 2 - Rise of the Sinistrals.uac	45-The Quieting World.spc	OST Disc	Disc Number	2
Nintendo SNES/Lufia 2 - Rise of the Sinistrals.uac	46-To Those of the Azure Skies.spc	OST Disc	Disc Number	2
Nintendo SNES/Lufia 2 - Rise of the Sinistrals.uac	47-The Lost World.spc	OST Disc	Disc Number	2
Nintendo SNES/Lufia 2 - Rise of the Sinistrals.uac	48-Watchtowers of the Seal.spc	OST Disc	Disc Number	2
Nintendo SNES/Lufia 2 - Rise of the Sinistrals.uac	49-The Island in the Void.spc	OST Disc	Disc Number	2
Nintendo SNES/Lufia 2 - Rise of the Sinistrals.uac	50-Final Battle.spc	OST Disc	Disc Number	2
Nintendo SNES/Lufia 2 - Rise of the Sinistrals.uac	51-Four Gods.spc	OST Disc	Disc Number	2
Nintendo SNES/Lufia 2 - Rise of the Sinistrals.uac	52-Battle #3.spc	OST Disc	Disc Number	2
Nintendo SNES/Lufia 2 - Rise of the Sinistrals.uac	53-The Savior of Those on Earth.spc	OST Disc	Disc Number	2
Nintendo SNES/Lufia 2 - Rise of the Sinistrals.uac	54-To the Future.spc	OST Disc	Disc Number	2
Nintendo SNES/Lufia 2 - Rise of the Sinistrals.uac	55-Priphea Flowers.spc	OST Disc	Disc Number	2
Nintendo SNES/Majin Tensei (JP).uac	00-The Place.spc	OST Disc	Disc Number	1
Nintendo SNES/Majin Tensei (JP).uac	01-Uncountable Digitalist (part 1).spc	OST Disc	Disc Number	1
Nintendo SNES/Majin Tensei (JP).uac	02-Uncountable Digitalist (part 2).spc	OST Disc	Disc Number	1
Nintendo SNES/Majin Tensei (JP).uac	03-Deja Vu (Ambient).spc	OST Disc	Disc Number	1
Nintendo SNES/Majin Tensei (JP).uac	04-Deja Vu (Run).spc	OST Disc	Disc Number	1
Nintendo SNES/Majin Tensei (JP).uac	05-Deja Vu (Breath).spc	OST Disc	Disc Number	1
Nintendo SNES/Majin Tensei (JP).uac	06-Deja Vu (Intro).spc	OST Disc	Disc Number	1
Nintendo SNES/Majin Tensei (JP).uac	07-Deja Vu.spc	OST Disc	Disc Number	1
Nintendo SNES/Majin Tensei (JP).uac	08-Going Our Way.spc	OST Disc	Disc Number	1
Nintendo SNES/Majin Tensei (JP).uac	09-A.D. 1995 Story.spc	OST Disc	Disc Number	1
Nintendo SNES/Majin Tensei (JP).uac	10-Spank.spc	OST Disc	Disc Number	1
Nintendo SNES/Majin Tensei (JP).uac	11-In the Shop.spc	OST Disc	Disc Number	1
Nintendo SNES/Majin Tensei (JP).uac	12-Scoop Up Sand.spc	OST Disc	Disc Number	1
Nintendo SNES/Majin Tensei (JP).uac	13-Assault.spc	OST Disc	Disc Number	1
Nintendo SNES/Majin Tensei (JP).uac	14-Ogiwara.spc	OST Disc	Disc Number	1
Nintendo SNES/Majin Tensei (JP).uac	15-My Pretty Sister.spc	OST Disc	Disc Number	1
Nintendo SNES/Majin Tensei (JP).uac	16-Devil Dance (Re-Arranged).spc	OST Disc	Disc Number	1
Nintendo SNES/Majin Tensei (JP).uac	17-Dr. and Mind.spc	OST Disc	Disc Number	1
Nintendo SNES/Majin Tensei (JP).uac	18-Smash Up.spc	OST Disc	Disc Number	1
Nintendo SNES/Majin Tensei (JP).uac	19-Karen.spc	OST Disc	Disc Number	1
Nintendo SNES/Majin Tensei (JP).uac	20-Outtalk.spc	OST Disc	Disc Number	1
Nintendo SNES/Majin Tensei (JP).uac	21-Chaser.spc	OST Disc	Disc Number	1
Nintendo SNES/Majin Tensei (JP).uac	22-Poetry of Memories.spc	OST Disc	Disc Number	1
Nintendo SNES/Majin Tensei (JP).uac	23-Desolate City.spc	OST Disc	Disc Number	1
Nintendo SNES/Majin Tensei (JP).uac	24-If We Believe.spc	OST Disc	Disc Number	1
Nintendo SNES/Majin Tensei (JP).uac	25-Friday.spc	OST Disc	Disc Number	1
Nintendo SNES/Majin Tensei (JP).uac	26-Evolution.spc	OST Disc	Disc Number	1
Nintendo SNES/Majin Tensei (JP).uac	27-Eurythmic Battle.spc	OST Disc	Disc Number	1
Nintendo SNES/Majin Tensei (JP).uac	28-Heaven.spc	OST Disc	Disc Number	1
Nintendo SNES/Majin Tensei (JP).uac	29-Love Song.spc	OST Disc	Disc Number	1
Nintendo SNES/Majin Tensei (JP).uac	30-Rag's Shop.spc	OST Disc	Disc Number	1
Nintendo SNES/Majin Tensei (JP).uac	31-Sourpuss.spc	OST Disc	Disc Number	1
Nintendo SNES/Majin Tensei (JP).uac	32-Amaze.spc	OST Disc	Disc Number	1
Nintendo SNES/Majin Tensei (JP).uac	33-Flame Up Fragment (Re-Arranged).spc	OST Disc	Disc Number	1
Nintendo SNES/Majin Tensei (JP).uac	34-Bicarbonate of Face (Re-Arranged).spc	OST Disc	Disc Number	1
Nintendo SNES/Majin Tensei (JP).uac	35-Theme of Endless.spc	OST Disc	Disc Number	1
Nintendo SNES/Majin Tensei (JP).uac	36-PARTING.EXE.spc	OST Disc	Disc Number	1
Nintendo SNES/Majin Tensei (JP).uac	37-Sayonara.spc	OST Disc	Disc Number	1
Nintendo SNES/Majin Tensei (JP).uac	38-Special Thanks for...You.spc	OST Disc	Disc Number	1
Nintendo SNES/Majin Tensei.uac	00-Heavy Wind.spc	OST Disc	Disc Number	1
Nintendo SNES/Majin Tensei.uac	01-The Wrath of God.spc	OST Disc	Disc Number	1
Nintendo SNES/Majin Tensei.uac	02-Devil Dance.spc	OST Disc	Disc Number	1
Nintendo SNES/Majin Tensei.uac	03-Flame Up Fragment.spc	OST Disc	Disc Number	1
Nintendo SNES/Majin Tensei.uac	04-Immortally Shop Rag.spc	OST Disc	Disc Number	1
Nintendo SNES/Majin Tensei.uac	05-Bicarbonate of Face.spc	OST Disc	Disc Number	1
Nintendo SNES/Majin Tensei.uac	06-Neo Jakyou.spc	OST Disc	Disc Number	1
Nintendo SNES/Majin Tensei.uac	07-Electric Shock.spc	OST Disc	Disc Number	1
Nintendo SNES/Majin Tensei.uac	08-Chaotic Law.spc	OST Disc	Disc Number	1
Nintendo SNES/Majin Tensei.uac	09-Pallid Tears.spc	OST Disc	Disc Number	1
Nintendo SNES/Majin Tensei.uac	10-D.D.F.spc	OST Disc	Disc Number	1
Nintendo SNES/Majin Tensei.uac	11-Scene of Carnage.spc	OST Disc	Disc Number	1
Nintendo SNES/Majin Tensei.uac	12-Actual Feeling... You.spc	OST Disc	Disc Number	1
Nintendo SNES/Majin Tensei.uac	13-Judex.spc	OST Disc	Disc Number	1
Nintendo SNES/Majin Tensei.uac	14-Omega.spc	OST Disc	Disc Number	1
Nintendo SNES/Majin Tensei.uac	15-Keepsake.spc	OST Disc	Disc Number	1
Nintendo SNES/Milandra.uac	01-Menu.spc	OST Disc	Disc Number	9
Nintendo SNES/mouryou senki madara 2 (JP).uac	00-Dark Awakening (part 1).spc	OST Disc	Disc Number	1
Nintendo SNES/mouryou senki madara 2 (JP).uac	01-Dark Awakening (part 2).spc	OST Disc	Disc Number	1
Nintendo SNES/mouryou senki madara 2 (JP).uac	02-Early Birds.spc	OST Disc	Disc Number	1
Nintendo SNES/mouryou senki madara 2 (JP).uac	03-Tubular Bells ~ For Whom the Bell Tolls.spc	OST Disc	Disc Number	1
Nintendo SNES/mouryou senki madara 2 (JP).uac	04-Fiction of Meta Fiction.spc	OST Disc	Disc Number	1
Nintendo SNES/mouryou senki madara 2 (JP).uac	05-The Gods Are Thirsty.spc	OST Disc	Disc Number	1
Nintendo SNES/mouryou senki madara 2 (JP).uac	06-Fascinating Plays With Incarnation.spc	OST Disc	Disc Number	1
Nintendo SNES/mouryou senki madara 2 (JP).uac	07-Wild Dance of Fear.spc	OST Disc	Disc Number	1
Nintendo SNES/mouryou senki madara 2 (JP).uac	08-The Devil's Sneer.spc	OST Disc	Disc Number	1
Nintendo SNES/mouryou senki madara 2 (JP).uac	09-Brag-Rags for Brave Men.spc	OST Disc	Disc Number	1
Nintendo SNES/mouryou senki madara 2 (JP).uac	10-Rotten Tenacity.spc	OST Disc	Disc Number	1
Nintendo SNES/mouryou senki madara 2 (JP).uac	11-The Goddess' Revelation ~ A Century of Exhaustion.spc	OST Disc	Disc Number	1
Nintendo SNES/mouryou senki madara 2 (JP).uac	12-The Hunter's Repose.spc	OST Disc	Disc Number	1
Nintendo SNES/mouryou senki madara 2 (JP).uac	13-Madara 2 Theme.spc	OST Disc	Disc Number	1
Nintendo SNES/mouryou senki madara 2 (JP).uac	14-Warm Rain ~ Warmer Than Your Back.spc	OST Disc	Disc Number	1
Nintendo SNES/mouryou senki madara 2 (JP).uac	15-Heretic Fortress.spc	OST Disc	Disc Number	1
Nintendo SNES/mouryou senki madara 2 (JP).uac	16-The Day of the Return to the Sea.spc	OST Disc	Disc Number	1
Nintendo SNES/mouryou senki madara 2 (JP).uac	17-Lady's Lover.spc	OST Disc	Disc Number	1
Nintendo SNES/mouryou senki madara 2 (JP).uac	18-Far-Away Family.spc	OST Disc	Disc Number	1
Nintendo SNES/mouryou senki madara 2 (JP).uac	19-Must We Witness Murder.spc	OST Disc	Disc Number	1
Nintendo SNES/mouryou senki madara 2 (JP).uac	20-Boucus Porcus.spc	OST Disc	Disc Number	1
Nintendo SNES/mouryou senki madara 2 (JP).uac	21-On the Other Side of the Whispering Wall.spc	OST Disc	Disc Number	1
Nintendo SNES/mouryou senki madara 2 (JP).uac	22-The Dictator's Solitude.spc	OST Disc	Disc Number	1
Nintendo SNES/mouryou senki madara 2 (JP).uac	23-Martial Law ~ The Night Without Children.spc	OST Disc	Disc Number	1
Nintendo SNES/mouryou senki madara 2 (JP).uac	24-The Trap and the Observatory.spc	OST Disc	Disc Number	1
Nintendo SNES/mouryou senki madara 2 (JP).uac	25-In a Sudden Wind.spc	OST Disc	Disc Number	1
Nintendo SNES/mouryou senki madara 2 (JP).uac	26-The Altered Altar.spc	OST Disc	Disc Number	1
Nintendo SNES/mouryou senki madara 2 (JP).uac	27-Terrifying Reward.spc	OST Disc	Disc Number	1
Nintendo SNES/mouryou senki madara 2 (JP).uac	28-Reflowing of Deadly Poison.spc	OST Disc	Disc Number	1
Nintendo SNES/mouryou senki madara 2 (JP).uac	29-The Earth is Angry.spc	OST Disc	Disc Number	1
Nintendo SNES/mouryou senki madara 2 (JP).uac	30-Old Man Who Sells Legends.spc	OST Disc	Disc Number	1
Nintendo SNES/mouryou senki madara 2 (JP).uac	31-Karamazov's Mythology.spc	OST Disc	Disc Number	1
Nintendo SNES/mouryou senki madara 2 (JP).uac	32-Waveless Sea.spc	OST Disc	Disc Number	1
Nintendo SNES/mouryou senki madara 2 (JP).uac	33-Steel Skeleton.spc	OST Disc	Disc Number	1
Nintendo SNES/mouryou senki madara 2 (JP).uac	34-Enfant Terrible Rabbit.spc	OST Disc	Disc Number	1
Nintendo SNES/mouryou senki madara 2 (JP).uac	35-Elegy of the Golden Country.spc	OST Disc	Disc Number	1
Nintendo SNES/mouryou senki madara 2 (JP).uac	36-Open Sesame ~ I Don't Know What's Behind the Door ~ Autumn is Ending ~ Two People Sleeping Under the Stars.spc	OST Disc	Disc Number	1
Nintendo SNES/mouryou senki madara 2 (JP).uac	37-Vagrant's Song.spc	OST Disc	Disc Number	1
Nintendo SNES/mouryou senki madara 2 (JP).uac	38-Homesick ~ Her Beloved Flowers.spc	OST Disc	Disc Number	1
Nintendo SNES/mouryou senki madara 2 (JP).uac	39-Wages of Sin.spc	OST Disc	Disc Number	1
Nintendo SNES/mouryou senki madara 2 (JP).uac	40-Rambling Assassin ~ Kiss of the Spider Woman.spc	OST Disc	Disc Number	1
Nintendo SNES/mouryou senki madara 2 (JP).uac	41-Silent Scream.spc	OST Disc	Disc Number	1
Nintendo SNES/mouryou senki madara 2 (JP).uac	42-Torture Sanctuary.spc	OST Disc	Disc Number	1
Nintendo SNES/mouryou senki madara 2 (JP).uac	43-The Wandering Sculptures.spc	OST Disc	Disc Number	1
Nintendo SNES/mouryou senki madara 2 (JP).uac	44-Maze of Flowers.spc	OST Disc	Disc Number	1
Nintendo SNES/mouryou senki madara 2 (JP).uac	45-Quarter Moon.spc	OST Disc	Disc Number	1
Nintendo SNES/mouryou senki madara 2 (JP).uac	46-Bells and Breeze ~ Blow the Wind.spc	OST Disc	Disc Number	1
Nintendo SNES/mouryou senki madara 2 (JP).uac	47-Menace in the Temple.spc	OST Disc	Disc Number	1
Nintendo SNES/mouryou senki madara 2 (JP).uac	48-To Pandemonium.spc	OST Disc	Disc Number	1
Nintendo SNES/mouryou senki madara 2 (JP).uac	49-Triumphal Return of the Beast.spc	OST Disc	Disc Number	1
Nintendo SNES/mouryou senki madara 2 (JP).uac	50-Breath of Life ~ The Dark Side of the Madara.spc	OST Disc	Disc Number	1
Nintendo SNES/mouryou senki madara 2 (JP).uac	51-A Short Ensemble ~ The Sky's Blueness, Tears, and You.spc	OST Disc	Disc Number	1
Nintendo SNES/mouryou senki madara 2 (JP).uac	52-The Final Movement ~ A Brilliant Funeral Procession.spc	OST Disc	Disc Number	1
Nintendo SNES/Ogre Battle.uac	00-Quest Logo.spc	OST Disc	Disc Number	1
Nintendo SNES/Ogre Battle.uac	01-Overture.spc	OST Disc	Disc Number	1
Nintendo SNES/Ogre Battle.uac	02-Beginning of the Tale.spc	OST Disc	Disc Number	1
Nintendo SNES/Ogre Battle.uac	03-Entrance Parade.spc	OST Disc	Disc Number	1
Nintendo SNES/Ogre Battle.uac	04-Old Man's Prayer.spc	OST Disc	Disc Number	1
Nintendo SNES/Ogre Battle.uac	05-Atlas.spc	OST Disc	Disc Number	1
Nintendo SNES/Ogre Battle.uac	06-Thunder.spc	OST Disc	Disc Number	1
Nintendo SNES/Ogre Battle.uac	07-Guerrilla War.spc	OST Disc	Disc Number	1
Nintendo SNES/Ogre Battle.uac	08-Dangerous.spc	OST Disc	Disc Number	1
Nintendo SNES/Ogre Battle.uac	09-Rest in Peace.spc	OST Disc	Disc Number	1
Nintendo SNES/Ogre Battle.uac	10-A Brief Respite.spc	OST Disc	Disc Number	1
Nintendo SNES/Ogre Battle.uac	11-Viking Spirits.spc	OST Disc	Disc Number	1
Nintendo SNES/Ogre Battle.uac	12-Do or Die.spc	OST Disc	Disc Number	1
Nintendo SNES/Ogre Battle.uac	13-Brass of Victory.spc	OST Disc	Disc Number	1
Nintendo SNES/Ogre Battle.uac	14-Thrill of Liberation.spc	OST Disc	Disc Number	1
Nintendo SNES/Ogre Battle.uac	15-Wall of Defense.spc	OST Disc	Disc Number	1
Nintendo SNES/Ogre Battle.uac	16-Autumn Sky Womanheart.spc	OST Disc	Disc Number	1
Nintendo SNES/Ogre Battle.uac	17-Sand Storm.spc	OST Disc	Disc Number	1
Nintendo SNES/Ogre Battle.uac	18-Shimmering Heat.spc	OST Disc	Disc Number	1
Nintendo SNES/Ogre Battle.uac	19-Santa's Coming.spc	OST Disc	Disc Number	1
Nintendo SNES/Ogre Battle.uac	20-Go-Go March.spc	OST Disc	Disc Number	1
Nintendo SNES/Ogre Battle.uac	21-Love Me Tonight.spc	OST Disc	Disc Number	1
Nintendo SNES/Ogre Battle.uac	22-Wave of Darkness.spc	OST Disc	Disc Number	1
Nintendo SNES/Ogre Battle.uac	23-Morning Star.spc	OST Disc	Disc Number	1
Nintendo SNES/Ogre Battle.uac	24-Festival Drums.spc	OST Disc	Disc Number	1
Nintendo SNES/Ogre Battle.uac	25-Finale.spc	OST Disc	Disc Number	1
Nintendo SNES/Popful Mail.uac	00-Logotype.spc	OST Disc	Disc Number	1
Nintendo SNES/Popful Mail.uac	01-Welcome Popful Mail.spc	OST Disc	Disc Number	1
Nintendo SNES/Popful Mail.uac	02-White Clouds in a Blue Sky.spc	OST Disc	Disc Number	1
Nintendo SNES/Popful Mail.uac	03-Quick Tempered Spirit.spc	OST Disc	Disc Number	1
Nintendo SNES/Popful Mail.uac	04-Miena Fortress.spc	OST Disc	Disc Number	1
Nintendo SNES/Popful Mail.uac	05-Bar Basso.spc	OST Disc	Disc Number	1
Nintendo SNES/Popful Mail.uac	06-You're Important.spc	OST Disc	Disc Number	1
Nintendo SNES/Popful Mail.uac	07-Shop.spc	OST Disc	Disc Number	1
Nintendo SNES/Popful Mail.uac	08-Popful Mail World.spc	OST Disc	Disc Number	1
Nintendo SNES/Popful Mail.uac	09-Jungle.spc	OST Disc	Disc Number	1
Nintendo SNES/Popful Mail.uac	10-Powerful Guy.spc	OST Disc	Disc Number	1
Nintendo SNES/Popful Mail.uac	11-Tensions.spc	OST Disc	Disc Number	1
Nintendo SNES/Popful Mail.uac	12-Boss.spc	OST Disc	Disc Number	1
Nintendo SNES/Popful Mail.uac	13-Lose Heart.spc	OST Disc	Disc Number	1
Nintendo SNES/Popful Mail.uac	14-Ancient Cave.spc	OST Disc	Disc Number	1
Nintendo SNES/Popful Mail.uac	15-Stage Boss.spc	OST Disc	Disc Number	1
Nintendo SNES/Popful Mail.uac	16-Game Over.spc	OST Disc	Disc Number	1
Nintendo SNES/Popful Mail.uac	17-Treasure Chest.spc	OST Disc	Disc Number	1
Nintendo SNES/Popful Mail.uac	18-Guardess Ruins.spc	OST Disc	Disc Number	1
Nintendo SNES/Popful Mail.uac	19-Hargel Island.spc	OST Disc	Disc Number	1
Nintendo SNES/Popful Mail.uac	20-Argazarl Castle.spc	OST Disc	Disc Number	1
Nintendo SNES/Popful Mail.uac	21-Lucina Temple.spc	OST Disc	Disc Number	1
Nintendo SNES/Popful Mail.uac	22-Lucina.spc	OST Disc	Disc Number	1
Nintendo SNES/Popful Mail.uac	23-Footfalls of Destruction.spc	OST Disc	Disc Number	1
Nintendo SNES/Popful Mail.uac	24-Destiny.spc	OST Disc	Disc Number	1
Nintendo SNES/Popful Mail.uac	25-Geist Race.spc	OST Disc	Disc Number	1
Nintendo SNES/Popful Mail.uac	26-Marching Down Tomorrow Road.spc	OST Disc	Disc Number	1
Nintendo SNES/Popful Mail.uac	27-Somebody Loves You.spc	OST Disc	Disc Number	1
Nintendo SNES/romancing sa ga 2 (JP).uac	00-Prologue (part 1).spc	OST Disc	Disc Number	1
Nintendo SNES/romancing sa ga 2 (JP).uac	01-Prologue (part 2).spc	OST Disc	Disc Number	1
Nintendo SNES/romancing sa ga 2 (JP).uac	02-Prologue (part 3).spc	OST Disc	Disc Number	1
Nintendo SNES/romancing sa ga 2 (JP).uac	03-Prologue (part 4).spc	OST Disc	Disc Number	1
Nintendo SNES/romancing sa ga 2 (JP).uac	04-Prologue (part 5).spc	OST Disc	Disc Number	1
Nintendo SNES/romancing sa ga 2 (JP).uac	05-Opening Title.spc	OST Disc	Disc Number	1
Nintendo SNES/romancing sa ga 2 (JP).uac	06-Song of Everlasting Battles.spc	OST Disc	Disc Number	1
Nintendo SNES/romancing sa ga 2 (JP).uac	07-Empire City Avalon.spc	OST Disc	Disc Number	1
Nintendo SNES/romancing sa ga 2 (JP).uac	08-Dungeon 1.spc	OST Disc	Disc Number	1
Nintendo SNES/romancing sa ga 2 (JP).uac	09-Strangeness ~ Victor's Death.spc	OST Disc	Disc Number	1
Nintendo SNES/romancing sa ga 2 (JP).uac	10-Empire's Front Line.spc	OST Disc	Disc Number	1
Nintendo SNES/romancing sa ga 2 (JP).uac	11-Battle with Kujinshi.spc	OST Disc	Disc Number	1
Nintendo SNES/romancing sa ga 2 (JP).uac	12-Victory.spc	OST Disc	Disc Number	1
Nintendo SNES/romancing sa ga 2 (JP).uac	13-Canal Fortress.spc	OST Disc	Disc Number	1
Nintendo SNES/romancing sa ga 2 (JP).uac	14-Village 1.spc	OST Disc	Disc Number	1
Nintendo SNES/romancing sa ga 2 (JP).uac	15-The Dragon's Hole.spc	OST Disc	Disc Number	1
Nintendo SNES/romancing sa ga 2 (JP).uac	16-Another Country's Town.spc	OST Disc	Disc Number	1
Nintendo SNES/romancing sa ga 2 (JP).uac	17-Voyage.spc	OST Disc	Disc Number	1
Nintendo SNES/romancing sa ga 2 (JP).uac	18-Mermaid Legend.spc	OST Disc	Disc Number	1
Nintendo SNES/romancing sa ga 2 (JP).uac	19-The Sinking Ship.spc	OST Disc	Disc Number	1
Nintendo SNES/romancing sa ga 2 (JP).uac	20-Dungeon 2.spc	OST Disc	Disc Number	1
Nintendo SNES/romancing sa ga 2 (JP).uac	21-Village 2.spc	OST Disc	Disc Number	1
Nintendo SNES/romancing sa ga 2 (JP).uac	22-Run!.spc	OST Disc	Disc Number	1
Nintendo SNES/romancing sa ga 2 (JP).uac	23-Ancient Ruins.spc	OST Disc	Disc Number	1
Nintendo SNES/romancing sa ga 2 (JP).uac	24-The Legend Begins.spc	OST Disc	Disc Number	1
Nintendo SNES/romancing sa ga 2 (JP).uac	25-Dungeon 3.spc	OST Disc	Disc Number	1
Nintendo SNES/romancing sa ga 2 (JP).uac	26-The Seven Heros' Battle.spc	OST Disc	Disc Number	1
Nintendo SNES/romancing sa ga 2 (JP).uac	27-Wiped Out.spc	OST Disc	Disc Number	1
Nintendo SNES/romancing sa ga 2 (JP).uac	28-Heartful Tears.spc	OST Disc	Disc Number	1
Nintendo SNES/romancing sa ga 2 (JP).uac	29-Last Dungeon.spc	OST Disc	Disc Number	1
Nintendo SNES/romancing sa ga 2 (JP).uac	30-Last Battle.spc	OST Disc	Disc Number	1
Nintendo SNES/romancing sa ga 2 (JP).uac	31-Ending Theme.spc	OST Disc	Disc Number	1
Nintendo SNES/romancing sa ga 2 (JP).uac	32-Successive Emperor.spc	OST Disc	Disc Number	1
Nintendo SNES/romancing sa ga 2 (JP).uac	33-Epilogue.spc	OST Disc	Disc Number	1
Nintendo SNES/romancing sa ga 2 (JP).uac	34-Dance 1.spc	OST Disc	Disc Number	1
Nintendo SNES/romancing sa ga 2 (JP).uac	35-Dance 2.spc	OST Disc	Disc Number	1
Nintendo SNES/romancing sa ga 2 (JP).uac	36-Dance 3.spc	OST Disc	Disc Number	1
Nintendo SNES/romancing sa ga 2 (JP).uac	37-Dance 4.spc	OST Disc	Disc Number	1
Nintendo SNES/Romancing Sa-Ga 3 (JP).uac	00-Surprise of the Death Eaters.spc	OST Disc	Disc Number	1
Nintendo SNES/Romancing Sa-Ga 3 (JP).uac	01-The SaGa Continues.spc	OST Disc	Disc Number	1
Nintendo SNES/Romancing Sa-Ga 3 (JP).uac	02-Julian's Theme.spc	OST Disc	Disc Number	1
Nintendo SNES/Romancing Sa-Ga 3 (JP).uac	03-Ellen's Theme.spc	OST Disc	Disc Number	1
Nintendo SNES/Romancing Sa-Ga 3 (JP).uac	04-Sara's Theme.spc	OST Disc	Disc Number	1
Nintendo SNES/Romancing Sa-Ga 3 (JP).uac	05-Thomas' Theme.spc	OST Disc	Disc Number	1
Nintendo SNES/Romancing Sa-Ga 3 (JP).uac	06-Harid's Theme.spc	OST Disc	Disc Number	1
Nintendo SNES/Romancing Sa-Ga 3 (JP).uac	07-Mikhail's Theme.spc	OST Disc	Disc Number	1
Nintendo SNES/Romancing Sa-Ga 3 (JP).uac	08-Monica's Theme.spc	OST Disc	Disc Number	1
Nintendo SNES/Romancing Sa-Ga 3 (JP).uac	09-Katalina's Theme.spc	OST Disc	Disc Number	1
Nintendo SNES/Romancing Sa-Ga 3 (JP).uac	10-Field.spc	OST Disc	Disc Number	1
Nintendo SNES/Romancing Sa-Ga 3 (JP).uac	11-The Battle.spc	OST Disc	Disc Number	1
Nintendo SNES/Romancing Sa-Ga 3 (JP).uac	12-Victory!.spc	OST Disc	Disc Number	1
Nintendo SNES/Romancing Sa-Ga 3 (JP).uac	13-Boundaries.spc	OST Disc	Disc Number	1
Nintendo SNES/Romancing Sa-Ga 3 (JP).uac	14-Dungeon 1.spc	OST Disc	Disc Number	1
Nintendo SNES/Romancing Sa-Ga 3 (JP).uac	15-Battle 2.spc	OST Disc	Disc Number	1
Nintendo SNES/Romancing Sa-Ga 3 (JP).uac	16-Celebration March.spc	OST Disc	Disc Number	1
Nintendo SNES/Romancing Sa-Ga 3 (JP).uac	17-The Voyage.spc	OST Disc	Disc Number	1
Nintendo SNES/Romancing Sa-Ga 3 (JP).uac	18-Muse's Theme.spc	OST Disc	Disc Number	1
Nintendo SNES/Romancing Sa-Ga 3 (JP).uac	19-Dungeon 2.spc	OST Disc	Disc Number	1
Nintendo SNES/Romancing Sa-Ga 3 (JP).uac	20-The Professor's Theme.spc	OST Disc	Disc Number	1
Nintendo SNES/Romancing Sa-Ga 3 (JP).uac	21-Operation Pet Retrieval.spc	OST Disc	Disc Number	1
Nintendo SNES/Romancing Sa-Ga 3 (JP).uac	22-Sailing.spc	OST Disc	Disc Number	1
Nintendo SNES/Romancing Sa-Ga 3 (JP).uac	23-Lance ~ City of the Holy King.spc	OST Disc	Disc Number	2
Nintendo SNES/Romancing Sa-Ga 3 (JP).uac	24-Year of the Holy King.spc	OST Disc	Disc Number	2
Nintendo SNES/Romancing Sa-Ga 3 (JP).uac	25-Magical Tank Battle.spc	OST Disc	Disc Number	2
Nintendo SNES/Romancing Sa-Ga 3 (JP).uac	26-The Great Arch.spc	OST Disc	Disc Number	2
Nintendo SNES/Romancing Sa-Ga 3 (JP).uac	27-Jungle.spc	OST Disc	Disc Number	2
Nintendo SNES/Romancing Sa-Ga 3 (JP).uac	28-Fairy Town.spc	OST Disc	Disc Number	2
Nintendo SNES/Romancing Sa-Ga 3 (JP).uac	29-Nightmare.spc	OST Disc	Disc Number	2
Nintendo SNES/Romancing Sa-Ga 3 (JP).uac	30-Dufore's Evil Plans.spc	OST Disc	Disc Number	2
Nintendo SNES/Romancing Sa-Ga 3 (JP).uac	31-Evil Does Not Cherish.spc	OST Disc	Disc Number	2
Nintendo SNES/Romancing Sa-Ga 3 (JP).uac	32-Arousing.spc	OST Disc	Disc Number	2
Nintendo SNES/Romancing Sa-Ga 3 (JP).uac	33-On with the Bangard! (part 1).spc	OST Disc	Disc Number	2
Nintendo SNES/Romancing Sa-Ga 3 (JP).uac	34-On with the Bangard! (part 2).spc	OST Disc	Disc Number	2
Nintendo SNES/Romancing Sa-Ga 3 (JP).uac	35-Island at the Farthest Reaches.spc	OST Disc	Disc Number	2
Nintendo SNES/Romancing Sa-Ga 3 (JP).uac	36-Insufferable Desert.spc	OST Disc	Disc Number	2
Nintendo SNES/Romancing Sa-Ga 3 (JP).uac	37-Ruin of the Crystal.spc	OST Disc	Disc Number	2
Nintendo SNES/Romancing Sa-Ga 3 (JP).uac	38-The Eastern Country.spc	OST Disc	Disc Number	2
Nintendo SNES/Romancing Sa-Ga 3 (JP).uac	39-Emperor's City.spc	OST Disc	Disc Number	2
Nintendo SNES/Romancing Sa-Ga 3 (JP).uac	40-Rusukata.spc	OST Disc	Disc Number	2
Nintendo SNES/Romancing Sa-Ga 3 (JP).uac	41-Tower of the Godly King.spc	OST Disc	Disc Number	2
Nintendo SNES/Romancing Sa-Ga 3 (JP).uac	42-Trade Off.spc	OST Disc	Disc Number	2
Nintendo SNES/Romancing Sa-Ga 3 (JP).uac	43-Aurora.spc	OST Disc	Disc Number	2
Nintendo SNES/Romancing Sa-Ga 3 (JP).uac	44-Snowman's Town.spc	OST Disc	Disc Number	2
Nintendo SNES/Romancing Sa-Ga 3 (JP).uac	45-Ice Lake.spc	OST Disc	Disc Number	2
Nintendo SNES/Romancing Sa-Ga 3 (JP).uac	46-Owain's Lake.spc	OST Disc	Disc Number	2
Nintendo SNES/Romancing Sa-Ga 3 (JP).uac	47-Leonid's Castle.spc	OST Disc	Disc Number	2
Nintendo SNES/Romancing Sa-Ga 3 (JP).uac	48-The Devil King's Castle.spc	OST Disc	Disc Number	3
Nintendo SNES/Romancing Sa-Ga 3 (JP).uac	49-The Dark Underground.spc	OST Disc	Disc Number	3
Nintendo SNES/Romancing Sa-Ga 3 (JP).uac	50-Byunei's Nest.spc	OST Disc	Disc Number	3
Nintendo SNES/Romancing Sa-Ga 3 (JP).uac	51-Fortress of Fire.spc	OST Disc	Disc Number	3
Nintendo SNES/Romancing Sa-Ga 3 (JP).uac	52-Underwater Palace.spc	OST Disc	Disc Number	3
Nintendo SNES/Romancing Sa-Ga 3 (JP).uac	53-Foreboding Danger.spc	OST Disc	Disc Number	3
Nintendo SNES/Romancing Sa-Ga 3 (JP).uac	54-Four Noble Devils.spc	OST Disc	Disc Number	3
Nintendo SNES/Romancing Sa-Ga 3 (JP).uac	55-Defeated.spc	OST Disc	Disc Number	3
Nintendo SNES/Romancing Sa-Ga 3 (JP).uac	56-Grieve.spc	OST Disc	Disc Number	3
Nintendo SNES/Romancing Sa-Ga 3 (JP).uac	57-Sorrow.spc	OST Disc	Disc Number	3
Nintendo SNES/Romancing Sa-Ga 3 (JP).uac	58-Into War... (part 1).spc	OST Disc	Disc Number	3
Nintendo SNES/Romancing Sa-Ga 3 (JP).uac	60-Gen's Castle Battle.spc	OST Disc	Disc Number	3
Nintendo SNES/Romancing Sa-Ga 3 (JP).uac	61-The Last Journey.spc	OST Disc	Disc Number	3
Nintendo SNES/Romancing Sa-Ga 3 (JP).uac	62-Four Noble Devils 2.spc	OST Disc	Disc Number	3
Nintendo SNES/Romancing Sa-Ga 3 (JP).uac	63-Abyss' Gate.spc	OST Disc	Disc Number	3
Nintendo SNES/Romancing Sa-Ga 3 (JP).uac	64-The Last Battle.spc	OST Disc	Disc Number	3
Nintendo SNES/Romancing Sa-Ga 3 (JP).uac	65-Into a New Horizon (part 1).spc	OST Disc	Disc Number	3
Nintendo SNES/Romancing Sa-Ga 3 (JP).uac	66-Into a New Horizon (part 2).spc	OST Disc	Disc Number	3
Nintendo SNES/Romancing Sa-Ga 3 (JP).uac	67-Staff Roll ~ Finale.spc	OST Disc	Disc Number	3
Nintendo SNES/Romancing Sa-Ga 3 (JP).uac	68-Fanfare.spc	OST Disc	Disc Number	3
Nintendo SNES/Romancing Sa-Ga 3 (JP).uac	69-Thomas' Fanfare.spc	OST Disc	Disc Number	3
Nintendo SNES/Romancing Sa-Ga 3 (JP).uac	70-Good Night!.spc	OST Disc	Disc Number	3
Nintendo SNES/Romancing Sa-Ga 3 (JP).uac	71-Trade For Revenge.spc	OST Disc	Disc Number	3
Nintendo SNES/Romancing Sa-Ga 3 (JP).uac	72-Trade For Defeat.spc	OST Disc	Disc Number	3
Nintendo SNES/Romancing Sa-Ga 3 (JP).uac	73-The Professor's Theme (original version).spc	OST Disc	Disc Number	3
Nintendo SNES/Romancing SaGa.uac	00-Overture (part 1).spc	OST Disc	Disc Number	1
Nintendo SNES/Romancing SaGa.uac	01-Overture (part 2).spc	OST Disc	Disc Number	1
Nintendo SNES/Romancing SaGa.uac	02-Theme of Albert.spc	OST Disc	Disc Number	1
Nintendo SNES/Romancing SaGa.uac	03-Theme of Sif.spc	OST Disc	Disc Number	1
Nintendo SNES/Romancing SaGa.uac	04-Theme of Claudia.spc	OST Disc	Disc Number	1
Nintendo SNES/Romancing SaGa.uac	05-Theme of Gray.spc	OST Disc	Disc Number	1
Nintendo SNES/Romancing SaGa.uac	06-Theme of Jamil.spc	OST Disc	Disc Number	1
Nintendo SNES/Romancing SaGa.uac	07-Theme of Aisha.spc	OST Disc	Disc Number	1
Nintendo SNES/Romancing SaGa.uac	08-Theme of Barbara.spc	OST Disc	Disc Number	1
Nintendo SNES/Romancing SaGa.uac	09-Theme of Captain Hawk.spc	OST Disc	Disc Number	1
Nintendo SNES/Romancing SaGa.uac	10-Step Into the Unknown.spc	OST Disc	Disc Number	1
Nintendo SNES/Romancing SaGa.uac	11-The Conflict.spc	OST Disc	Disc Number	1
Nintendo SNES/Romancing SaGa.uac	12-Victory!.spc	OST Disc	Disc Number	1
Nintendo SNES/Romancing SaGa.uac	13-Glory of the Knight.spc	OST Disc	Disc Number	1
Nintendo SNES/Romancing SaGa.uac	14-The Salute.spc	OST Disc	Disc Number	1
Nintendo SNES/Romancing SaGa.uac	15-Sailing the Ocean.spc	OST Disc	Disc Number	1
Nintendo SNES/Romancing SaGa.uac	16-Palace of the Dream.spc	OST Disc	Disc Number	1
Nintendo SNES/Romancing SaGa.uac	17-Crystal City.spc	OST Disc	Disc Number	1
Nintendo SNES/Romancing SaGa.uac	18-Lost in the Forest.spc	OST Disc	Disc Number	1
Nintendo SNES/Romancing SaGa.uac	19-The Conspiracy.spc	OST Disc	Disc Number	1
Nintendo SNES/Romancing SaGa.uac	20-Hurry Out!.spc	OST Disc	Disc Number	1
Nintendo SNES/Romancing SaGa.uac	21-Shop Around the Town!.spc	OST Disc	Disc Number	1
Nintendo SNES/Romancing SaGa.uac	22-Horrible Shadow.spc	OST Disc	Disc Number	1
Nintendo SNES/Romancing SaGa.uac	23-Dim Gleam of Emerald.spc	OST Disc	Disc Number	1
Nintendo SNES/Romancing SaGa.uac	24-The Four Wills.spc	OST Disc	Disc Number	1
Nintendo SNES/Romancing SaGa.uac	25-Beat Them Up!.spc	OST Disc	Disc Number	1
Nintendo SNES/Romancing SaGa.uac	26-A Requiem.spc	OST Disc	Disc Number	1
Nintendo SNES/Romancing SaGa.uac	27-Deserted Village.spc	OST Disc	Disc Number	1
Nintendo SNES/Romancing SaGa.uac	28-Theme of Solitude.spc	OST Disc	Disc Number	1
Nintendo SNES/Romancing SaGa.uac	29-Destined Fate.spc	OST Disc	Disc Number	1
Nintendo SNES/Romancing SaGa.uac	30-Heartful Tears.spc	OST Disc	Disc Number	1
Nintendo SNES/Romancing SaGa.uac	31-The Forbidden Realm.spc	OST Disc	Disc Number	1
Nintendo SNES/Romancing SaGa.uac	32-Beat of the Evil.spc	OST Disc	Disc Number	1
Nintendo SNES/Romancing SaGa.uac	33-Coup de Grace.spc	OST Disc	Disc Number	1
Nintendo SNES/Romancing SaGa.uac	34-Ending Theme (part 1).spc	OST Disc	Disc Number	1
Nintendo SNES/Romancing SaGa.uac	35-Ending Theme (part 2).spc	OST Disc	Disc Number	1
Nintendo SNES/Romancing SaGa.uac	36-Ending Theme (part 3).spc	OST Disc	Disc Number	1
Nintendo SNES/Romancing SaGa.uac	37-Barbara's Tango.spc	OST Disc	Disc Number	1
Nintendo SNES/Romancing SaGa.uac	38-Bard's Tale.spc	OST Disc	Disc Number	1
Nintendo SNES/Romancing SaGa.uac	39-Night of the Shooting Star.spc	OST Disc	Disc Number	1
Nintendo SNES/Romancing SaGa.uac	40-Walking Down the Street.spc	OST Disc	Disc Number	1
Nintendo SNES/Rudra no Hihou (JP).uac	00-The Quest for Rudra's Mines.spc	OST Disc	Disc Number	1
Nintendo SNES/Rudra no Hihou (JP).uac	01-Beginning for the End.spc	OST Disc	Disc Number	1
Nintendo SNES/Rudra no Hihou (JP).uac	02-The Mysterious Stone.spc	OST Disc	Disc Number	1
Nintendo SNES/Rudra no Hihou (JP).uac	03-Rudra.spc	OST Disc	Disc Number	1
Nintendo SNES/Rudra no Hihou (JP).uac	04-Sword of the Valiant.spc	OST Disc	Disc Number	1
Nintendo SNES/Rudra no Hihou (JP).uac	05-Sword of the Valiant (night).spc	OST Disc	Disc Number	1
Nintendo SNES/Rudra no Hihou (JP).uac	06-Between Two Worlds.spc	OST Disc	Disc Number	1
Nintendo SNES/Rudra no Hihou (JP).uac	07-Between Two Worlds (night).spc	OST Disc	Disc Number	1
Nintendo SNES/Rudra no Hihou (JP).uac	08-Crime of the Heart.spc	OST Disc	Disc Number	1
Nintendo SNES/Rudra no Hihou (JP).uac	09-Crime of the Heart (night).spc	OST Disc	Disc Number	1
Nintendo SNES/Rudra no Hihou (JP).uac	10-Take the Gold and Run!.spc	OST Disc	Disc Number	1
Nintendo SNES/Rudra no Hihou (JP).uac	11-Take the Gold and Run! (night).spc	OST Disc	Disc Number	1
Nintendo SNES/Rudra no Hihou (JP).uac	12-Amazing Express.spc	OST Disc	Disc Number	1
Nintendo SNES/Rudra no Hihou (JP).uac	13-Ride on the Breeze.spc	OST Disc	Disc Number	1
Nintendo SNES/Rudra no Hihou (JP).uac	14-Under World.spc	OST Disc	Disc Number	1
Nintendo SNES/Rudra no Hihou (JP).uac	15-Earth Bound.spc	OST Disc	Disc Number	1
Nintendo SNES/Rudra no Hihou (JP).uac	16-Voyage to the Bottom of the Sea.spc	OST Disc	Disc Number	1
Nintendo SNES/Rudra no Hihou (JP).uac	17-The Ultimate Warrior.spc	OST Disc	Disc Number	1
Nintendo SNES/Rudra no Hihou (JP).uac	18-Holiday in the Village.spc	OST Disc	Disc Number	1
Nintendo SNES/Rudra no Hihou (JP).uac	19-Night Shift.spc	OST Disc	Disc Number	1
Nintendo SNES/Rudra no Hihou (JP).uac	20-Parade.spc	OST Disc	Disc Number	1
Nintendo SNES/Rudra no Hihou (JP).uac	21-Waiting for the Moon.spc	OST Disc	Disc Number	1
Nintendo SNES/Rudra no Hihou (JP).uac	22-Whistle Down the Wind.spc	OST Disc	Disc Number	1
Nintendo SNES/Rudra no Hihou (JP).uac	23-Place in the Sun.spc	OST Disc	Disc Number	1
Nintendo SNES/Rudra no Hihou (JP).uac	24-Underwater City.spc	OST Disc	Disc Number	1
Nintendo SNES/Rudra no Hihou (JP).uac	25-Dance with the Zombie.spc	OST Disc	Disc Number	1
Nintendo SNES/Rudra no Hihou (JP).uac	26-The Nightbreed.spc	OST Disc	Disc Number	1
Nintendo SNES/Rudra no Hihou (JP).uac	27-Downfall.spc	OST Disc	Disc Number	1
Nintendo SNES/Rudra no Hihou (JP).uac	28-Battle for the Fields.spc	OST Disc	Disc Number	1
Nintendo SNES/Rudra no Hihou (JP).uac	29-Evil Eyes.spc	OST Disc	Disc Number	1
Nintendo SNES/Rudra no Hihou (JP).uac	30-Strange Encounter.spc	OST Disc	Disc Number	1
Nintendo SNES/Rudra no Hihou (JP).uac	31-The Spirit Chaser.spc	OST Disc	Disc Number	1
Nintendo SNES/Rudra no Hihou (JP).uac	32-The Flame and the Arrow.spc	OST Disc	Disc Number	1
Nintendo SNES/Rudra no Hihou (JP).uac	33-Blazing Impact.spc	OST Disc	Disc Number	1
Nintendo SNES/Rudra no Hihou (JP).uac	34-Winners Take All.spc	OST Disc	Disc Number	1
Nintendo SNES/Rudra no Hihou (JP).uac	35-Mystics in Babel.spc	OST Disc	Disc Number	1
Nintendo SNES/Rudra no Hihou (JP).uac	36-The Tower of God.spc	OST Disc	Disc Number	1
Nintendo SNES/Rudra no Hihou (JP).uac	37-Clockwork Steeple.spc	OST Disc	Disc Number	1
Nintendo SNES/Rudra no Hihou (JP).uac	38-Shadows of Illusion.spc	OST Disc	Disc Number	1
Nintendo SNES/Rudra no Hihou (JP).uac	39-Prophecy.spc	OST Disc	Disc Number	1
Nintendo SNES/Rudra no Hihou (JP).uac	40-Sanctuary.spc	OST Disc	Disc Number	1
Nintendo SNES/Rudra no Hihou (JP).uac	41-Storm over the Place.spc	OST Disc	Disc Number	1
Nintendo SNES/Rudra no Hihou (JP).uac	42-Bio Hazard.spc	OST Disc	Disc Number	1
Nintendo SNES/Rudra no Hihou (JP).uac	43-Night Gallery.spc	OST Disc	Disc Number	1
Nintendo SNES/Rudra no Hihou (JP).uac	44-Evil in the Deep.spc	OST Disc	Disc Number	1
Nintendo SNES/Rudra no Hihou (JP).uac	45-King of the Mountain.spc	OST Disc	Disc Number	1
Nintendo SNES/Rudra no Hihou (JP).uac	46-The Inhuman Condition.spc	OST Disc	Disc Number	1
Nintendo SNES/Rudra no Hihou (JP).uac	47-The Aquarians.spc	OST Disc	Disc Number	1
Nintendo SNES/Rudra no Hihou (JP).uac	48-The Invisible Dead.spc	OST Disc	Disc Number	1
Nintendo SNES/Rudra no Hihou (JP).uac	49-Edge of Darkness.spc	OST Disc	Disc Number	1
Nintendo SNES/Rudra no Hihou (JP).uac	50-Ko-So-Do-Ro.spc	OST Disc	Disc Number	1
Nintendo SNES/Rudra no Hihou (JP).uac	51-Run for it!.spc	OST Disc	Disc Number	1
Nintendo SNES/Rudra no Hihou (JP).uac	52-Creatures from the Silent Sea.spc	OST Disc	Disc Number	1
Nintendo SNES/Rudra no Hihou (JP).uac	53-Purgation.spc	OST Disc	Disc Number	1
Nintendo SNES/Rudra no Hihou (JP).uac	54-Land of Doom.spc	OST Disc	Disc Number	1
Nintendo SNES/Rudra no Hihou (JP).uac	55-Battle of the Last Enemy ~ In the Mirror.spc	OST Disc	Disc Number	1
Nintendo SNES/Rudra no Hihou (JP).uac	56-Battle of the Last Enemy ~ Damned.spc	OST Disc	Disc Number	1
Nintendo SNES/Rudra no Hihou (JP).uac	57-Battle of the Last Enemy ~ Evolution.spc	OST Disc	Disc Number	1
Nintendo SNES/Rudra no Hihou (JP).uac	58-Battle of the Last Enemy ~ Final Conflict.spc	OST Disc	Disc Number	1
Nintendo SNES/Rudra no Hihou (JP).uac	59-Change of Mind.spc	OST Disc	Disc Number	1
Nintendo SNES/Rudra no Hihou (JP).uac	60-Beyond the Rising Moon (part 1).spc	OST Disc	Disc Number	1
Nintendo SNES/Rudra no Hihou (JP).uac	61-Beyond the Rising Moon (part 2).spc	OST Disc	Disc Number	1
Nintendo SNES/Rudra no Hihou (JP).uac	62-Echoes.spc	OST Disc	Disc Number	1
Nintendo SNES/Rudra no Hihou (JP).uac	63-Echoes (short variation).spc	OST Disc	Disc Number	1
Nintendo SNES/Secret of Mana.uac	00-Fear of the Heavens.spc	OST Disc	Disc Number	1
Nintendo SNES/Secret of Mana.uac	01-A Curious Tale.spc	OST Disc	Disc Number	1
Nintendo SNES/Secret of Mana.uac	02-Phantom and a Rose.spc	OST Disc	Disc Number	1
Nintendo SNES/Secret of Mana.uac	03-Together Always.spc	OST Disc	Disc Number	1
Nintendo SNES/Secret of Mana.uac	04-Fond Memories.spc	OST Disc	Disc Number	1
Nintendo SNES/Secret of Mana.uac	05-Into the Thick of it.spc	OST Disc	Disc Number	1
Nintendo SNES/Secret of Mana.uac	06-Into the Thick of it (Echo).spc	OST Disc	Disc Number	1
Nintendo SNES/Secret of Mana.uac	07-The Color of the Summer Sky.spc	OST Disc	Disc Number	1
Nintendo SNES/Secret of Mana.uac	08-Dancing Animals.spc	OST Disc	Disc Number	1
Nintendo SNES/Secret of Mana.uac	09-Dancing Animals (Echo).spc	OST Disc	Disc Number	1
Nintendo SNES/Secret of Mana.uac	10-Distant Thunder.spc	OST Disc	Disc Number	1
Nintendo SNES/Secret of Mana.uac	11-The Little Sprite.spc	OST Disc	Disc Number	1
Nintendo SNES/Secret of Mana.uac	12-It Happened Late One Evening.spc	OST Disc	Disc Number	1
Nintendo SNES/Secret of Mana.uac	13-In the Dead of the Night.spc	OST Disc	Disc Number	1
Nintendo SNES/Secret of Mana.uac	14-Mystic Invasion.spc	OST Disc	Disc Number	1
Nintendo SNES/Secret of Mana.uac	15-Secret of the Arid Sands.spc	OST Disc	Disc Number	1
Nintendo SNES/Secret of Mana.uac	16-What the Forest Taught Me.spc	OST Disc	Disc Number	1
Nintendo SNES/Secret of Mana.uac	17-A Wish.spc	OST Disc	Disc Number	1
Nintendo SNES/Secret of Mana.uac	18-Spirit of the Night.spc	OST Disc	Disc Number	1
Nintendo SNES/Secret of Mana.uac	19-Did You See the Ocean.spc	OST Disc	Disc Number	1
Nintendo SNES/Secret of Mana.uac	20-Danger.spc	OST Disc	Disc Number	1
Nintendo SNES/Secret of Mana.uac	21-Calm Before the Storm.spc	OST Disc	Disc Number	1
Nintendo SNES/Secret of Mana.uac	22-The Wind Never Ceases.spc	OST Disc	Disc Number	1
Nintendo SNES/Secret of Mana.uac	23-Flight into the Unknown.spc	OST Disc	Disc Number	1
Nintendo SNES/Secret of Mana.uac	24-Eternal Recurrence.spc	OST Disc	Disc Number	1
Nintendo SNES/Secret of Mana.uac	25-The Legend.spc	OST Disc	Disc Number	1
Nintendo SNES/Secret of Mana.uac	26-A Bell is Tolling.spc	OST Disc	Disc Number	1
Nintendo SNES/Secret of Mana.uac	27-A Curious Happening.spc	OST Disc	Disc Number	1
Nintendo SNES/Secret of Mana.uac	28-Monarch on the Shore.spc	OST Disc	Disc Number	1
Nintendo SNES/Secret of Mana.uac	29-The Dark Star.spc	OST Disc	Disc Number	1
Nintendo SNES/Secret of Mana.uac	30-The Dark Star (No Echo).spc	OST Disc	Disc Number	1
Nintendo SNES/Secret of Mana.uac	31-Prophecy.spc	OST Disc	Disc Number	1
Nintendo SNES/Secret of Mana.uac	32-Steel and Snare.spc	OST Disc	Disc Number	1
Nintendo SNES/Secret of Mana.uac	33-Whisper and Mantra.spc	OST Disc	Disc Number	1
Nintendo SNES/Secret of Mana.uac	34-Whisper and Mantra (Echo).spc	OST Disc	Disc Number	1
Nintendo SNES/Secret of Mana.uac	35-Ceremony.spc	OST Disc	Disc Number	1
Nintendo SNES/Secret of Mana.uac	36-Morning is Here.spc	OST Disc	Disc Number	1
Nintendo SNES/Secret of Mana.uac	37-Leave Time for Love.spc	OST Disc	Disc Number	1
Nintendo SNES/Secret of Mana.uac	38-Still of the Night.spc	OST Disc	Disc Number	1
Nintendo SNES/Secret of Mana.uac	39-The Curse.spc	OST Disc	Disc Number	1
Nintendo SNES/Secret of Mana.uac	40-The Oracle.spc	OST Disc	Disc Number	1
Nintendo SNES/Secret of Mana.uac	41-A Conclusion.spc	OST Disc	Disc Number	1
Nintendo SNES/Secret of Mana.uac	42-I Won't Forget.spc	OST Disc	Disc Number	1
Nintendo SNES/Secret of Mana.uac	43-One of Them is Hope.spc	OST Disc	Disc Number	1
Nintendo SNES/Secret of Mana.uac	44-Meridian Dance.spc	OST Disc	Disc Number	1
Nintendo SNES/Secret of Mana.uac	45-Now Flightless Wings.spc	OST Disc	Disc Number	1
Nintendo SNES/Secret of Mana.uac	46-The Second Truth From the Left.spc	OST Disc	Disc Number	1
Nintendo SNES/Secret of Mana.uac	47-I Closed My Eyes.spc	OST Disc	Disc Number	1
Nintendo SNES/Seiken Densetsu 3.uac	00-Not Awaken.spc	OST Disc	Disc Number	1
Nintendo SNES/Seiken Densetsu 3.uac	01-Where Angels Fear to Tread.spc	OST Disc	Disc Number	1
Nintendo SNES/Seiken Densetsu 3.uac	02-Ordinary People.spc	OST Disc	Disc Number	1
Nintendo SNES/Seiken Densetsu 3.uac	03-Whiz Kid.spc	OST Disc	Disc Number	1
Nintendo SNES/Seiken Densetsu 3.uac	04-Walls and Steels.spc	OST Disc	Disc Number	1
Nintendo SNES/Seiken Densetsu 3.uac	05-Axe Bring Storm.spc	OST Disc	Disc Number	1
Nintendo SNES/Seiken Densetsu 3.uac	06-Little Sweet Cafe.spc	OST Disc	Disc Number	1
Nintendo SNES/Seiken Densetsu 3.uac	07-Witchmakers.spc	OST Disc	Disc Number	1
Nintendo SNES/Seiken Densetsu 3.uac	08-Another Winter.spc	OST Disc	Disc Number	1
Nintendo SNES/Seiken Densetsu 3.uac	09-Ancient Dolphin.spc	OST Disc	Disc Number	1
Nintendo SNES/Seiken Densetsu 3.uac	10-Hope Isolation Pray.spc	OST Disc	Disc Number	1
Nintendo SNES/Seiken Densetsu 3.uac	11-Raven.spc	OST Disc	Disc Number	1
Nintendo SNES/Seiken Densetsu 3.uac	12-Damn Damn Drum.spc	OST Disc	Disc Number	1
Nintendo SNES/Seiken Densetsu 3.uac	13-Innocent Sea.spc	OST Disc	Disc Number	1
Nintendo SNES/Seiken Densetsu 3.uac	14-Swivel.spc	OST Disc	Disc Number	1
Nintendo SNES/Seiken Densetsu 3.uac	15-Oh I'm a Flamelet.spc	OST Disc	Disc Number	1
Nintendo SNES/Seiken Densetsu 3.uac	16-Evening Star.spc	OST Disc	Disc Number	1
Nintendo SNES/Seiken Densetsu 3.uac	17-Don't Hunt the Fairy.spc	OST Disc	Disc Number	1
Nintendo SNES/Seiken Densetsu 3.uac	18-Fable.spc	OST Disc	Disc Number	1
Nintendo SNES/Seiken Densetsu 3.uac	19-Left-Handed Wolf.spc	OST Disc	Disc Number	2
Nintendo SNES/Seiken Densetsu 3.uac	20-Person's Die.spc	OST Disc	Disc Number	2
Nintendo SNES/Seiken Densetsu 3.uac	21-Harvest November.spc	OST Disc	Disc Number	2
Nintendo SNES/Seiken Densetsu 3.uac	22-Few Paths Forbidden.spc	OST Disc	Disc Number	2
Nintendo SNES/Seiken Densetsu 3.uac	23-Female Turbulence.spc	OST Disc	Disc Number	2
Nintendo SNES/Seiken Densetsu 3.uac	24-Intolerance.spc	OST Disc	Disc Number	2
Nintendo SNES/Seiken Densetsu 3.uac	25-Different Road.spc	OST Disc	Disc Number	2
Nintendo SNES/Seiken Densetsu 3.uac	26-Powell.spc	OST Disc	Disc Number	2
Nintendo SNES/Seiken Densetsu 3.uac	27-Political Pressure.spc	OST Disc	Disc Number	2
Nintendo SNES/Seiken Densetsu 3.uac	28-Nuclear Fusion.spc	OST Disc	Disc Number	2
Nintendo SNES/Seiken Densetsu 3.uac	29-Positive.spc	OST Disc	Disc Number	2
Nintendo SNES/Seiken Densetsu 3.uac	30-Meridian Child.spc	OST Disc	Disc Number	2
Nintendo SNES/Seiken Densetsu 3.uac	31-Closed Garden.spc	OST Disc	Disc Number	2
Nintendo SNES/Seiken Densetsu 3.uac	32-Splash Hop.spc	OST Disc	Disc Number	2
Nintendo SNES/Seiken Densetsu 3.uac	33-Innocent Water.spc	OST Disc	Disc Number	2
Nintendo SNES/Seiken Densetsu 3.uac	34-Delicate Affection.spc	OST Disc	Disc Number	2
Nintendo SNES/Seiken Densetsu 3.uac	35-Three of Darkside.spc	OST Disc	Disc Number	2
Nintendo SNES/Seiken Densetsu 3.uac	36-Last Audience.spc	OST Disc	Disc Number	2
Nintendo SNES/Seiken Densetsu 3.uac	37-Obsession.spc	OST Disc	Disc Number	2
Nintendo SNES/Seiken Densetsu 3.uac	38-Strange Medicine.spc	OST Disc	Disc Number	2
Nintendo SNES/Seiken Densetsu 3.uac	39-Frenzy.spc	OST Disc	Disc Number	2
Nintendo SNES/Seiken Densetsu 3.uac	40-Can You Fly, Sister.spc	OST Disc	Disc Number	3
Nintendo SNES/Seiken Densetsu 3.uac	41-Decision Bell.spc	OST Disc	Disc Number	3
Nintendo SNES/Seiken Densetsu 3.uac	42-Secret of Mana.spc	OST Disc	Disc Number	3
Nintendo SNES/Seiken Densetsu 3.uac	43-Faith Total Machine.spc	OST Disc	Disc Number	3
Nintendo SNES/Seiken Densetsu 3.uac	44-Weird Counterpoint.spc	OST Disc	Disc Number	3
Nintendo SNES/Seiken Densetsu 3.uac	45-Rolling Cradle.spc	OST Disc	Disc Number	3
Nintendo SNES/Seiken Densetsu 3.uac	46-Black Soup.spc	OST Disc	Disc Number	3
Nintendo SNES/Seiken Densetsu 3.uac	47-Hightension Wire.spc	OST Disc	Disc Number	3
Nintendo SNES/Seiken Densetsu 3.uac	48-And Other.spc	OST Disc	Disc Number	3
Nintendo SNES/Seiken Densetsu 3.uac	49-Electric Talk.spc	OST Disc	Disc Number	3
Nintendo SNES/Seiken Densetsu 3.uac	50-Religion Thunder.spc	OST Disc	Disc Number	3
Nintendo SNES/Seiken Densetsu 3.uac	51-Angel's Fear.spc	OST Disc	Disc Number	3
Nintendo SNES/Seiken Densetsu 3.uac	52-The Sacrifice, Part One.spc	OST Disc	Disc Number	3
Nintendo SNES/Seiken Densetsu 3.uac	53-The Sacrifice, Part Two.spc	OST Disc	Disc Number	3
Nintendo SNES/Seiken Densetsu 3.uac	54-The Sacrifice, Part Three.spc	OST Disc	Disc Number	3
Nintendo SNES/Seiken Densetsu 3.uac	55-Reincarnation.spc	OST Disc	Disc Number	3
Nintendo SNES/Seiken Densetsu 3.uac	56-Farewell Song.spc	OST Disc	Disc Number	3
Nintendo SNES/Seiken Densetsu 3.uac	57-Breezin'.spc	OST Disc	Disc Number	3
Nintendo SNES/Seiken Densetsu 3.uac	58-Return to Forever.spc	OST Disc	Disc Number	3
Nintendo SNES/Seiken Densetsu 3.uac	59-Long Goodbye.spc	OST Disc	Disc Number	3
Nintendo SNES/Shin Megami Tensei 2.uac	00-Title Demo.spc	OST Disc	Disc Number	2
Nintendo SNES/Shin Megami Tensei 2.uac	01-Title.spc	OST Disc	Disc Number	2
Nintendo SNES/Shin Megami Tensei 2.uac	02-Gym.spc	OST Disc	Disc Number	2
Nintendo SNES/Shin Megami Tensei 2.uac	03-3D Virtual Battler.spc	OST Disc	Disc Number	2
Nintendo SNES/Shin Megami Tensei 2.uac	04-Shop.spc	OST Disc	Disc Number	2
Nintendo SNES/Shin Megami Tensei 2.uac	05-3D Valhalla.spc	OST Disc	Disc Number	2
Nintendo SNES/Shin Megami Tensei 2.uac	06-Neutral.spc	OST Disc	Disc Number	2
Nintendo SNES/Shin Megami Tensei 2.uac	07-2D Field.spc	OST Disc	Disc Number	2
Nintendo SNES/Shin Megami Tensei 2.uac	08-Encounter.spc	OST Disc	Disc Number	2
Nintendo SNES/Shin Megami Tensei 2.uac	09-Battle.spc	OST Disc	Disc Number	2
Nintendo SNES/Shin Megami Tensei 2.uac	10-Level Up.spc	OST Disc	Disc Number	2
Nintendo SNES/Shin Megami Tensei 2.uac	11-Recovering Remembrance.spc	OST Disc	Disc Number	2
Nintendo SNES/Shin Megami Tensei 2.uac	12-3D Center.spc	OST Disc	Disc Number	2
Nintendo SNES/Shin Megami Tensei 2.uac	13-Law.spc	OST Disc	Disc Number	2
Nintendo SNES/Shin Megami Tensei 2.uac	14-Jakyou no Yakata.spc	OST Disc	Disc Number	2
Nintendo SNES/Shin Megami Tensei 2.uac	15-Devils Fusion.spc	OST Disc	Disc Number	2
Nintendo SNES/Shin Megami Tensei 2.uac	16-2D Siren.spc	OST Disc	Disc Number	2
Nintendo SNES/Shin Megami Tensei 2.uac	17-3D Underground.spc	OST Disc	Disc Number	2
Nintendo SNES/Shin Megami Tensei 2.uac	18-Boss Battle.spc	OST Disc	Disc Number	2
Nintendo SNES/Shin Megami Tensei 2.uac	19-Chaos.spc	OST Disc	Disc Number	2
Nintendo SNES/Shin Megami Tensei 2.uac	20-Casino.spc	OST Disc	Disc Number	2
Nintendo SNES/Shin Megami Tensei 2.uac	21-Terminal Point.spc	OST Disc	Disc Number	2
Nintendo SNES/Shin Megami Tensei 2.uac	22-Disco.spc	OST Disc	Disc Number	2
Nintendo SNES/Shin Megami Tensei 2.uac	23-2D Makai.spc	OST Disc	Disc Number	2
Nintendo SNES/Shin Megami Tensei 2.uac	24-3D Makai.spc	OST Disc	Disc Number	2
Nintendo SNES/Shin Megami Tensei 2.uac	25-Heroine.spc	OST Disc	Disc Number	2
Nintendo SNES/Shin Megami Tensei 2.uac	26-Final Battle.spc	OST Disc	Disc Number	2
Nintendo SNES/Shin Megami Tensei 2.uac	27-Game Over.spc	OST Disc	Disc Number	2
Nintendo SNES/Shin Momotarou Densetsu.uac	00-Title.spc	OST Disc	Disc Number	1
Nintendo SNES/Shin Momotarou Densetsu.uac	01-Basaraou's Theme.spc	OST Disc	Disc Number	1
Nintendo SNES/Shin Momotarou Densetsu.uac	02-Overture.spc	OST Disc	Disc Number	1
Nintendo SNES/Shin Momotarou Densetsu.uac	03-A Crisis is Drawing Near.spc	OST Disc	Disc Number	1
Nintendo SNES/Shin Momotarou Densetsu.uac	04-Hindering Ogres.spc	OST Disc	Disc Number	1
Nintendo SNES/Shin Momotarou Densetsu.uac	05-Karura's Theme.spc	OST Disc	Disc Number	1
Nintendo SNES/Shin Momotarou Densetsu.uac	06-Long-Standing Rival.spc	OST Disc	Disc Number	1
Nintendo SNES/Shin Momotarou Densetsu.uac	07-Sennin's Theme.spc	OST Disc	Disc Number	1
Nintendo SNES/Shin Momotarou Densetsu.uac	08-Momotarou's Firm Decision.spc	OST Disc	Disc Number	1
Nintendo SNES/Shin Momotarou Densetsu.uac	09-Peaceful Village.spc	OST Disc	Disc Number	1
Nintendo SNES/Shin Momotarou Densetsu.uac	10-Momotarou's Theme.spc	OST Disc	Disc Number	1
Nintendo SNES/Shin Momotarou Densetsu.uac	11-Battle with Ogres.spc	OST Disc	Disc Number	1
Nintendo SNES/Shin Momotarou Densetsu.uac	12-Ksitigarbha.spc	OST Disc	Disc Number	1
Nintendo SNES/Shin Momotarou Densetsu.uac	13-Training.spc	OST Disc	Disc Number	1
Nintendo SNES/Shin Momotarou Densetsu.uac	14-Cave.spc	OST Disc	Disc Number	1
Nintendo SNES/Shin Momotarou Densetsu.uac	15-Dreadful Enemies.spc	OST Disc	Disc Number	1
Nintendo SNES/Shin Momotarou Densetsu.uac	16-Breaking Down.spc	OST Disc	Disc Number	1
Nintendo SNES/Shin Momotarou Densetsu.uac	17-Sparrows Inn.spc	OST Disc	Disc Number	1
Nintendo SNES/Shin Momotarou Densetsu.uac	18-Mountain Path.spc	OST Disc	Disc Number	1
Nintendo SNES/Shin Momotarou Densetsu.uac	19-Desperate Situation.spc	OST Disc	Disc Number	1
Nintendo SNES/Shin Momotarou Densetsu.uac	20-Ajase's Theme.spc	OST Disc	Disc Number	1
Nintendo SNES/Shin Momotarou Densetsu.uac	21-Taoist Village.spc	OST Disc	Disc Number	1
Nintendo SNES/Shin Momotarou Densetsu.uac	22-Rustic Fete.spc	OST Disc	Disc Number	1
Nintendo SNES/Shin Momotarou Densetsu.uac	23-Moukarimakka Ondo.spc	OST Disc	Disc Number	1
Nintendo SNES/Shin Momotarou Densetsu.uac	24-Urashima Village.spc	OST Disc	Disc Number	1
Nintendo SNES/Shin Momotarou Densetsu.uac	25-Ryuuguu Castle.spc	OST Disc	Disc Number	1
Nintendo SNES/Shin Momotarou Densetsu.uac	26-Ryuuguu Millenary Dance.spc	OST Disc	Disc Number	1
Nintendo SNES/Shin Momotarou Densetsu.uac	27-Kaguya, the Princess of the Moon.spc	OST Disc	Disc Number	1
Nintendo SNES/Shin Momotarou Densetsu.uac	28-Village on the Moon.spc	OST Disc	Disc Number	1
Nintendo SNES/Shin Momotarou Densetsu.uac	29-Soaring Tower.spc	OST Disc	Disc Number	1
Nintendo SNES/Shin Momotarou Densetsu.uac	30-Smiling Competition.spc	OST Disc	Disc Number	1
Nintendo SNES/Shin Momotarou Densetsu.uac	31-Binbougami's Theme.spc	OST Disc	Disc Number	1
Nintendo SNES/Shin Momotarou Densetsu.uac	32-Amanojyaku's Theme.spc	OST Disc	Disc Number	1
Nintendo SNES/Shin Momotarou Densetsu.uac	33-Village of Smiles.spc	OST Disc	Disc Number	1
Nintendo SNES/Shin Momotarou Densetsu.uac	34-Mashira's Theme.spc	OST Disc	Disc Number	1
Nintendo SNES/Shin Momotarou Densetsu.uac	35-Conversion.spc	OST Disc	Disc Number	1
Nintendo SNES/Shin Momotarou Densetsu.uac	36-Capital of Wishes.spc	OST Disc	Disc Number	1
Nintendo SNES/Shin Momotarou Densetsu.uac	37-Momotarou's Castle.spc	OST Disc	Disc Number	2
Nintendo SNES/Shin Momotarou Densetsu.uac	38-Fuujin and Raijin.spc	OST Disc	Disc Number	2
Nintendo SNES/Shin Momotarou Densetsu.uac	39-Yashahime's Theme.spc	OST Disc	Disc Number	2
Nintendo SNES/Shin Momotarou Densetsu.uac	40-Triumphant Return.spc	OST Disc	Disc Number	2
Nintendo SNES/Shin Momotarou Densetsu.uac	41-Sea Breeze.spc	OST Disc	Disc Number	2
Nintendo SNES/Shin Momotarou Densetsu.uac	42-Stormy Naval Battle.spc	OST Disc	Disc Number	2
Nintendo SNES/Shin Momotarou Densetsu.uac	43-Robot Making Craftsman.spc	OST Disc	Disc Number	2
Nintendo SNES/Shin Momotarou Densetsu.uac	44-Fling Castle.spc	OST Disc	Disc Number	2
Nintendo SNES/Shin Momotarou Densetsu.uac	45-The Ocean Floor.spc	OST Disc	Disc Number	2
Nintendo SNES/Shin Momotarou Densetsu.uac	46-Milky Way.spc	OST Disc	Disc Number	2
Nintendo SNES/Shin Momotarou Densetsu.uac	47-Fling in Moonlight.spc	OST Disc	Disc Number	2
Nintendo SNES/Shin Momotarou Densetsu.uac	48-Phoenix.spc	OST Disc	Disc Number	2
Nintendo SNES/Shin Momotarou Densetsu.uac	49-Through a Wilderness.spc	OST Disc	Disc Number	2
Nintendo SNES/Shin Momotarou Densetsu.uac	50-Hell.spc	OST Disc	Disc Number	2
Nintendo SNES/Shin Momotarou Densetsu.uac	51-Decisive Battle with Basaraou.spc	OST Disc	Disc Number	2
Nintendo SNES/Shin Momotarou Densetsu.uac	52-Final Battle.spc	OST Disc	Disc Number	2
Nintendo SNES/Shin Momotarou Densetsu.uac	53-Dawn.spc	OST Disc	Disc Number	2
Nintendo SNES/Shin Momotarou Densetsu.uac	54-Denouement.spc	OST Disc	Disc Number	2
Nintendo SNES/Star Fox.uac	00-Title Demonstration.spc	OST Disc	Disc Number	1
Nintendo SNES/Star Fox.uac	01-Title Screen.spc	OST Disc	Disc Number	1
Nintendo SNES/Star Fox.uac	02-Controls.spc	OST Disc	Disc Number	1
Nintendo SNES/Star Fox.uac	03-Course Map Select.spc	OST Disc	Disc Number	1
Nintendo SNES/Star Fox.uac	04-Emergency Call.spc	OST Disc	Disc Number	1
Nintendo SNES/Star Fox.uac	05-Corneria.spc	OST Disc	Disc Number	1
Nintendo SNES/Star Fox.uac	06-Meteor.spc	OST Disc	Disc Number	1
Nintendo SNES/Star Fox.uac	07-Titania.spc	OST Disc	Disc Number	1
Nintendo SNES/Star Fox.uac	08-Fortuna.spc	OST Disc	Disc Number	1
Nintendo SNES/Star Fox.uac	09-Macbeth.spc	OST Disc	Disc Number	1
Nintendo SNES/Star Fox.uac	10-Asteroid & Venom Orbital.spc	OST Disc	Disc Number	1
Nintendo SNES/Star Fox.uac	11-Space Armada.spc	OST Disc	Disc Number	1
Nintendo SNES/Star Fox.uac	12-Venom Base (Level 2).spc	OST Disc	Disc Number	1
Nintendo SNES/Star Fox.uac	13-Sector X & Sector Z.spc	OST Disc	Disc Number	1
Nintendo SNES/Star Fox.uac	14-Sector Y.spc	OST Disc	Disc Number	1
Nintendo SNES/Star Fox.uac	15-Venom Base (Level 1 & 3).spc	OST Disc	Disc Number	1
Nintendo SNES/Star Fox.uac	16-Boss (Corneria).spc	OST Disc	Disc Number	1
Nintendo SNES/Star Fox.uac	17-Boss (Meteor).spc	OST Disc	Disc Number	1
Nintendo SNES/Star Fox.uac	18-Boss (Fortuna).spc	OST Disc	Disc Number	1
Nintendo SNES/Star Fox.uac	19-Boss (Macbeth).spc	OST Disc	Disc Number	1
Nintendo SNES/Star Fox.uac	20-Boss (Titania).spc	OST Disc	Disc Number	1
Nintendo SNES/Star Fox.uac	21-Boss (Asteroid).spc	OST Disc	Disc Number	1
Nintendo SNES/Star Fox.uac	22-Boss (Space Armada).spc	OST Disc	Disc Number	1
Nintendo SNES/Star Fox.uac	23-Boss (Venom Base 1).spc	OST Disc	Disc Number	1
Nintendo SNES/Star Fox.uac	24-Boss (Venom Base 2).spc	OST Disc	Disc Number	1
Nintendo SNES/Star Fox.uac	25-Boss (Venom Base Extended).spc	OST Disc	Disc Number	1
Nintendo SNES/Star Fox.uac	27-Boss (Last Boss Andross).spc	OST Disc	Disc Number	1
Nintendo SNES/Star Fox.uac	28-Player Down (Orchestra).spc	OST Disc	Disc Number	1
Nintendo SNES/Star Fox.uac	29-Player Down (Band).spc	OST Disc	Disc Number	1
Nintendo SNES/Star Fox.uac	30-Game Over.spc	OST Disc	Disc Number	1
Nintendo SNES/Star Fox.uac	31-Continue.spc	OST Disc	Disc Number	1
Nintendo SNES/Star Fox.uac	32-Course Clear (Orchestra).spc	OST Disc	Disc Number	1
Nintendo SNES/Star Fox.uac	33-Course Clear (Band).spc	OST Disc	Disc Number	1
Nintendo SNES/Star Fox.uac	34-Last Boss Clear.spc	OST Disc	Disc Number	1
Nintendo SNES/Star Fox.uac	35-Game Clear Demonstration.spc	OST Disc	Disc Number	1
Nintendo SNES/Star Fox.uac	36-Ending.spc	OST Disc	Disc Number	1
Nintendo SNES/Star Fox.uac	37-Main Theme.spc	OST Disc	Disc Number	1
Nintendo SNES/Star Fox.uac	38-Out of this Dimension.spc	OST Disc	Disc Number	1
Nintendo SNES/Star Fox.uac	39-Slot Machine.spc	OST Disc	Disc Number	1
Nintendo SNES/Star Fox.uac	40-Black Hole (BGM).spc	OST Disc	Disc Number	1
Nintendo SNES/Star Fox.uac	41-Black Hole (Map Select).spc	OST Disc	Disc Number	1
Nintendo SNES/Star Fox.uac	42-Training Mode.spc	OST Disc	Disc Number	1
Nintendo SNES/Star Fox.uac	43-Entering Dangerous Territory.spc	OST Disc	Disc Number	1
Nintendo SNES/Star Fox.uac	44-Black Hole (Warping).spc	OST Disc	Disc Number	1
Nintendo SNES/Super Adventure Island.uac	00-Follow Wind.spc	OST Disc	Disc Number	1
Nintendo SNES/Super Adventure Island.uac	01-Break.spc	OST Disc	Disc Number	1
Nintendo SNES/Super Adventure Island.uac	02-The Island of Everlasting Summer.spc	OST Disc	Disc Number	1
Nintendo SNES/Super Adventure Island.uac	03-Hop Step and Jazzy Beats.spc	OST Disc	Disc Number	1
Nintendo SNES/Super Adventure Island.uac	04-Blue Blue Moon.spc	OST Disc	Disc Number	1
Nintendo SNES/Super Adventure Island.uac	05-Hot Reception.spc	OST Disc	Disc Number	1
Nintendo SNES/Super Adventure Island.uac	06-Break (Scratched).spc	OST Disc	Disc Number	1
Nintendo SNES/Super Adventure Island.uac	07-Jungle Chase.spc	OST Disc	Disc Number	1
Nintendo SNES/Super Adventure Island.uac	08-Drop into a Walk.spc	OST Disc	Disc Number	1
Nintendo SNES/Super Adventure Island.uac	09-Cool Jam.spc	OST Disc	Disc Number	1
Nintendo SNES/Super Adventure Island.uac	10-Ice Groove.spc	OST Disc	Disc Number	1
Nintendo SNES/Super Adventure Island.uac	11-Darkside Visitor.spc	OST Disc	Disc Number	1
Nintendo SNES/Super Adventure Island.uac	12-Big Zen.spc	OST Disc	Disc Number	1
Nintendo SNES/Super Adventure Island.uac	13-Hawaiian.spc	OST Disc	Disc Number	1
Nintendo SNES/Super Adventure Island.uac	14-Gently Sun.spc	OST Disc	Disc Number	1
Nintendo SNES/Super Adventure Island.uac	15-Game Over.spc	OST Disc	Disc Number	1
Nintendo SNES/Super Aoki Ookami to Shiroki Mejika - Genchou Hishi (Genghis Khan 2 - Clan of the Grey Wolf).uac	00-Opening.spc	OST Disc	Disc Number	1
Nintendo SNES/Super Aoki Ookami to Shiroki Mejika - Genchou Hishi (Genghis Khan 2 - Clan of the Grey Wolf).uac	01-Mongolian Strategy.spc	OST Disc	Disc Number	1
Nintendo SNES/Super Aoki Ookami to Shiroki Mejika - Genchou Hishi (Genghis Khan 2 - Clan of the Grey Wolf).uac	02-Central Asian Strategy.spc	OST Disc	Disc Number	1
Nintendo SNES/Super Aoki Ookami to Shiroki Mejika - Genchou Hishi (Genghis Khan 2 - Clan of the Grey Wolf).uac	03-Indian Strategy.spc	OST Disc	Disc Number	1
Nintendo SNES/Super Aoki Ookami to Shiroki Mejika - Genchou Hishi (Genghis Khan 2 - Clan of the Grey Wolf).uac	04-Islamic Strategy.spc	OST Disc	Disc Number	1
Nintendo SNES/Super Aoki Ookami to Shiroki Mejika - Genchou Hishi (Genghis Khan 2 - Clan of the Grey Wolf).uac	05-West European Strategy.spc	OST Disc	Disc Number	1
Nintendo SNES/Super Aoki Ookami to Shiroki Mejika - Genchou Hishi (Genghis Khan 2 - Clan of the Grey Wolf).uac	06-East European Strategy.spc	OST Disc	Disc Number	1
Nintendo SNES/Super Aoki Ookami to Shiroki Mejika - Genchou Hishi (Genghis Khan 2 - Clan of the Grey Wolf).uac	07-Japanese Strategy.spc	OST Disc	Disc Number	1
Nintendo SNES/Super Aoki Ookami to Shiroki Mejika - Genchou Hishi (Genghis Khan 2 - Clan of the Grey Wolf).uac	08-Chinese Strategy.spc	OST Disc	Disc Number	1
Nintendo SNES/Super Aoki Ookami to Shiroki Mejika - Genchou Hishi (Genghis Khan 2 - Clan of the Grey Wolf).uac	09-March in Inland Asia.spc	OST Disc	Disc Number	1
Nintendo SNES/Super Aoki Ookami to Shiroki Mejika - Genchou Hishi (Genghis Khan 2 - Clan of the Grey Wolf).uac	10-March in East Asia.spc	OST Disc	Disc Number	1
Nintendo SNES/Super Aoki Ookami to Shiroki Mejika - Genchou Hishi (Genghis Khan 2 - Clan of the Grey Wolf).uac	11-March in Southeast Asia.spc	OST Disc	Disc Number	1
Nintendo SNES/Super Aoki Ookami to Shiroki Mejika - Genchou Hishi (Genghis Khan 2 - Clan of the Grey Wolf).uac	12-March in Europe.spc	OST Disc	Disc Number	1
Nintendo SNES/Super Aoki Ookami to Shiroki Mejika - Genchou Hishi (Genghis Khan 2 - Clan of the Grey Wolf).uac	13-Battle Command.spc	OST Disc	Disc Number	1
Nintendo SNES/Super Aoki Ookami to Shiroki Mejika - Genchou Hishi (Genghis Khan 2 - Clan of the Grey Wolf).uac	14-Victory.spc	OST Disc	Disc Number	1
Nintendo SNES/Super Aoki Ookami to Shiroki Mejika - Genchou Hishi (Genghis Khan 2 - Clan of the Grey Wolf).uac	15-Defeated.spc	OST Disc	Disc Number	1
Nintendo SNES/Super Aoki Ookami to Shiroki Mejika - Genchou Hishi (Genghis Khan 2 - Clan of the Grey Wolf).uac	16-Postbellum Management.spc	OST Disc	Disc Number	1
Nintendo SNES/Super Aoki Ookami to Shiroki Mejika - Genchou Hishi (Genghis Khan 2 - Clan of the Grey Wolf).uac	17-Death of Hero.spc	OST Disc	Disc Number	1
Nintendo SNES/Super Aoki Ookami to Shiroki Mejika - Genchou Hishi (Genghis Khan 2 - Clan of the Grey Wolf).uac	18-Mongolian Unification.spc	OST Disc	Disc Number	1
Nintendo SNES/Super Aoki Ookami to Shiroki Mejika - Genchou Hishi (Genghis Khan 2 - Clan of the Grey Wolf).uac	19-Mongolian Horde.spc	OST Disc	Disc Number	1
Nintendo SNES/Super Aoki Ookami to Shiroki Mejika - Genchou Hishi (Genghis Khan 2 - Clan of the Grey Wolf).uac	20-East Asian Horde.spc	OST Disc	Disc Number	1
Nintendo SNES/Super Aoki Ookami to Shiroki Mejika - Genchou Hishi (Genghis Khan 2 - Clan of the Grey Wolf).uac	21-Southwest Asian Horde.spc	OST Disc	Disc Number	1
Nintendo SNES/Super Aoki Ookami to Shiroki Mejika - Genchou Hishi (Genghis Khan 2 - Clan of the Grey Wolf).uac	22-European Horde.spc	OST Disc	Disc Number	1
Nintendo SNES/Super Aoki Ookami to Shiroki Mejika - Genchou Hishi (Genghis Khan 2 - Clan of the Grey Wolf).uac	23-Ratchi's Horde.spc	OST Disc	Disc Number	1
Nintendo SNES/Super Aoki Ookami to Shiroki Mejika - Genchou Hishi (Genghis Khan 2 - Clan of the Grey Wolf).uac	24-Harp of Horde.spc	OST Disc	Disc Number	1
Nintendo SNES/Super Aoki Ookami to Shiroki Mejika - Genchou Hishi (Genghis Khan 2 - Clan of the Grey Wolf).uac	25-Ending.spc	OST Disc	Disc Number	1
Nintendo SNES/Super Bomberman 3.uac	00-Select 1.spc	OST Disc	Disc Number	1
Nintendo SNES/Super Bomberman 3.uac	01-Select 2.spc	OST Disc	Disc Number	1
Nintendo SNES/Super Bomberman 3.uac	02-Title.spc	OST Disc	Disc Number	1
Nintendo SNES/Super Bomberman 3.uac	03-BGM 1.spc	OST Disc	Disc Number	1
Nintendo SNES/Super Bomberman 3.uac	04-Opening (part 1).spc	OST Disc	Disc Number	1
Nintendo SNES/Super Bomberman 3.uac	05-Opening (part 2).spc	OST Disc	Disc Number	1
Nintendo SNES/Super Bomberman 3.uac	06-Battle.spc	OST Disc	Disc Number	1
Nintendo SNES/Super Bomberman 3.uac	07-BGM 2.spc	OST Disc	Disc Number	1
Nintendo SNES/Super Bomberman 3.uac	08-Password.spc	OST Disc	Disc Number	1
Nintendo SNES/Super Bomberman 3.uac	09-Game Over.spc	OST Disc	Disc Number	1
Nintendo SNES/Super Bomberman 3.uac	10-Staff Roll.spc	OST Disc	Disc Number	1
Nintendo SNES/Super Bomberman 3.uac	11-BGM 6 Intro.spc	OST Disc	Disc Number	1
Nintendo SNES/Super Bomberman 3.uac	12-BGM 6.spc	OST Disc	Disc Number	1
Nintendo SNES/Super Bomberman 3.uac	13-BGM 3.spc	OST Disc	Disc Number	1
Nintendo SNES/Super Bomberman 3.uac	14-BGM 5.spc	OST Disc	Disc Number	1
Nintendo SNES/Super Bomberman 3.uac	15-Select 4.spc	OST Disc	Disc Number	1
Nintendo SNES/Super Bomberman 3.uac	16-BGM 4.spc	OST Disc	Disc Number	1
Nintendo SNES/Super Bomberman 3.uac	17-Ending.spc	OST Disc	Disc Number	1
Nintendo SNES/Super Bomberman 3.uac	18-Clear.spc	OST Disc	Disc Number	1
Nintendo SNES/Super Bomberman 3.uac	19-Boss 1.spc	OST Disc	Disc Number	1
Nintendo SNES/Super Bomberman 3.uac	20-Boss 2.spc	OST Disc	Disc Number	1
Nintendo SNES/Super Bomberman 3.uac	21-Victory.spc	OST Disc	Disc Number	1
Nintendo SNES/Super Bomberman 3.uac	22-Select 3.spc	OST Disc	Disc Number	1
Nintendo SNES/Super Bomberman 3.uac	23-Hudson Soft.spc	OST Disc	Disc Number	1
Nintendo SNES/Super Bomberman 3.uac	24-Level Start.spc	OST Disc	Disc Number	1
Nintendo SNES/Super Bomberman 3.uac	25-Battle Start.spc	OST Disc	Disc Number	1
Nintendo SNES/Super Bomberman 3.uac	26-Lose Life.spc	OST Disc	Disc Number	1
Nintendo SNES/Super Bomberman 3.uac	27-Draw Game.spc	OST Disc	Disc Number	1
Nintendo SNES/Super Bomberman 3.uac	28-Win Round.spc	OST Disc	Disc Number	1
Nintendo SNES/Super Bomberman 3.uac	29-Level Finished.spc	OST Disc	Disc Number	1
Nintendo SNES/Super Bomberman 3.uac	30-Soccer Bomber.spc	OST Disc	Disc Number	1
Nintendo SNES/super castlevania iv.uac	01-Demon Castle Dracula.spc	OST Disc	Disc Number	1
Nintendo SNES/super castlevania iv.uac	02-Dracula's Theme.spc	OST Disc	Disc Number	1
Nintendo SNES/super castlevania iv.uac	04-Prologue.spc	OST Disc	Disc Number	1
Nintendo SNES/super castlevania iv.uac	05-Theme of Simon.spc	OST Disc	Disc Number	1
Nintendo SNES/super castlevania iv.uac	06-Forest of Monsters.spc	OST Disc	Disc Number	1
Nintendo SNES/super castlevania iv.uac	07-The Cave.spc	OST Disc	Disc Number	1
Nintendo SNES/super castlevania iv.uac	08-The Waterfalls.spc	OST Disc	Disc Number	1
Nintendo SNES/super castlevania iv.uac	09-The Submerged City.spc	OST Disc	Disc Number	1
Nintendo SNES/super castlevania iv.uac	10-Rotating Room.spc	OST Disc	Disc Number	1
Nintendo SNES/super castlevania iv.uac	11-Spinning Tower.spc	OST Disc	Disc Number	1
Nintendo SNES/super castlevania iv.uac	12-Boss 1.spc	OST Disc	Disc Number	1
Nintendo SNES/super castlevania iv.uac	13-Stage Clear.spc	OST Disc	Disc Number	1
Nintendo SNES/super castlevania iv.uac	14-Map A.spc	OST Disc	Disc Number	1
Nintendo SNES/super castlevania iv.uac	15-In the Castle.spc	OST Disc	Disc Number	1
Nintendo SNES/super castlevania iv.uac	17-Entrance Hall.spc	OST Disc	Disc Number	1
Nintendo SNES/super castlevania iv.uac	18-Chandeliers.spc	OST Disc	Disc Number	1
Nintendo SNES/super castlevania iv.uac	19-Pillared Corridor.spc	OST Disc	Disc Number	1
Nintendo SNES/super castlevania iv.uac	20-Cellar.spc	OST Disc	Disc Number	1
Nintendo SNES/super castlevania iv.uac	21-Map B.spc	OST Disc	Disc Number	1
Nintendo SNES/super castlevania iv.uac	22-Treasury Room.spc	OST Disc	Disc Number	1
Nintendo SNES/super castlevania iv.uac	23-Boss 2.spc	OST Disc	Disc Number	1
Nintendo SNES/super castlevania iv.uac	24-Map C.spc	OST Disc	Disc Number	1
Nintendo SNES/super castlevania iv.uac	25-Bloody Tears.spc	OST Disc	Disc Number	1
Nintendo SNES/super castlevania iv.uac	26-Map D.spc	OST Disc	Disc Number	1
Nintendo SNES/super castlevania iv.uac	27-Vampire Killer.spc	OST Disc	Disc Number	1
Nintendo SNES/super castlevania iv.uac	28-Beginning.spc	OST Disc	Disc Number	1
Nintendo SNES/super castlevania iv.uac	29-Room of Close Associates.spc	OST Disc	Disc Number	1
Nintendo SNES/super castlevania iv.uac	30-Dracula Battle.spc	OST Disc	Disc Number	1
Nintendo SNES/super castlevania iv.uac	31-Dracula's Death.spc	OST Disc	Disc Number	1
Nintendo SNES/super castlevania iv.uac	32-Ending.spc	OST Disc	Disc Number	1
Nintendo SNES/super castlevania iv.uac	33-Secret Room.spc	OST Disc	Disc Number	1
Nintendo SNES/super castlevania iv.uac	35-Game Over.spc	OST Disc	Disc Number	1
Nintendo SNES/super mario rpg (JP).uac	00-Happy Adventure, Delightful Adventure.spc	OST Disc	Disc Number	1
Nintendo SNES/super mario rpg (JP).uac	01-Let's Try.spc	OST Disc	Disc Number	1
Nintendo SNES/super mario rpg (JP).uac	02-In the Flower Garden.spc	OST Disc	Disc Number	1
Nintendo SNES/super mario rpg (JP).uac	03-Bowser's Castle (First Time).spc	OST Disc	Disc Number	1
Nintendo SNES/super mario rpg (JP).uac	04-Fight Against Bowser.spc	OST Disc	Disc Number	1
Nintendo SNES/super mario rpg (JP).uac	05-The Sword Descends and the Stars Scatter.spc	OST Disc	Disc Number	1
Nintendo SNES/super mario rpg (JP).uac	06-Super Pipe House.spc	OST Disc	Disc Number	1
Nintendo SNES/super mario rpg (JP).uac	07-Where Am I Going.spc	OST Disc	Disc Number	1
Nintendo SNES/super mario rpg (JP).uac	08-The Road is Full of Dangers.spc	OST Disc	Disc Number	1
Nintendo SNES/super mario rpg (JP).uac	09-Fight Against Monsters.spc	OST Disc	Disc Number	1
Nintendo SNES/super mario rpg (JP).uac	10-Victory!!.spc	OST Disc	Disc Number	1
Nintendo SNES/super mario rpg (JP).uac	11-Hello, Happy Kingdom.spc	OST Disc	Disc Number	1
Nintendo SNES/super mario rpg (JP).uac	12-Explanation!.spc	OST Disc	Disc Number	1
Nintendo SNES/super mario rpg (JP).uac	13-A New Partner.spc	OST Disc	Disc Number	1
Nintendo SNES/super mario rpg (JP).uac	14-Still, the Road is Full of Dangers.spc	OST Disc	Disc Number	1
Nintendo SNES/super mario rpg (JP).uac	15-Invincible Star.spc	OST Disc	Disc Number	1
Nintendo SNES/super mario rpg (JP).uac	16-Fight Against a Stronger Monster.spc	OST Disc	Disc Number	1
Nintendo SNES/super mario rpg (JP).uac	17-Here's Some Weapons!.spc	OST Disc	Disc Number	1
Nintendo SNES/super mario rpg (JP).uac	18-Fight Against an Armed Boss.spc	OST Disc	Disc Number	1
Nintendo SNES/super mario rpg (JP).uac	19-Got a Star Piece (part 1).spc	OST Disc	Disc Number	1
Nintendo SNES/super mario rpg (JP).uac	20-Got a Star Piece (part 2).spc	OST Disc	Disc Number	1
Nintendo SNES/super mario rpg (JP).uac	21-The Dungeon is Full of Monsters.spc	OST Disc	Disc Number	1
Nintendo SNES/super mario rpg (JP).uac	22-Let's Go Down the Wine River.spc	OST Disc	Disc Number	1
Nintendo SNES/super mario rpg (JP).uac	23-Grandpa and the Delightful Tadpoles.spc	OST Disc	Disc Number	1
Nintendo SNES/super mario rpg (JP).uac	24-Shock!.spc	OST Disc	Disc Number	1
Nintendo SNES/super mario rpg (JP).uac	25-Sad Song.spc	OST Disc	Disc Number	1
Nintendo SNES/super mario rpg (JP).uac	26-Let's Play Geno.spc	OST Disc	Disc Number	1
Nintendo SNES/super mario rpg (JP).uac	27-Geno Awakens.spc	OST Disc	Disc Number	1
Nintendo SNES/super mario rpg (JP).uac	28-Beware the Forest's Mushrooms.spc	OST Disc	Disc Number	1
Nintendo SNES/super mario rpg (JP).uac	29-Rose Town.spc	OST Disc	Disc Number	1
Nintendo SNES/super mario rpg (JP).uac	30-From Inside the Earthen Pipe.spc	OST Disc	Disc Number	1
Nintendo SNES/super mario rpg (JP).uac	31-Welcome! Yo'ster Island!!.spc	OST Disc	Disc Number	1
Nintendo SNES/super mario rpg (JP).uac	32-Let's Race.spc	OST Disc	Disc Number	1
Nintendo SNES/super mario rpg (JP).uac	33-Hard-Working Moles are Good Moles.spc	OST Disc	Disc Number	1
Nintendo SNES/super mario rpg (JP).uac	34-Docaty Mountain Railroad.spc	OST Disc	Disc Number	1
Nintendo SNES/super mario rpg (JP).uac	35-Welcome to Booster Tower.spc	OST Disc	Disc Number	1
Nintendo SNES/super mario rpg (JP).uac	36-And my Name's Booster.spc	OST Disc	Disc Number	1
Nintendo SNES/super mario rpg (JP).uac	37-Long Long Ago.spc	OST Disc	Disc Number	1
Nintendo SNES/super mario rpg (JP).uac	38-Heart Beating a Little Faster (part 1).spc	OST Disc	Disc Number	1
Nintendo SNES/super mario rpg (JP).uac	39-Heart Beating a Little Faster (part 2).spc	OST Disc	Disc Number	1
Nintendo SNES/super mario rpg (JP).uac	40-Slope.spc	OST Disc	Disc Number	1
Nintendo SNES/super mario rpg (JP).uac	41-The Merry Marry Bell Rings.spc	OST Disc	Disc Number	2
Nintendo SNES/super mario rpg (JP).uac	42-Celebrational.spc	OST Disc	Disc Number	2
Nintendo SNES/super mario rpg (JP).uac	43-The Starlight's Flower.spc	OST Disc	Disc Number	2
Nintendo SNES/super mario rpg (JP).uac	44-Sunken Ship.spc	OST Disc	Disc Number	2
Nintendo SNES/super mario rpg (JP).uac	45-Going Shopping in Seaside Town.spc	OST Disc	Disc Number	2
Nintendo SNES/super mario rpg (JP).uac	46-My Paradise ~ Monstro Town.spc	OST Disc	Disc Number	2
Nintendo SNES/super mario rpg (JP).uac	47-Fight Against Culex.spc	OST Disc	Disc Number	2
Nintendo SNES/super mario rpg (JP).uac	48-Victory Over Culex.spc	OST Disc	Disc Number	2
Nintendo SNES/super mario rpg (JP).uac	49-Conversation with Culex.spc	OST Disc	Disc Number	2
Nintendo SNES/super mario rpg (JP).uac	50-You and Toadofski Create Exquisite Music.spc	OST Disc	Disc Number	2
Nintendo SNES/super mario rpg (JP).uac	51-Let's Do the Fooka-Fooka!.spc	OST Disc	Disc Number	2
Nintendo SNES/super mario rpg (JP).uac	52-Margarie Margarita.spc	OST Disc	Disc Number	2
Nintendo SNES/super mario rpg (JP).uac	53-Dodo's Coming!!.spc	OST Disc	Disc Number	2
Nintendo SNES/super mario rpg (JP).uac	54-Barrel Volcano.spc	OST Disc	Disc Number	2
Nintendo SNES/super mario rpg (JP).uac	55-The Axem Rangers Drop in.spc	OST Disc	Disc Number	2
Nintendo SNES/super mario rpg (JP).uac	56-Bowser's Castle (Second Time).spc	OST Disc	Disc Number	2
Nintendo SNES/super mario rpg (JP).uac	57-Weapons Factory.spc	OST Disc	Disc Number	2
Nintendo SNES/super mario rpg (JP).uac	58-Fight Against Smithy.spc	OST Disc	Disc Number	2
Nintendo SNES/super mario rpg (JP).uac	59-Fight Against Smithy, Who Likes Transforming.spc	OST Disc	Disc Number	2
Nintendo SNES/super mario rpg (JP).uac	60-Goodbye Geno.spc	OST Disc	Disc Number	2
Nintendo SNES/super mario rpg (JP).uac	61-Seeing Dreams Through the Window of the Stars.spc	OST Disc	Disc Number	2
Nintendo SNES/super mario rpg (JP).uac	62-Happy Parade, Delightful Parade.spc	OST Disc	Disc Number	2
Nintendo SNES/super mario rpg (JP).uac	63-And the Parade Draws to a Close.spc	OST Disc	Disc Number	2
Nintendo SNES/super mario rpg (JP).uac	64-The End!.spc	OST Disc	Disc Number	2
Nintendo SNES/Super Mario World 2 - Yoshi's Island.uac	00-Nintendo Mark.spc	OST Disc	Disc Number	1
Nintendo SNES/Super Mario World 2 - Yoshi's Island.uac	01-Story Music Box.spc	OST Disc	Disc Number	1
Nintendo SNES/Super Mario World 2 - Yoshi's Island.uac	02-Yoshi's Island.spc	OST Disc	Disc Number	1
Nintendo SNES/Super Mario World 2 - Yoshi's Island.uac	04-Yoshi Start Demo.spc	OST Disc	Disc Number	1
Nintendo SNES/Super Mario World 2 - Yoshi's Island.uac	05-Training Course.spc	OST Disc	Disc Number	1
Nintendo SNES/Super Mario World 2 - Yoshi's Island.uac	06-Game Start.spc	OST Disc	Disc Number	1
Nintendo SNES/Super Mario World 2 - Yoshi's Island.uac	07-Flower Garden.spc	OST Disc	Disc Number	1
Nintendo SNES/Super Mario World 2 - Yoshi's Island.uac	10-Goal.spc	OST Disc	Disc Number	1
Nintendo SNES/Super Mario World 2 - Yoshi's Island.uac	11-Score.spc	OST Disc	Disc Number	1
Nintendo SNES/Super Mario World 2 - Yoshi's Island.uac	12-Underground.spc	OST Disc	Disc Number	1
Nintendo SNES/Super Mario World 2 - Yoshi's Island.uac	13-Castle & Fortress.spc	OST Disc	Disc Number	1
Nintendo SNES/Super Mario World 2 - Yoshi's Island.uac	14-Kamek's Theme.spc	OST Disc	Disc Number	1
Nintendo SNES/Super Mario World 2 - Yoshi's Island.uac	15-Mini-Boss.spc	OST Disc	Disc Number	1
Nintendo SNES/Super Mario World 2 - Yoshi's Island.uac	16-Athletic.spc	OST Disc	Disc Number	1
Nintendo SNES/Super Mario World 2 - Yoshi's Island.uac	20-Overworld.spc	OST Disc	Disc Number	1
Nintendo SNES/Super Mario World 2 - Yoshi's Island.uac	22-Player Down.spc	OST Disc	Disc Number	1
Nintendo SNES/Super Mario World 2 - Yoshi's Island.uac	23-Game Over.spc	OST Disc	Disc Number	1
Nintendo SNES/Super Mario World 2 - Yoshi's Island.uac	24-Room Before Boss.spc	OST Disc	Disc Number	1
Nintendo SNES/Super Mario World 2 - Yoshi's Island.uac	25-Big Boss.spc	OST Disc	Disc Number	1
Nintendo SNES/Super Mario World 2 - Yoshi's Island.uac	27-Big Boss Clear.spc	OST Disc	Disc Number	1
Nintendo SNES/Super Mario World 2 - Yoshi's Island.uac	28-Map (part 1).spc	OST Disc	Disc Number	1
Nintendo SNES/Super Mario World 2 - Yoshi's Island.uac	29-Map (part 2).spc	OST Disc	Disc Number	1
Nintendo SNES/Super Mario World 2 - Yoshi's Island.uac	30-Map (part 3).spc	OST Disc	Disc Number	1
Nintendo SNES/Super Mario World 2 - Yoshi's Island.uac	31-Map (part 4).spc	OST Disc	Disc Number	1
Nintendo SNES/Super Mario World 2 - Yoshi's Island.uac	32-Map (part 5).spc	OST Disc	Disc Number	1
Nintendo SNES/Super Mario World 2 - Yoshi's Island.uac	33-Map (part 6).spc	OST Disc	Disc Number	1
Nintendo SNES/Super Mario World 2 - Yoshi's Island.uac	34-Map (part 7).spc	OST Disc	Disc Number	1
Nintendo SNES/Super Mario World 2 - Yoshi's Island.uac	35-Bonus Game.spc	OST Disc	Disc Number	1
Nintendo SNES/Super Mario World 2 - Yoshi's Island.uac	36-Powerful Infant.spc	OST Disc	Disc Number	1
Nintendo SNES/Super Mario World 2 - Yoshi's Island.uac	37-Bowser.spc	OST Disc	Disc Number	1
Nintendo SNES/Super Mario World 2 - Yoshi's Island.uac	38-Bowser Clear.spc	OST Disc	Disc Number	1
Nintendo SNES/Super Mario World 2 - Yoshi's Island.uac	39-Luigi is Rescued.spc	OST Disc	Disc Number	1
Nintendo SNES/Super Mario World 2 - Yoshi's Island.uac	40-Ending (part 1).spc	OST Disc	Disc Number	1
Nintendo SNES/Super Mario World 2 - Yoshi's Island.uac	41-Ending (part 2).spc	OST Disc	Disc Number	1
Nintendo SNES/Super Metroid.uac	00-Opening ~ Destruction of the Space Colony.spc	OST Disc	Disc Number	1
Nintendo SNES/Super Metroid.uac	01-Theme of Super Metroid.spc	OST Disc	Disc Number	1
Nintendo SNES/Super Metroid.uac	02-Planet Zebes ~ Arrival on Crateria.spc	OST Disc	Disc Number	1
Nintendo SNES/Super Metroid.uac	03-Crateria ~ The Space Pirates Appear.spc	OST Disc	Disc Number	1
Nintendo SNES/Super Metroid.uac	04-Brinstar Overgrown with Vegetation Area.spc	OST Disc	Disc Number	1
Nintendo SNES/Super Metroid.uac	05-Brinstar Red Soil Swampy Area.spc	OST Disc	Disc Number	1
Nintendo SNES/Super Metroid.uac	06-Norfair Hot Lava Area.spc	OST Disc	Disc Number	1
Nintendo SNES/Super Metroid.uac	07-Theme of Samus Aran ~ Galactic Warrior.spc	OST Disc	Disc Number	1
Nintendo SNES/Super Metroid.uac	08-Wrecked Ship.spc	OST Disc	Disc Number	1
Nintendo SNES/Super Metroid.uac	09-Maridia Rocky Underwater Area.spc	OST Disc	Disc Number	1
Nintendo SNES/Super Metroid.uac	10-Maridia Drifting Sand Underwater Area.spc	OST Disc	Disc Number	1
Nintendo SNES/Super Metroid.uac	11-Norfair Ancient Ruins Area.spc	OST Disc	Disc Number	1
Nintendo SNES/Super Metroid.uac	12-Mini Boss Confrontation.spc	OST Disc	Disc Number	1
Nintendo SNES/Super Metroid.uac	13-Big Boss Confrontation 1.spc	OST Disc	Disc Number	1
Nintendo SNES/Super Metroid.uac	14-Big Boss Confrontation 2.spc	OST Disc	Disc Number	1
Nintendo SNES/Super Metroid.uac	15-Samus Aran's Appearance Fanfare.spc	OST Disc	Disc Number	1
Nintendo SNES/Super Metroid.uac	16-Item Acquisition Fanfare.spc	OST Disc	Disc Number	1
Nintendo SNES/Super Metroid.uac	17-Samus Aran's Final Cry.spc	OST Disc	Disc Number	1
Nintendo SNES/Super Metroid.uac	18-Chozo Statue Awakens.spc	OST Disc	Disc Number	1
Nintendo SNES/Super Metroid.uac	19-Tourian.spc	OST Disc	Disc Number	1
Nintendo SNES/Super Metroid.uac	20-Mother Brain.spc	OST Disc	Disc Number	1
Nintendo SNES/Super Metroid.uac	21-Escape.spc	OST Disc	Disc Number	1
Nintendo SNES/Super Metroid.uac	22-Planet Zebes Explodes.spc	OST Disc	Disc Number	1
Nintendo SNES/Super Metroid.uac	23-Ending.spc	OST Disc	Disc Number	1
Nintendo SNES/Super Swiv.uac	00-Opening.spc	OST Disc	Disc Number	1
Nintendo SNES/Super Swiv.uac	01-Stage 1.spc	OST Disc	Disc Number	1
Nintendo SNES/Super Swiv.uac	02-Stage 2.spc	OST Disc	Disc Number	1
Nintendo SNES/Super Swiv.uac	03-Stage 3.spc	OST Disc	Disc Number	1
Nintendo SNES/Super Swiv.uac	04-Stage 4.spc	OST Disc	Disc Number	1
Nintendo SNES/Super Swiv.uac	05-Stage 5.spc	OST Disc	Disc Number	1
Nintendo SNES/Super Swiv.uac	06-Stage 6.spc	OST Disc	Disc Number	1
Nintendo SNES/Super Swiv.uac	07-Level Complete.spc	OST Disc	Disc Number	1
Nintendo SNES/Super Swiv.uac	08-Game Over.spc	OST Disc	Disc Number	1
Nintendo SNES/Super Swiv.uac	09-High Score.spc	OST Disc	Disc Number	1
Nintendo SNES/Tactics Ogre.uac	00-Overture.spc	OST Disc	Disc Number	1
Nintendo SNES/Tactics Ogre.uac	01-Unit March.spc	OST Disc	Disc Number	1
Nintendo SNES/Tactics Ogre.uac	02-Chaotic Island.spc	OST Disc	Disc Number	1
Nintendo SNES/Tactics Ogre.uac	03-Fortune Teller 2.spc	OST Disc	Disc Number	1
Nintendo SNES/Tactics Ogre.uac	04-Catastrophe.spc	OST Disc	Disc Number	1
Nintendo SNES/Tactics Ogre.uac	05-Island Atlas.spc	OST Disc	Disc Number	1
Nintendo SNES/Tactics Ogre.uac	06-Prepare to Take the Field.spc	OST Disc	Disc Number	1
Nintendo SNES/Tactics Ogre.uac	07-Avilla Henya.spc	OST Disc	Disc Number	1
Nintendo SNES/Tactics Ogre.uac	08-Glory.spc	OST Disc	Disc Number	1
Nintendo SNES/Tactics Ogre.uac	09-War Situation.spc	OST Disc	Disc Number	1
Nintendo SNES/Tactics Ogre.uac	10-Harvest Dance.spc	OST Disc	Disc Number	1
Nintendo SNES/Tactics Ogre.uac	11-Restriction on Power.spc	OST Disc	Disc Number	1
Nintendo SNES/Tactics Ogre.uac	12-Blasphemous Experiment.spc	OST Disc	Disc Number	1
Nintendo SNES/Tactics Ogre.uac	13-A Cygnet.spc	OST Disc	Disc Number	1
Nintendo SNES/Tactics Ogre.uac	14-VENDETTA!.spc	OST Disc	Disc Number	1
Nintendo SNES/Tactics Ogre.uac	15-Theme of WLA.spc	OST Disc	Disc Number	1
Nintendo SNES/Tactics Ogre.uac	16-Fog of Phantom.spc	OST Disc	Disc Number	1
Nintendo SNES/Tactics Ogre.uac	17-Footsteps from Darkness.spc	OST Disc	Disc Number	1
Nintendo SNES/Tactics Ogre.uac	18-Song of Tundra.spc	OST Disc	Disc Number	1
Nintendo SNES/Tactics Ogre.uac	19-Religious Precepts.spc	OST Disc	Disc Number	1
Nintendo SNES/Tactics Ogre.uac	20-Fight it Out!.spc	OST Disc	Disc Number	1
Nintendo SNES/Tactics Ogre.uac	21-Retreat!.spc	OST Disc	Disc Number	1
Nintendo SNES/Tactics Ogre.uac	22-A Color of Chaos.spc	OST Disc	Disc Number	1
Nintendo SNES/Tactics Ogre.uac	23-Blessed Memory.spc	OST Disc	Disc Number	1
Nintendo SNES/Tactics Ogre.uac	24-Warren Report.spc	OST Disc	Disc Number	1
Nintendo SNES/Tactics Ogre.uac	25-Three Kings.spc	OST Disc	Disc Number	1
Nintendo SNES/Tactics Ogre.uac	26-Insincerity.spc	OST Disc	Disc Number	1
Nintendo SNES/Tactics Ogre.uac	27-Breath of the Earth.spc	OST Disc	Disc Number	1
Nintendo SNES/Tactics Ogre.uac	28-Agitation.spc	OST Disc	Disc Number	1
Nintendo SNES/Tactics Ogre.uac	29-Air Land.spc	OST Disc	Disc Number	1
Nintendo SNES/Tactics Ogre.uac	30-Theme of the Priest.spc	OST Disc	Disc Number	1
Nintendo SNES/Tactics Ogre.uac	31-Fact of Shock.spc	OST Disc	Disc Number	1
Nintendo SNES/Tactics Ogre.uac	32-Chivalry and Savagery.spc	OST Disc	Disc Number	1
Nintendo SNES/Tactics Ogre.uac	33-Notice of Death.spc	OST Disc	Disc Number	1
Nintendo SNES/Tactics Ogre.uac	34-Limitation.spc	OST Disc	Disc Number	1
Nintendo SNES/Tactics Ogre.uac	35-Prayer.spc	OST Disc	Disc Number	1
Nintendo SNES/Tactics Ogre.uac	36-Theme of the Black Knights.spc	OST Disc	Disc Number	1
Nintendo SNES/Tactics Ogre.uac	37-Box of Sentiment.spc	OST Disc	Disc Number	1
Nintendo SNES/Tactics Ogre.uac	38-Emotion and Absense of Mind.spc	OST Disc	Disc Number	1
Nintendo SNES/Tactics Ogre.uac	39-Deathrattle.spc	OST Disc	Disc Number	1
Nintendo SNES/Tactics Ogre.uac	40-Unsealed.spc	OST Disc	Disc Number	1
Nintendo SNES/Tactics Ogre.uac	41-Reminiscence.spc	OST Disc	Disc Number	1
Nintendo SNES/Tactics Ogre.uac	42-Awakening.spc	OST Disc	Disc Number	1
Nintendo SNES/Tactics Ogre.uac	43-Coronation.spc	OST Disc	Disc Number	1
Nintendo SNES/Tactics Ogre.uac	44-Passing Moment.spc	OST Disc	Disc Number	1
Nintendo SNES/Tales of Phantasia.uac	00-Decisive.spc	OST Disc	Disc Number	1
Nintendo SNES/Tales of Phantasia.uac	01-The Stream of Time.spc	OST Disc	Disc Number	1
Nintendo SNES/Tales of Phantasia.uac	02-Defiance.spc	OST Disc	Disc Number	1
Nintendo SNES/Tales of Phantasia.uac	03-Harmonious Moment.spc	OST Disc	Disc Number	1
Nintendo SNES/Tales of Phantasia.uac	04-Hydropolis.spc	OST Disc	Disc Number	1
Nintendo SNES/Tales of Phantasia.uac	05-Vigorous Town.spc	OST Disc	Disc Number	1
Nintendo SNES/Tales of Phantasia.uac	06-Serene Weather.spc	OST Disc	Disc Number	1
Nintendo SNES/Tales of Phantasia.uac	07-Mystic Forest.spc	OST Disc	Disc Number	1
Nintendo SNES/Tales of Phantasia.uac	08-Freeze.spc	OST Disc	Disc Number	1
Nintendo SNES/Tales of Phantasia.uac	09-Underground Way.spc	OST Disc	Disc Number	1
Nintendo SNES/Tales of Phantasia.uac	10-Mint.spc	OST Disc	Disc Number	1
Nintendo SNES/Tales of Phantasia.uac	11-Desolate Road.spc	OST Disc	Disc Number	1
Nintendo SNES/Tales of Phantasia.uac	12-Sylphis'.spc	OST Disc	Disc Number	1
Nintendo SNES/Tales of Phantasia.uac	13-Retaliation.spc	OST Disc	Disc Number	1
Nintendo SNES/Tales of Phantasia.uac	14-Morlia Gallery.spc	OST Disc	Disc Number	1
Nintendo SNES/Tales of Phantasia.uac	15-Field of Sunset (part 1).spc	OST Disc	Disc Number	1
Nintendo SNES/Tales of Phantasia.uac	16-Field of Sunset (part 2).spc	OST Disc	Disc Number	1
Nintendo SNES/Tales of Phantasia.uac	17-Martel.spc	OST Disc	Disc Number	1
Nintendo SNES/Tales of Phantasia.uac	18-Arche.spc	OST Disc	Disc Number	1
Nintendo SNES/Tales of Phantasia.uac	19-Tasteful.spc	OST Disc	Disc Number	1
Nintendo SNES/Tales of Phantasia.uac	20-Good Wine Makes Good Blood.spc	OST Disc	Disc Number	1
Nintendo SNES/Tales of Phantasia.uac	21-Lake on Ymir.spc	OST Disc	Disc Number	1
Nintendo SNES/Tales of Phantasia.uac	22-Triumph.spc	OST Disc	Disc Number	1
Nintendo SNES/Tales of Phantasia.uac	23-Abyss of Thor.spc	OST Disc	Disc Number	1
Nintendo SNES/Tales of Phantasia.uac	24-Open Fire.spc	OST Disc	Disc Number	1
Nintendo SNES/Tales of Phantasia.uac	25-Threatening Sky.spc	OST Disc	Disc Number	1
Nintendo SNES/Tales of Phantasia.uac	26-Aviators.spc	OST Disc	Disc Number	1
Nintendo SNES/Tales of Phantasia.uac	27-Burning Tower.spc	OST Disc	Disc Number	1
Nintendo SNES/Tales of Phantasia.uac	28-Perverse Religion.spc	OST Disc	Disc Number	1
Nintendo SNES/Tales of Phantasia.uac	29-Fulfill Mission.spc	OST Disc	Disc Number	1
Nintendo SNES/Tales of Phantasia.uac	30-Hurry Up.spc	OST Disc	Disc Number	1
Nintendo SNES/Tales of Phantasia.uac	31-Be Absentminded.spc	OST Disc	Disc Number	1
Nintendo SNES/Tales of Phantasia.uac	32-Take up the Cross.spc	OST Disc	Disc Number	1
Nintendo SNES/Tales of Phantasia.uac	33-Go a Step Further.spc	OST Disc	Disc Number	1
Nintendo SNES/Tales of Phantasia.uac	34-Overcome Difficulties.spc	OST Disc	Disc Number	1
Nintendo SNES/Tales of Phantasia.uac	35-Conclusion.spc	OST Disc	Disc Number	1
Nintendo SNES/Tales of Phantasia.uac	36-Who is Good or Evil.spc	OST Disc	Disc Number	1
Nintendo SNES/Tales of Phantasia.uac	37-Raising a Curtain.spc	OST Disc	Disc Number	1
Nintendo SNES/Tales of Phantasia.uac	38-The Second Act.spc	OST Disc	Disc Number	1
Nintendo SNES/Tales of Phantasia.uac	39-Final Act.spc	OST Disc	Disc Number	1
Nintendo SNES/Tales of Phantasia.uac	40-Olive Village.spc	OST Disc	Disc Number	2
Nintendo SNES/Tales of Phantasia.uac	41-Awakening.spc	OST Disc	Disc Number	2
Nintendo SNES/Tales of Phantasia.uac	42-Euclid.spc	OST Disc	Disc Number	2
Nintendo SNES/Tales of Phantasia.uac	43-Premonition.spc	OST Disc	Disc Number	2
Nintendo SNES/Tales of Phantasia.uac	44-As Time Goes On.spc	OST Disc	Disc Number	2
Nintendo SNES/Tales of Phantasia.uac	45-Penetrate.spc	OST Disc	Disc Number	2
Nintendo SNES/Tales of Phantasia.uac	46-Emergency.spc	OST Disc	Disc Number	2
Nintendo SNES/Tales of Phantasia.uac	47-Resurrection.spc	OST Disc	Disc Number	2
Nintendo SNES/Tales of Phantasia.uac	48-Dark Cave.spc	OST Disc	Disc Number	2
Nintendo SNES/Tales of Phantasia.uac	49-Bright Moonlit Night.spc	OST Disc	Disc Number	2
Nintendo SNES/Tales of Phantasia.uac	50-Oasis.spc	OST Disc	Disc Number	2
Nintendo SNES/Tales of Phantasia.uac	51-Mid Galds.spc	OST Disc	Disc Number	2
Nintendo SNES/Tales of Phantasia.uac	52-Ary.spc	OST Disc	Disc Number	2
Nintendo SNES/Tales of Phantasia.uac	53-Castle of the Dhaos.spc	OST Disc	Disc Number	2
Nintendo SNES/Tales of Phantasia.uac	54-Forest of the Treant.spc	OST Disc	Disc Number	2
Nintendo SNES/Tales of Phantasia.uac	55-Unicorn.spc	OST Disc	Disc Number	2
Nintendo SNES/Tales of Phantasia.uac	56-Cave of Illusion.spc	OST Disc	Disc Number	2
Nintendo SNES/Tales of Phantasia.uac	57-Biting Cold.spc	OST Disc	Disc Number	2
Nintendo SNES/Tales of Phantasia.uac	58-Mysterious Ja p on.spc	OST Disc	Disc Number	2
Nintendo SNES/Tales of Phantasia.uac	59-Go Over Adversity.spc	OST Disc	Disc Number	2
Nintendo SNES/Tales of Phantasia.uac	60-Fighting of the Spirit.spc	OST Disc	Disc Number	2
Nintendo SNES/Tales of Phantasia.uac	61-Contract.spc	OST Disc	Disc Number	2
Nintendo SNES/Tales of Phantasia.uac	62-Ah My God.spc	OST Disc	Disc Number	2
Nintendo SNES/Tales of Phantasia.uac	63-Tomorrow is a Holiday.spc	OST Disc	Disc Number	2
Nintendo SNES/Tales of Phantasia.uac	64-I Miss You.spc	OST Disc	Disc Number	2
Nintendo SNES/Tales of Phantasia.uac	65-Good-by Friends.spc	OST Disc	Disc Number	2
Nintendo SNES/Tales of Phantasia.uac	66-Recovery.spc	OST Disc	Disc Number	2
Nintendo SNES/Tales of Phantasia.uac	67-Lonely Twilight.spc	OST Disc	Disc Number	2
Nintendo SNES/Tales of Phantasia.uac	68-Harvest Festival.spc	OST Disc	Disc Number	2
Nintendo SNES/Tales of Phantasia.uac	69-Piano Lesson 6.spc	OST Disc	Disc Number	2
Nintendo SNES/Tales of Phantasia.uac	70-Rally X Round Start.spc	OST Disc	Disc Number	2
Nintendo SNES/Tales of Phantasia.uac	71-Rally X.spc	OST Disc	Disc Number	2
Nintendo SNES/Tales of Phantasia.uac	72-Rally X Round Clear.spc	OST Disc	Disc Number	2
Nintendo SNES/Tales of Phantasia.uac	73-Ridge Racer.spc	OST Disc	Disc Number	2
Nintendo SNES/Tales of Phantasia.uac	74-Yume wa Owaranai (instrumental).spc	OST Disc	Disc Number	2
Nintendo SNES/Tecmo Super Baseball.uac	07-Goodbye! (Extended Intro).spc	OST Disc	Disc Number	9
Nintendo SNES/Tengai Makyo Zero (Far East of Eden Zero).uac	00-Overture.spc	OST Disc	Disc Number	1
Nintendo SNES/Tengai Makyo Zero (Far East of Eden Zero).uac	01-Zero's Theme.spc	OST Disc	Disc Number	1
Nintendo SNES/Tengai Makyo Zero (Far East of Eden Zero).uac	02-Cursed Coronation.spc	OST Disc	Disc Number	1
Nintendo SNES/Tengai Makyo Zero (Far East of Eden Zero).uac	03-Swarming Hesitation.spc	OST Disc	Disc Number	1
Nintendo SNES/Tengai Makyo Zero (Far East of Eden Zero).uac	04-The Broken Seal.spc	OST Disc	Disc Number	1
Nintendo SNES/Tengai Makyo Zero (Far East of Eden Zero).uac	05-Peaceful Village.spc	OST Disc	Disc Number	1
Nintendo SNES/Tengai Makyo Zero (Far East of Eden Zero).uac	06-Cave of Monsters.spc	OST Disc	Disc Number	1
Nintendo SNES/Tengai Makyo Zero (Far East of Eden Zero).uac	07-Infernal Army Corps.spc	OST Disc	Disc Number	1
Nintendo SNES/Tengai Makyo Zero (Far East of Eden Zero).uac	08-Happy Wise Men.spc	OST Disc	Disc Number	1
Nintendo SNES/Tengai Makyo Zero (Far East of Eden Zero).uac	09-Wise Man's Ordeal.spc	OST Disc	Disc Number	1
Nintendo SNES/Tengai Makyo Zero (Far East of Eden Zero).uac	10-Town Under Attack ~ Disaster.spc	OST Disc	Disc Number	1
Nintendo SNES/Tengai Makyo Zero (Far East of Eden Zero).uac	11-Confrontation ~ Infernal Captain.spc	OST Disc	Disc Number	1
Nintendo SNES/Tengai Makyo Zero (Far East of Eden Zero).uac	12-Higan's Sadness.spc	OST Disc	Disc Number	1
Nintendo SNES/Tengai Makyo Zero (Far East of Eden Zero).uac	13-Higan's Theme.spc	OST Disc	Disc Number	1
Nintendo SNES/Tengai Makyo Zero (Far East of Eden Zero).uac	14-Overworld.spc	OST Disc	Disc Number	1
Nintendo SNES/Tengai Makyo Zero (Far East of Eden Zero).uac	15-Hitachi Town.spc	OST Disc	Disc Number	1
Nintendo SNES/Tengai Makyo Zero (Far East of Eden Zero).uac	16-Eternal Fire.spc	OST Disc	Disc Number	1
Nintendo SNES/Tengai Makyo Zero (Far East of Eden Zero).uac	17-In the Cellar.spc	OST Disc	Disc Number	1
Nintendo SNES/Tengai Makyo Zero (Far East of Eden Zero).uac	18-Hisui's Theme.spc	OST Disc	Disc Number	1
Nintendo SNES/Tengai Makyo Zero (Far East of Eden Zero).uac	19-Manor of Frozen Monsters.spc	OST Disc	Disc Number	1
Nintendo SNES/Tengai Makyo Zero (Far East of Eden Zero).uac	20-Goodbye... ~ To Subaru.spc	OST Disc	Disc Number	1
Nintendo SNES/Tengai Makyo Zero (Far East of Eden Zero).uac	21-City of Evil Souls.spc	OST Disc	Disc Number	1
Nintendo SNES/Tengai Makyo Zero (Far East of Eden Zero).uac	22-Akamaru's Theme.spc	OST Disc	Disc Number	1
Nintendo SNES/Tengai Makyo Zero (Far East of Eden Zero).uac	23-Subaru's Theme.spc	OST Disc	Disc Number	1
Nintendo SNES/Tengai Makyo Zero (Far East of Eden Zero).uac	24-Akamaru's Counterattack.spc	OST Disc	Disc Number	1
Nintendo SNES/Tengai Makyo Zero (Far East of Eden Zero).uac	25-Peacock King.spc	OST Disc	Disc Number	1
Nintendo SNES/Tengai Makyo Zero (Far East of Eden Zero).uac	26-Subaru's Smile.spc	OST Disc	Disc Number	2
Nintendo SNES/Tengai Makyo Zero (Far East of Eden Zero).uac	27-Wonderful Streets.spc	OST Disc	Disc Number	2
Nintendo SNES/Tengai Makyo Zero (Far East of Eden Zero).uac	28-Dark Warrior ~ Shiranui.spc	OST Disc	Disc Number	2
Nintendo SNES/Tengai Makyo Zero (Far East of Eden Zero).uac	29-This is the Festival!.spc	OST Disc	Disc Number	2
Nintendo SNES/Tengai Makyo Zero (Far East of Eden Zero).uac	30-Animal Gods' Theme.spc	OST Disc	Disc Number	2
Nintendo SNES/Tengai Makyo Zero (Far East of Eden Zero).uac	31-Sand Rats.spc	OST Disc	Disc Number	2
Nintendo SNES/Tengai Makyo Zero (Far East of Eden Zero).uac	32-Dark Town.spc	OST Disc	Disc Number	2
Nintendo SNES/Tengai Makyo Zero (Far East of Eden Zero).uac	33-The Desert's Spring.spc	OST Disc	Disc Number	2
Nintendo SNES/Tengai Makyo Zero (Far East of Eden Zero).uac	34-Tenjin's Theme.spc	OST Disc	Disc Number	2
Nintendo SNES/Tengai Makyo Zero (Far East of Eden Zero).uac	35-Tower of Bloody Fights.spc	OST Disc	Disc Number	2
Nintendo SNES/Tengai Makyo Zero (Far East of Eden Zero).uac	36-Tangible Fear.spc	OST Disc	Disc Number	2
Nintendo SNES/Tengai Makyo Zero (Far East of Eden Zero).uac	37-Science is Omnipotent.spc	OST Disc	Disc Number	2
Nintendo SNES/Tengai Makyo Zero (Far East of Eden Zero).uac	38-Great Power.spc	OST Disc	Disc Number	2
Nintendo SNES/Tengai Makyo Zero (Far East of Eden Zero).uac	39-Demon Ma-Shin.spc	OST Disc	Disc Number	2
Nintendo SNES/Tengai Makyo Zero (Far East of Eden Zero).uac	40-Mysterious Hill.spc	OST Disc	Disc Number	2
Nintendo SNES/Tengai Makyo Zero (Far East of Eden Zero).uac	41-Memory ~ Seperation with Mizuki.spc	OST Disc	Disc Number	2
Nintendo SNES/Tengai Makyo Zero (Far East of Eden Zero).uac	42-Mizuki's Theme.spc	OST Disc	Disc Number	2
Nintendo SNES/Tengai Makyo Zero (Far East of Eden Zero).uac	43-The Ship with Scales.spc	OST Disc	Disc Number	2
Nintendo SNES/Tengai Makyo Zero (Far East of Eden Zero).uac	44-Elegant Ladies.spc	OST Disc	Disc Number	2
Nintendo SNES/Tengai Makyo Zero (Far East of Eden Zero).uac	45-Hurry.spc	OST Disc	Disc Number	2
Nintendo SNES/Tengai Makyo Zero (Far East of Eden Zero).uac	46-Game.spc	OST Disc	Disc Number	2
Nintendo SNES/Tengai Makyo Zero (Far East of Eden Zero).uac	47-Let's Play!.spc	OST Disc	Disc Number	2
Nintendo SNES/Tengai Makyo Zero (Far East of Eden Zero).uac	48-A Crab!.spc	OST Disc	Disc Number	2
Nintendo SNES/Tengai Makyo Zero (Far East of Eden Zero).uac	49-Stupidity's Theme.spc	OST Disc	Disc Number	2
Nintendo SNES/Tengai Makyo Zero (Far East of Eden Zero).uac	50-Betrayed Friendship.spc	OST Disc	Disc Number	2
Nintendo SNES/Tengai Makyo Zero (Far East of Eden Zero).uac	51-Faded Neon.spc	OST Disc	Disc Number	2
Nintendo SNES/Tengai Makyo Zero (Far East of Eden Zero).uac	52-Welcome to Akamaru City!.spc	OST Disc	Disc Number	2
Nintendo SNES/Tengai Makyo Zero (Far East of Eden Zero).uac	53-Justice is with Me!.spc	OST Disc	Disc Number	2
Nintendo SNES/Tengai Makyo Zero (Far East of Eden Zero).uac	54-Gates of Hell.spc	OST Disc	Disc Number	3
Nintendo SNES/Tengai Makyo Zero (Far East of Eden Zero).uac	55-Sacred Place.spc	OST Disc	Disc Number	3
Nintendo SNES/Tengai Makyo Zero (Far East of Eden Zero).uac	56-Born with a Sword, Dead by a Sword.spc	OST Disc	Disc Number	3
Nintendo SNES/Tengai Makyo Zero (Far East of Eden Zero).uac	57-Castle of Dragon King.spc	OST Disc	Disc Number	3
Nintendo SNES/Tengai Makyo Zero (Far East of Eden Zero).uac	58-Terrestrial God ~ Ninigi.spc	OST Disc	Disc Number	3
Nintendo SNES/Tengai Makyo Zero (Far East of Eden Zero).uac	59-Kokubyak.spc	OST Disc	Disc Number	3
Nintendo SNES/Tengai Makyo Zero (Far East of Eden Zero).uac	60-King of Hell.spc	OST Disc	Disc Number	3
Nintendo SNES/Tengai Makyo Zero (Far East of Eden Zero).uac	61-Tenjin's Resolution.spc	OST Disc	Disc Number	3
Nintendo SNES/Tengai Makyo Zero (Far East of Eden Zero).uac	62-Sadness and Anger.spc	OST Disc	Disc Number	3
Nintendo SNES/Tengai Makyo Zero (Far East of Eden Zero).uac	63-The Master of the Flying Ship.spc	OST Disc	Disc Number	3
Nintendo SNES/Tengai Makyo Zero (Far East of Eden Zero).uac	64-The Flying Ship.spc	OST Disc	Disc Number	3
Nintendo SNES/Tengai Makyo Zero (Far East of Eden Zero).uac	65-Let's Go to Takamagahara.spc	OST Disc	Disc Number	3
Nintendo SNES/Tengai Makyo Zero (Far East of Eden Zero).uac	66-Takamagahara Village.spc	OST Disc	Disc Number	3
Nintendo SNES/Tengai Makyo Zero (Far East of Eden Zero).uac	67-Subaru's Plea.spc	OST Disc	Disc Number	3
Nintendo SNES/Tengai Makyo Zero (Far East of Eden Zero).uac	68-Heavenly God ~ Aguni.spc	OST Disc	Disc Number	3
Nintendo SNES/Tengai Makyo Zero (Far East of Eden Zero).uac	69-Into the Corridors of Heaven ~ Aguni's Ordeal.spc	OST Disc	Disc Number	3
Nintendo SNES/Tengai Makyo Zero (Far East of Eden Zero).uac	70-Hero of Fire ~ Higan.spc	OST Disc	Disc Number	3
Nintendo SNES/Tengai Makyo Zero (Far East of Eden Zero).uac	71-Whirlpool of Darkness.spc	OST Disc	Disc Number	3
Nintendo SNES/Tengai Makyo Zero (Far East of Eden Zero).uac	72-To Hell.spc	OST Disc	Disc Number	3
Nintendo SNES/Tengai Makyo Zero (Far East of Eden Zero).uac	73-The Final Battle.spc	OST Disc	Disc Number	3
Nintendo SNES/Tengai Makyo Zero (Far East of Eden Zero).uac	74-The Two Mirrors.spc	OST Disc	Disc Number	3
Nintendo SNES/Tengai Makyo Zero (Far East of Eden Zero).uac	75-To a New Future.spc	OST Disc	Disc Number	3
Nintendo SNES/Tengai Makyo Zero (Far East of Eden Zero).uac	76-Tengai Makyo Theater.spc	OST Disc	Disc Number	3
Nintendo SNES/Thunder Spirits.uac	00-The Wind Blew All Day Long.spc	OST Disc	Disc Number	1
Nintendo SNES/Thunder Spirits.uac	01-Back to the Fire.spc	OST Disc	Disc Number	1
Nintendo SNES/Thunder Spirits.uac	02-Gargoyle.spc	OST Disc	Disc Number	1
Nintendo SNES/Thunder Spirits.uac	03-Venus Fire.spc	OST Disc	Disc Number	1
Nintendo SNES/Thunder Spirits.uac	04-Twin Vulcan.spc	OST Disc	Disc Number	1
Nintendo SNES/Thunder Spirits.uac	05-The Grubby Dark Blue.spc	OST Disc	Disc Number	1
Nintendo SNES/Thunder Spirits.uac	06-King Fish.spc	OST Disc	Disc Number	1
Nintendo SNES/Thunder Spirits.uac	07-Truth.spc	OST Disc	Disc Number	1
Nintendo SNES/Thunder Spirits.uac	08-G Lobster.spc	OST Disc	Disc Number	1
Nintendo SNES/Thunder Spirits.uac	09-Final Take a Chance.spc	OST Disc	Disc Number	1
Nintendo SNES/Thunder Spirits.uac	10-Mobile Fort.spc	OST Disc	Disc Number	1
Nintendo SNES/Thunder Spirits.uac	11-His Behavior Inspired Us with Distrust.spc	OST Disc	Disc Number	1
Nintendo SNES/Thunder Spirits.uac	13-Hunger Made Them Desperate.spc	OST Disc	Disc Number	1
Nintendo SNES/Thunder Spirits.uac	14-Off Luck.spc	OST Disc	Disc Number	1
Nintendo SNES/Thunder Spirits.uac	15-Stage Clear.spc	OST Disc	Disc Number	1
Nintendo SNES/Thunder Spirits.uac	16-Game Over.spc	OST Disc	Disc Number	1
Nintendo SNES/Thunder Spirits.uac	17-Final Point.spc	OST Disc	Disc Number	1
Nintendo SNES/Thunder Spirits.uac	19-Be Menaced by Orn.spc	OST Disc	Disc Number	1
Nintendo SNES/Thunder Spirits.uac	22-A War without the End.spc	OST Disc	Disc Number	1
Nintendo SNES/Thunder Spirits.uac	23-Present.spc	OST Disc	Disc Number	1
Nintendo SNES/Treasure Hunter G.uac	00-Gemini Wing.spc	OST Disc	Disc Number	1
Nintendo SNES/Treasure Hunter G.uac	01-[hamarira hahihi].spc	OST Disc	Disc Number	1
Nintendo SNES/Treasure Hunter G.uac	02-There Goes That Shameful Daizaburou.spc	OST Disc	Disc Number	1
Nintendo SNES/Treasure Hunter G.uac	03-My Rural Town.spc	OST Disc	Disc Number	1
Nintendo SNES/Treasure Hunter G.uac	04-Well, Let's Get Out There and Fight!.spc	OST Disc	Disc Number	1
Nintendo SNES/Treasure Hunter G.uac	05-The World's Cavern 1.spc	OST Disc	Disc Number	1
Nintendo SNES/Treasure Hunter G.uac	06-Somehow, Something Doesn't Look Quite Right.spc	OST Disc	Disc Number	1
Nintendo SNES/Treasure Hunter G.uac	07-The Absence of My Father from My Childhood (Preview).spc	OST Disc	Disc Number	1
Nintendo SNES/Treasure Hunter G.uac	08-Go! Go! Kids!.spc	OST Disc	Disc Number	1
Nintendo SNES/Treasure Hunter G.uac	09-A Drink to Victory.spc	OST Disc	Disc Number	1
Nintendo SNES/Treasure Hunter G.uac	10-An Enticing Town.spc	OST Disc	Disc Number	1
Nintendo SNES/Treasure Hunter G.uac	11-Hey You, What Time is It.spc	OST Disc	Disc Number	1
Nintendo SNES/Treasure Hunter G.uac	12-Piano Skill Level 1.spc	OST Disc	Disc Number	1
Nintendo SNES/Treasure Hunter G.uac	13-Piano Skill Level 2.spc	OST Disc	Disc Number	1
Nintendo SNES/Treasure Hunter G.uac	14-Piano Skill Level 3.spc	OST Disc	Disc Number	1
Nintendo SNES/Treasure Hunter G.uac	15-Piano Skill Level 4.spc	OST Disc	Disc Number	1
Nintendo SNES/Treasure Hunter G.uac	16-Theme From Mountain-San.spc	OST Disc	Disc Number	1
Nintendo SNES/Treasure Hunter G.uac	17-Urgently, Get There in a Hurry.spc	OST Disc	Disc Number	1
Nintendo SNES/Treasure Hunter G.uac	18-Come Here! I Defend You.spc	OST Disc	Disc Number	1
Nintendo SNES/Treasure Hunter G.uac	19-Ponga's Violin Performance.spc	OST Disc	Disc Number	1
Nintendo SNES/Treasure Hunter G.uac	20-Surrounded by Forest 1.spc	OST Disc	Disc Number	1
Nintendo SNES/Treasure Hunter G.uac	21-The Absence of My Father from My Childhood.spc	OST Disc	Disc Number	1
Nintendo SNES/Treasure Hunter G.uac	22-What Thoughts do You Have in the Treasure Room.spc	OST Disc	Disc Number	1
Nintendo SNES/Treasure Hunter G.uac	23-Conquer the World!.spc	OST Disc	Disc Number	1
Nintendo SNES/Treasure Hunter G.uac	24-The Teacher's Eulogy.spc	OST Disc	Disc Number	1
Nintendo SNES/Treasure Hunter G.uac	25-Just Like the Mountain, He Will Not Move.spc	OST Disc	Disc Number	1
Nintendo SNES/Treasure Hunter G.uac	26-This is Also Training.spc	OST Disc	Disc Number	1
Nintendo SNES/Treasure Hunter G.uac	27-I Memorized My Multiplication.spc	OST Disc	Disc Number	1
Nintendo SNES/Treasure Hunter G.uac	28-It Has Been a Long Time Since Someone Called Me a Magician.spc	OST Disc	Disc Number	1
Nintendo SNES/Treasure Hunter G.uac	29-Peaceful Sleep.spc	OST Disc	Disc Number	1
Nintendo SNES/Treasure Hunter G.uac	30-Yearning for Love (Preview).spc	OST Disc	Disc Number	1
Nintendo SNES/Treasure Hunter G.uac	31-Defeated Treasure Hunters.spc	OST Disc	Disc Number	1
Nintendo SNES/Treasure Hunter G.uac	32-Upscale Harbor Town.spc	OST Disc	Disc Number	1
Nintendo SNES/Treasure Hunter G.uac	33-Hey Darlin', Aren't You Gonna Come Any Closer.spc	OST Disc	Disc Number	1
Nintendo SNES/Treasure Hunter G.uac	34-Go Red Team! Go White Team! Rah Rah Rah!.spc	OST Disc	Disc Number	1
Nintendo SNES/Treasure Hunter G.uac	35-A Woman, Huh Remember It's Important to Set the Right 'Mood'!.spc	OST Disc	Disc Number	1
Nintendo SNES/Treasure Hunter G.uac	36-The World's Cavern 2.spc	OST Disc	Disc Number	1
Nintendo SNES/Treasure Hunter G.uac	37-Found an OOPART (Out-Of-Place-Artifact).spc	OST Disc	Disc Number	1
Nintendo SNES/Treasure Hunter G.uac	38-Surrounded By Forest 2.spc	OST Disc	Disc Number	1
Nintendo SNES/Treasure Hunter G.uac	39-Whose Cat is This.spc	OST Disc	Disc Number	1
Nintendo SNES/Treasure Hunter G.uac	40-Buddhist.spc	OST Disc	Disc Number	1
Nintendo SNES/Treasure Hunter G.uac	41-Haririririiiii.spc	OST Disc	Disc Number	1
Nintendo SNES/Treasure Hunter G.uac	42-Dance! Dance! Dance!.spc	OST Disc	Disc Number	1
Nintendo SNES/Treasure Hunter G.uac	43-Bossa Nova of Love.spc	OST Disc	Disc Number	1
Nintendo SNES/Treasure Hunter G.uac	44-Can't Screw Up the Order.spc	OST Disc	Disc Number	1
Nintendo SNES/Treasure Hunter G.uac	45-Of My Life, I Regret Nothing.spc	OST Disc	Disc Number	1
Nintendo SNES/Treasure Hunter G.uac	46-Mad Science.spc	OST Disc	Disc Number	1
Nintendo SNES/Treasure Hunter G.uac	47-Psycho Beasts.spc	OST Disc	Disc Number	1
Nintendo SNES/Treasure Hunter G.uac	48-The World's Cavern 3.spc	OST Disc	Disc Number	1
Nintendo SNES/Treasure Hunter G.uac	49-A Hearty Welcome to the Pyramid Investigation Group.spc	OST Disc	Disc Number	1
Nintendo SNES/Treasure Hunter G.uac	50-[mururowaan].spc	OST Disc	Disc Number	1
Nintendo SNES/Treasure Hunter G.uac	51-Demi Human Battle.spc	OST Disc	Disc Number	2
Nintendo SNES/Treasure Hunter G.uac	52-There is Nothing Else We Can Do Except Sing.spc	OST Disc	Disc Number	2
Nintendo SNES/Treasure Hunter G.uac	53-Relax, Relax.spc	OST Disc	Disc Number	2
Nintendo SNES/Treasure Hunter G.uac	54-The Queen Says Wait.spc	OST Disc	Disc Number	2
Nintendo SNES/Treasure Hunter G.uac	55-Wow, What a Story.spc	OST Disc	Disc Number	2
Nintendo SNES/Treasure Hunter G.uac	56-The Turtle Samurai Appears.spc	OST Disc	Disc Number	2
Nintendo SNES/Treasure Hunter G.uac	57-Heading West to Escape My Past.spc	OST Disc	Disc Number	2
Nintendo SNES/Treasure Hunter G.uac	58-Dead Town.spc	OST Disc	Disc Number	2
Nintendo SNES/Treasure Hunter G.uac	59-The Attack of Rising Water on Bichuu Takamatsu Castle.spc	OST Disc	Disc Number	2
Nintendo SNES/Treasure Hunter G.uac	60-The World's Cavern 4.spc	OST Disc	Disc Number	2
Nintendo SNES/Treasure Hunter G.uac	61-The Road to Survival.spc	OST Disc	Disc Number	2
Nintendo SNES/Treasure Hunter G.uac	62-Sad Freedom.spc	OST Disc	Disc Number	2
Nintendo SNES/Treasure Hunter G.uac	63-Winged Maiden.spc	OST Disc	Disc Number	2
Nintendo SNES/Treasure Hunter G.uac	64-Love's Escape.spc	OST Disc	Disc Number	2
Nintendo SNES/Treasure Hunter G.uac	65-An Illicit Fishing Boat and a Russian Patrol Ship.spc	OST Disc	Disc Number	2
Nintendo SNES/Treasure Hunter G.uac	66-A Position of Total Control.spc	OST Disc	Disc Number	2
Nintendo SNES/Treasure Hunter G.uac	67-A Former Kagonarl.spc	OST Disc	Disc Number	2
Nintendo SNES/Treasure Hunter G.uac	68-I Might Die.spc	OST Disc	Disc Number	2
Nintendo SNES/Treasure Hunter G.uac	69-Apprentice of Balladry.spc	OST Disc	Disc Number	2
Nintendo SNES/Treasure Hunter G.uac	70-Emperor of Balladry.spc	OST Disc	Disc Number	2
Nintendo SNES/Treasure Hunter G.uac	71-It is Raining on the Peninsula of Magahama.spc	OST Disc	Disc Number	2
Nintendo SNES/Treasure Hunter G.uac	72-Around the World.spc	OST Disc	Disc Number	2
Nintendo SNES/Undercover Cops.uac	01-Soldat Choix.spc	OST Disc	Disc Number	9
Nintendo SNES/Wizardry Gaiden IV.uac	74-Diamond Knight.spc	OST Disc	Disc Number	9
Nintendo SNES/Ys 5.uac	00-Lost Kingdom (part 1).spc	OST Disc	Disc Number	1
Nintendo SNES/Ys 5.uac	01-Lost Kingdom (part 2).spc	OST Disc	Disc Number	1
Nintendo SNES/Ys 5.uac	02-Digest.spc	OST Disc	Disc Number	1
Nintendo SNES/Ys 5.uac	03-Continue.spc	OST Disc	Disc Number	1
Nintendo SNES/Ys 5.uac	04-Peace in the Street.spc	OST Disc	Disc Number	1
Nintendo SNES/Ys 5.uac	05-In the Cradle.spc	OST Disc	Disc Number	1
Nintendo SNES/Ys 5.uac	06-Residence.spc	OST Disc	Disc Number	1
Nintendo SNES/Ys 5.uac	07-Shopping.spc	OST Disc	Disc Number	1
Nintendo SNES/Ys 5.uac	08-Field of Gale.spc	OST Disc	Disc Number	1
Nintendo SNES/Ys 5.uac	09-Foresta Village.spc	OST Disc	Disc Number	1
Nintendo SNES/Ys 5.uac	10-Sinister Shadow.spc	OST Disc	Disc Number	1
Nintendo SNES/Ys 5.uac	11-Treasure Box.spc	OST Disc	Disc Number	1
Nintendo SNES/Ys 5.uac	12-Freezing Shadow.spc	OST Disc	Disc Number	1
Nintendo SNES/Ys 5.uac	13-Bad Species.spc	OST Disc	Disc Number	1
Nintendo SNES/Ys 5.uac	15-Warning!!.spc	OST Disc	Disc Number	1
Nintendo SNES/Ys 5.uac	16-Massea.spc	OST Disc	Disc Number	1
Nintendo SNES/Ys 5.uac	17-Woodside Village.spc	OST Disc	Disc Number	1
Nintendo SNES/Ys 5.uac	18-Misty Lake.spc	OST Disc	Disc Number	1
Nintendo SNES/Ys 5.uac	19-Thieves of Brotherhood.spc	OST Disc	Disc Number	1
Nintendo SNES/Ys 5.uac	20-Wind Knight.spc	OST Disc	Disc Number	1
Nintendo SNES/Ys 5.uac	21-Crimson Ruins.spc	OST Disc	Disc Number	1
Nintendo SNES/Ys 5.uac	22-Movement.spc	OST Disc	Disc Number	1
Nintendo SNES/Ys 5.uac	23-Primal Rave.spc	OST Disc	Disc Number	1
Nintendo SNES/Ys 5.uac	24-Theme of Lovers.spc	OST Disc	Disc Number	1
Nintendo SNES/Ys 5.uac	25-Charged Trial.spc	OST Disc	Disc Number	1
Nintendo SNES/Ys 5.uac	26-Stormy Town.spc	OST Disc	Disc Number	1
Nintendo SNES/Ys 5.uac	27-Desert Clime.spc	OST Disc	Disc Number	1
Nintendo SNES/Ys 5.uac	28-Oasis.spc	OST Disc	Disc Number	1
Nintendo SNES/Ys 5.uac	29-Traders.spc	OST Disc	Disc Number	1
Nintendo SNES/Ys 5.uac	30-Sand Castle.spc	OST Disc	Disc Number	2
Nintendo SNES/Ys 5.uac	31-Wilderness.spc	OST Disc	Disc Number	2
Nintendo SNES/Ys 5.uac	32-Night Sight.spc	OST Disc	Disc Number	2
Nintendo SNES/Ys 5.uac	33-Niena.spc	OST Disc	Disc Number	2
Nintendo SNES/Ys 5.uac	34-The Undercurrent.spc	OST Disc	Disc Number	2
Nintendo SNES/Ys 5.uac	35-Scheme the Madness I.spc	OST Disc	Disc Number	2
Nintendo SNES/Ys 5.uac	36-Scheme the Madness II.spc	OST Disc	Disc Number	2
Nintendo SNES/Ys 5.uac	37-Pain Maker.spc	OST Disc	Disc Number	2
Nintendo SNES/Ys 5.uac	38-Crumble.spc	OST Disc	Disc Number	2
Nintendo SNES/Ys 5.uac	39-Forgotten City.spc	OST Disc	Disc Number	2
Nintendo SNES/Ys 5.uac	40-Judgement Bells.spc	OST Disc	Disc Number	2
Nintendo SNES/Ys 5.uac	41-Partisan.spc	OST Disc	Disc Number	2
Nintendo SNES/Ys 5.uac	42-Break Into Territory.spc	OST Disc	Disc Number	2
Nintendo SNES/Ys 5.uac	43-Battle Against Fate.spc	OST Disc	Disc Number	2
Nintendo SNES/Ys 5.uac	44-Death Spiral.spc	OST Disc	Disc Number	2
Nintendo SNES/Ys 5.uac	45-Theme of Kefin I.spc	OST Disc	Disc Number	2
Nintendo SNES/Ys 5.uac	46-Theme of Kefin II.spc	OST Disc	Disc Number	2
Nintendo SNES/Ys 5.uac	47-Crime and Punishment.spc	OST Disc	Disc Number	2
Nintendo SNES/Ys 5.uac	48-Wicked Pleasure (intro).spc	OST Disc	Disc Number	2
Nintendo SNES/Ys 5.uac	49-Wicked Pleasure.spc	OST Disc	Disc Number	2
Nintendo SNES/Ys 5.uac	50-Vanishing World.spc	OST Disc	Disc Number	2
Nintendo SNES/Ys 5.uac	51-Theme of Adol.spc	OST Disc	Disc Number	2
Nintendo SNES/Ys 5.uac	52-Farewell.spc	OST Disc	Disc Number	2
Nintendo SNES/Ys 5.uac	53-Odds and Ends.spc	OST Disc	Disc Number	2
Nintendo SNES/Ys 5.uac	54-The Secret Experience.spc	OST Disc	Disc Number	2
Nintendo SNES/Ys 5.uac	55-The Extra Room.spc	OST Disc	Disc Number	2
Nintendo SNES/Ys 5.uac	56-Catch the Record!.spc	OST Disc	Disc Number	2
Nintendo SNES/Yuu Yuu Hakusho - Tokubetsu-hen.uac	00-Opening.spc	OST Disc	Disc Number	1
Nintendo SNES/Yuu Yuu Hakusho - Tokubetsu-hen.uac	01-Main Menu.spc	OST Disc	Disc Number	1
Nintendo SNES/Yuu Yuu Hakusho - Tokubetsu-hen.uac	02-Technique Introduction.spc	OST Disc	Disc Number	1
Nintendo SNES/Yuu Yuu Hakusho - Tokubetsu-hen.uac	03-Forest.spc	OST Disc	Disc Number	1
Nintendo SNES/Yuu Yuu Hakusho - Tokubetsu-hen.uac	04-Dark Dome.spc	OST Disc	Disc Number	1
Nintendo SNES/Yuu Yuu Hakusho - Tokubetsu-hen.uac	05-Guillotine Hill.spc	OST Disc	Disc Number	1
Nintendo SNES/Yuu Yuu Hakusho - Tokubetsu-hen.uac	06-Interstice of Dimensions.spc	OST Disc	Disc Number	1
Nintendo SNES/Yuu Yuu Hakusho - Tokubetsu-hen.uac	07-Subspace.spc	OST Disc	Disc Number	1
Nintendo SNES/Yuu Yuu Hakusho - Tokubetsu-hen.uac	08-End of Battle.spc	OST Disc	Disc Number	1
Nintendo SNES/Yuu Yuu Hakusho - Tokubetsu-hen.uac	09-Current Status.spc	OST Disc	Disc Number	1
Nintendo SNES/Yuu Yuu Hakusho - Tokubetsu-hen.uac	10-Won Tournament!.spc	OST Disc	Disc Number	1
Nintendo SNES/Yuu Yuu Hakusho - Tokubetsu-hen.uac	11-That Was Terrible.spc	OST Disc	Disc Number	1
Nintendo SNES/Yuu Yuu Hakusho - Tokubetsu-hen.uac	12-Good!.spc	OST Disc	Disc Number	1
Nintendo SNES/Yuu Yuu Hakusho - Tokubetsu-hen.uac	13-Great!.spc	OST Disc	Disc Number	1
Nintendo SNES/Yuu Yuu Hakusho - Tokubetsu-hen.uac	14-Tournament Results.spc	OST Disc	Disc Number	1
Nintendo SNES/Yuu Yuu Hakusho - Tokubetsu-hen.uac	15-Staff Roll.spc	OST Disc	Disc Number	1
Nintendo SNES/Yuu Yuu Hakusho.uac	00-Run!.spc	OST Disc	Disc Number	1
Nintendo SNES/Yuu Yuu Hakusho.uac	01-Hiei's Theme.spc	OST Disc	Disc Number	1
Nintendo SNES/Yuu Yuu Hakusho.uac	02-Spirit Wind.spc	OST Disc	Disc Number	1
Nintendo SNES/Yuu Yuu Hakusho.uac	03-Danger.spc	OST Disc	Disc Number	1
Nintendo SNES/Yuu Yuu Hakusho.uac	04-Kurama's Theme.spc	OST Disc	Disc Number	1
Nintendo SNES/Yuu Yuu Hakusho.uac	05-Reminiscence.spc	OST Disc	Disc Number	1
Nintendo SNES/Yuu Yuu Hakusho.uac	06-Phantom.spc	OST Disc	Disc Number	1
Nintendo SNES/Yuu Yuu Hakusho.uac	07-Battle.spc	OST Disc	Disc Number	1
Nintendo SNES/Yuu Yuu Hakusho.uac	08-Uneasiness.spc	OST Disc	Disc Number	1
Nintendo SNES/Yuu Yuu Hakusho.uac	09-Now, to Suicide Island.spc	OST Disc	Disc Number	1
Nintendo SNES/Yuu Yuu Hakusho.uac	10-Hot Battle! Fierce Battle!! Suicide Island!!!.spc	OST Disc	Disc Number	1
Nintendo SNES/Yuu Yuu Hakusho.uac	11-Gal's Theme.spc	OST Disc	Disc Number	1
Nintendo SNES/Yuu Yuu Hakusho.uac	12-Dark Martial Arts Meeting.spc	OST Disc	Disc Number	1
Nintendo SNES/Yuu Yuu Hakusho.uac	13-Choice.spc	OST Disc	Disc Number	1
Nintendo SNES/Yuu Yuu Hakusho.uac	14-The First Arena.spc	OST Disc	Disc Number	1
Nintendo SNES/Yuu Yuu Hakusho.uac	15-Omen.spc	OST Disc	Disc Number	1
Nintendo SNES/Yuu Yuu Hakusho.uac	16-The Second Arena.spc	OST Disc	Disc Number	1
Nintendo SNES/Yuu Yuu Hakusho.uac	17-The Match Ends.spc	OST Disc	Disc Number	1
Nintendo SNES/Yuu Yuu Hakusho.uac	18-Fanfare.spc	OST Disc	Disc Number	1
Nintendo SNES/Yuu Yuu Hakusho.uac	19-Kuwabara's Theme.spc	OST Disc	Disc Number	1
Nintendo SNES/Yuu Yuu Hakusho.uac	20-Beautiful Demon Battler Suzuki's Theme.spc	OST Disc	Disc Number	1
Nintendo SNES/Yuu Yuu Hakusho.uac	21-Drunken Workman's Song.spc	OST Disc	Disc Number	1
Nintendo SNES/Yuu Yuu Hakusho.uac	22-Zukkoke Commander.spc	OST Disc	Disc Number	1
Nintendo SNES/Yuu Yuu Hakusho.uac	23-Eye-Catch.spc	OST Disc	Disc Number	1
Nintendo SNES/Yuu Yuu Hakusho.uac	24-Looks Like We Lost the Flagbearer.spc	OST Disc	Disc Number	1
Nintendo SNES/Yuu Yuu Hakusho.uac	25-Can You Still Fight.spc	OST Disc	Disc Number	1
Nintendo SNES/Yuu Yuu Hakusho.uac	26-Toguro 100%.spc	OST Disc	Disc Number	1
Nintendo SNES/Yuu Yuu Hakusho.uac	27-Sadness.spc	OST Disc	Disc Number	1
Nintendo SNES/Yuu Yuu Hakusho.uac	29-We Shall Meet.spc	OST Disc	Disc Number	1
Nintendo SNES/Zakuro no Aji.uac	00-Prologue ~ Night of the Snow Storm.spc	OST Disc	Disc Number	1
Nintendo SNES/Zakuro no Aji.uac	01-Sad Music Box.spc	OST Disc	Disc Number	1
Nintendo SNES/Zakuro no Aji.uac	02-Appearance of Tada-san!.spc	OST Disc	Disc Number	1
Nintendo SNES/Zakuro no Aji.uac	03-Theme of Yuko-senpai.spc	OST Disc	Disc Number	1
Nintendo SNES/Zakuro no Aji.uac	04-Me and Yuko-senpai.spc	OST Disc	Disc Number	1
Nintendo SNES/Zakuro no Aji.uac	05-Quiet Atmosphere.spc	OST Disc	Disc Number	1
Nintendo SNES/Zakuro no Aji.uac	06-Panic!.spc	OST Disc	Disc Number	1
Nintendo SNES/Zakuro no Aji.uac	07-Search in the Darkness (part 1).spc	OST Disc	Disc Number	1
Nintendo SNES/Zakuro no Aji.uac	08-Search in the Darkness (part 2).spc	OST Disc	Disc Number	1
Nintendo SNES/Zakuro no Aji.uac	09-Into the Darkness.spc	OST Disc	Disc Number	1
Nintendo SNES/Zakuro no Aji.uac	10-Decision in Despair.spc	OST Disc	Disc Number	1
Nintendo SNES/Zakuro no Aji.uac	11-House House House.spc	OST Disc	Disc Number	1
Nintendo SNES/Zakuro no Aji.uac	12-Rest.spc	OST Disc	Disc Number	1
Nintendo SNES/Zakuro no Aji.uac	13-Resurrected Corpse.spc	OST Disc	Disc Number	1
Nintendo SNES/Zakuro no Aji.uac	14-Action!.spc	OST Disc	Disc Number	1
Nintendo SNES/Zakuro no Aji.uac	15-Human Weapon Katsumata.spc	OST Disc	Disc Number	1
Nintendo SNES/Zakuro no Aji.uac	16-Approaching Fear.spc	OST Disc	Disc Number	1
Nintendo SNES/Zakuro no Aji.uac	17-Unseen Tears.spc	OST Disc	Disc Number	1
Nintendo SNES/Zakuro no Aji.uac	18-Hope Within the Despair.spc	OST Disc	Disc Number	1
Nintendo SNES/Zakuro no Aji.uac	19-Living Person, Dying Person.spc	OST Disc	Disc Number	1
Nintendo SNES/Zakuro no Aji.uac	20-The Worst Scenario.spc	OST Disc	Disc Number	1
Nintendo SNES/Zakuro no Aji.uac	21-Despair.spc	OST Disc	Disc Number	1
Nintendo SNES/Zakuro no Aji.uac	22-Happy End.spc	OST Disc	Disc Number	1
Nintendo SNES/Zakuro no Aji.uac	23-Epilogue ~ What Lies Ahead.spc	OST Disc	Disc Number	1
