Source RSN	Source RSN Relative Path	UAC Game Title	Playable Track Count	Game Title Records (JSON)	Exact Match Tracks	Case-Only Match Tracks	Other Difference Tracks	Album Field Tracks	OST Title Records (JSON)	Game Title = OST Title Tracks	Game Title != OST Title Tracks
33ejh.rsn	33ejh.rsn	3x3 Eyes - Juuma Houkan	8	"[{""value"":""3x3 Eyes: Juuma Houkan"",""type"":""str"",""trackCount"":8,""memberPaths"":[""00-Opening.spc"",""01-Main Theme.spc"",""02-Indoors.spc"",""03-Factory.spc"",""04-Underground.spc"",""05-Boss Battle.spc"",""06-Yougekisha.spc"",""07-Ending & Staff Roll.spc""]}]"	0	0	8	0	[]	0	0
33esk.rsn	33esk.rsn	3x3 Eyes - Seima Kourinden	31	"[{""value"":""3x3 Eyes: Seima Kourinden"",""type"":""str"",""trackCount"":31,""memberPaths"":[""00-Prologue.spc"",""01-Title Screen.spc"",""02-Opening.spc"",""03-Map.spc"",""04-Shop.spc"",""05-999.spc"",""06-Hong Kong.spc"",""07-Airport.spc"",""08-India.spc"",""09-Mexico.spc"",""10-Temple.spc"",""11-Yougeki Shrine.spc"",""12-Dungeon 1.spc"",""13-Dungeon 2.spc"",""14-Dungeon 3.spc"",""15-Mountain.spc"",""16-Battle 1.spc"",""17-Battle 2.spc"",""18-Battle 3.spc"",""19-Annihilated.spc"",""20-Level Up!.spc"",""21-Girisha.spc"",""22-Gupter.spc"",""23-Ending.spc"",""24-Staff Roll.spc"",""25-Unknown Song.spc"",""26-Unknown Ambience 1.spc"",""27-Unknown Ambience 2.spc"",""28-Unknown Ambience 3.spc"",""29-Unknown Ambience 4.spc"",""30-Unknown Ambience 5.spc""]}]"	0	0	31	0	[]	0	0
3nkb.rsn	3nkb.rsn	3 Ninjas Kick Back (US)	16	"[{""value"":""3 Ninjas Kick Back"",""type"":""str"",""trackCount"":16,""memberPaths"":[""00-Title Screen & Ending.spc"",""01-Select Player.spc"",""02-The Woods, Hillside and Training Zone.spc"",""03-To the Cabin.spc"",""04-Mori's Cabin.spc"",""05-Secret Cave.spc"",""06-The Hospital.spc"",""07-Japanese Gardens.spc"",""08-Koji Dojo & Bonus Room.spc"",""09-Castle Obaska.spc"",""10-Escape.spc"",""11-Boss Battle.spc"",""12-Level Intro.spc"",""13-Game Over.spc"",""14-Die.spc"",""15-Let's Murderlize Them!.spc""]}]"	0	0	16	0	[]	0	0
4ns.rsn	4ns.rsn	4 Nin Shogi	12	"[{""value"":""4-Nin Shougi"",""type"":""str"",""trackCount"":12,""memberPaths"":[""00-Title.spc"",""01-Menu.spc"",""02-Explanation of the Rules.spc"",""03-Game Starts.spc"",""04-Normal Game 1.spc"",""05-Normal Game 2.spc"",""06-Medieval Game 1.spc"",""07-Medieval Game 2.spc"",""08-Tsumi (Deadend).spc"",""09-Game Finished.spc"",""10-Results.spc"",""11-Unknown Song.spc""]}]"	0	0	12	0	[]	0	0
7sg.rsn	7sg.rsn	7th Saga	35	"[{""value"":""The 7th Saga"",""type"":""str"",""trackCount"":35,""memberPaths"":[""00-Beginning of a Tale.spc"",""01-The Seven Apprentices.spc"",""02-Esuna Busy.spc"",""03-Fortress City.spc"",""04-Same Old Inn.spc"",""05-Equipment on Sale.spc"",""06-Valsu Saizer.spc"",""07-Lux Tizer.spc"",""08-Battle in a World of Light.spc"",""09-Lively Village.spc"",""10-Lejes Rimul.spc"",""11-Battle in a World of Darkness.spc"",""12-Epic Confrontation.spc"",""13-Wilme Pelin.spc"",""14-Frozen Depths of the Earth.spc"",""15-World Map.spc"",""16-Olvan Jaess.spc"",""17-Great Achievement.spc"",""18-The Farthest Reaches.spc"",""19-Troglodytes!.spc"",""20-Kamil Dowonna.spc"",""21-How to Cross an Ocean.spc"",""22-Grand Palace.spc"",""23-Mecha Glider.spc"",""24-Gorsia's Death March.spc"",""25-Battle in a World of Fading Hope.spc"",""26-Sound the Alarm!.spc"",""27-A Long Awaited Rest.spc"",""28-Hero's Rebirth.spc"",""29-Victory!.spc"",""30-Level Up!.spc"",""31-Defeated.spc"",""32-Fanfare.spc"",""33-Blessing.spc"",""34-Curse.spc""]}]"	0	0	35	0	[]	0	0
abd.rsn	abd.rsn	American Battle Dome (JP)	18	"[{""value"":""American Battle Dome"",""type"":""str"",""trackCount"":18,""memberPaths"":[""00-Tsukuda Original Logo.spc"",""01-Title Screen.spc"",""02-Main Menu.spc"",""03-How to Play.spc"",""04-Select Your Spots!.spc"",""05-Moon Space.spc"",""06-Pyramid.spc"",""07-Black Hole.spc"",""08-Haunted.spc"",""09-Heaven.spc"",""10-Fantasy.spc"",""11-Ball Frenzy!.spc"",""12-Time Up.spc"",""13-The Results Are.spc"",""14-Current Status.spc"",""15-Winner!.spc"",""16-Storyline.spc"",""17-Ending.spc""]}]"	0	0	18	0	[]	0	0
abr.rsn	abr.rsn	Adventures of Batman and Robin, The	28	"[{""value"":[""The Adventures of Batman and Rob"",""The Adventures of Batman and Robin""],""type"":""list"",""trackCount"":28,""memberPaths"":[""00-Konami Logo.spc"",""01-Main Theme.spc"",""02-In the Batcave.spc"",""03-Amused to Death.spc"",""04-Joker's Funhouse.spc"",""05-Joker's Theme.spc"",""06-Battle on a Roller Coaster.spc"",""07-Stage Clear.spc"",""08-No Green Peace.spc"",""09-Battle with a Maneater.spc"",""10-Fowl Play.spc"",""11-The Penguin!.spc"",""12-Rooftop Battle.spc"",""13-Tale of the Cat.spc"",""14-Alley Battle.spc"",""15-Trouble in Transit.spc"",""16-Speeding through Darkness.spc"",""17-Perchance to Scream.spc"",""18-The Master of Fear.spc"",""19-Aerial Battle.spc"",""20-Riddle Me This.spc"",""21-Chess Board Mayhem.spc"",""22-Checkmate.spc"",""23-The Gauntlet.spc"",""24-Final Duel with the Joker.spc"",""25-Rogue's Gallery.spc"",""26-Staff Roll.spc"",""27-Game Over.spc""]}]"	0	0	28	0	[]	0	0
accb.rsn	accb.rsn	Accele Brid (JP)	19	"[{""value"":""Accelebrid"",""type"":""str"",""trackCount"":19,""memberPaths"":[""00-Title Screen.spc"",""01-Main Menu.spc"",""02-Weapon Select.spc"",""03-G. Bowman Circuit.spc"",""04-Onto Tiamat Gorge.spc"",""05-Tiamat Gorge.spc"",""06-Onto the Weapons Plant (part 1).spc"",""07-Railways.spc"",""08-Onto the Weapons Plant (part 2).spc"",""09-Underground.spc"",""10-Onto Cheesering Tower.spc"",""11-Climbing Cheesering Tower.spc"",""12-Hot Pursuit from Cheesering Tower.spc"",""13-Inside Cheesering Tower.spc"",""14-Cheesering Tower Crumbles.spc"",""15-Ending.spc"",""16-Unknown Song 1.spc"",""17-Unknown Song 2.spc"",""18-Unknown Song 3.spc""]}]"	0	0	19	0	[]	0	0
actp.rsn	actp.rsn	Action Pachio (JP)	16	"[{""value"":""Action Pachio"",""type"":""str"",""trackCount"":16,""memberPaths"":[""00-Title Screen.spc"",""01-Planet Pachinko.spc"",""02-Boss Battle.spc"",""03-Stage Clear.spc"",""04-Planet Gilligan.spc"",""05-Planet Zapp.spc"",""06-Planet Smokey.spc"",""07-Phantom Zone.spc"",""08-Planet Pinball.spc"",""09-Bonus Stage.spc"",""10-Battling Previous Bosses Again.spc"",""11-Final Boss.spc"",""12-Ending.spc"",""13-Game Over.spc"",""14-Boss Battle (Variation).spc"",""15-Phantom Zone (Variation).spc""]}]"	0	0	16	0	[]	0	0
actr.rsn	actr.rsn	Actraiser	19	"[{""value"":""Actraiser"",""type"":""str"",""trackCount"":19,""memberPaths"":[""00-Opening.spc"",""01-Sky Palast.spc"",""02-Descent.spc"",""03-Fillmoa.spc"",""04-The Beast Appears.spc"",""05-Round Clear.spc"",""06-Bloodpool ~ Casandora.spc"",""07-Aitos ~ Temple.spc"",""08-Powerful Enemy.spc"",""09-Piramid ~ Marana.spc"",""10-North Wall.spc"",""11-All over the World.spc"",""12-Satan.spc"",""13-Silence.spc"",""14-Birth of the People.spc"",""15-Sacrifices.spc"",""16-Peaceful World.spc"",""17-Ending.spc"",""18-Level Up.spc""]}]"	19	0	0	0	"[{""value"":""Yuzo Koshiro - ActRaiser (ALCA-105)"",""type"":""str"",""trackCount"":18,""memberPaths"":[""00-Opening.spc"",""01-Sky Palast.spc"",""02-Descent.spc"",""03-Fillmoa.spc"",""04-The Beast Appears.spc"",""05-Round Clear.spc"",""06-Bloodpool ~ Casandora.spc"",""07-Aitos ~ Temple.spc"",""08-Powerful Enemy.spc"",""09-Piramid ~ Marana.spc"",""10-North Wall.spc"",""11-All over the World.spc"",""12-Satan.spc"",""13-Silence.spc"",""14-Birth of the People.spc"",""15-Sacrifices.spc"",""16-Peaceful World.spc"",""17-Ending.spc""]}]"	0	18
adf.rsn	adf.rsn	Addams Family, The	23	"[{""value"":""The Addams Family"",""type"":""str"",""trackCount"":23,""memberPaths"":[""00-Ocean Logo.spc"",""01-The Addams Family.spc"",""02-Up and Down, In and Out.spc"",""03-Exploring the House.spc"",""04-Exploring the House (Windy).spc"",""05-Exploring the House (Echo).spc"",""06-Searching, Searching.spc"",""07-Searching, Searching (Ehco).spc"",""08-Wonderfully Gloomy Atmosphere.spc"",""09-Wonderfully Gloomy Atmosphere (Echo).spc"",""10-Hop, Jump, Strike!.spc"",""11-Have a Heart.spc"",""12-The Way Back.spc"",""13-Saved the Day.spc"",""14-Lurch's Piano Solo 1.spc"",""15-Lurch's Piano Solo 2.spc"",""16-Lurch's Piano Solo 3.spc"",""17-Lurch's Piano Solo 4.spc"",""18-Lurch's Piano Solo 5.spc"",""19-Lurch's Piano Solo 6.spc"",""20-Unhappily Ever After.spc"",""21-You Have Another Chance.spc"",""22-You Failed, Gomez!.spc""]}]"	0	0	23	0	[]	0	0
aero.rsn	aero.rsn	aero the acro bat	23	"[{""value"":""Aero the Acro-Bat"",""type"":""str"",""trackCount"":23,""memberPaths"":[""00-Title Theme.spc"",""01-Level Summary.spc"",""02-Circus 2.spc"",""03-Circus 3.spc"",""04-Circus 4.spc"",""05-Circus 5.spc"",""06-Circus Bonus.spc"",""07-Boss.spc"",""08-Funpark 1.spc"",""09-Funpark 2.spc"",""10-Funpark 3.spc"",""11-Funpark 4.spc"",""12-Funpark 5.spc"",""13-Outside 1.spc"",""14-Outside 2.spc"",""15-Outside 4.spc"",""16-Museum 1.spc"",""17-Museum 4.spc"",""18-Museum Bonus.spc"",""19-Final Boss.spc"",""20-Staff Roll.spc"",""21-Unused Jingle.spc"",""22-Continue.spc""]}]"	0	0	23	0	[]	0	0
aero2.rsn	aero2.rsn	aero the acro bat 2	18	"[{""value"":""Aero the Acro-Bat 2"",""type"":""str"",""trackCount"":18,""memberPaths"":[""00-Bell Castle (Act 1).spc"",""01-Bell Castle (Act 2).spc"",""02-Bell Castle (Act 3).spc"",""03-Boardin Zone (Act 1 & 3).spc"",""04-Boardin Zone (Act 2).spc"",""05-Fort Redstar (Act 1).spc"",""06-Fort Redstar (Act 2).spc"",""07-Fort Redstar (Act 3).spc"",""08-Fort Redstar (Boss Act).spc"",""09-Disco Fever (Act 1 & 3).spc"",""10-Disco Fever (Act 2).spc"",""11-Dr. Dis Industries (Act 1).spc"",""12-Dr. Dis Industries (Act 2).spc"",""13-Dr. Dis Industries (Act 3).spc"",""14-Dr. Dis Industries (Boss Act).spc"",""15-Performer's Dungeon (Act 1).spc"",""16-Performer's Dungeon (Act 2).spc"",""17-Performer's Dungeon (Act 3).spc""]}]"	0	0	18	0	[]	0	0
afam2.rsn	afam2.rsn	Addams Family, The - Pugsley's Scavenger Hunt	12	"[{""value"":""Pugsley's Scavenger Hunt"",""type"":""str"",""trackCount"":12,""memberPaths"":[""00-Addams Family Theme.spc"",""01-House Interior.spc"",""02-Attic.spc"",""03-Icebox.spc"",""04-Bathroom.spc"",""05-Boss Battle.spc"",""06-Item Collected.spc"",""07-Lost Life.spc"",""08-Game Over.spc"",""09-Unused Song 1.spc"",""10-Unused Song 2.spc"",""11-Unused Song 3.spc""]}]"	0	0	12	0	[]	0	0
ahawk.rsn	ahawk.rsn	Astrohawk - May 2003 Version	7	"[{""value"":""Astrohawk: May 2003 Version"",""type"":""str"",""trackCount"":7,""memberPaths"":[""00-Main Theme.spc"",""01-Set Up Controls.spc"",""02-Map Screen.spc"",""03-Set Up Ship.spc"",""04-Level Theme 1.spc"",""05-Level Theme 2.spc"",""06-Level Theme 3.spc""]}]"	0	0	7	0	[]	0	0
airm.rsn	airm.rsn	air management oozora ni kakeru (JP)	24	"[{""value"":""Air Management: Ozora ni Kakeru"",""type"":""str"",""trackCount"":24,""memberPaths"":[""00-Opening.spc"",""01-Init.spc"",""02-Input Command.spc"",""03-North America.spc"",""04-Latin America.spc"",""05-Asia.spc"",""06-Pacific.spc"",""07-Middle East.spc"",""08-Africa.spc"",""09-Europe.spc"",""10-Russia.spc"",""11-Japan.spc"",""12-Other Locations.spc"",""13-Route Open.spc"",""14-Branch Open.spc"",""15-Result Disp.spc"",""16-Bankruptcy.spc"",""17-Route Close.spc"",""18-Branch Close.spc"",""19-Top.spc"",""20-Red Figures.spc"",""21-Ending.spc"",""22-Com Win.spc"",""23-Time Out.spc""]}]"	0	0	24	0	[]	0	0
airm2.rsn	airm2.rsn	air management ii koukuu ou o mezase (JP)	22	"[{""value"":[""Air Management 2: Koukuu Ou wo M"",""Air Management 2: Koukuu Ou wo Mezase""],""type"":""list"",""trackCount"":22,""memberPaths"":[""00-Title.spc"",""01-Menu.spc"",""02-Managing Scenario 1 & 2.spc"",""03-Managing Scenario 3.spc"",""04-Managing Scenario 4.spc"",""05-Dealing Airplanes.spc"",""06-Purchases.spc"",""07-Africa.spc"",""08-Europe.spc"",""09-Middle East.spc"",""10-North America.spc"",""11-Oceania.spc"",""12-South America.spc"",""13-Southeast Asia.spc"",""14-Route Opened.spc"",""15-Route Closed.spc"",""16-Event Theme.spc"",""17-Quarterly Evaluation.spc"",""18-Ending.spc"",""19-Deficit.spc"",""20-Bankruptcy.spc"",""21-Game Over.spc""]}]"	0	0	22	0	[]	0	0
alod.rsn	alod.rsn	Albert Odyssey	35	"[{""value"":""Albert Odyssey"",""type"":""str"",""trackCount"":35,""memberPaths"":[""00-Memories of the Past.spc"",""01-The Other Side of Reminiscence.spc"",""02-Beyond the Empty Space.spc"",""03-An Offering to the Holy King Gort.spc"",""04-Gathering of Comrades.spc"",""05-Hometown Tibelis.spc"",""06-On Holy Ground.spc"",""07-Fine Goods.spc"",""08-The Road Walked by Heroes.spc"",""09-Brimming Strength.spc"",""10-Roar of the Beast.spc"",""11-Fire Raid.spc"",""12-At the Base of Gort's Flag.spc"",""13-Goodnight, Sophia.spc"",""14-Take a Rest.spc"",""15-Clouds Riding the Wind.spc"",""16-We're Cheerful Workers!.spc"",""17-In a Strange New World.spc"",""18-Lovers' Dirge.spc"",""19-Proof of Mania.spc"",""20-Sleeping World.spc"",""21-Stir of Sorcery.spc"",""22-To a New World.spc"",""23-Mysterious Garden.spc"",""24-World of Twilight.spc"",""25-Lovely Faeries.spc"",""26-Lost in the Darkness.spc"",""27-A Faint Glimmer.spc"",""28-Temple of the Demon God.spc"",""29-Messenger at the Lunatic Banquet.spc"",""30-Until My Life Comes to an End.spc"",""31-Song of Reposing Souls Warrior's Headstone.spc"",""32-Anthem of a New Hero.spc"",""33-Someday, Once More Will He.spc"",""34-Sunsoft.spc""]}]"	35	0	0	0	"[{""value"":""All Sounds of Albert Odyssey (DPCX-5008)"",""type"":""str"",""trackCount"":35,""memberPaths"":[""00-Memories of the Past.spc"",""01-The Other Side of Reminiscence.spc"",""02-Beyond the Empty Space.spc"",""03-An Offering to the Holy King Gort.spc"",""04-Gathering of Comrades.spc"",""05-Hometown Tibelis.spc"",""06-On Holy Ground.spc"",""07-Fine Goods.spc"",""08-The Road Walked by Heroes.spc"",""09-Brimming Strength.spc"",""10-Roar of the Beast.spc"",""11-Fire Raid.spc"",""12-At the Base of Gort's Flag.spc"",""13-Goodnight, Sophia.spc"",""14-Take a Rest.spc"",""15-Clouds Riding the Wind.spc"",""16-We're Cheerful Workers!.spc"",""17-In a Strange New World.spc"",""18-Lovers' Dirge.spc"",""19-Proof of Mania.spc"",""20-Sleeping World.spc"",""21-Stir of Sorcery.spc"",""22-To a New World.spc"",""23-Mysterious Garden.spc"",""24-World of Twilight.spc"",""25-Lovely Faeries.spc"",""26-Lost in the Darkness.spc"",""27-A Faint Glimmer.spc"",""28-Temple of the Demon God.spc"",""29-Messenger at the Lunatic Banquet.spc"",""30-Until My Life Comes to an End.spc"",""31-Song of Reposing Souls Warrior's Headstone.spc"",""32-Anthem of a New Hero.spc"",""33-Someday, Once More Will He.spc"",""34-Sunsoft.spc""]}]"	0	35
alod2.rsn	alod2.rsn	Albert Odyssey 2	41	"[{""value"":""Albert Odyssey 2"",""type"":""str"",""trackCount"":41,""memberPaths"":[""00-Sunsoft.spc"",""01-Ode to the New Hero (part 1).spc"",""02-Ode to the New Hero (part 2).spc"",""03-Going through Void.spc"",""04-Soaring.spc"",""05-Dirge of Grief.spc"",""06-Goth Kingdom Anthem ~ Noble Lion.spc"",""07-Tasting a Bitter Experience.spc"",""08-Quickening of Evil God.spc"",""09-Goth Kights Song ~ Raise Your Sword.spc"",""10-Wondering for Mates.spc"",""11-Hometown of a Hero.spc"",""12-Good Bargainer.spc"",""13-Sacred Children.spc"",""14-Wriggling Enmity.spc"",""15-Pricess' Intension.spc"",""16-Shadow of Evil.spc"",""17-Sorceress of Glacier.spc"",""18-Land of Stillness.spc"",""19-Blown in a Sea Breeze.spc"",""20-Journey.spc"",""21-City of Dusk.spc"",""22-Chain of Calm.spc"",""23-Straying off in the Depth.spc"",""24-Guardian Spirits.spc"",""25-Searching for Treasures.spc"",""26-New Sunlight.spc"",""27-Blaze of Assault.spc"",""28-Melody of Hero.spc"",""29-With the Hero.spc"",""30-Goodnight Sophia.spc"",""31-Land of Frozen Forest.spc"",""32-Brimful Power.spc"",""33-City of Luxuriance.spc"",""34-Way of Chivalry.spc"",""35-Rabid Prince of Hades.spc"",""36-Over the Sadness.spc"",""37-New Hope.spc"",""38-Brimming Sentiments.spc"",""39-God Bless You.spc"",""40-Save Jingle.spc""]}]"	41	0	0	0	"[{""value"":""Albert Odyssey 2 (PCCB-00178)"",""type"":""str"",""trackCount"":40,""memberPaths"":[""00-Sunsoft.spc"",""01-Ode to the New Hero (part 1).spc"",""02-Ode to the New Hero (part 2).spc"",""03-Going through Void.spc"",""04-Soaring.spc"",""05-Dirge of Grief.spc"",""06-Goth Kingdom Anthem ~ Noble Lion.spc"",""07-Tasting a Bitter Experience.spc"",""08-Quickening of Evil God.spc"",""09-Goth Kights Song ~ Raise Your Sword.spc"",""10-Wondering for Mates.spc"",""11-Hometown of a Hero.spc"",""12-Good Bargainer.spc"",""13-Sacred Children.spc"",""14-Wriggling Enmity.spc"",""15-Pricess' Intension.spc"",""16-Shadow of Evil.spc"",""17-Sorceress of Glacier.spc"",""18-Land of Stillness.spc"",""19-Blown in a Sea Breeze.spc"",""20-Journey.spc"",""21-City of Dusk.spc"",""22-Chain of Calm.spc"",""23-Straying off in the Depth.spc"",""24-Guardian Spirits.spc"",""25-Searching for Treasures.spc"",""26-New Sunlight.spc"",""27-Blaze of Assault.spc"",""28-Melody of Hero.spc"",""29-With the Hero.spc"",""30-Goodnight Sophia.spc"",""31-Land of Frozen Forest.spc"",""32-Brimful Power.spc"",""33-City of Luxuriance.spc"",""34-Way of Chivalry.spc"",""35-Rabid Prince of Hades.spc"",""36-Over the Sadness.spc"",""37-New Hope.spc"",""38-Brimming Sentiments.spc"",""39-God Bless You.spc""]}]"	0	40
amdz.rsn	amdz.rsn	archer maclean s super dropzone (EU)	8	"[{""value"":""Archer MacLean's Dropzone"",""type"":""str"",""trackCount"":8,""memberPaths"":[""00-Title Screen.spc"",""01-Planet Ambience.spc"",""02-Prepare to Defend IO.spc"",""03-Prepare to Defend Callisto.spc"",""04-Prepare to Defend Ganymede.spc"",""05-Prepare to Defend Europa.spc"",""06-Prepare to Defend Jupiter.spc"",""07-Wave Complete.spc""]}]"	0	0	8	0	[]	0	0
anigb.rsn	anigb.rsn	Animaniacs (Super Gameboy)	23	"[{""value"":""Animaniacs"",""type"":""str"",""trackCount"":23,""memberPaths"":[""00-Animaniacs!.spc"",""01-Introduction.spc"",""02-Stage Select.spc"",""03-Animaniacs Roulette.spc"",""04-Practice Stage.spc"",""05-Bungle in the Jungle.spc"",""06-Level Complete.spc"",""07-Mid-Level Theme.spc"",""08-Remember the a la Mode.spc"",""09-To Scream or Not to Scream.spc"",""10-Battle with Ralph.spc"",""11-Try to Take Over the World!.spc"",""12-Staff Roll.spc"",""13-Unknown Song 1.spc"",""14-Unknown Song 2.spc"",""15-Unknown Song 3.spc"",""16-Unknown Song 4.spc"",""17-Unknown Song 5.spc"",""18-Unknown Song 6.spc"",""19-Unknown Song 7.spc"",""20-Unknown Song 8.spc"",""21-Unknown Song 9.spc"",""22-Unknown Song 10.spc""]}]"	0	0	23	0	[]	0	0
apii.rsn	apii.rsn	Apocalypse II (EU)	2	"[{""value"":""Apocalypse II"",""type"":""str"",""trackCount"":2,""memberPaths"":[""00-Intro Voice.spc"",""01-Main Theme.spc""]}]"	0	0	2	0	[]	0	0
apple.rsn	apple.rsn	Appleseed - Prometheus no Shintaku	23	"[{""value"":""Appleseed"",""type"":""str"",""trackCount"":23,""memberPaths"":[""00-Storyline.spc"",""01-Mission Info.spc"",""02-Inside Building.spc"",""03-Flying Machine and Mechwarrior.spc"",""04-Crisis.spc"",""05-Decisive Theme.spc"",""06-Building Under Construction.spc"",""07-All Your Base Are Belong To Us.spc"",""08-Danger.spc"",""09-Underground Sewers.spc"",""10-Meeting with Old Man.spc"",""11-Tuning.spc"",""12-Gaia.spc"",""13-Final Battle against ESWAT Spider Machine.spc"",""14-Heartbeat.spc"",""15-Pistol.spc"",""16-Player, come in... Player... PLAYER!!!.spc"",""17-Lost Signal.spc"",""18-Select 2 (Unused).spc"",""19-Map Screen (Unused).spc"",""20-Delta (Unused).spc"",""21-Unused Boss Theme.spc"",""22-Part 4.spc""]}]"	0	0	23	0	[]	0	0
aqua.rsn	aqua.rsn	Super Aquatic Games (James Pond's Crazy Sports)	7	"[{""value"":""Super Aquatic Games"",""type"":""str"",""trackCount"":7,""memberPaths"":[""00-Seika Fanfare.spc"",""01-Main Theme.spc"",""02-100 Meter Splash, Relay Race, Tour de Grass.spc"",""03-Shell Shooting, The Bouncy Castle, Feeding Time.spc"",""04-Leap Frog, Kipper Watching, Frisbee Capers.spc"",""05-Failed to Qualify.spc"",""06-Good Result.spc""]}]"	0	0	7	0	[]	0	0
arbf.rsn	arbf.rsn	Adventures of Rocky and Bullwinkle and Friends, The	21	"[{""value"":[""The Adventures of Rocky and Bull"",""The Adventures of Rocky and Bullwinkle and Friends""],""type"":""list"",""trackCount"":21,""memberPaths"":[""00-Title (part 1).spc"",""01-Title (part 2).spc"",""02-Main Theme.spc"",""03-Museum and Upsidasium Mine.spc"",""04-Level Intro.spc"",""05-Whynchutaka Peak.spc"",""06-Caverns of Upsidasium.spc"",""07-Maybe Dick Intro.spc"",""08-Pottsylvania.spc"",""09-Pirate Ship of Horatio Hornswoggle.spc"",""10-Haunted House.spc"",""11-Boss Battle.spc"",""12-Final Boss.spc"",""13-Game Clear.spc"",""14-Peabody Game Intro.spc"",""15-Peabody Game.spc"",""16-Dudley-Do-Right Game.spc"",""17-Dudley-Do-Right Game Clear.spc"",""18-Unknown Jingle.spc"",""19-Lose Life.spc"",""20-Pause Game.spc""]}]"	0	0	21	0	[]	0	0
are2.rsn	are2.rsn	Aretha (JP)	58	"[{""value"":""Aretha 2"",""type"":""str"",""trackCount"":58,""memberPaths"":[""00-Jam's Overture.spc"",""01-Dark Cloud.spc"",""02-Once Upon a Time.spc"",""03-Aretha Ring.spc"",""04-The Union Jack.spc"",""05-Sunny Day One More Time.spc"",""06-Yellow Room.spc"",""07-Paint it Blue.spc"",""08-A Poem.spc"",""09-Crystal So Long.spc"",""10-Attack on Both Sides.spc"",""11-Sleeping Beauty.spc"",""12-Tapestry.spc"",""13-Stoned.spc"",""14-Wish.spc"",""15-Gula City.spc"",""16-Four Beasts in One.spc"",""17-The Forbidden Area.spc"",""18-Like a Desert.spc"",""19-The Mermaid Kiss.spc"",""20-Radical King.spc"",""21-Visions.spc"",""22-Odyssey.spc"",""23-A Priest in the Belfry.spc"",""24-Front Line.spc"",""25-Deadlock.spc"",""26-Land Ho!.spc"",""27-Polka Polka Polka.spc"",""28-B-Western.spc"",""29-London Lavender.spc"",""30-Moon Child.spc"",""31-The Red Heat Tempest.spc"",""32-Key of Time.spc"",""33-Necrofilm.spc"",""34-Folio Club.spc"",""35-At a Crossroad.spc"",""36-Run to High.spc"",""37-Eclipse.spc"",""38-Ceremony.spc"",""39-Fatal Exploided.spc"",""40-Old Palace.spc"",""41-X-Day.spc"",""42-The Foreign Legion in the Sky.spc"",""43-Unknown Soldier.spc"",""44-Spartan Hill.spc"",""45-Heart to Heart.spc"",""46-The Red Balloon.spc"",""47-Golden Opportunity.spc"",""48-Make an Oath.spc"",""49-Ultimate Lethal Weapon.spc"",""50-Ending.spc"",""51-Close Your Eyes.spc"",""52-Encounter With Danger.spc"",""53-Rhapsody.spc"",""54-Angry Snow.spc"",""55-Silent River.spc"",""56-Le Fantastique.spc"",""57-Snow Slide.spc""]}]"	0	0	58	0	[]	0	0
ari3.rsn	ari3.rsn	A Ressha de Ikou 3 Super Version	15	"[{""value"":""A Ressha de Ikou 3"",""type"":""str"",""trackCount"":15,""memberPaths"":[""00-Title.spc"",""01-Theme 1.spc"",""02-Theme 2.spc"",""03-Theme 3.spc"",""04-Theme 4.spc"",""05-Theme 5.spc"",""06-Theme 6.spc"",""07-Merry Christmas!.spc"",""08-Happy New Year!.spc"",""09-Bankruptcy.spc"",""10-Horse Racing ~ Place Your Bets!.spc"",""11-Horse Racing ~ Start the Race.spc"",""12-Horse Racing in Progress.spc"",""13-Horse Racing ~ Lose Bet.spc"",""14-Horse Racing ~ Win Bet.spc""]}]"	0	0	15	0	[]	0	0
aryol.rsn	aryol.rsn	ugoku e ver 2 0 aryol (JP)	31	"[{""value"":""Aryol"",""type"":""str"",""trackCount"":31,""memberPaths"":[""00-Opening Story.spc"",""01-Title.spc"",""02-Menu.spc"",""03-Warm Up Exercises.spc"",""04-Stage Cleared.spc"",""05-Marching into the State Bank.spc"",""06-Stealing with a Smile.spc"",""07-The Getaway.spc"",""08-Heavy Security in the Airport.spc"",""09-This is the Aryol.spc"",""10-Someone's Above Us.spc"",""11-Radicals Onboard! We Gotta Jump!!.spc"",""12-Swaying in the Wind.spc"",""13-Heading to the Telephone Office.spc"",""14-We Decided to Contact the Police.spc"",""15-Borrowed Motorcycle.spc"",""16-Lightning Storm.spc"",""17-A Giant Dragon Attacks.spc"",""18-How's the Weather in the Ground.spc"",""19-Plane Wreckage.spc"",""20-It's Time to Board the Aryol.spc"",""21-Hurry! You Can Do It!.spc"",""22-Lured Radicals.spc"",""23-Gunfire.spc"",""24-Defusing the Bomb.spc"",""25-The Escape Complete.spc"",""26-New Small Airline.spc"",""27-I Rowed in Silence.spc"",""28-The Strategy Continues.spc"",""29-Arrest.spc"",""30-Imprisoned Again.spc""]}]"	0	0	31	0	[]	0	0
ast2.rsn	ast2.rsn	Asterix & Obelix (EU)	31	"[{""value"":""Asterix & Obelix"",""type"":""str"",""trackCount"":31,""memberPaths"":[""00-Story.spc"",""01-Introduction.spc"",""02-Title.spc"",""03-The Adventure Begins!.spc"",""04-The Crossing.spc"",""05-Countryside.spc"",""06-London.spc"",""07-The Bank.spc"",""08-Rugby Start.spc"",""09-Rugby (Asterix).spc"",""10-Rugby (Obelix).spc"",""11-Rugby Ball Dropped.spc"",""12-Swiss Frontier.spc"",""13-The Lake.spc"",""14-The Mountains.spc"",""15-Pirates.spc"",""16-Olympia.spc"",""17-The Olympic Games.spc"",""18-Olympic Victory.spc"",""19-The Desert.spc"",""20-Desert Camp.spc"",""21-The Palace.spc"",""22-The Pyrenees.spc"",""23-Bullfighting.spc"",""24-Intermission.spc"",""25-Map.spc"",""26-Time Up!.spc"",""27-Game Over.spc"",""28-Ending ~ Staff Roll.spc"",""29-Bonus Stages.spc"",""30-Unused Song.spc""]}]"	0	0	31	0	[]	0	0
astj.rsn	astj.rsn	Ashita no Joe (JP)	23	"[{""value"":""Ashita no Joe"",""type"":""str"",""trackCount"":23,""memberPaths"":[""00-Opening.spc"",""01-Vs.spc"",""02-Shohei Inagaki.spc"",""03-Wolf Kanagushi.spc"",""04-Tohru Rikiishi.spc"",""05-Tiger Ozaki.spc"",""06-Carlos Rivera.spc"",""07-Kim Ryuhi.spc"",""08-Harimao.spc"",""09-Hose Mendoze.spc"",""10-Stage Clear.spc"",""11-Continue.spc"",""12-Game Over.spc"",""13-Ending.spc"",""14-Joe Voice 1.spc"",""15-Joe Voice 2.spc"",""16-Joe Voice 3.spc"",""17-Danpei Voice 1.spc"",""18-Danpei Voice 2.spc"",""19-Danpei Voice 3.spc"",""20-Joe Voice 4.spc"",""21-Joe Voice 5.spc"",""22-Joe Voice 6.spc""]}]"	0	0	23	0	[]	0	0
atfgw.rsn	atfgw.rsn	american tail an fievel goes west	15	"[{""value"":[""An American Tail: Fievel Goes We"",""An American Tail: Fievel Goes West""],""type"":""list"",""trackCount"":15,""memberPaths"":[""00-Theme of the Western Heroes.spc"",""01-The Journey Begins.spc"",""02-Checking Up on Things.spc"",""03-Back Alleyways of New York City.spc"",""04-Danger Down the Drain.spc"",""05-Rail Ride to the Western Frontier.spc"",""06-Lost in the Desert.spc"",""07-Lively Streets of Green River.spc"",""08-Moving Right Along.spc"",""09-A Deadly Game of Cat and Mouse.spc"",""10-You Done a Good Job, Kid.spc"",""11-Ending ~ Staff Roll.spc"",""12-Final Mouse Trap.spc"",""13-Game Over.spc"",""14-Invincible Badge of Courage!.spc""]}]"	0	0	15	0	[]	0	0
aurt.rsn	aurt.rsn	Al Unser Jr.'s Road to the Top	10	"[{""value"":""Al Unser Jr's Road to the Top"",""type"":""str"",""trackCount"":10,""memberPaths"":[""00-Title Screen.spc"",""01-Set Up Race.spc"",""02-Testing Out My New Ride.spc"",""03-Gettin' Good.spc"",""04-Ready to Win!.spc"",""05-Race Results.spc"",""06-Race to the Clouds.spc"",""07-On Your Mark.spc"",""08-Get Set.spc"",""09-Go!.spc""]}]"	0	0	10	0	[]	0	0
axe.rsn	axe.rsn	Axelay	21	"[{""value"":""Axelay"",""type"":""str"",""trackCount"":21,""memberPaths"":[""00-Axelay.spc"",""01-Set Up.spc"",""02-Unkai.spc"",""03-Spiders.spc"",""04-Bravo.spc"",""05-Colony.spc"",""06-Cosmic Dance.spc"",""07-Mother.spc"",""08-What's That.spc"",""09-Silence.spc"",""10-Bio-tech.spc"",""11-Burning.spc"",""12-Fire Shoot.spc"",""13-Cosmos.spc"",""14-Danger.spc"",""15-Final Alert.spc"",""16-Toughness (part 1).spc"",""17-Toughness (part 2).spc"",""18-Toughness (Noiseless).spc"",""19-The Moment of Rest.spc"",""20-Return to Mother.spc""]}]"	21	0	0	0	"[{""value"":""Axelay Game Soundtrack (KICA-7606)"",""type"":""str"",""trackCount"":21,""memberPaths"":[""00-Axelay.spc"",""01-Set Up.spc"",""02-Unkai.spc"",""03-Spiders.spc"",""04-Bravo.spc"",""05-Colony.spc"",""06-Cosmic Dance.spc"",""07-Mother.spc"",""08-What's That.spc"",""09-Silence.spc"",""10-Bio-tech.spc"",""11-Burning.spc"",""12-Fire Shoot.spc"",""13-Cosmos.spc"",""14-Danger.spc"",""15-Final Alert.spc"",""16-Toughness (part 1).spc"",""17-Toughness (part 2).spc"",""18-Toughness (Noiseless).spc"",""19-The Moment of Rest.spc"",""20-Return to Mother.spc""]}]"	0	21
ballz.rsn	ballz.rsn	Ballz 3D - Fighting at Its Ballziest (US)	9	"[{""value"":""Ballz 3D"",""type"":""str"",""trackCount"":9,""memberPaths"":[""00-Title Theme.spc"",""01-Fight Music 1.spc"",""02-Fight Music 2.spc"",""03-Fight Music 3.spc"",""04-Fight Music 4.spc"",""05-Fight Music 5.spc"",""06-Fight Music 6.spc"",""07-Fight Music 7.spc"",""08-Fight Music 8.spc""]}]"	0	0	9	0	[]	0	0
basc.rsn	basc.rsn	bass masters classic	11	"[{""value"":""Bass Master Classic"",""type"":""str"",""trackCount"":11,""memberPaths"":[""00-Main Theme.spc"",""01-Menus.spc"",""02-Outdoors.spc"",""03-Bait Shop.spc"",""04-Fishing.spc"",""05-Hooked! 1.spc"",""06-Hooked! 2.spc"",""07-Hooked! 3.spc"",""08-Bass Master Classic Championship.spc"",""09-Lose Fishing Tournament.spc"",""10-Big ol' Bass!.spc""]}]"	0	0	11	0	[]	0	0
bascp.rsn	bascp.rsn	bass masters classic pro edition	13	"[{""value"":""Bass Master Classic Pro Edition"",""type"":""str"",""trackCount"":13,""memberPaths"":[""00-Main Theme.spc"",""01-Menus.spc"",""02-Outdoors 1.spc"",""03-Outdoors 2.spc"",""04-Bait Shop.spc"",""05-Fishing (KBAS).spc"",""06-Fishing (KTHQ).spc"",""07-Hooked! 1.spc"",""08-Hooked! 2.spc"",""09-Hooked! 3.spc"",""10-Bass Master Classic Championship.spc"",""11-Lose Fishing Tournament.spc"",""12-Big ol' Bass!.spc""]}]"	0	0	13	0	[]	0	0
bast.rsn	bast.rsn	Bastard!! - Ankoku no Hakaishin (JP)	12	"[{""value"":""Bastard!!"",""type"":""str"",""trackCount"":12,""memberPaths"":[""00-Opening.spc"",""01-Title Screen.spc"",""02-Storyline.spc"",""03-Battle with Gara.spc"",""04-Battle with Di-Amon.spc"",""05-Battle with Nei.spc"",""06-Battle with Gara Again.spc"",""07-Battle with Nei Again.spc"",""08-Battle with Kali-Su.spc"",""09-Battle with Abigail.spc"",""10-Vs. Mode ~ Select Character.spc"",""11-Staff Roll.spc""]}]"	0	0	12	0	[]	0	0
bazb.rsn	bazb.rsn	Bazooka Blitzkrieg (US)	6	"[{""value"":""Bazooka Blitzkrieg"",""type"":""str"",""trackCount"":6,""memberPaths"":[""00-Title Screen.spc"",""01-Main Menu.spc"",""02-Hunting for Robots.spc"",""03-Out on the Road.spc"",""04-Industrial Plant.spc"",""05-Boss Battle.spc""]}]"	0	0	6	0	[]	0	0
bbb.rsn	bbb.rsn	Bing Bing! Bingo	18	"[{""value"":""Bing Bing! Bingo!"",""type"":""str"",""trackCount"":1,""memberPaths"":[""01-Main Menu.spc""]},{""value"":""Bing Bing! Bingo"",""type"":""str"",""trackCount"":17,""memberPaths"":[""00-Title Screen.spc"",""02-Set Up.spc"",""03-Amida Bingo.spc"",""04-Slot Bingo.spc"",""05-Skydiving Bingo.spc"",""06-Cannon Bingo.spc"",""07-Current Bingo Status.spc"",""08-Bingo! Logo Zoom.spc"",""09-Bingo!.spc"",""10-Reach Logo Zoom.spc"",""11-Reach.spc"",""12-Halisen Shoot.spc"",""13-Darby Zone Set Up.spc"",""14-Darby Zone Race.spc"",""15-Arm Wrestling.spc"",""16-Staff Roll.spc"",""17-Unknown Track.spc""]}]"	17	0	1	0	[]	0	0
bbd.rsn	bbd.rsn	Bomberman B-Daman (JP)	24	"[{""value"":""Bomberman B-Daman"",""type"":""str"",""trackCount"":24,""memberPaths"":[""00-Main Theme.spc"",""01-Menus.spc"",""02-Edit.spc"",""03-Stage Start.spc"",""04-Training Arena.spc"",""05-Forest.spc"",""06-Beachside.spc"",""07-Outer Space.spc"",""08-B-Daman Association Arena.spc"",""09-Battle.spc"",""10-Victory!.spc"",""11-Congratulations!.spc"",""12-High Scores.spc"",""13-Ending.spc"",""14-Staff Roll.spc"",""15-Main Theme (Reprise).spc"",""16-Unknown Jingle 1.spc"",""17-Unknown Jingle 2.spc"",""18-Unknown Jingle 3.spc"",""19-Unknown Jingle 4.spc"",""20-The Fight!.spc"",""21-Naka-La-Kiazo!.spc"",""22-Soko Mondae.spc"",""23-Tamo-Tsodes-Da!.spc""]}]"	0	0	24	0	[]	0	0
bbg.rsn	bbg.rsn	Ball Bullet Gun (JP)	20	"[{""value"":""Ball Bullet Gun"",""type"":""str"",""trackCount"":20,""memberPaths"":[""00-Introduction.spc"",""01-Title Screen.spc"",""02-Mission Select.spc"",""03-Mission Intro.spc"",""04-In the Wilderness.spc"",""05-Office.spc"",""06-Maze.spc"",""07-Battlefield.spc"",""08-Department Store.spc"",""09-Factory.spc"",""10-Enemy Turn 1.spc"",""11-Enemy Turn 2.spc"",""12-Victory!.spc"",""13-Mission Successful!.spc"",""14-Defeated.spc"",""15-Mission Failed.spc"",""16-Staff Roll.spc"",""17-I'Max Logo.spc"",""18-Turn Start (Vs. Mode).spc"",""19-Final Rank.spc""]}]"	0	0	20	0	[]	0	0
bbr.rsn	bbr.rsn	Bugs Bunny - Rabbit Rampage	24	"[{""value"":""Bugs Bunny: Rabbit Rampage"",""type"":""str"",""trackCount"":24,""memberPaths"":[""00-What's Up Doc.spc"",""01-Some Fresh Hare.spc"",""02-Elmer's Crew.spc"",""03-Sagebrush Bunny.spc"",""04-Hare Pinned.spc"",""05-The Bunny and the Bull.spc"",""06-A Grimm Scene.spc"",""07-Spacebugs.spc"",""08-Down in Tasmania, Come to Tasmania.spc"",""09-Dancing With the Devil.spc"",""10-Sheer Genius.spc"",""11-Eye of the Rabbit.spc"",""12-Things That Go Bugs in the Night.spc"",""13-Duck of the Draw.spc"",""14-Rubbed Out.spc"",""15-What a Maroon!.spc"",""16-Hare Style.spc"",""17-The Merry Go Round Broke Down.spc"",""18-That's All Folks!.spc"",""19-Pause.spc"",""20-Boom!.spc"",""21-What's Up.spc"",""22-Doc.spc"",""23-You're Despicable!.spc""]}]"	0	0	24	0	[]	0	0
bbs.rsn	bbs.rsn	Bubsy in - Claws Encounters of the Furred Kind	41	"[{""value"":[""Bubsy in Claws Encounters of the"",""Bubsy in Claws Encounters of the Furred Kind""],""type"":""list"",""trackCount"":41,""memberPaths"":[""00-War of the Woolies.spc"",""01-Hill Stream Blues.spc"",""02-Tunnel Vision.spc"",""03-Fair is Foul.spc"",""04-The Cattanooga Iron Horse.spc"",""05-Wool Wool West.spc"",""06-Bluegrass Bobcat.spc"",""07-Woolering Heights.spc"",""08-The Day the Wool Stood Still.spc"",""09-Mission Impervious.spc"",""10-Shadow Bopping.spc"",""11-Dry Clean Only.spc"",""12-Wet Peeve.spc"",""13-Kick Some Grass.spc"",""14-The Maim Event.spc"",""15-Hoedown Showdown.spc"",""16-Wild and Woolie.spc"",""17-Treetop Tyrants.spc"",""18-Polly and Esther, Queens of Rayon.spc"",""19-Field Yield.spc"",""20-Twine Tally.spc"",""21-Whitewater Winnings.spc"",""22-Woolie Keep Trying.spc"",""23-Died in the Wool.spc"",""24-Tail's End.spc"",""25-What Could Possibly Go Wrong.spc"",""26-Did I Mention I Don't Like Heights.spc"",""27-More Like a Bridge Too Short!.spc"",""28-Hey, Whatever Blows Your Hair Back!.spc"",""29-Hey, I Thought I Saw Elvis Back There!.spc"",""30-Shouldn't That Be 'Fearless' Uh-Oh.spc"",""31-Well, It Worked For Clint.spc"",""32-Go Ahead, Make My Day!.spc"",""33-My Contract Does Not Mention Pain!.spc"",""34-Hey, I Didn't Write This Stuff!.spc"",""35-Next Time, I Get A Stunt Cat!.spc"",""36-Is There A Veterinarian In The Audience.spc"",""37-That's It, I'm Outta Here, You Can't Make Me.spc"",""38-What And Give Up Show Business.spc"",""39-Somebody Dial 911!.spc"",""40-Whoa! Are You Still Playin' This Thing !.spc""]}]"	0	0	41	0	[]	0	0
bbs2.rsn	bbs2.rsn	bubsy ii	134	"[{""value"":""Bubsy 2"",""type"":""str"",""trackCount"":134,""memberPaths"":[""00-Accolade.spc"",""01-Title.spc"",""02-Hub.spc"",""03-Egypt 1.spc"",""04-Egypt 2-1.spc"",""05-Egypt 2-2.spc"",""06-Egypt 2-3.spc"",""07-Egypt 2-4.spc"",""08-Egypt 3-1.spc"",""09-Egypt 3-2.spc"",""10-Egypt 3-3.spc"",""100-Armadillo Mini Game.spc"",""101-Armadillo Mini Game (Variation).spc"",""102-Frog Catapult Mini Game.spc"",""103-Frog Catapult Mini Game (Variation).spc"",""104-Underwater Mini Game.spc"",""105-Underwater Mini Game (Variation).spc"",""106-Bubsy Dies.spc"",""107-Victory and Game Over.spc"",""108-Fly Up.spc"",""109-Fly Down.spc"",""11-Egypt 3-4.spc"",""110-Score!.spc"",""111-Is the Writer Strike Over Yet !.spc"",""112-Remember, I Am a Trained Purr-fessional!.spc"",""113-Another Swine Mess!.spc"",""114-Nothing Can Stop Me Now!.spc"",""115-Who Wrote This Stuff !.spc"",""116-Do You Believe in Miracles !.spc"",""117-I Like It!.spc"",""118-Surely You Jest!.spc"",""119-This Is Definitely Contagious!.spc"",""12-Egypt 4-1.spc"",""120-Pilot's License ! What For !.spc"",""121-A Penguin Saved Is a Penguin Earned!.spc"",""122-Ooh, I Think I Broke Something!.spc"",""123-Go for Ba-roke!.spc"",""124-The Ham Hock Strikes Back!.spc"",""125-I Am Not!.spc"",""126-I Think So.spc"",""127-I'll Be Back!.spc"",""128-Aw, Nuts!.spc"",""129-Bye-Bye.spc"",""13-Egypt 4-2.spc"",""130-That's It!.spc"",""131-Ooh... Ohh.spc"",""132-Is There a Doctor in the House !.spc"",""133-Keep It Up, Just Keep It Up!.spc"",""14-Egypt 4-3.spc"",""15-Egypt 4-4.spc"",""16-Egypt 5-1.spc"",""17-Egypt 5-2.spc"",""18-Egypt 5-3.spc"",""19-Egypt 6.spc"",""20-Egypt 7.spc"",""21-Egypt 8.spc"",""22-Egypt 9.spc"",""23-Space 1-1.spc"",""24-Space 1-2.spc"",""25-Space 1-3.spc"",""26-Space 1-4.spc"",""27-Space 2-1.spc"",""28-Space 2-2.spc"",""29-Space 2-3.spc"",""30-Space 2-4.spc"",""31-Space 3-1.spc"",""32-Space 3-2.spc"",""33-Space 3-3.spc"",""34-Space 3-4.spc"",""35-Space 4-1.spc"",""36-Space 4-2.spc"",""37-Space 4-3.spc"",""38-Music 1-1.spc"",""39-Music 1-2.spc"",""40-Music 1-3.spc"",""41-Music 1-4.spc"",""42-Music 2-1.spc"",""43-Music 2-2.spc"",""44-Music 2-3.spc"",""45-Music 2-4.spc"",""46-Music 3-1.spc"",""47-Music 3-2.spc"",""48-Music 3-3.spc"",""49-Music 3-4.spc"",""50-Music 4-1.spc"",""51-Music 4-2.spc"",""52-Music 4-3.spc"",""53-Music 4-4.spc"",""54-Music 4-5.spc"",""55-Music 5-1.spc"",""56-Music 5-2.spc"",""57-Music 5-3.spc"",""58-Music 5-4.spc"",""59-Music 5-5.spc"",""60-Music 6-1.spc"",""61-Music 6-2.spc"",""62-Music 6-3.spc"",""63-Music 6-4.spc"",""64-Music 6-5.spc"",""65-Music 7.spc"",""66-Sky 1.spc"",""67-Sky 2-1.spc"",""68-Sky 2-2.spc"",""69-Sky 2-3.spc"",""70-Sky 2-4.spc"",""71-Sky 3-1.spc"",""72-Sky 3-2.spc"",""73-Sky 3-3.spc"",""74-Sky 3-4.spc"",""75-Sky 4-1.spc"",""76-Sky 4-2.spc"",""77-Sky 4-3.spc"",""78-Sky 4-4.spc"",""79-Sky 5-1.spc"",""80-Sky 5-2.spc"",""81-Medieval 1.spc"",""82-Medieval 2-1.spc"",""83-Medieval 2-2.spc"",""84-Medieval 2-3.spc"",""85-Medieval 2-4.spc"",""86-Medieval 3-1.spc"",""87-Medieval 3-2.spc"",""88-Medieval 3-3.spc"",""89-Medieval 4-1.spc"",""90-Medieval 4-2.spc"",""91-Medieval 4-3.spc"",""92-Medieval 5-1.spc"",""93-Medieval 5-2.spc"",""94-Medieval 5-3.spc"",""95-Medieval 5-4.spc"",""96-Medieval 6.spc"",""97-Boss 1.spc"",""98-Boss 2.spc"",""99-Boss 3.spc""]}]"	0	0	134	0	[]	0	0
bdodg.rsn	bdodg.rsn	battle dodge ball (JP)	31	"[{""value"":""Battle Dodgeball"",""type"":""str"",""trackCount"":31,""memberPaths"":[""00-Banpresto Logo.spc"",""01-Title Screen.spc"",""02-Tournament Introduction.spc"",""03-Configuration.spc"",""04-Vs. Announcement.spc"",""05-Talk Before the Battle.spc"",""06-Start!.spc"",""07-Normal Field.spc"",""08-Win!.spc"",""09-Coliseum Field.spc"",""10-Moon Field.spc"",""11-Volcano Field.spc"",""12-Mars Field.spc"",""13-Alien Field.spc"",""14-Ice Field.spc"",""15-Special Attack.spc"",""16-Ending.spc"",""17-Story Mode Prelude 1.spc"",""18-Story Mode Prelude 2.spc"",""19-Data Management.spc"",""20-Shop.spc"",""21-Story Mode Map.spc"",""22-Map-Attack!.spc"",""23-Story Mode Battle.spc"",""24-Final Battle.spc"",""25-Epilogue (part 1).spc"",""26-Epilogue (part 2).spc"",""27-Lose!.spc"",""28-Unknown Song.spc"",""29-Unknown Jingle 1.spc"",""30-Unknown Jingle 2.spc""]}]"	0	0	31	0	"[{""value"":""Vs. Announcement"",""type"":""str"",""trackCount"":1,""memberPaths"":[""04-Vs. Announcement.spc""]}]"	0	1
bdz.rsn	bdz.rsn	Bishin Densetsu Zoku (JP)	16	"[{""value"":""Bishin Densetsu Zoku"",""type"":""str"",""trackCount"":16,""memberPaths"":[""00-Opening.spc"",""01-Title Screen.spc"",""02-Seaside Highway.spc"",""03-First Encounter.spc"",""04-Dangerous Territory.spc"",""05-Boss Encounter.spc"",""06-Brawlin' Time!.spc"",""07-Brawl in Forest Area.spc"",""08-Developing Area.spc"",""09-Brawl in Developing Area.spc"",""10-Brawl in Neo Tokyo.spc"",""11-Final Boss Intro.spc"",""12-Final Boss.spc"",""13-Ending.spc"",""14-Dead End.spc"",""15-Unknown Song.spc""]}]"	0	0	16	0	[]	0	0
bevb.rsn	bevb.rsn	Beach Volleyball (Super Gameboy)	19	"[{""value"":""Beach Volleyball"",""type"":""str"",""trackCount"":19,""memberPaths"":[""00-Main Theme.spc"",""01-Team Select.spc"",""02-Nekketsu Team.spc"",""03-Women's Volleyball Team.spc"",""04-Soccer Team.spc"",""05-Karate Team.spc"",""06-Comical Team.spc"",""07-Macho Team.spc"",""08-Bullfighter Team.spc"",""09-Tengu Team.spc"",""10-Final Game.spc"",""11-Ending.spc"",""12-Unknown Song.spc"",""13-Nekketsu Beach Volley!.spc"",""14-Beach Volley!.spc"",""15-Ikuzo!.spc"",""16-Aww.spc"",""17-Yattaze!.spc"",""18-O.Wa.Ri.spc""]}]"	0	0	19	0	[]	0	0
bfn1.rsn	bfn1.rsn	Itoi Shigesato no Bass Tsuri No.1 (Shigesato Itoi's Bass Fishing No.1)	18	"[{""value"":[""Shigesato Itoi's Bass Fishing No"",""Shigesato Itoi's Bass Fishing No. 1""],""type"":""list"",""trackCount"":18,""memberPaths"":[""00-Nintendo and Halken Jingle.spc"",""01-Theme of Bass Fishing No. 1.spc"",""02-Bass Anglers Club.spc"",""03-Morning at Home.spc"",""04-Field.spc"",""05-Tournament Begins 1.spc"",""06-Tournament Fanfare.spc"",""07-Fight! 1.spc"",""08-Advice Boy.spc"",""09-Boat House BOSe.spc"",""10-Rest House BOSe.spc"",""11-Bass Stop 1101.spc"",""12-Tournament Begins 2.spc"",""13-Fight! 2.spc"",""14-Garbage Collecting Fanfare.spc"",""15-Garbage Collecting.spc"",""16-Night at Home.spc"",""17-Ending.spc""]}]"	0	0	18	0	"[{""value"":""Music from Bass Tsuri No.1 Going to Lake! (TKCA-71256)"",""type"":""str"",""trackCount"":18,""memberPaths"":[""00-Nintendo and Halken Jingle.spc"",""01-Theme of Bass Fishing No. 1.spc"",""02-Bass Anglers Club.spc"",""03-Morning at Home.spc"",""04-Field.spc"",""05-Tournament Begins 1.spc"",""06-Tournament Fanfare.spc"",""07-Fight! 1.spc"",""08-Advice Boy.spc"",""09-Boat House BOSe.spc"",""10-Rest House BOSe.spc"",""11-Bass Stop 1101.spc"",""12-Tournament Begins 2.spc"",""13-Fight! 2.spc"",""14-Garbage Collecting Fanfare.spc"",""15-Garbage Collecting.spc"",""16-Night at Home.spc"",""17-Ending.spc""]}]"	0	18
bio.rsn	bio.rsn	Bio Metal	24	"[{""value"":""Bio Metal (American)"",""type"":""str"",""trackCount"":6,""memberPaths"":[""18-Dark Clouds.spc"",""19-Desert Storm.spc"",""20-Metal Insect Lair.spc"",""21-Deep Underground Ruins.spc"",""22-Steel Skeleton.spc"",""23-Last Assault.spc""]},{""value"":""Bio Metal"",""type"":""str"",""trackCount"":18,""memberPaths"":[""00-Bio Metal Warfare.spc"",""01-Main Theme.spc"",""02-Preparations.spc"",""03-Dark Clouds.spc"",""04-Boss Encounter.spc"",""05-Stage Clear.spc"",""06-Desert Storm.spc"",""07-Major Battle.spc"",""08-Metal Insect Lair.spc"",""09-Deep Underground Ruins.spc"",""10-Steel Skeleton.spc"",""11-Fight to the End!.spc"",""12-Last Assault.spc"",""13-Core of the Bio Metal Planet.spc"",""14-Staff Roll.spc"",""15-Can't Give Up.spc"",""16-Game Over.spc"",""17-Another Chance.spc""]}]"	18	0	6	0	[]	0	0
bkdc.rsn	bkdc.rsn	bakutou dochers bumps jima wa oosawagi (JP)	22	"[{""value"":""Bakutou Dodgers"",""type"":""str"",""trackCount"":22,""memberPaths"":[""00-BPS Logo.spc"",""01-Title Screen.spc"",""02-Select Player.spc"",""03-Savanna.spc"",""04-Hurry!.spc"",""05-Clear Land!.spc"",""06-Password.spc"",""07-Grassland.spc"",""08-Icecap.spc"",""09-Desert.spc"",""10-Beach.spc"",""11-Ending.spc"",""12-Space.spc"",""13-Continue.spc"",""14-Game Over.spc"",""15-Secret Stage.spc"",""16-2P Battle Winner!.spc"",""17-2P Battle Match Winner!.spc"",""18-Pause Game.spc"",""19-Ow!.spc"",""20-You're Out.spc"",""21-Secret Vocal.spc""]}]"	0	0	22	0	[]	0	0
bkz.rsn	bkz.rsn	Block Kuzushi (JP)	22	"[{""value"":""Block Kuzushi"",""type"":""str"",""trackCount"":22,""memberPaths"":[""00-Opening.spc"",""01-Title Screen.spc"",""02-Options Screen.spc"",""03-New Life.spc"",""04-Stage Music 1.spc"",""05-Where to Now.spc"",""06-Stage Music 2.spc"",""07-Stage Music 3.spc"",""08-Stage Music 4.spc"",""09-Stage Music 5.spc"",""10-Stage Music 6.spc"",""11-Tea Time!.spc"",""12-Boss Battle.spc"",""13-Final Boss.spc"",""14-Ending.spc"",""15-Die.spc"",""16-Continue.spc"",""17-Game Over.spc"",""18-Vs. Mode Victory.spc"",""19-Winner!.spc"",""20-Unused Jingle 1.spc"",""21-Unused Jingle 2.spc""]}]"	0	0	22	0	[]	0	0
bl.rsn	bl.rsn	Bahamut Lagoon	36	"[{""value"":""Bahamut Lagoon"",""type"":""str"",""trackCount"":36,""memberPaths"":[""00-Opening.spc"",""01-Kanna.spc"",""02-Fight 1.spc"",""03-Jojo.spc"",""04-Jojo and the God Dragons.spc"",""05-Sauzer.spc"",""06-Requiem.spc"",""07-Friendship.spc"",""08-Materaito.spc"",""09-Gudorfu.spc"",""10-Menu.spc"",""11-Kanna Army.spc"",""12-Rebel Troops.spc"",""13-Orerusu Salvation Army.spc"",""14-Guranberosu.spc"",""15-Monsters.spc"",""16-Arutairu Monsters.spc"",""17-Sub Battle.spc"",""18-Boss Battle.spc"",""19-Level Up.spc"",""20-Mission Clear.spc"",""21-Game Over.spc"",""22-Green Land Canbel.spc"",""23-Aqui-Land Mahaaru.spc"",""24-Magical City Godorando.spc"",""25-Desert Daphira.spc"",""26-Bahamut.spc"",""27-Bahamut Lagoon Arutairu.spc"",""28-Epicedium.spc"",""29-Stringency.spc"",""30-Little Nori.spc"",""31-Dancing Party.spc"",""32-Fight 2.spc"",""33-Battle with Alexander.spc"",""34-The Last Battle.spc"",""35-Ending.spc""]}]"	36	0	0	0	"[{""value"":""Bahamut Lagoon Original Soundtrack (PSCN-5046)"",""type"":""str"",""trackCount"":36,""memberPaths"":[""00-Opening.spc"",""01-Kanna.spc"",""02-Fight 1.spc"",""03-Jojo.spc"",""04-Jojo and the God Dragons.spc"",""05-Sauzer.spc"",""06-Requiem.spc"",""07-Friendship.spc"",""08-Materaito.spc"",""09-Gudorfu.spc"",""10-Menu.spc"",""11-Kanna Army.spc"",""12-Rebel Troops.spc"",""13-Orerusu Salvation Army.spc"",""14-Guranberosu.spc"",""15-Monsters.spc"",""16-Arutairu Monsters.spc"",""17-Sub Battle.spc"",""18-Boss Battle.spc"",""19-Level Up.spc"",""20-Mission Clear.spc"",""21-Game Over.spc"",""22-Green Land Canbel.spc"",""23-Aqui-Land Mahaaru.spc"",""24-Magical City Godorando.spc"",""25-Desert Daphira.spc"",""26-Bahamut.spc"",""27-Bahamut Lagoon Arutairu.spc"",""28-Epicedium.spc"",""29-Stringency.spc"",""30-Little Nori.spc"",""31-Dancing Party.spc"",""32-Fight 2.spc"",""33-Battle with Alexander.spc"",""34-The Last Battle.spc"",""35-Ending.spc""]}]"	0	36
blcb.rsn	blcb.rsn	Bill Laimbeer's Combat Basketball (US)	9	"[{""value"":[""Bill Laimbeer's Combat Basketbal"",""Bill Laimbeer's Combat Basketball""],""type"":""list"",""trackCount"":9,""memberPaths"":[""00-Title Screen.spc"",""01-Main Menu.spc"",""02-Division 3 Game.spc"",""03-Division 2 Game.spc"",""04-Division 1 Game.spc"",""05-Super League Game.spc"",""06-End of Game.spc"",""07-Congratulations!.spc"",""08-Ball Flies In.spc""]}]"	0	0	9	0	[]	0	0
blues.rsn	blues.rsn	Blues Brothers, The	7	"[{""value"":""The Blues Brothers"",""type"":""str"",""trackCount"":7,""memberPaths"":[""00-Peter Gunn Theme.spc"",""01-Everybody Needs Somebody.spc"",""02-Organ Slide.spc"",""03-Sneaky Shoes.spc"",""04-I Heard it Through the Grapevine.spc"",""05-Sidewalk Shuffle.spc"",""06-Down on Their Luck.spc""]}]"	0	0	7	0	[]	0	0
blzn.rsn	blzn.rsn	Blazeon	13	"[{""value"":""Blazeon"",""type"":""str"",""trackCount"":13,""memberPaths"":[""00-Optimistic Departure.spc"",""01-Hope and Fear.spc"",""02-Intimidating Spaces.spc"",""03-Next Step.spc"",""04-Cosmic Ocean Blue.spc"",""05-Unlimited Attack.spc"",""06-Alpha.spc"",""07-Fighting Machine.spc"",""08-Emergency Avoidance.spc"",""09-Infinite World.spc"",""10-Battle of Silence.spc"",""11-Hop, Step, Jump!.spc"",""12-Alert.spc""]}]"	13	0	0	0	"[{""value"":""Blazeon Sound Track (SRIN-1079)"",""type"":""str"",""trackCount"":12,""memberPaths"":[""00-Optimistic Departure.spc"",""01-Hope and Fear.spc"",""02-Intimidating Spaces.spc"",""03-Next Step.spc"",""04-Cosmic Ocean Blue.spc"",""05-Unlimited Attack.spc"",""06-Alpha.spc"",""07-Fighting Machine.spc"",""08-Emergency Avoidance.spc"",""09-Infinite World.spc"",""10-Battle of Silence.spc"",""11-Hop, Step, Jump!.spc""]}]"	0	12
bmg.rsn	bmg.rsn	Bokujou Monogatari (JP)	20	"[{""value"":""Bokujou Monogatari"",""type"":""str"",""trackCount"":20,""memberPaths"":[""00-Opening.spc"",""01-Title.spc"",""02-Naming Screen.spc"",""03-Town.spc"",""04-Mountain.spc"",""05-Church.spc"",""06-Spring.spc"",""07-Dance.spc"",""08-Summer.spc"",""09-Egg Festival.spc"",""10-Fall.spc"",""11-Harvest Festival.spc"",""12-Winter.spc"",""13-Star Night Festival.spc"",""14-Bell.spc"",""15-Trolls Cave.spc"",""16-Ending.spc"",""17-Bad Ending.spc"",""18-Hurricane.spc"",""19-Rain.spc""]}]"	0	0	20	0	[]	0	0
bms.rsn	bms.rsn	Bazoe! Mahou Sekai (Ancient Magic)	23	"[{""value"":""Bazoe! Mahou Sekai"",""type"":""str"",""trackCount"":23,""memberPaths"":[""00-Title.spc"",""01-Prologue.spc"",""02-Menu.spc"",""03-City.spc"",""04-Battle.spc"",""05-Map.spc"",""06-Ally Joined.spc"",""07-Castle.spc"",""08-Tower.spc"",""09-Boss Battle.spc"",""10-Ally Departs.spc"",""11-Aboard.spc"",""12-Dungeon.spc"",""13-Battle with Beranidians.spc"",""14-Intermission.spc"",""15-Ruins.spc"",""16-Battle with Olhes and Gurukabel.spc"",""17-Castle Gazel.spc"",""18-Ending 2.spc"",""19-Game Over.spc"",""20-Fanfare 1.spc"",""21-Fanfare 2.spc"",""22-Morning.spc""]}]"	0	0	23	0	[]	0	0
bob.rsn	bob.rsn	B.O.B	6	"[{""value"":""B.O.B."",""type"":""str"",""trackCount"":6,""memberPaths"":[""00-Main Theme.spc"",""01-Space City.spc"",""02-Organic Life.spc"",""03-Boss Battle.spc"",""04-Techno Pyramid.spc"",""05-Underground.spc""]}]"	0	0	6	0	[]	0	0
bobby.rsn	bobby.rsn	Bobby's World (US)	7	"[{""value"":""Bobby's World"",""type"":""str"",""trackCount"":7,""memberPaths"":[""00-Main Theme.spc"",""01-Cinematic Cut Scene.spc"",""02-Space.spc"",""03-Under the Bed.spc"",""04-Fish Tank.spc"",""05-Cowboy Western.spc"",""06-Haunted Closet.spc""]}]"	0	0	7	0	[]	0	0
bof.rsn	bof.rsn	breath of fire (US)	57	"[{""value"":""Breath of Fire"",""type"":""str"",""trackCount"":57,""memberPaths"":[""00-Lightning.spc"",""01-Blood Relation.spc"",""02-The Dragon Warrior.spc"",""03-White Dragon.spc"",""04-Quickening.spc"",""05-Fate.spc"",""06-Starting the Journey ~Breath of Fire~.spc"",""07-Day and Night.spc"",""08-Profit.spc"",""09-Sorrow.spc"",""10-Beginning of Battle.spc"",""11-Victory Song.spc"",""12-Gentle Breeze.spc"",""13-Sleep.spc"",""14-Strong Fortress.spc"",""15-Solution.spc"",""16-Bonds.spc"",""17-Culvert.spc"",""18-Skyscraper.spc"",""19-A Brave General.spc"",""20-Deep Forest.spc"",""21-Holy.spc"",""22-Distant View.spc"",""23-Fishing.spc"",""24-Release.spc"",""25-Small Hermitage.spc"",""26-A Road.spc"",""27-A Drunk's Life.spc"",""28-Secret City.spc"",""29-Sand Palace.spc"",""30-Memories.spc"",""31-Trade City.spc"",""32-Swimming.spc"",""33-Battling.spc"",""34-Dejection.spc"",""35-Premature Death.spc"",""36-Expedition.spc"",""37-Music City.spc"",""38-Song and Dance.spc"",""39-Ancient Ruins.spc"",""40-Emergency.spc"",""41-Flying.spc"",""42-The Empire.spc"",""43-A Powerful Emperor.spc"",""44-God's Footprints.spc"",""45-The Final Level.spc"",""46-Black Dragon.spc"",""47-Dawn.spc"",""48-Return.spc"",""49-Great Achievement.spc"",""50-True Ending.spc"",""51-The Lost Hero.spc"",""52-Dragon Heart.spc"",""53-Level Up!.spc"",""54-Special Item Fanfare.spc"",""55-The Fife.spc"",""56-Unused Ambience.spc""]}]"	0	0	57	0	[]	0	0
botb.rsn	botb.rsn	Best of the Best - Championship Karate	8	"[{""value"":[""Best of the Best: Championship K"",""Best of the Best: Championship Karate""],""type"":""list"",""trackCount"":8,""memberPaths"":[""00-Title Screen.spc"",""01-Grading.spc"",""02-Select Hits.spc"",""03-Training.spc"",""04-The Kumate Awaits You.spc"",""05-Battle with the Kumate.spc"",""06-You Are the Best of the Best.spc"",""07-All 16 Trophies!.spc""]}]"	0	0	8	0	[]	0	0
brain.rsn	brain.rsn	Brainies, The	11	"[{""value"":""Brainies"",""type"":""str"",""trackCount"":11,""memberPaths"":[""00-Title Screen.spc"",""01-Let's Start!.spc"",""02-Out in the Arctic.spc"",""03-The Desert.spc"",""04-Inside a Spaceship.spc"",""05-Let's Go Underground!.spc"",""06-Show Me Your Worthiness!.spc"",""07-Ending.spc"",""08-Game Over.spc"",""09-Intro Jingle.spc"",""10-Ow!.spc""]}]"	0	0	11	0	[]	0	0
brj.rsn	brj.rsn	Batman - Revenge of the Joker	15	"[{""value"":""Batman: Revenge of the Joker"",""type"":""str"",""trackCount"":15,""memberPaths"":[""00-Main Theme.spc"",""01-Gotham in Danger.spc"",""02-High Above and Deep Below.spc"",""03-Joker's Minion.spc"",""04-Urgent Situation.spc"",""05-Dangerous Ways.spc"",""06-Snowy Night.spc"",""07-Decisive Fight.spc"",""08-Stage Clear.spc"",""09-End of the Joker.spc"",""10-Game Over.spc"",""11-Unused Song.spc"",""12-Unused Jingle 1.spc"",""13-Unused Jingle 2.spc"",""14-Pause Jingle.spc""]}]"	0	0	15	0	[]	0	0
brtl.rsn	brtl.rsn	Brutal - Paws of Fury	7	"[{""value"":""Brutal: Paws of Fury"",""type"":""str"",""trackCount"":7,""memberPaths"":[""00-Title Theme.spc"",""01-Menu Stuff.spc"",""02-Far East Coast.spc"",""03-Training in the Dojo.spc"",""04-Bridge in the Mountains.spc"",""05-Indochinese Jungle.spc"",""06-Game Over.spc""]}]"	0	0	7	0	[]	0	0
bsim.rsn	bsim.rsn	Super Baseball Simulator 1.000	21	"[{""value"":""Baseball Simulator 1.000"",""type"":""str"",""trackCount"":21,""memberPaths"":[""00-Theme of Ultra Baseball.spc"",""01-Choose Your Ball Club.spc"",""02-Manager's Duties.spc"",""03-Baseball Season Begins!.spc"",""04-Play Ball!.spc"",""05-Familiar Ballpark.spc"",""06-Shallow Outfield.spc"",""07-High Walls.spc"",""08-The Ultra League.spc"",""09-The Ultra League Shows Off.spc"",""10-In Scoring Position.spc"",""11-Going, Going, Gone!.spc"",""12-Switch Sides.spc"",""13-The Fans Go Wild!.spc"",""14-And That's the Old Ball Game!.spc"",""15-Scores and Highlights.spc"",""16-Team Performance.spc"",""17-A Short Rest.spc"",""18-The Season Concluded.spc"",""19-World Champions!.spc"",""20-Victory Portrait.spc""]}]"	0	0	21	0	[]	0	0
bsj.rsn	bsj.rsn	Barkley Shut Up and Jam!	7	"[{""value"":""Barkley: Shut Up and Jam!"",""type"":""str"",""trackCount"":7,""memberPaths"":[""00-Title Screen.spc"",""01-Jammin' Tune No. 1.spc"",""02-Jammin' Tune No. 2.spc"",""03-Jammin' Tune No. 3.spc"",""04-Jammin' Tune No. 4.spc"",""05-Current Status.spc"",""06-Staff Roll.spc""]}]"	0	0	7	0	[]	0	0
bsmr.rsn	bsmr.rsn	bishoujo senshi sailor moon r (JP)	114	"[{""value"":""Bishoujo Senshi Sailormoon R"",""type"":""str"",""trackCount"":114,""memberPaths"":[""00-Prologue.spc"",""01-Moonlight Densetsu.spc"",""02-Player Select.spc"",""03-Sailor Senshi! Make Up!! (ver. 2).spc"",""04-Sailor Senshi! Make Up!! (ver. 2) (reprise).spc"",""05-Eyecatch.spc"",""06-Eyecatch (Tuxedo Mask).spc"",""07-Eyecatch (reprise).spc"",""08-T.A. Jogakuin Bunka Matsuri.spc"",""09-Christmas no Juuban Shoutenga.spc"",""10-Midori no Esmerald.spc"",""11-Fantasy Attraction.spc"",""12-Jungle Craze.spc"",""13-Aoi no Safiru.spc"",""14-Crystal Tokyo.spc"",""15-Crystal Palace.spc"",""16-Kurenai no Rubeus.spc"",""17-Wakusei Nemesis.spc"",""18-Jakuro Suishou Hannouro.spc"",""19-Prince Demando.spc"",""20-Ending Theme.spc"",""21-Seisekihyou.spc"",""22-Game Over.spc"",""SFX/00-Hit 1.spc"",""SFX/01-Hit 2.spc"",""SFX/02-Hit 3.spc"",""SFX/03-Hit 4.spc"",""SFX/04-Hit 5.spc"",""SFX/05-Hit 6.spc"",""SFX/06-Swipe 1.spc"",""SFX/07-Swipe 2.spc"",""SFX/08-Swipe 3.spc"",""SFX/09-Hit Ground.spc"",""SFX/10-Whip 1.spc"",""SFX/11-Fire.spc"",""SFX/12-Thunder.spc"",""SFX/13-Crystal.spc"",""SFX/14-Water.spc"",""SFX/15-Combo Hit.spc"",""SFX/16-Hit 7.spc"",""SFX/17-Item Pickup.spc"",""SFX/18-Beam.spc"",""SFX/19-Swoosh.spc"",""SFX/20-Beam 2.spc"",""SFX/21-Beam 3.spc"",""SFX/22-Whip 2.spc"",""SFX/23-Splash.spc"",""SFX/24-Bubble.spc"",""SFX/25-Item Pickup 2.spc"",""SFX/26-Hit 8.spc"",""SFX/27-Item Pickup 3.spc"",""SFX/28-Item Pickup 4.spc"",""SFX/29-Menu Select.spc"",""SFX/30-Go Ahead.spc"",""SFX/31-Cancel.spc"",""SFX/32-Item Pickup 5.spc"",""SFX/33-Beam 4.spc"",""SFX/34-Swoosh 2.spc"",""SFX/35-Score Calculation.spc"",""VFX/00-Sailormoon Taunt.spc"",""VFX/01-Sailormoon Moon Crystal Power! Make Up!.spc"",""VFX/02-Sailormoon Introduction.spc"",""VFX/03-Sailormoon Moon Tiara Action.spc"",""VFX/04-Sailormoon Moon Princess Halation.spc"",""VFX/05-Sailormoon Hurt.spc"",""VFX/06-Sailormoon Attack.spc"",""VFX/07-Sailormoon Life Lost.spc"",""VFX/08-Sailormoon Victory.spc"",""VFX/09-Sailormercury Taunt.spc"",""VFX/10-Sailormercury Mercury Star Power! Make Up!.spc"",""VFX/11-Sailormercury Introduction.spc"",""VFX/12-Sailormercury Shabão Spray Freezing.spc"",""VFX/13-Sailormercury Shine Aqua Illusion.spc"",""VFX/14-Sailormercury Hurt.spc"",""VFX/15-Sailormercury Attack.spc"",""VFX/16-Sailormercury Life Lost.spc"",""VFX/17-Sailormercury Victory.spc"",""VFX/18-Sailormars Taunt.spc"",""VFX/19-Sailormars Mars Star Power! Make Up!.spc"",""VFX/20-Sailormars Introduction.spc"",""VFX/21-Sailormars Fire Soul Bird.spc"",""VFX/22-Sailormars Burning Mandala.spc"",""VFX/23-Sailormars Hurt.spc"",""VFX/24-Sailormars Attack.spc"",""VFX/25-Sailormars Life Lost.spc"",""VFX/26-Sailormars Victory.spc"",""VFX/27-Sailorvenus Taunt.spc"",""VFX/28-Sailorvenus Venus Star Power! Make Up!.spc"",""VFX/29-Sailorvenus Introduction.spc"",""VFX/30-Sailorvenus Rolling Heart Vibration.spc"",""VFX/31-Sailorvenus Crescent Beam Shower.spc"",""VFX/32-Sailorvenus Hurt.spc"",""VFX/33-Sailorvenus Attack.spc"",""VFX/34-Sailorvenus Life Lost.spc"",""VFX/35-Sailorvenus Victory.spc"",""VFX/36-Sailorjupiter Taunt.spc"",""VFX/37-Sailorjupiter Jupiter Star Power! Make Up!.spc"",""VFX/38-Sailorjupiter Introduction.spc"",""VFX/39-Sailorjupiter Supreme Thunder Dragon.spc"",""VFX/40-Sailorjupiter Sparkling Wide Pressure.spc"",""VFX/41-Sailorjupiter Hurt.spc"",""VFX/42-Sailorjupiter Attack.spc"",""VFX/43-Sailorjupiter Life Lost.spc"",""VFX/44-Sailorjupiter Victory.spc"",""VFX/45-Chibiusa Taunt.spc"",""VFX/46-Chibiusa Introduction.spc"",""VFX/47-Chibiusa Comet Shower.spc"",""VFX/48-Chibiusa Luna-P Attack.spc"",""VFX/49-Chibiusa Hurt.spc"",""VFX/50-Chibiusa Attack.spc"",""VFX/51-Chibiusa Life Lost.spc"",""VFX/52-Chibiusa Victory.spc"",""VFX/53-Chibiusa Luna-P Henge.spc"",""VFX/54-Sailor Team Sailor Moon R!.spc""]}]"	0	0	114	0	"[{""value"":""Bishoujo Senshi Sailormoon R"",""type"":""str"",""trackCount"":113,""memberPaths"":[""00-Prologue.spc"",""01-Moonlight Densetsu.spc"",""02-Player Select.spc"",""03-Sailor Senshi! Make Up!! (ver. 2).spc"",""04-Sailor Senshi! Make Up!! (ver. 2) (reprise).spc"",""05-Eyecatch.spc"",""06-Eyecatch (Tuxedo Mask).spc"",""07-Eyecatch (reprise).spc"",""08-T.A. Jogakuin Bunka Matsuri.spc"",""09-Christmas no Juuban Shoutenga.spc"",""10-Midori no Esmerald.spc"",""11-Fantasy Attraction.spc"",""12-Jungle Craze.spc"",""13-Aoi no Safiru.spc"",""14-Crystal Tokyo.spc"",""15-Crystal Palace.spc"",""16-Kurenai no Rubeus.spc"",""17-Wakusei Nemesis.spc"",""18-Jakuro Suishou Hannouro.spc"",""19-Prince Demando.spc"",""20-Ending Theme.spc"",""21-Seisekihyou.spc"",""22-Game Over.spc"",""SFX/00-Hit 1.spc"",""SFX/01-Hit 2.spc"",""SFX/02-Hit 3.spc"",""SFX/03-Hit 4.spc"",""SFX/04-Hit 5.spc"",""SFX/05-Hit 6.spc"",""SFX/06-Swipe 1.spc"",""SFX/07-Swipe 2.spc"",""SFX/08-Swipe 3.spc"",""SFX/09-Hit Ground.spc"",""SFX/10-Whip 1.spc"",""SFX/11-Fire.spc"",""SFX/12-Thunder.spc"",""SFX/13-Crystal.spc"",""SFX/14-Water.spc"",""SFX/15-Combo Hit.spc"",""SFX/16-Hit 7.spc"",""SFX/17-Item Pickup.spc"",""SFX/18-Beam.spc"",""SFX/19-Swoosh.spc"",""SFX/20-Beam 2.spc"",""SFX/21-Beam 3.spc"",""SFX/22-Whip 2.spc"",""SFX/23-Splash.spc"",""SFX/24-Bubble.spc"",""SFX/25-Item Pickup 2.spc"",""SFX/26-Hit 8.spc"",""SFX/27-Item Pickup 3.spc"",""SFX/28-Item Pickup 4.spc"",""SFX/29-Menu Select.spc"",""SFX/30-Go Ahead.spc"",""SFX/31-Cancel.spc"",""SFX/32-Item Pickup 5.spc"",""SFX/33-Beam 4.spc"",""SFX/34-Swoosh 2.spc"",""SFX/35-Score Calculation.spc"",""VFX/00-Sailormoon Taunt.spc"",""VFX/01-Sailormoon Moon Crystal Power! Make Up!.spc"",""VFX/02-Sailormoon Introduction.spc"",""VFX/03-Sailormoon Moon Tiara Action.spc"",""VFX/04-Sailormoon Moon Princess Halation.spc"",""VFX/05-Sailormoon Hurt.spc"",""VFX/06-Sailormoon Attack.spc"",""VFX/07-Sailormoon Life Lost.spc"",""VFX/08-Sailormoon Victory.spc"",""VFX/09-Sailormercury Taunt.spc"",""VFX/10-Sailormercury Mercury Star Power! Make Up!.spc"",""VFX/11-Sailormercury Introduction.spc"",""VFX/12-Sailormercury Shabão Spray Freezing.spc"",""VFX/13-Sailormercury Shine Aqua Illusion.spc"",""VFX/14-Sailormercury Hurt.spc"",""VFX/15-Sailormercury Attack.spc"",""VFX/16-Sailormercury Life Lost.spc"",""VFX/17-Sailormercury Victory.spc"",""VFX/18-Sailormars Taunt.spc"",""VFX/19-Sailormars Mars Star Power! Make Up!.spc"",""VFX/20-Sailormars Introduction.spc"",""VFX/21-Sailormars Fire Soul Bird.spc"",""VFX/22-Sailormars Burning Mandala.spc"",""VFX/23-Sailormars Hurt.spc"",""VFX/24-Sailormars Attack.spc"",""VFX/25-Sailormars Life Lost.spc"",""VFX/26-Sailormars Victory.spc"",""VFX/27-Sailorvenus Taunt.spc"",""VFX/29-Sailorvenus Introduction.spc"",""VFX/30-Sailorvenus Rolling Heart Vibration.spc"",""VFX/31-Sailorvenus Crescent Beam Shower.spc"",""VFX/32-Sailorvenus Hurt.spc"",""VFX/33-Sailorvenus Attack.spc"",""VFX/34-Sailorvenus Life Lost.spc"",""VFX/35-Sailorvenus Victory.spc"",""VFX/36-Sailorjupiter Taunt.spc"",""VFX/37-Sailorjupiter Jupiter Star Power! Make Up!.spc"",""VFX/38-Sailorjupiter Introduction.spc"",""VFX/39-Sailorjupiter Supreme Thunder Dragon.spc"",""VFX/40-Sailorjupiter Sparkling Wide Pressure.spc"",""VFX/41-Sailorjupiter Hurt.spc"",""VFX/42-Sailorjupiter Attack.spc"",""VFX/43-Sailorjupiter Life Lost.spc"",""VFX/44-Sailorjupiter Victory.spc"",""VFX/45-Chibiusa Taunt.spc"",""VFX/46-Chibiusa Introduction.spc"",""VFX/47-Chibiusa Comet Shower.spc"",""VFX/48-Chibiusa Luna-P Attack.spc"",""VFX/49-Chibiusa Hurt.spc"",""VFX/50-Chibiusa Attack.spc"",""VFX/51-Chibiusa Life Lost.spc"",""VFX/52-Chibiusa Victory.spc"",""VFX/53-Chibiusa Luna-P Henge.spc"",""VFX/54-Sailor Team Sailor Moon R!.spc""]}]"	113	0
bssm.rsn	bssm.rsn	bishoujo senshi sailor moon (JP)	90	"[{""value"":""Bishoujo Senshi Sailormoon"",""type"":""str"",""trackCount"":90,""memberPaths"":[""00-Moonlight Densetsu.spc"",""01-Wangan Kousoku.spc"",""02-Pretty Soldiers.spc"",""03-Sailor Senshi! Make Up!.spc"",""04-Pretty Soldiers (Reprise).spc"",""05-Juuban Shoutengai.spc"",""06-Jikuu Ijigen.spc"",""07-Dream Land.spc"",""08-Okashi no Ie.spc"",""09-Himitsu Kouba.spc"",""10-Silver Millenium.spc"",""11-Hokkyokuken D Point.spc"",""12-Dark Kingdom.spc"",""13-Stage Boss.spc"",""14-Endymion.spc"",""15-Queen Beryl.spc"",""16-Kyodai Queen Beryl.spc"",""17-Queen Serenity.spc"",""18-Tuxedo Mask.spc"",""SFX/00-Hit 1.spc"",""SFX/01-Hit 2.spc"",""SFX/02-Hit 3.spc"",""SFX/03-Hit 4.spc"",""SFX/04-Hit 5.spc"",""SFX/05-Hit 6.spc"",""SFX/06-Swipe.spc"",""SFX/07-Swipe 2.spc"",""SFX/08-Swipe 3.spc"",""SFX/09-Hit Ground.spc"",""SFX/10-Whip.spc"",""SFX/11-Whip 2.spc"",""SFX/12-Break.spc"",""SFX/13-Break 2.spc"",""SFX/14-Swipe 4.spc"",""SFX/15-Land.spc"",""SFX/16-Power Up.spc"",""SFX/17-Spray.spc"",""SFX/18-Fly.spc"",""SFX/19-Fire.spc"",""SFX/20-Fire 2.spc"",""SFX/21-Thunder.spc"",""SFX/22-Rumble.spc"",""SFX/23-Car Honk.spc"",""SFX/24-Siren.spc"",""SFX/25-Siren 2.spc"",""SFX/26-Go On.spc"",""SFX/27-Power Up 2.spc"",""SFX/28-Number Calculation.spc"",""SFX/29-Power Up 3.spc"",""SFX/30-Cancel.spc"",""SFX/31-Power Up 4.spc"",""VFX/00-Sailormoon Tsukini Kawatte! Oshiokyo!.spc"",""VFX/01-Sailormoon Moon Prism Power Make Up!.spc"",""VFX/02-Sailormoon Moon Tiara Action.spc"",""VFX/03-Sailormoon Moon Healing Escalation!.spc"",""VFX/04-Sailormoon Crying.spc"",""VFX/05-Sailormoon Yelling.spc"",""VFX/06-Sailormoon Hurt.spc"",""VFX/07-Sailormoon Victory.spc"",""VFX/08-Sailormoon Nakayoshi!.spc"",""VFX/09-Chibiusa Mata ne.spc"",""VFX/10-Sailormercury Mercuy Power Make Up!.spc"",""VFX/11-Sailormercury Shabão Spray.spc"",""VFX/12-Sailormercury Attack.spc"",""VFX/13-Sailormercury Hidoi.spc"",""VFX/14-Sailormercury Ya.spc"",""VFX/15-Sailormercury Hurt.spc"",""VFX/16-Sailormercury Gomen.spc"",""VFX/17-Sailormars Mars Power Make Up!.spc"",""VFX/18-Sailormars Fire Soul.spc"",""VFX/19-Sailormars Akuryu Taisan.spc"",""VFX/20-Sailormars Yada.spc"",""VFX/21-Sailormars Yelling.spc"",""VFX/22-Sailormars Hurt.spc"",""VFX/23-Sailormars Victory.spc"",""VFX/24-Sailorjupiter Jupiter Power Make Up!.spc"",""VFX/25-Sailorjupiter Supreme Tunder.spc"",""VFX/26-Sailorjupiter Flower Hurricane.spc"",""VFX/27-Sailorjupiter Panting.spc"",""VFX/28-Sailorjupiter Yelling.spc"",""VFX/29-Sailorjupiter Hurt.spc"",""VFX/30-Sailorjupiter OK.spc"",""VFX/31-Sailorvenus Venus Power Make Up!.spc"",""VFX/32-Sailorvenus Crescent Beam.spc"",""VFX/33-Sailorvenus Ha.spc"",""VFX/34-Sailorvenus Groan.spc"",""VFX/35-Sailorvenus Attack.spc"",""VFX/36-Sailorvernus Yada.spc"",""VFX/37-Sailorvenus Victory.spc"",""VFX/38-Sailor Team Sailormoon!.spc""]}]"	0	0	90	0	"[{""value"":""Bishoujo Senshi Sailormoon"",""type"":""str"",""trackCount"":90,""memberPaths"":[""00-Moonlight Densetsu.spc"",""01-Wangan Kousoku.spc"",""02-Pretty Soldiers.spc"",""03-Sailor Senshi! Make Up!.spc"",""04-Pretty Soldiers (Reprise).spc"",""05-Juuban Shoutengai.spc"",""06-Jikuu Ijigen.spc"",""07-Dream Land.spc"",""08-Okashi no Ie.spc"",""09-Himitsu Kouba.spc"",""10-Silver Millenium.spc"",""11-Hokkyokuken D Point.spc"",""12-Dark Kingdom.spc"",""13-Stage Boss.spc"",""14-Endymion.spc"",""15-Queen Beryl.spc"",""16-Kyodai Queen Beryl.spc"",""17-Queen Serenity.spc"",""18-Tuxedo Mask.spc"",""SFX/00-Hit 1.spc"",""SFX/01-Hit 2.spc"",""SFX/02-Hit 3.spc"",""SFX/03-Hit 4.spc"",""SFX/04-Hit 5.spc"",""SFX/05-Hit 6.spc"",""SFX/06-Swipe.spc"",""SFX/07-Swipe 2.spc"",""SFX/08-Swipe 3.spc"",""SFX/09-Hit Ground.spc"",""SFX/10-Whip.spc"",""SFX/11-Whip 2.spc"",""SFX/12-Break.spc"",""SFX/13-Break 2.spc"",""SFX/14-Swipe 4.spc"",""SFX/15-Land.spc"",""SFX/16-Power Up.spc"",""SFX/17-Spray.spc"",""SFX/18-Fly.spc"",""SFX/19-Fire.spc"",""SFX/20-Fire 2.spc"",""SFX/21-Thunder.spc"",""SFX/22-Rumble.spc"",""SFX/23-Car Honk.spc"",""SFX/24-Siren.spc"",""SFX/25-Siren 2.spc"",""SFX/26-Go On.spc"",""SFX/27-Power Up 2.spc"",""SFX/28-Number Calculation.spc"",""SFX/29-Power Up 3.spc"",""SFX/30-Cancel.spc"",""SFX/31-Power Up 4.spc"",""VFX/00-Sailormoon Tsukini Kawatte! Oshiokyo!.spc"",""VFX/01-Sailormoon Moon Prism Power Make Up!.spc"",""VFX/02-Sailormoon Moon Tiara Action.spc"",""VFX/03-Sailormoon Moon Healing Escalation!.spc"",""VFX/04-Sailormoon Crying.spc"",""VFX/05-Sailormoon Yelling.spc"",""VFX/06-Sailormoon Hurt.spc"",""VFX/07-Sailormoon Victory.spc"",""VFX/08-Sailormoon Nakayoshi!.spc"",""VFX/09-Chibiusa Mata ne.spc"",""VFX/10-Sailormercury Mercuy Power Make Up!.spc"",""VFX/11-Sailormercury Shabão Spray.spc"",""VFX/12-Sailormercury Attack.spc"",""VFX/13-Sailormercury Hidoi.spc"",""VFX/14-Sailormercury Ya.spc"",""VFX/15-Sailormercury Hurt.spc"",""VFX/16-Sailormercury Gomen.spc"",""VFX/17-Sailormars Mars Power Make Up!.spc"",""VFX/18-Sailormars Fire Soul.spc"",""VFX/19-Sailormars Akuryu Taisan.spc"",""VFX/20-Sailormars Yada.spc"",""VFX/21-Sailormars Yelling.spc"",""VFX/22-Sailormars Hurt.spc"",""VFX/23-Sailormars Victory.spc"",""VFX/24-Sailorjupiter Jupiter Power Make Up!.spc"",""VFX/25-Sailorjupiter Supreme Tunder.spc"",""VFX/26-Sailorjupiter Flower Hurricane.spc"",""VFX/27-Sailorjupiter Panting.spc"",""VFX/28-Sailorjupiter Yelling.spc"",""VFX/29-Sailorjupiter Hurt.spc"",""VFX/30-Sailorjupiter OK.spc"",""VFX/31-Sailorvenus Venus Power Make Up!.spc"",""VFX/32-Sailorvenus Crescent Beam.spc"",""VFX/33-Sailorvenus Ha.spc"",""VFX/34-Sailorvenus Groan.spc"",""VFX/35-Sailorvenus Attack.spc"",""VFX/36-Sailorvernus Yada.spc"",""VFX/37-Sailorvenus Victory.spc"",""VFX/38-Sailor Team Sailormoon!.spc""]}]"	90	0
btdd.rsn	btdd.rsn	Battletoads-Double Dragon	11	"[{""value"":""Battletoads & Double Dragon"",""type"":""str"",""trackCount"":11,""memberPaths"":[""00-Main Theme.spc"",""01-Introduction.spc"",""02-Abobo.spc"",""03-Big Blag.spc"",""04-Roper.spc"",""05-Rat Ship.spc"",""06-Robo Manus.spc"",""07-Shadow Boss.spc"",""08-The Dark Queen.spc"",""09-Victory.spc"",""10-Continue.spc""]}]"	0	0	11	0	[]	0	0
btfh.rsn	btfh.rsn	Battle Tycoon - Flash Hiders SFX	21	"[{""value"":""Battle Tycoon"",""type"":""str"",""trackCount"":21,""memberPaths"":[""00-Flash Hiders.spc"",""01-Menu.spc"",""02-Player Select.spc"",""03-Bang.spc"",""04-Tiria.spc"",""05-Ottoh.spc"",""06-Harman.spc"",""07-Spenoza.spc"",""08-Calnarsa.spc"",""09-Seena.spc"",""10-Guston.spc"",""11-Pachet.spc"",""12-Jail Lance.spc"",""13-Vs. Com.spc"",""14-Map.spc"",""15-Dark Colosseum.spc"",""16-Battle Tycoon ~ Arena.spc"",""17-Battle Tycoon ~ Main Stage.spc"",""18-Continue.spc"",""19-Congratulations.spc"",""20-Unused.spc""]}]"	0	0	21	0	[]	0	0
btmb.rsn	btmb.rsn	Gekitotsu Dangan Jidousha Kessen - Battle Mobile (JP)	9	"[{""value"":""Battle Mobile"",""type"":""str"",""trackCount"":9,""memberPaths"":[""00-Opening.spc"",""01-Stage 1.spc"",""02-Boss Battle.spc"",""03-Stage 2.spc"",""04-Stage 3.spc"",""05-Stage 4.spc"",""06-Stage 5.spc"",""07-Final Boss.spc"",""08-Staff Roll.spc""]}]"	0	0	9	0	[]	0	0
btrex.rsn	btrex.rsn	Baby T-Rex (US)	3	"[{""value"":""Baby T-Rex"",""type"":""str"",""trackCount"":3,""memberPaths"":[""00-Title.spc"",""01-Dated Slang Rap.spc"",""02-Volcano.spc""]}]"	0	0	3	0	[]	0	0
btsc.rsn	btsc.rsn	Battle Soccer - Field no Hasha (JP)	16	"[{""value"":""Battle Soccer"",""type"":""str"",""trackCount"":16,""memberPaths"":[""00-Banpresto.spc"",""01-Opening.spc"",""02-Title.spc"",""03-Exhibition.spc"",""04-Tournament.spc"",""05-Normal World.spc"",""06-Sand World.spc"",""07-Metal World.spc"",""08-Dark World.spc"",""09-Last Fight.spc"",""10-Win.spc"",""11-Congratulations.spc"",""12-Ending.spc"",""13-Game Over.spc"",""14-Goal.spc"",""15-Last Fight!.spc""]}]"	0	0	16	0	[]	0	0
bug.rsn	bug.rsn	A Bug's Life (Super Gameboy)	6	"[{""value"":""A Bug's Life"",""type"":""str"",""trackCount"":6,""memberPaths"":[""00-Main Theme.spc"",""01-Level Theme 1.spc"",""02-Level Theme 2.spc"",""03-Fight Hopper.spc"",""04-Bonus Level.spc"",""05-It's Tough to Be a Bug.spc""]}]"	0	0	6	0	[]	0	0
burai.rsn	burai.rsn	Burai - Hachigyoku no Yuushi Densetsu	23	"[{""value"":""Burai"",""type"":""str"",""trackCount"":23,""memberPaths"":[""00-Dahl's Revival 1.spc"",""01-Dahl's Revival 2.spc"",""02-Critical Situation.spc"",""03-Burai Theme.spc"",""04-The Plot Brothers' Theme.spc"",""05-Time For a Rest.spc"",""06-Peace.spc"",""07-Battle Theme.spc"",""08-The End.spc"",""09-Rival's Entry.spc"",""10-Battle Ended.spc"",""11-Warrior's Rest.spc"",""12-Sakyo's Theme.spc"",""13-Alex's Theme.spc"",""14-Kook's Theme.spc"",""15-Lilian's Theme.spc"",""16-Hayate's Theme.spc"",""17-A New Hope.spc"",""18-Romar's Theme.spc"",""19-The Hero's Regimentation.spc"",""20-The Seven Beast Warriors' Triumph.spc"",""21-On to Kipros' Castle.spc"",""22-Setting Off Anew.spc""]}]"	0	0	23	0	"[{""value"":""Riverhill Soft Sounds Collection Scene 3 Burai (H24X-10010)"",""type"":""str"",""trackCount"":23,""memberPaths"":[""00-Dahl's Revival 1.spc"",""01-Dahl's Revival 2.spc"",""02-Critical Situation.spc"",""03-Burai Theme.spc"",""04-The Plot Brothers' Theme.spc"",""05-Time For a Rest.spc"",""06-Peace.spc"",""07-Battle Theme.spc"",""08-The End.spc"",""09-Rival's Entry.spc"",""10-Battle Ended.spc"",""11-Warrior's Rest.spc"",""12-Sakyo's Theme.spc"",""13-Alex's Theme.spc"",""14-Kook's Theme.spc"",""15-Lilian's Theme.spc"",""16-Hayate's Theme.spc"",""17-A New Hope.spc"",""18-Romar's Theme.spc"",""19-The Hero's Regimentation.spc"",""20-The Seven Beast Warriors' Triumph.spc"",""21-On to Kipros' Castle.spc"",""22-Setting Off Anew.spc""]}]"	0	23
burn.rsn	burn.rsn	burn in test cartridge (US)	42	"[{""value"":""SNES Burn-in Test Cart"",""type"":""str"",""trackCount"":42,""memberPaths"":[""00-Sound Module Test 1.spc"",""01-Sound Module Test 2.spc"",""02-Sound Module Test 3.spc"",""03-Sound Module Test 4.spc"",""04-Sound Module Test 5.spc"",""05-Sound Module Test 6.spc"",""06-Sound Module Test Complete.spc"",""07-Sound Module Test Fail.spc"",""08-Super Scope Adjust Aim.spc"",""09-Super Scope Test Fire.spc"",""10-Super Scope Test Proceed.spc"",""11-Super Scope Test Fail.spc"",""12-Mouse Test Pass.spc"",""13-Unused Song 1.spc"",""14-Unused Song 2.spc"",""15-Unused Sound 1.spc"",""16-Unused Sound 2.spc"",""17-Unused Sound 3.spc"",""18-Unused Sound 4.spc"",""19-Unused Sound 5.spc"",""20-Unused Sound 6.spc"",""21-Unused Sound 7.spc"",""22-Unused Sound 8.spc"",""23-Unused Sound 9.spc"",""24-Unused Sound 10.spc"",""25-Unused Sound 11.spc"",""26-Unused Sound 12.spc"",""27-Unused Sound 13.spc"",""28-Unused Jingle 1.spc"",""29-Unused Jingle 2.spc"",""30-Unused Jingle 3.spc"",""31-Unused Jingle 4.spc"",""32-Unused Jingle 5.spc"",""33-Unused Jingle 6.spc"",""34-Unused Jingle 7.spc"",""35-Unused Jingle 8.spc"",""36-Unused Jingle 9.spc"",""37-Unused Jingle 10.spc"",""38-Controller Button Press.spc"",""39-Controller Test Pass.spc"",""40-Controller Test Fail.spc"",""41-Me-a-hem-nei.spc""]}]"	0	0	42	0	[]	0	0
bust.rsn	bust.rsn	BS Buster's Digital Magazine	8	"[{""value"":""BS Busters Digital Magazine"",""type"":""str"",""trackCount"":8,""memberPaths"":[""00-Magazine Viewing.spc"",""01-Unused Jingle 1.spc"",""02-Unused Jingle 2.spc"",""03-Unused Jingle 3.spc"",""04-Unused Jingle 4.spc"",""05-Unused Jingle 5.spc"",""06-Select Article.spc"",""07-Return to Main Page.spc""]}]"	0	0	8	0	[]	0	0
bva.rsn	bva.rsn	Barbie - Vacation Adventure (US)	9	"[{""value"":""Barbie Vacation Adventure"",""type"":""str"",""trackCount"":9,""memberPaths"":[""00-Title.spc"",""01-Map.spc"",""02-California.spc"",""03-Florida.spc"",""04-Iowa.spc"",""05-Texas.spc"",""06-Wyoming.spc"",""07-Scuba Diving.spc"",""08-A Car for Barbie.spc""]}]"	0	0	9	0	[]	0	0
bvb.rsn	bvb.rsn	Bulls vs Blazers and the NBA Playoffs	10	"[{""value"":""Bulls vs. Blazers"",""type"":""str"",""trackCount"":10,""memberPaths"":[""00-Title Screen.spc"",""01-Current Game Status.spc"",""02-NBA Playoff Standings.spc"",""03-NBA World Champions!.spc"",""04-EA Sports Logo.spc"",""05-Basketball 1.spc"",""06-Basketball 2.spc"",""07-Hoop.spc"",""08-Crowd Murmur.spc"",""09-Cheering.spc""]}]"	0	0	10	0	[]	0	0
bwtc.rsn	bwtc.rsn	Brunswick World Tournament of Champions	6	"[{""value"":[""Brunswick World Tournament of Ch"",""Brunswick World Tournament of Champions""],""type"":""list"",""trackCount"":6,""memberPaths"":[""00-Title Screen.spc"",""01-Main Menu.spc"",""02-Alternative Main Menu.spc"",""03-Playing a Game.spc"",""04-Champion!.spc"",""05-Unknown Song.spc""]}]"	0	0	6	0	[]	0	0
cagj.rsn	cagj.rsn	Cute Angela - Great Journey	22	"[{""value"":""Cute Angela: Great Journey"",""type"":""str"",""trackCount"":22,""memberPaths"":[""00-Title Screen.spc"",""01-Main Menu.spc"",""02-Storyline.spc"",""03-Embarrassing Thoughts.spc"",""04-Epic Theme.spc"",""05-Present Day ~ 4 Days Later.spc"",""06-Mission Briefing.spc"",""07-Stage Start.spc"",""08-Outer Space.spc"",""09-Ship Damaged.spc"",""10-Incoming Enemy.spc"",""11-Falling to Earth.spc"",""12-Random Castle.spc"",""13-Parachuting to Safety.spc"",""14-Stage Clear.spc"",""15-Castle.spc"",""16-Game Over.spc"",""17-Secret Number Game.spc"",""18-Message from the Creator.spc"",""19-Unused Song 1.spc"",""20-Unused Song 2.spc"",""21-Unused Song 3.spc""]}]"	0	0	22	0	[]	0	0
card.rsn	card.rsn	Cardmaster (Arcana)	35	"[{""value"":""Cardmaster"",""type"":""str"",""trackCount"":35,""memberPaths"":[""00-Grass Flute.spc"",""01-HAL Logo.spc"",""02-Our Story's Name.spc"",""03-Prologue to the Tale.spc"",""04-A New Chapter.spc"",""05-Rooks ~ The Card Master.spc"",""06-Crowded Marketplace.spc"",""07-Alchemist's Workshop.spc"",""08-Weapon Shop.spc"",""09-Magician's Tent.spc"",""10-Resting.spc"",""11-The Legend.spc"",""12-Reinoll ~ Generous Hermit.spc"",""13-Death of a Loved One.spc"",""14-Cristal Sword.spc"",""15-Got Item.spc"",""16-Trusted Circle.spc"",""17-Journey.spc"",""18-Trickery.spc"",""19-Conflict.spc"",""20-Fanfare.spc"",""21-Ariel ~ Soldier of Betrayal.spc"",""22-Fanatical Warlock Galneon.spc"",""23-Shrine for the Worship of Chaos.spc"",""24-Draven's Valley Pass.spc"",""25-Silent Forest of Doubt.spc"",""26-Darwin ~ Treasure Hunter.spc"",""27-Cavern of Ice.spc"",""28-Decisive Battle.spc"",""29-Dark Castle Bintel.spc"",""30-The Goddess.spc"",""31-Birth of a Hero.spc"",""32-Second Armageddon.spc"",""33-Two Beautiful Princesses.spc"",""34-The Symphony of Elemen.spc""]}]"	0	0	35	0	[]	0	0
cas.rsn	cas.rsn	Casper (Japanese Version)	15	"[{""value"":""Casper (Japanese)"",""type"":""str"",""trackCount"":15,""memberPaths"":[""00-Title.spc"",""01-Select.spc"",""02-Opening.spc"",""03-First Floor.spc"",""04-Second Floor.spc"",""05-Carrigan Crittenden.spc"",""06-Third Floor.spc"",""07-Ghostly Trio.spc"",""08-Fourth Floor.spc"",""09-Underground Floor.spc"",""10-Ghost of Dr. Harvey.spc"",""11-Lazarus.spc"",""12-Fifth Floor.spc"",""13-Ending.spc"",""14-Unknown Song.spc""]}]"	0	0	15	0	[]	0	0
casp.rsn	casp.rsn	Casper (US)	9	"[{""value"":""Casper (American)"",""type"":""str"",""trackCount"":9,""memberPaths"":[""00-Absolute Entertainment Logo.spc"",""01-Opening.spc"",""02-Title Screen.spc"",""03-Main Menu.spc"",""04-Mansion.spc"",""05-Battle with Casper's Uncles.spc"",""06-Battle with Carrigan.spc"",""07-Ending.spc"",""08-Unknown Jingle.spc""]}]"	0	0	9	0	[]	0	0
cb.rsn	cb.rsn	Crystal Beans - From Dungeon Explorer	26	"[{""value"":""Crystal Beans"",""type"":""str"",""trackCount"":26,""memberPaths"":[""00-Main Theme.spc"",""01-Introduction.spc"",""02-Royal Castle.spc"",""03-The Mystical Crystal Bean.spc"",""04-Peaceful Town.spc"",""05-Dangerous Dungeon.spc"",""06-Boss Battle.spc"",""07-Valley Pass.spc"",""08-Cursed Forest.spc"",""09-Boss Battle 2.spc"",""10-A Skullish Maze.spc"",""11-Sewer Temple.spc"",""12-Guardian of the Land.spc"",""13-Cursed Tree.spc"",""14-Knowledge Temple.spc"",""15-Deeper into the Temple.spc"",""16-Inner Sanctum.spc"",""17-Floating Tower.spc"",""18-Overrun with Darkness.spc"",""19-Deady Mountains.spc"",""20-Demon Battle.spc"",""21-Onward, to the Castle in the Sky!.spc"",""22-The Final Battle.spc"",""23-Ending.spc"",""24-Staff Roll.spc"",""25-Game Over.spc""]}]"	0	0	26	0	[]	0	0
cctcf.rsn	cctcf.rsn	Chester Cheetah - Too Cool to Fool	12	"[{""value"":[""Chester Cheetah: Too Cool to Foo"",""Chester Cheetah: Too Cool to Fool""],""type"":""list"",""trackCount"":12,""memberPaths"":[""00-Chester Cheetah Fanfare.spc"",""01-Four Corners Zoo.spc"",""02-Rock Out to Invincible Beats!.spc"",""03-To the Exit!.spc"",""04-Righteous Victory!.spc"",""05-Monkey Pit.spc"",""06-Gator Alley.spc"",""07-Hidden Caves.spc"",""08-Bird Houses.spc"",""09-The Cool Adventure's End.spc"",""10-Like, Squaresville, Man.spc"",""11-Totally Mysterious.spc""]}]"	0	0	12	0	[]	0	0
ccup.rsn	ccup.rsn	Cannondale Cup (US)	22	"[{""value"":""Cannondale Cup"",""type"":""str"",""trackCount"":22,""memberPaths"":[""00-Title Screen.spc"",""01-Enter Name.spc"",""02-Tour De Grunge.spc"",""03-Cajun Challenge.spc"",""04-Killermanjero.spc"",""05-Grid Rock.spc"",""06-La Brea.spc"",""07-Purgatory.spc"",""08-Chappaquiddick.spc"",""09-Coliseum Cross.spc"",""10-Results.spc"",""11-You Are Not the Champion.spc"",""12-You Are the Champion!.spc"",""13-Unused Song.spc"",""14-Selected Mystery.spc"",""15-Selected Marc Gullickson.spc"",""16-Selected Franck Roman.spc"",""17-Selected Tinker Juarez.spc"",""18-Selected Miles Rockwell.spc"",""19-Selected Alison Sydor.spc"",""20-Selected Mountain Demon.spc"",""21-Oh.spc""]}]"	0	0	22	0	[]	0	0
ccwwq.rsn	ccwwq.rsn	Chester Cheetah - Wild Wild Quest (US)	20	"[{""value"":""Chester Cheetah Wild Wild Quest"",""type"":""str"",""trackCount"":20,""memberPaths"":[""00-Title.spc"",""01-Stage Select.spc"",""02-Euphreaka.spc"",""03-Not-So-Great Falls.spc"",""04-Lostin.spc"",""05-Un-Clear Waters.spc"",""06-Little Shock.spc"",""07-Bonus Game.spc"",""08-Omahog.spc"",""09-Numb.spc"",""10-Wall Up.spc"",""11-Quakers-Filed.spc"",""12-Boss Battle.spc"",""13-Game Over.spc"",""14-Stage Clear.spc"",""15-Stage Select (Alternate).spc"",""16-Not-So-Great Falls (Alternate).spc"",""17-Bonus Game (Alternate).spc"",""18-Boss Battle (Alternate).spc"",""19-Game Over (Alternate).spc""]}]"	0	0	20	0	[]	0	0
cd79.rsn	cd79.rsn	Kidou Senshi Gundam - Cross Dimension 0079	19	"[{""value"":[""Kidou Senshi Gundam: Cross Dimen"",""Kidou Senshi Gundam: Cross Dimension 0079""],""type"":""list"",""trackCount"":19,""memberPaths"":[""00-Cross Dimension 0079.spc"",""01-Preparation.spc"",""02-Gundam Rising!.spc"",""03-The Red Comet.spc"",""04-Level Up!!.spc"",""05-Re-Entry to Earth.spc"",""06-Garma's Fate.spc"",""07-Cruelity of War.spc"",""08-Revenge for Matilda.spc"",""09-Farewell in Side Six.spc"",""10-Lalah.spc"",""11-Battle at A Baoa Qu.spc"",""12-Escape.spc"",""13-One Year War Backstory.spc"",""14-Dragon Attack.spc"",""15-Hit and Run.spc"",""16-Game Over.spc"",""17-Last Rites.spc"",""18-Alone.spc""]}]"	0	0	19	0	[]	0	0
cgp.rsn	cgp.rsn	Cosmo Gang - The Puzzle (JP)	14	"[{""value"":""Cosmo Gang the Puzzle"",""type"":""str"",""trackCount"":14,""memberPaths"":[""00-Title Screen.spc"",""01-Main Menu.spc"",""02-In Game Music (1P Mode).spc"",""03-In Game Music (2P Mode).spc"",""04-Danger!.spc"",""05-The Winner!.spc"",""06-Puzzle Mode.spc"",""07-Stage Clear.spc"",""08-All Puzzle Mode Levels Clear!.spc"",""09-Ending.spc"",""10-Staff Roll.spc"",""11-Game Over.spc"",""12-Lucky!.spc"",""13-Ow!.spc""]}]"	0	0	14	0	[]	0	0
cgv.rsn	cgv.rsn	Cosmo Gang the Video	25	"[{""value"":""Cosmo Gang: The Video"",""type"":""str"",""trackCount"":25,""memberPaths"":[""00-Stage Start.spc"",""01-Stage Theme 1.spc"",""02-Stage Theme 1 (Segment 1).spc"",""03-Stage Theme 1 (Segment 2).spc"",""04-Stage Theme 2.spc"",""05-Stage Theme 2 (Segment 1).spc"",""06-Stage Theme 2 (Segment 2).spc"",""07-Course Clear.spc"",""08-Bonus Challenge 1.spc"",""09-Bonus Challenge 2.spc"",""10-Bonus Challenge 3.spc"",""11-Bonus Challenge 4.spc"",""12-Bonus Challenge 5.spc"",""13-Bonus Challenge 6.spc"",""14-Bonus Challenge 7.spc"",""15-Bonus Lose.spc"",""16-Bonus Win.spc"",""17-Bonus Results.spc"",""18-Low Score.spc"",""19-Mid Score.spc"",""20-High Score.spc"",""21-Area Clear Sequence.spc"",""22-Game Over.spc"",""23-Don Cosmo.spc"",""24-Ending.spc""]}]"	0	0	25	0	[]	0	0
cho.rsn	cho.rsn	Chou Aniki - Bakuretsu Rantou Hen	11	"[{""value"":""Cho Aniki"",""type"":""str"",""trackCount"":11,""memberPaths"":[""00-Title.spc"",""01-Menu.spc"",""02-Dark City Skyline.spc"",""03-Big Flower Field.spc"",""04-Victory.spc"",""05-Blue Sea of Changing Daytime.spc"",""06-Body Culture Temple.spc"",""07-Running Fantasy Train.spc"",""08-Staff Roll.spc"",""09-Continue.spc"",""10-Game Over.spc""]}]"	0	0	11	0	[]	0	0
circ.rsn	circ.rsn	Kyle Petty's No Fear Racing (US)	17	"[{""value"":""Kyle Petty's No Fear Racing"",""type"":""str"",""trackCount"":17,""memberPaths"":[""00-Intro Jingle.spc"",""01-Main Menu.spc"",""02-Custom Track.spc"",""03-Pullin 4 G's.spc"",""04-In Yer Face!.spc"",""05-Turbo Jam.spc"",""06-Eat My Dust!.spc"",""07-Speed Zone.spc"",""08-2Kool4U.spc"",""09-Hyperactive.spc"",""10-Rock Monster.spc"",""11-Redline.spc"",""12-Move & Groove.spc"",""13-Custom Track (No Fear Version).spc"",""14-Winner's Circle.spc"",""15-Kyle Petty's.spc"",""16-No Fear Racing!.spc""]}]"	0	0	17	0	[]	0	0
ck2.rsn	ck2.rsn	Cyber Knight 2	32	"[{""value"":""Cyber Knight 2"",""type"":""str"",""trackCount"":32,""memberPaths"":[""00-Theme of Cyber Knight II.spc"",""01-Destroy the Metaliform.spc"",""02-Departure to the Deep Space.spc"",""03-Flight of the Galbodage.spc"",""04-Hanger Out Jingle.spc"",""05-Cazelin.spc"",""06-Cazelin Beach.spc"",""07-Cazelin Base.spc"",""08-Capital of Cazelin.spc"",""09-Mission Targets.spc"",""10-Battle at the Temple.spc"",""11-Withdrawal Caution.spc"",""12-Poor Cities.spc"",""13-Street Slidin'.spc"",""14-Field 1.spc"",""15-Battle in Elysion.spc"",""16-Battle in Tizar.spc"",""17-Devastated City.spc"",""18-Battle in Nairanjana.spc"",""19-Concentration Camp on Vi.spc"",""20-Field 2.spc"",""21-Battle in Barbini.spc"",""22-Battle in Hyperborea.spc"",""23-Gunfire on a Big Swamp.spc"",""24-Takamagahara.spc"",""25-Battle in Takamagahara.spc"",""26-Field 3.spc"",""27-Gypsy Dance.spc"",""28-Cazelin Base.spc"",""29-Field 4.spc"",""30-The Earth.spc"",""31-Battle with Brainiac.spc""]}]"	32	0	0	0	"[{""value"":""Cyber Knight II Chikyuuteikoku no Yabou (SRCL-2966)"",""type"":""str"",""trackCount"":32,""memberPaths"":[""00-Theme of Cyber Knight II.spc"",""01-Destroy the Metaliform.spc"",""02-Departure to the Deep Space.spc"",""03-Flight of the Galbodage.spc"",""04-Hanger Out Jingle.spc"",""05-Cazelin.spc"",""06-Cazelin Beach.spc"",""07-Cazelin Base.spc"",""08-Capital of Cazelin.spc"",""09-Mission Targets.spc"",""10-Battle at the Temple.spc"",""11-Withdrawal Caution.spc"",""12-Poor Cities.spc"",""13-Street Slidin'.spc"",""14-Field 1.spc"",""15-Battle in Elysion.spc"",""16-Battle in Tizar.spc"",""17-Devastated City.spc"",""18-Battle in Nairanjana.spc"",""19-Concentration Camp on Vi.spc"",""20-Field 2.spc"",""21-Battle in Barbini.spc"",""22-Battle in Hyperborea.spc"",""23-Gunfire on a Big Swamp.spc"",""24-Takamagahara.spc"",""25-Battle in Takamagahara.spc"",""26-Field 3.spc"",""27-Gypsy Dance.spc"",""28-Cazelin Base.spc"",""29-Field 4.spc"",""30-The Earth.spc"",""31-Battle with Brainiac.spc""]}]"	0	32
cl3.rsn	cl3.rsn	choplifter iii (EU)	8	"[{""value"":""Choplifter 3"",""type"":""str"",""trackCount"":8,""memberPaths"":[""00-Title.spc"",""01-Mission Demo.spc"",""02-Sector 1.spc"",""03-Sector 2.spc"",""04-Sector 3.spc"",""05-Sector 4.spc"",""06-Continue.spc"",""07-Game Over.spc""]}]"	0	0	8	0	[]	0	0
clue.rsn	clue.rsn	Clue (US)	17	"[{""value"":""Clue"",""type"":""str"",""trackCount"":17,""memberPaths"":[""00-The Mysterious Death of Mr. Boddy.spc"",""01-Col. Mustard.spc"",""02-Prof. Plum.spc"",""03-Mr. Green.spc"",""04-Miss Peacock.spc"",""05-Miss Scarlet.spc"",""06-Mrs. White.spc"",""07-Quiet Anxiety.spc"",""08-Stately Atmosphere.spc"",""09-A Flaw in Your Theory.spc"",""10-Elementary.spc"",""11-Shock!.spc"",""12-Horror!.spc"",""13-Terror!.spc"",""14-Surprise!.spc"",""15-Disbelief!.spc"",""16-'Ugh!'.spc""]}]"	0	0	17	0	[]	0	0
cmf.rsn	cmf.rsn	Capcom's MVP Football (US)	11	"[{""value"":""Capcom's MVP Football"",""type"":""str"",""trackCount"":11,""memberPaths"":[""00-Capcom Logo.spc"",""01-Title Screen.spc"",""02-Main Menu.spc"",""03-Capcom Sports Network News.spc"",""04-Current Status.spc"",""05-Winner!.spc"",""06-Unused Song.spc"",""07-Break!.spc"",""08-18!.spc"",""09-39!.spc"",""10-Hut!.spc""]}]"	0	0	11	0	[]	0	0
cml.rsn	cml.rsn	Cameltry (On the Ball)	18	"[{""value"":""Cameltry"",""type"":""str"",""trackCount"":18,""memberPaths"":[""00-Intro.spc"",""01-Title.spc"",""02-Menu.spc"",""03-Tutorial.spc"",""04-Turn and Try.spc"",""05-Concrete Jungle.spc"",""06-Super Sonic Break.spc"",""07-Goal.spc"",""08-Lucky Chance.spc"",""09-Number Match Win.spc"",""10-Number Match Lose.spc"",""11-Visionary Castle.spc"",""12-Congratulations.spc"",""13-The Warm Up is Over.spc"",""14-Mountain Road.spc"",""15-Final Try.spc"",""16-Hurry Up.spc"",""17-Game Over.spc""]}]"	0	0	18	0	[]	0	0
cn.rsn	cn.rsn	Cybernator	15	"[{""value"":""Cybernator"",""type"":""str"",""trackCount"":15,""memberPaths"":[""00-Who's Praying for a Soldier.spc"",""01-Fully Set Up for Penetration.spc"",""02-We've Gotta Do it.spc"",""03-No Time, No Shield.spc"",""04-Mission Completed.spc"",""05-Asteroid Run.spc"",""06-Face to Face.spc"",""07-Not for Peace.spc"",""08-Living Possibility.spc"",""09-Armed Ghost.spc"",""10-Till the Crack of Doom.spc"",""11-In Despair.spc"",""12-Looking for the Infinitude.spc"",""13-Crashed Burn.spc"",""14-Staff Roll.spc""]}]"	15	0	0	0	"[{""value"":""Assault Suits Valken"",""type"":""str"",""trackCount"":15,""memberPaths"":[""00-Who's Praying for a Soldier.spc"",""01-Fully Set Up for Penetration.spc"",""02-We've Gotta Do it.spc"",""03-No Time, No Shield.spc"",""04-Mission Completed.spc"",""05-Asteroid Run.spc"",""06-Face to Face.spc"",""07-Not for Peace.spc"",""08-Living Possibility.spc"",""09-Armed Ghost.spc"",""10-Till the Crack of Doom.spc"",""11-In Despair.spc"",""12-Looking for the Infinitude.spc"",""13-Crashed Burn.spc"",""14-Staff Roll.spc""]}]"	0	15
cnkub.rsn	cnkub.rsn	Computer Nouryoku Kaiseki Ultra Baken	6	"[{""value"":[""Computer Nouryoku Kaiseki Ultra"",""Computer Nouryoku Kaiseki Ultra Baken""],""type"":""list"",""trackCount"":6,""memberPaths"":[""00-Main Theme.spc"",""01-Main Menu.spc"",""02-Racetrack Set Up.spc"",""03-Set Up Horses.spc"",""04-Race Start.spc"",""05-Money Contest Main Menu.spc""]}]"	0	0	6	0	[]	0	0
cntr3.rsn	cntr3.rsn	Contra 3	15	"[{""value"":""Contra III: The Alien Wars"",""type"":""str"",""trackCount"":15,""memberPaths"":[""00-Red Falcon's Revenge.spc"",""01-Ground Zero.spc"",""02-Point of Entry.spc"",""03-Tearing Up the Turnpike.spc"",""04-Neo Kobe Steel Factory.spc"",""05-Road Warriors.spc"",""06-Nesting in the Sands.spc"",""07-Invasion.spc"",""08-Casualty of War.spc"",""09-Mission Accomplished.spc"",""10-No Man's Land.spc"",""11-The Final Gauntlet (Part 1).spc"",""12-The Final Gauntlet (Part 2).spc"",""13-The Final Gauntlet (Part 3).spc"",""14-Cease Fire.spc""]}]"	0	0	15	0	[]	0	0
crs.rsn	crs.rsn	Crayon Shin-chan - Arashi wo yobu Enji	15	"[{""value"":[""Crayon Shin-chan: Arashi wo yobu"",""Crayon Shin-chan: Arashi wo yobu Enji""],""type"":""list"",""trackCount"":15,""memberPaths"":[""00-Title.spc"",""01-Conversation.spc"",""02-Stage 1 (Spring).spc"",""03-Mini Demo.spc"",""04-Mini Game.spc"",""05-Boss Game 1 (Card Search).spc"",""06-Stage 2 (Summer).spc"",""07-Boss Game 2 (Flag Rising).spc"",""08-Stage 3 (Autumn).spc"",""09-Boss Game 3 (Concentration).spc"",""10-Stage 4 (Winter).spc"",""11-Game Over.spc"",""12-Area Clear.spc"",""13-Boss Game 4 (Slide Puzzle).spc"",""14-Ending.spc""]}]"	0	0	15	0	[]	0	0
crsnd.rsn	crsnd.rsn	Crayon Shin-chan - Nagagutsu Dobon!!	24	"[{""value"":[""Crayon Shin-chan: Nagagutsu Dobo"",""Crayon Shin-chan: Nagagutsu Dobon!!""],""type"":""list"",""trackCount"":24,""memberPaths"":[""00-Title Screen.spc"",""01-Password!.spc"",""02-Story Introduction 1.spc"",""03-Story Introduction 2.spc"",""04-Next Area.spc"",""05-Battle Start.spc"",""06-Hokuhoku Ranch.spc"",""07-Tremble South Pole.spc"",""08-Delightfulness Western.spc"",""09-Action Macrocosm.spc"",""10-Mechanism Castle.spc"",""11-Happening.spc"",""12-Lose.spc"",""13-Game Over.spc"",""14-Win.spc"",""15-Area Clear.spc"",""16-Staff Roll (part 1).spc"",""17-Staff Roll (part 2).spc"",""18-2P Mode Stage Select.spc"",""19-Hurry Up! Jingle.spc"",""20-Hurry Up! (part 1).spc"",""21-Hurry Up! (part 2).spc"",""22-2P Mode Results.spc"",""23-2P Mode Victory.spc""]}]"	0	0	24	0	[]	0	0
cs.rsn	cs.rsn	Chaos Seed	59	"[{""value"":""Chaos Seed"",""type"":""str"",""trackCount"":59,""memberPaths"":[""00-Douten Town.spc"",""01-Chaos Seed.spc"",""02-Heroes' Attack.spc"",""03-Battle 1.spc"",""04-General Raikan.spc"",""05-Souzin.spc"",""06-Master.spc"",""07-Bar.spc"",""08-Time for a Total.spc"",""09-Burouan.spc"",""10-Cave.spc"",""11-Silence.spc"",""12-Game Over 1.spc"",""13-Meihon.spc"",""14-Izanagi.spc"",""15-Reiran.spc"",""16-Kebress.spc"",""17-The Beast of a Phantom 1.spc"",""18-The Beast of a Phantom 2.spc"",""19-Whistle.spc"",""20-Sadness of the Heroine.spc"",""21-The Beast of a Phantom 3.spc"",""22-The Beast of a Phantom 4.spc"",""23-The Furnace of Ryuuketsu.spc"",""24-Underground Lake.spc"",""25-The World of a Hermit's Beast.spc"",""26-Dungeon.spc"",""27-Battle 2.spc"",""28-Battle 3.spc"",""29-Betrayal.spc"",""30-The Heroine's Theme.spc"",""31-Main Theme 1.spc"",""32-Opening Theme.spc"",""33-Practice.spc"",""34-Main Theme 2.spc"",""35-A Hermit's Cave.spc"",""36-Decision.spc"",""37-Impatience.spc"",""38-Friends 1.spc"",""39-Friends 2.spc"",""40-Main Theme 3.spc"",""41-A Powerful Hermit's Cave.spc"",""42-The Last Hermit's Cave.spc"",""43-Alex.spc"",""44-Fear.spc"",""45-Ending Theme 1.spc"",""46-Ending Theme 2.spc"",""47-The True Ending Theme.spc"",""48-The Last Battle.spc"",""49-Staff Roll.spc"",""50-Shasuta.spc"",""51-The Army of Douten.spc"",""52-Different Dimension.spc"",""53-Game Over 2.spc"",""54-Game Over 3.spc"",""55-Game Over 4.spc"",""56-Game Over 5.spc"",""57-Game Over 6.spc"",""58-Game Over 7.spc""]}]"	59	0	0	0	"[{""value"":""Chaos Seed GM Progress 6 (MGCD-1017)"",""type"":""str"",""trackCount"":59,""memberPaths"":[""00-Douten Town.spc"",""01-Chaos Seed.spc"",""02-Heroes' Attack.spc"",""03-Battle 1.spc"",""04-General Raikan.spc"",""05-Souzin.spc"",""06-Master.spc"",""07-Bar.spc"",""08-Time for a Total.spc"",""09-Burouan.spc"",""10-Cave.spc"",""11-Silence.spc"",""12-Game Over 1.spc"",""13-Meihon.spc"",""14-Izanagi.spc"",""15-Reiran.spc"",""16-Kebress.spc"",""17-The Beast of a Phantom 1.spc"",""18-The Beast of a Phantom 2.spc"",""19-Whistle.spc"",""20-Sadness of the Heroine.spc"",""21-The Beast of a Phantom 3.spc"",""22-The Beast of a Phantom 4.spc"",""23-The Furnace of Ryuuketsu.spc"",""24-Underground Lake.spc"",""25-The World of a Hermit's Beast.spc"",""26-Dungeon.spc"",""27-Battle 2.spc"",""28-Battle 3.spc"",""29-Betrayal.spc"",""30-The Heroine's Theme.spc"",""31-Main Theme 1.spc"",""32-Opening Theme.spc"",""33-Practice.spc"",""34-Main Theme 2.spc"",""35-A Hermit's Cave.spc"",""36-Decision.spc"",""37-Impatience.spc"",""38-Friends 1.spc"",""39-Friends 2.spc"",""40-Main Theme 3.spc"",""41-A Powerful Hermit's Cave.spc"",""42-The Last Hermit's Cave.spc"",""43-Alex.spc"",""44-Fear.spc"",""45-Ending Theme 1.spc"",""46-Ending Theme 2.spc"",""47-The True Ending Theme.spc"",""48-The Last Battle.spc"",""49-Staff Roll.spc"",""50-Shasuta.spc"",""51-The Army of Douten.spc"",""52-Different Dimension.spc"",""53-Game Over 2.spc"",""54-Game Over 3.spc"",""55-Game Over 4.spc"",""56-Game Over 5.spc"",""57-Game Over 6.spc"",""58-Game Over 7.spc""]}]"	0	59
csz.rsn	csz.rsn	Congo the Movie - The Secret of Zinj	27	"[{""value"":[""Congo the Movie: The Secret of Z"",""Congo the Movie: The Secret of Zinj""],""type"":""list"",""trackCount"":27,""memberPaths"":[""00-Title.spc"",""01-Cinema.spc"",""02-River Rafting 1.spc"",""03-Die.spc"",""04-Level Complete.spc"",""05-Level Statistics.spc"",""06-Bonus Level.spc"",""07-Bonus Level Statistics.spc"",""08-River Rafting 2.spc"",""09-Password.spc"",""10-Shooting.spc"",""11-Boss Battle 1.spc"",""12-Mud Slide.spc"",""13-Boss Battle 2.spc"",""14-Running in Mine.spc"",""15-Outrun the Lava!.spc"",""16-Continue.spc"",""17-Game Over.spc"",""18-Unknown Jingle 1.spc"",""19-Unknown Jingle 2.spc"",""20-Unknown Jingle 3.spc"",""21-Unknown Jingle 4.spc"",""22-Unknown Jingle 5.spc"",""23-Unknown Jingle 6.spc"",""24-Collect Gem.spc"",""25-Collect Large Gem.spc"",""26-Extra Life.spc""]}]"	0	0	27	0	[]	0	0
ct.rsn	ct.rsn	Chrono Trigger	92	"[{""value"":""Chrono Trigger"",""type"":""str"",""trackCount"":92,""memberPaths"":[""00-Presentiment.spc"",""01-Chrono Trigger.spc"",""02-Chrono Trigger (Looped).spc"",""03-Morning Sunlight.spc"",""04-Peaceful Days.spc"",""05-Memories of Green.spc"",""06-Guardia Millennial Fair.spc"",""07-Gato's Song.spc"",""08-A Strange Happening.spc"",""09-Wind Scene.spc"",""10-Goodnight.spc"",""11-Secret of the Forest.spc"",""12-Battle 1.spc"",""13-Courage and Pride.spc"",""14-Huh !.spc"",""15-Manoria Cathedral.spc"",""16-A Prayer to the Road that Leads.spc"",""17-Silent Light.spc"",""18-Boss Battle 1.spc"",""19-Frog's Theme.spc"",""20-Fanfare 1.spc"",""21-Kingdom Trial.spc"",""22-The Hidden Truth.spc"",""23-The Hidden Truth (Looped).spc"",""24-A Shot of Crisis.spc"",""25-Ruined World.spc"",""26-Mystery of the Past.spc"",""27-Lab 16's Ruin.spc"",""28-People Without Hope.spc"",""29-People Without Hope (Variant 1).spc"",""30-People Without Hope (Variant 2).spc"",""31-Lavos' Theme.spc"",""32-Lavos' Theme (Extended).spc"",""33-The Day the World Revived.spc"",""34-Robo Gang Johnny.spc"",""35-Bike Chase.spc"",""36-Robo's Theme.spc"",""37-Remains of the Factory.spc"",""38-Battle 2.spc"",""39-Fanfare 2.spc"",""40-Brink of Time.spc"",""41-Delightful Spekkio.spc"",""42-Fanfare 3.spc"",""43-Underground Sewer.spc"",""44-Underground Sewer (No Water).spc"",""45-Boss Battle 2.spc"",""46-Primitive Mountain.spc"",""47-Ayla's Theme.spc"",""48-Rhythm of Wind, Sky and Earth.spc"",""49-Burn! Bobonga!.spc"",""50-Magus' Castle.spc"",""51-Confusing Melody.spc"",""52-Battle with Magus.spc"",""53-Singing Mountain.spc"",""54-Tyran Castle.spc"",""55-At the Bottom of Night.spc"",""56-Corridors of Time.spc"",""57-Zeal Palace.spc"",""58-Schala's Theme.spc"",""59-Sealed Door.spc"",""60-Undersea Palace.spc"",""61-Far Off Promise.spc"",""62-Wings That Cross Time.spc"",""63-Black Omen.spc"",""64-Determination.spc"",""65-World Revolution.spc"",""66-Last Battle.spc"",""67-First Festival of Stars.spc"",""68-Epilogue ~ To Good Friends.spc"",""69-To Far Away Times.spc"",""70-Rat-a-Tat-Tat It's... Mitsuda.spc"",""71-Unknown Fanfare.spc"",""72-Time Vortex.spc"",""73-Quiet Beach.spc"",""74-Leene's Bell.spc"",""75-Truce Canyon.spc"",""76-Prison Tower.spc"",""77-Strong Wind.spc"",""78-Mystic Chanting.spc"",""79-Rain and Flowing Water.spc"",""80-Earthquake.spc"",""81-Fall of Zeal.spc"",""82-Tsunami.spc"",""83-Ocean Waves.spc"",""84-Blackbird (Inside).spc"",""85-Blackbird (Outside).spc"",""86-Lavos Stirs.spc"",""87-Lavos Stirs (Faster).spc"",""88-Breath of Lavos.spc"",""89-Voice of Lavos.spc"",""90-Ozzie Laugh.spc"",""91-Ozzie Scream.spc""]}]"	92	0	0	0	"[{""value"":""Chrono Trigger Original Sound Version (B00066W4IE)"",""type"":""str"",""trackCount"":1,""memberPaths"":[""66-Last Battle.spc""]},{""value"":""Chrono Trigger Original Sound Version (PSCN-5021~3)"",""type"":""str"",""trackCount"":72,""memberPaths"":[""00-Presentiment.spc"",""01-Chrono Trigger.spc"",""02-Chrono Trigger (Looped).spc"",""03-Morning Sunlight.spc"",""04-Peaceful Days.spc"",""05-Memories of Green.spc"",""06-Guardia Millennial Fair.spc"",""07-Gato's Song.spc"",""08-A Strange Happening.spc"",""09-Wind Scene.spc"",""10-Goodnight.spc"",""11-Secret of the Forest.spc"",""12-Battle 1.spc"",""13-Courage and Pride.spc"",""14-Huh !.spc"",""15-Manoria Cathedral.spc"",""16-A Prayer to the Road that Leads.spc"",""17-Silent Light.spc"",""18-Boss Battle 1.spc"",""19-Frog's Theme.spc"",""20-Fanfare 1.spc"",""21-Kingdom Trial.spc"",""22-The Hidden Truth.spc"",""23-The Hidden Truth (Looped).spc"",""24-A Shot of Crisis.spc"",""25-Ruined World.spc"",""26-Mystery of the Past.spc"",""27-Lab 16's Ruin.spc"",""28-People Without Hope.spc"",""29-People Without Hope (Variant 1).spc"",""30-People Without Hope (Variant 2).spc"",""31-Lavos' Theme.spc"",""32-Lavos' Theme (Extended).spc"",""33-The Day the World Revived.spc"",""34-Robo Gang Johnny.spc"",""35-Bike Chase.spc"",""36-Robo's Theme.spc"",""37-Remains of the Factory.spc"",""38-Battle 2.spc"",""39-Fanfare 2.spc"",""40-Brink of Time.spc"",""41-Delightful Spekkio.spc"",""42-Fanfare 3.spc"",""43-Underground Sewer.spc"",""44-Underground Sewer (No Water).spc"",""45-Boss Battle 2.spc"",""46-Primitive Mountain.spc"",""47-Ayla's Theme.spc"",""48-Rhythm of Wind, Sky and Earth.spc"",""49-Burn! Bobonga!.spc"",""50-Magus' Castle.spc"",""51-Confusing Melody.spc"",""52-Battle with Magus.spc"",""53-Singing Mountain.spc"",""54-Tyran Castle.spc"",""55-At the Bottom of Night.spc"",""56-Corridors of Time.spc"",""57-Zeal Palace.spc"",""58-Schala's Theme.spc"",""59-Sealed Door.spc"",""60-Undersea Palace.spc"",""61-Far Off Promise.spc"",""62-Wings That Cross Time.spc"",""63-Black Omen.spc"",""64-Determination.spc"",""65-World Revolution.spc"",""67-First Festival of Stars.spc"",""68-Epilogue ~ To Good Friends.spc"",""69-To Far Away Times.spc"",""72-Time Vortex.spc"",""77-Strong Wind.spc"",""89-Voice of Lavos.spc""]}]"	0	73
cttn.rsn	cttn.rsn	Marchen Adventure Cotton 100%	24	"[{""value"":""Märchen Adventure Cotton 100%"",""type"":""str"",""trackCount"":24,""memberPaths"":[""00-Opening.spc"",""01-Magic Select.spc"",""02-Introduction.spc"",""03-Evil Story.spc"",""04-Usual Story.spc"",""05-Temple in the Wood.spc"",""06-Coasts.spc"",""07-Entrance Hall.spc"",""08-Deep in the Wood.spc"",""09-Fire Cave.spc"",""10-Happy Story.spc"",""11-Water Cave.spc"",""12-Funny Story.spc"",""13-Castle.spc"",""14-Mini Boss Battle.spc"",""15-Big Boss Battle.spc"",""16-Tea Time.spc"",""17-Bonus Score.spc"",""18-Continue.spc"",""19-Game Over.spc"",""20-Last Boss Battle.spc"",""21-Final Boss Battle.spc"",""22-Staff Roll.spc"",""23-Ranking.spc""]}]"	0	0	24	0	"[{""value"":""Cotton 100% (DPCX-5026)"",""type"":""str"",""trackCount"":24,""memberPaths"":[""00-Opening.spc"",""01-Magic Select.spc"",""02-Introduction.spc"",""03-Evil Story.spc"",""04-Usual Story.spc"",""05-Temple in the Wood.spc"",""06-Coasts.spc"",""07-Entrance Hall.spc"",""08-Deep in the Wood.spc"",""09-Fire Cave.spc"",""10-Happy Story.spc"",""11-Water Cave.spc"",""12-Funny Story.spc"",""13-Castle.spc"",""14-Mini Boss Battle.spc"",""15-Big Boss Battle.spc"",""16-Tea Time.spc"",""17-Bonus Score.spc"",""18-Continue.spc"",""19-Game Over.spc"",""20-Last Boss Battle.spc"",""21-Final Boss Battle.spc"",""22-Staff Roll.spc"",""23-Ranking.spc""]}]"	0	24
cw.rsn	cw.rsn	clock tower (JP)	14	"[{""value"":""Clock Works"",""type"":""str"",""trackCount"":14,""memberPaths"":[""00-Title Screen.spc"",""01-Level Music 1.spc"",""02-Level Music 2.spc"",""03-Level Music 3.spc"",""04-Level Music 4.spc"",""05-Level Music 5.spc"",""06-Level Music 6.spc"",""07-Level Music 7.spc"",""08-Level Music 8.spc"",""09-Level Music 9.spc"",""10-Level Music 10.spc"",""11-Level Music 11.spc"",""12-Clear Level.spc"",""13-Die.spc""]}]"	0	0	14	0	[]	0	0
cwcs.rsn	cwcs.rsn	Champions - World Class Soccer	5	"[{""value"":""Champions World Class Soccer"",""type"":""str"",""trackCount"":5,""memberPaths"":[""00-Title Screen.spc"",""01-Main Theme.spc"",""02-Ouch!.spc"",""03-Augh!.spc"",""04-Throw Ball.spc""]}]"	0	0	5	0	[]	0	0
dala.rsn	dala.rsn	Dark Law - Meaning of Death (JP)	20	"[{""value"":""Dark Law - Meaning of Death"",""type"":""str"",""trackCount"":20,""memberPaths"":[""00-Title Screen.spc"",""01-Temple Forest.spc"",""02-A Death Occurs.spc"",""03-Shanoah Town.spc"",""04-Toras Forest.spc"",""05-Battle.spc"",""06-Scenario Clear.spc"",""07-Masaki Head.spc"",""08-South Creek.spc"",""09-South Creek Ruins.spc"",""10-Fangi Forest.spc"",""11-Fangi Forest Temple.spc"",""12-Boss Battle.spc"",""13-Mount Molor.spc"",""14-Sealed Cave.spc"",""15-Sealed Labyrinth.spc"",""16-Final Battle.spc"",""17-Bad Ending Sequence.spc"",""18-Good Ending Sequence.spc"",""19-Ending Credits.spc""]}]"	0	0	20	0	[]	0	0
dany.rsn	dany.rsn	Super Dany (FR)	9	"[{""value"":""Super Dany"",""type"":""str"",""trackCount"":9,""memberPaths"":[""00-Title Screen.spc"",""01-The Dungeon.spc"",""02-The Castle.spc"",""03-Haunted Mansion.spc"",""04-Medieval Castle.spc"",""05-The TV Station.spc"",""06-Ending.spc"",""07-Title Screen (Beta).spc"",""08-Continue (Beta).spc""]}]"	0	0	9	0	[]	0	0
dars.rsn	dars.rsn	Death and Return of Superman, The	10	"[{""value"":""The Death and Return of Superman"",""type"":""str"",""trackCount"":10,""memberPaths"":[""00-Blizzard Logo.spc"",""01-Title.spc"",""02-Cutscene.spc"",""03-Trouble in Metropolis.spc"",""04-Boss Battle.spc"",""05-Assault on Cadmus.spc"",""06-The Last Son of Krypton.spc"",""07-The Metropolis Kid.spc"",""08-Steel Reign.spc"",""09-Doomsday Laugh.spc""]}]"	0	0	10	0	[]	0	0
dbhd.rsn	dbhd.rsn	Dragon Ball Z - Hyper Dimension	20	"[{""value"":""Dragon Ball Z: Hyper Dimension"",""type"":""str"",""trackCount"":20,""memberPaths"":[""00-The Saga Begins.spc"",""01-Hyper Dimension.spc"",""02-Strongest Fighters in the Universe.spc"",""03-Tenkaichi Budoukai Begins.spc"",""04-Telling the Story.spc"",""05-Endless Rivalry.spc"",""06-Moment of Fate.spc"",""07-Strangeness.spc"",""08-Intense Fear.spc"",""09-Fat Buu Appears.spc"",""10-Far Above the Earth.spc"",""11-First Encounter with Kid Buu.spc"",""12-Second Strike.spc"",""13-Battle Fanfare.spc"",""14-Budoukai Encouragements.spc"",""15-Decisive Battle.spc"",""16-Staff Roll.spc"",""17-Moonlight.spc"",""18-Dark Side.spc"",""19-Great Victory.spc""]}]"	0	0	20	0	[]	0	0
dbls.rsn	dbls.rsn	Dragon - The Bruce Lee Story	25	"[{""value"":""Dragon: The Bruce Lee Story"",""type"":""str"",""trackCount"":25,""memberPaths"":[""00-Title Screen.spc"",""01-Bruce Lee's Childhood.spc"",""02-The Lantern Festival.spc"",""03-Alley Outside Kitchen.spc"",""04-The Seattle Gym.spc"",""05-The George Wu Gym.spc"",""06-Film Set and Bruce's Kwoon.spc"",""07-Ed Parker's First Karate International.spc"",""08-The Big Boss Film Set.spc"",""09-Enter the Dragon Film Set.spc"",""10-Facing the Demon.spc"",""11-Bonus Level.spc"",""12-Bonus Level Complete.spc"",""13-Level Complete.spc"",""14-Staff Roll.spc"",""15-Game Over.spc"",""16-You Got a High Score!.spc"",""17-Unused Jingle.spc"",""18-Title Screen Scream.spc"",""19-Bruce Lee Attack 1.spc"",""20-Bruce Lee Attack 2.spc"",""21-Bruce Lee Attack 3.spc"",""22-Bruce Lee Attack 4.spc"",""23-Bruce Lee Attack 5.spc"",""24-Owwwwww.spc""]}]"	0	0	25	0	[]	0	0
dbth.rsn	dbth.rsn	Dragon Ball Z Super Gokuden - Totsugeki-Hen	22	"[{""value"":[""Dragon Ball Z Super Gokuden: Tot"",""Dragon Ball Z Super Gokuden: Totsugeki-Hen""],""type"":""list"",""trackCount"":22,""memberPaths"":[""00-Opening.spc"",""01-Encounter.spc"",""02-Big Fight.spc"",""03-The Demon King Has Come.spc"",""04-A Destined Battle.spc"",""05-Showdown.spc"",""06-A Worthy Opponent.spc"",""07-Training.spc"",""08-A Happy Moment.spc"",""09-Twinkle Dream.spc"",""10-Tranquil Scenery.spc"",""11-Game Over.spc"",""12-Anger.spc"",""13-A Happening.spc"",""14-Cheerful Friends.spc"",""15-Determination.spc"",""16-Dread.spc"",""17-Get Them, Goku, My Grandson!.spc"",""18-A Short Rest.spc"",""19-Mission.spc"",""20-Ending.spc"",""21-Have You Really Been Defeated.spc""]}]"	0	0	22	0	[]	0	0
dbzb.rsn	dbzb.rsn	Dragon Ball Z - Super Butouden	20	"[{""value"":""Dragon Ball Z: Super Butouden"",""type"":""str"",""trackCount"":20,""memberPaths"":[""00-Opening Title.spc"",""01-Story Summary.spc"",""02-Theme of Piccolo.spc"",""03-Theme of Vegeta.spc"",""04-Theme of Freeza.spc"",""05-Theme of Android 20.spc"",""06-Theme of Android 18.spc"",""07-Theme of Android 16.spc"",""08-Theme of Cell.spc"",""09-Theme of Gohan & Trunks.spc"",""10-Theme of Perfect Cell.spc"",""11-Victorious!.spc"",""12-Epilogue.spc"",""13-Grand Finale.spc"",""14-Theme of Goku.spc"",""15-Staff Roll.spc"",""16-Fighting Master.spc"",""17-Defeated.spc"",""18-Continue.spc"",""19-Game Over.spc""]}]"	0	0	20	0	[]	0	0
dbzb2.rsn	dbzb2.rsn	dragon ball z super butouden 2 (JP)	21	"[{""value"":""Dragon Ball Z: Super Butouden 2"",""type"":""str"",""trackCount"":21,""memberPaths"":[""00-Opening.spc"",""01-Character Select.spc"",""02-Story Mode Title.spc"",""03-Son Gohan's Theme.spc"",""04-Vegeta's Theme.spc"",""05-Trunks' Theme.spc"",""06-Piccolo's Theme.spc"",""07-Zangia's Theme.spc"",""08-Bojack's Theme.spc"",""09-Cell's Theme.spc"",""10-Brolly's Theme.spc"",""11-Version.spc"",""12-Story Mode 1.spc"",""13-Story Mode 2.spc"",""14-Story Mode 3.spc"",""15-Story Mode 4.spc"",""16-Story Mode 5.spc"",""17-Story Mode 6.spc"",""18-Ending.spc"",""19-Cast Roll.spc"",""20-Omeh No Debandah!.spc""]}]"	0	0	21	0	[]	0	0
dbzb3.rsn	dbzb3.rsn	Dragon Ball Z - Super Butouden 3	10	"[{""value"":""Dragon Ball Z: Super Butouden 3"",""type"":""str"",""trackCount"":10,""memberPaths"":[""00-Pre-Battle Tension.spc"",""01-Prelude to the Tournament.spc"",""02-Fighter Select.spc"",""03-Exhibition Battle 1.spc"",""04-Exhibition Battle 2.spc"",""05-Exhibition Battle 3.spc"",""06-Exhibition Battle 4.spc"",""07-Tenkaichi Budoukai.spc"",""08-Budoukai Final Round.spc"",""09-Staff Roll.spc""]}]"	0	0	10	0	[]	0	0
dbzr.rsn	dbzr.rsn	Dragon Ball Z RPG - Legend of the Super Saiya-jin	24	"[{""value"":""Dragonball Z RPG"",""type"":""str"",""trackCount"":24,""memberPaths"":[""00-Opening Title.spc"",""01-Theme of the Saiya-jin.spc"",""02-Skies of Earth.spc"",""03-Friends.spc"",""04-Get Ready!.spc"",""05-Fight!.spc"",""06-Victory!.spc"",""07-Power Up!.spc"",""08-Smash That Rock!.spc"",""09-Exploration.spc"",""10-Game Over.spc"",""11-Take Action!.spc"",""12-Arrival at Kaiou's.spc"",""13-Kaiou's Planetoid.spc"",""14-Battling Gravity.spc"",""15-Summoning the Dragon.spc"",""16-Planet Namek.spc"",""17-Namekian Welcome.spc"",""18-Dangerous Situation.spc"",""19-Freeza's Theme.spc"",""20-Master of the Universe.spc"",""21-Staff Roll.spc"",""22-Returning Home.spc"",""23-Prize.spc""]}]"	0	0	24	0	[]	0	0
ddmb.rsn	ddmb.rsn	Donald Duck - Mahou no Boushi	40	"[{""value"":""Donald Duck: Mahou no Boushi"",""type"":""str"",""trackCount"":40,""memberPaths"":[""00-Eye Catch.spc"",""01-Title.spc"",""02-Options Menu.spc"",""03-Donald and Daisy Shopping.spc"",""04-Choosing a Job.spc"",""05-Donald on the Job.spc"",""06-Mail Delivery.spc"",""07-Stage Clear 1.spc"",""08-Oops.spc"",""09-Window Washing.spc"",""10-Rescue Mission.spc"",""11-Boss Battle.spc"",""12-Race a Go Go!.spc"",""13-A Mysterious Person.spc"",""14-Haunted Clockwork.spc"",""15-Stage Clear 2.spc"",""16-The Magic Hat.spc"",""17-Magic World.spc"",""18-Dangerous Village.spc"",""19-Stage Clear 3.spc"",""20-Racing in the Snow.spc"",""21-High Up in the Mountains.spc"",""22-Crystal Cave.spc"",""23-Forest of Angles.spc"",""24-Powerful Boss.spc"",""25-Flight.spc"",""26-In the Midst of a Storm.spc"",""27-The Castle.spc"",""28-Consuming Fire.spc"",""29-Monstrous Creatures.spc"",""30-The Mighty Pete.spc"",""31-Final Stage Clear.spc"",""32-The King Restored.spc"",""33-Pete Humbled.spc"",""34-Donald and Daisy Reunited.spc"",""35-Donald's Serenade.spc"",""36-Staff Roll.spc"",""37-The End.spc"",""38-Game Over.spc"",""39-Pete Defeated.spc""]}]"	0	0	40	0	[]	0	0
df.rsn	df.rsn	Darius Force (Super Nova)	14	"[{""value"":""Darius Force"",""type"":""str"",""trackCount"":14,""memberPaths"":[""00-Player Select.spc"",""01-A King.spc"",""02-Bio Hazard.spc"",""03-Select Zone.spc"",""04-Bio.spc"",""05-Change.spc"",""06-Mudy Crystal.spc"",""07-Defend.spc"",""08-Spiral Snail.spc"",""09-Peace Destroyer.spc"",""10-Lame.spc"",""11-Galst Vic.spc"",""12-Escape.spc"",""13-Ending Theme.spc""]}]"	0	0	14	0	[]	0	0
dgb.rsn	dgb.rsn	Dossun! Ganseki Battle (JP)	19	"[{""value"":""Dossun! Ganseki Battle"",""type"":""str"",""trackCount"":19,""memberPaths"":[""00-I'Max Logo.spc"",""01-Title Screen.spc"",""02-Select Character.spc"",""03-Begin Battle.spc"",""04-Battle.spc"",""05-Victory is Near!.spc"",""06-The Winner!.spc"",""07-Conversation.spc"",""08-Zor Intro.spc"",""09-Battle with Zor.spc"",""10-Ending.spc"",""11-You Lost!.spc"",""12-Evil Laugh.spc"",""13-Ha! 1.spc"",""14-Ha! 2.spc"",""15-Ha! 3.spc"",""16-Ha! 4.spc"",""17-Ow! (Male).spc"",""18-Ow! (Female).spc""]}]"	0	0	19	0	[]	0	0
dici.rsn	dici.rsn	dinocity	22	"[{""value"":""Dino City"",""type"":""str"",""trackCount"":22,""memberPaths"":[""00-Opening.spc"",""01-Mode Select.spc"",""02-Tops' Theme.spc"",""03-Jumbled Jungle.spc"",""04-The Cave of Ice.spc"",""05-Egg Dance.spc"",""06-Fight!!.spc"",""07-Congratulations!.spc"",""08-Rex's Theme (March Arrangement).spc"",""09-Rex's Theme.spc"",""10-Careless Circus.spc"",""11-Track Race.spc"",""12-Oriental Desert.spc"",""13-The Cave of Soil.spc"",""14-Mr. Big's Castle.spc"",""15-Collapsing Castle.spc"",""16-Saved the World!.spc"",""17-Returning Home.spc"",""18-Staff Roll.spc"",""19-Good Luck.spc"",""20-Tea Break.spc"",""21-Good Night.spc""]}]"	0	0	22	0	[]	0	0
dirty.rsn	dirty.rsn	Kinnikuman - Dirty Challenger	19	"[{""value"":""Kinnikuman: Dirty Challenger"",""type"":""str"",""trackCount"":19,""memberPaths"":[""00-Opening.spc"",""01-Title Screen.spc"",""02-Character Select.spc"",""03-Enemy's Entrance.spc"",""04-Kumamoto Castle.spc"",""05-Alps.spc"",""06-Colosseum.spc"",""07-Savannah.spc"",""08-Prison.spc"",""09-Building.spc"",""10-Kinnikuman ~ Kinnikuman Great.spc"",""11-Kinnikuman Big Body.spc"",""12-Kinnikuman Soldier.spc"",""13-Kinnikuman Mariposa.spc"",""14-Kinnikuman Zebra.spc"",""15-Kinnikuman Super Phoenix.spc"",""16-Terryman.spc"",""17-Result.spc"",""18-Congratulations.spc""]}]"	0	0	19	0	[]	0	0
dk.rsn	dk.rsn	Donkey Kong (Super Gameboy)	6	"[{""value"":""Donkey Kong"",""type"":""str"",""trackCount"":6,""memberPaths"":[""00-Ending.spc"",""01-Help! 1.spc"",""02-Help! 2.spc"",""03-Help! 3.spc"",""04-Help! 4.spc"",""05-Help! 5.spc""]}]"	0	0	6	0	[]	0	0
dmkd.rsn	dmkd.rsn	Dream Maze - Kigurumi Daibouken	21	"[{""value"":""Dream Maze: Kigurumi Daibouken"",""type"":""str"",""trackCount"":21,""memberPaths"":[""00-Recurring Dreams.spc"",""01-Dreamwalker's Name.spc"",""02-History of Enderia.spc"",""03-The Strange World of Dreams.spc"",""04-Fantastic Towers.spc"",""05-Strange Encounter.spc"",""06-Altering Kigurumi.spc"",""07-Mysterious Merchant.spc"",""08-Important Memories.spc"",""09-Nightmare Attack!.spc"",""10-Peaceful Victory.spc"",""11-Victory Dance!.spc"",""12-Wicked Conversation.spc"",""13-Time to Wake Up!.spc"",""14-Crazy Temptress.spc"",""15-King of Nightmares.spc"",""16-Staff Roll.spc"",""17-Enter the Dungeon (part 1).spc"",""18-Enter the Dungeon (part 2).spc"",""19-Fall into a Trap! (part 1).spc"",""20-Fall into a Trap! (part 2).spc""]}]"	0	0	21	0	[]	0	0
dnbm.rsn	dnbm.rsn	Downtown Nekketsu Baseball Monogatari	40	"[{""value"":[""Downtown Nekketsu Baseball Monog"",""Downtown Nekketsu Baseball Monogatari""],""type"":""list"",""trackCount"":40,""memberPaths"":[""00-Kounosuke's Theme.spc"",""01-Technos Logo.spc"",""02-Title Roll.spc"",""03-Main Menu.spc"",""04-Play Ball!.spc"",""05-Match Up.spc"",""06-Team Settings.spc"",""07-Nekketsu Team.spc"",""08-Aizen Team.spc"",""09-Hakutaka Team.spc"",""10-Hanazono Team.spc"",""11-Hattori Team.spc"",""12-Houryou Team.spc"",""13-Kirisame Team.spc"",""14-Kokuryuuzan Team.spc"",""15-Meian Team.spc"",""16-Reihou Team.spc"",""17-Tanibana Team.spc"",""18-Yumezono Team.spc"",""19-Zeibei Team.spc"",""20-Heated Game.spc"",""21-Bases Loaded.spc"",""22-Final Inning.spc"",""23-Home Run.spc"",""24-Grand Slam.spc"",""25-Last Game.spc"",""26-Scoreboard.spc"",""27-Kunio's Entrance.spc"",""28-Championship Note.spc"",""29-Victory Theme.spc"",""30-Prize.spc"",""31-Ending Lineup.spc"",""32-Ending Theme.spc"",""33-Staff Roll.spc"",""34-Rika's Death.spc"",""35-The End 1.spc"",""36-The End 2.spc"",""37-Game Over (Story Mode).spc"",""38-Game Over (Vs. Mode).spc"",""39-Unknown Jingle.spc""]}]"	0	0	40	0	[]	0	0
doh.rsn	doh.rsn	Arkanoid - Doh it Again	12	"[{""value"":""Arkanoid: Doh it Again"",""type"":""str"",""trackCount"":12,""memberPaths"":[""00-The Refugee People's Tale.spc"",""01-Hope or Deception.spc"",""02-Stage Intro.spc"",""03-Giant Centipede.spc"",""04-Doh's Face.spc"",""05-Super Doh.spc"",""06-2-Player Battle.spc"",""07-2-Player Battle (Decisive).spc"",""08-The Journey Continues.spc"",""09-Staff Roll.spc"",""10-Journey's End.spc"",""11-Game Over.spc""]}]"	0	0	12	0	[]	0	0
dor2.rsn	dor2.rsn	Doraemon 2 - Nobita no Toys Land Daibouken (JP)	50	"[{""value"":""Doraemon 2"",""type"":""str"",""trackCount"":50,""memberPaths"":[""00-Main Theme.spc"",""01-Password.spc"",""02-Opening Story.spc"",""03-Celebration March.spc"",""04-Tension.spc"",""05-March Town.spc"",""06-First Challenge.spc"",""07-Character Select.spc"",""08-Toy Palace.spc"",""09-Stage Clear.spc"",""10-Wasteland.spc"",""11-A New Friend Appears!.spc"",""12-Conversation.spc"",""13-Time Warp.spc"",""14-Danger Lurks.spc"",""15-Lively City.spc"",""16-Deep Forest.spc"",""17-Boss Battle.spc"",""18-Boss Defeated.spc"",""19-Suspicious Factory.spc"",""20-Overworld.spc"",""21-The Flying Beanie!.spc"",""22-City in the Clouds.spc"",""23-Waterfall Grotto.spc"",""24-Athletic Mountain.spc"",""25-The Music Works.spc"",""26-Pastel Castle.spc"",""27-Tropical Islands.spc"",""28-Black Caverns.spc"",""29-Underworld.spc"",""30-Bingo Town.spc"",""31-Christmas Tree.spc"",""32-Maze of Evil.spc"",""33-Last Battle.spc"",""34-Last Boss Defeated.spc"",""35-Happy Ending.spc"",""36-Magical Powerup.spc"",""37-Lose Life.spc"",""38-Game Over.spc"",""39-Unknown Jingle 1.spc"",""40-Unknown Jingle 2.spc"",""41-Unknown Jingle 3.spc"",""42-Found Something!.spc"",""43-Jewel Chime.spc"",""44-Five Jewels.spc"",""45-Bell Chime.spc"",""46-Extra Life!.spc"",""47-Star Fanfare.spc"",""48-Pause!.spc"",""49-Unpause!.spc""]}]"	0	0	50	0	[]	0	0
dq12.rsn	dq12.rsn	Dragon Quest 1 & 2	47	"[{""value"":""Dragon Quest 1 & 2"",""type"":""str"",""trackCount"":3,""memberPaths"":[""00-Overture (Full).spc"",""01-Overture (Part 1).spc"",""02-Overture (Part 2).spc""]},{""value"":""Dragon Quest 2"",""type"":""str"",""trackCount"":21,""memberPaths"":[""26-Joyous Song.spc"",""27-Blue Skies ~ Ill Omen.spc"",""28-All Hope is Lost.spc"",""29-Royal Palace.spc"",""30-A Lonely Youth.spc"",""31-Demon Attack.spc"",""32-Busy City Streets.spc"",""33-Underground.spc"",""34-Friendship.spc"",""35-Prophecy.spc"",""36-Travelling with Friends.spc"",""37-Ever Upwards.spc"",""38-Riding the Waves.spc"",""39-The Spirit of Rubiss.spc"",""40-Malroth ~ The True Evil.spc"",""41-Recounting our Journey.spc"",""42-Sleep Well.spc"",""43-Won the Lottery!.spc"",""44-Saint's Prayer.spc"",""45-Echoing Flute.spc"",""46-Echoing Flute (Echo).spc""]},{""value"":""Dragon Quest"",""type"":""str"",""trackCount"":23,""memberPaths"":[""03-Erdrick's Descendant.spc"",""04-Tantegel Castle.spc"",""05-Peaceful Village.spc"",""06-Kingdom of Alefgard.spc"",""07-A Monster Draws Near.spc"",""08-Thou Hast Died.spc"",""09-Ancestor's Legacy.spc"",""10-Dark Dungeon ~ Floor 1.spc"",""11-Dark Dungeon ~ Floor 2.spc"",""12-Dark Dungeon ~ Floor 3.spc"",""13-Dark Dungeon ~ Floor 4.spc"",""14-Princess Gwaelin's Love.spc"",""15-Rainbow Bridge.spc"",""16-Throne of Darkness.spc"",""17-The Dragonlord.spc"",""18-Hero's Fanfare.spc"",""19-Victory!.spc"",""20-Improvement.spc"",""21-Good Night.spc"",""22-Special Item.spc"",""23-Cursed!.spc"",""24-Fairy Flute.spc"",""25-Silver Harp.spc""]}]"	3	0	44	0	[]	0	0
drea.rsn	drea.rsn	Dragon's Earth (JP)	16	"[{""value"":""Dragon's Earth"",""type"":""str"",""trackCount"":16,""memberPaths"":[""00-Title.spc"",""01-Select.spc"",""02-Password.spc"",""03-Start.spc"",""04-Forest.spc"",""05-Icebound.spc"",""06-Torrid.spc"",""07-Volcanic.spc"",""08-Final.spc"",""09-Clear.spc"",""10-Dragon.spc"",""11-Ending A.spc"",""12-Ending B.spc"",""13-Game Over.spc"",""14-Occupy.spc"",""15-Get Item.spc""]}]"	0	0	16	0	[]	0	0
drf.rsn	drf.rsn	Adventures of Dr. Franken, The	8	"[{""value"":""Adventures of Dr. Franken"",""type"":""str"",""trackCount"":8,""memberPaths"":[""00-Main Theme.spc"",""01-Dr. Franken's Castle and Security Areas.spc"",""02-Castles and Temples.spc"",""03-Cities and Forests.spc"",""04-Ancient Places.spc"",""05-Catacombs and Caves.spc"",""06-Islands of Japan and Papua New Guinea.spc"",""07-Entering Level.spc""]}]"	0	0	8	0	[]	0	0
drmf.rsn	drmf.rsn	Do-Re-Mi Fantasy - Milon no DokiDoki Daibouken	61	"[{""value"":""Do-Re-Mi Fantasy"",""type"":""str"",""trackCount"":61,""memberPaths"":[""00-Prelude.spc"",""01-Secret Passwords.spc"",""02-The Adventure Begins.spc"",""03-Friendly Encounter.spc"",""04-Milon's World.spc"",""05-Through the Woods.spc"",""06-Windy Cliffs.spc"",""07-Fierce Windstorm.spc"",""08-The Guardian's Lair.spc"",""09-All to Pieces.spc"",""10-Got an Instrument!.spc"",""11-Complete Victory!.spc"",""12-Dessert Paradise.spc"",""13-Glittering Night Sky.spc"",""14-Star Fanfare.spc"",""15-The Fifth Star.spc"",""16-Break the Curse! ~ Flute.spc"",""17-Cooking Contest.spc"",""18-Rainbow Cathedral.spc"",""19-Church Bells Ring.spc"",""20-Break the Curse! ~ Accordion.spc"",""21-Magic Show.spc"",""22-Silent Lake.spc"",""23-Underwater Tranquility.spc"",""24-Break the Curse! ~ Trumpet.spc"",""25-Insane Royalty.spc"",""26-Freezing Ice Plains.spc"",""27-Break the Curse! ~ Ocarina.spc"",""28-Lost His Head!.spc"",""29-Distant Mountain Peaks.spc"",""30-River of Lava.spc"",""31-The Sun and the Moon.spc"",""32-Toying Around.spc"",""33-Mysterious Paintings.spc"",""34-Haunted Castle.spc"",""35-Break the Curse! ~ Harp.spc"",""36-Amon's Transformation.spc"",""37-Amon is Sealed Away!.spc"",""38-Ending ~ Staff Roll.spc"",""39-Fallen.spc"",""40-Game Over.spc"",""41-Unknown Jingle 1.spc"",""42-Unknown Jingle 2.spc"",""43-Unknown Jingle 3.spc"",""44-Unknown Jingle 4.spc"",""45-Unknown Jingle 5.spc"",""46-Unknown Jingle 6.spc"",""47-Unknown Jingle 7.spc"",""48-Unknown Jingle 8.spc"",""49-Unknown Jingle 9.spc"",""50-Unknown Jingle 10.spc"",""51-Invincible!.spc"",""52-Fun and Games.spc"",""53-Results.spc"",""54-Small Item Jingle.spc"",""55-Extra Life!.spc"",""56-A Key!.spc"",""57-Opening the Door.spc"",""58-Into the Pictures.spc"",""59-Sparking Wine Fountain.spc"",""60-Merry-Go-Round.spc""]}]"	0	0	61	0	[]	0	0
ds9.rsn	ds9.rsn	star trek deep space nine crossroads of time	17	"[{""value"":[""Star Trek Deep Space Nine: The C"",""Star Trek Deep Space Nine: The Crossroads of Time""],""type"":""list"",""trackCount"":17,""memberPaths"":[""00-Abandon Ship.spc"",""01-Bomb Threat.spc"",""02-Starfleet.spc"",""03-Password.spc"",""04-Yellow Alert.spc"",""05-Peacetime Tension.spc"",""06-Caverns.spc"",""07-Navigating the Wormhole.spc"",""08-Suspicion.spc"",""09-Venture Forth.spc"",""10-Failure.spc"",""11-Solitary Journeyman.spc"",""12-Life Aboard Terok Nor.spc"",""13-Intrigue.spc"",""14-Hot Pursuit.spc"",""15-Deep Space Nine.spc"",""16-Gargoyles.spc""]}]"	0	0	17	0	[]	0	0
dslh.rsn	dslh.rsn	Dragon Slayer - The Legend of Heroes	17	"[{""value"":""Dragon Slayer"",""type"":""str"",""trackCount"":17,""memberPaths"":[""00-Opening.spc"",""01-March of Heroes.spc"",""02-Town.spc"",""03-Field.spc"",""04-Dungeon.spc"",""05-Battle.spc"",""06-Event Clear.spc"",""07-Castle.spc"",""08-Ship.spc"",""09-Pirate Island.spc"",""10-Voice of God.spc"",""11-Dragon.spc"",""12-Neargead Castle.spc"",""13-Agnesia.spc"",""14-Ending.spc"",""15-Game Over.spc"",""16-Jingle.spc""]}]"	0	0	17	0	[]	0	0
dsrg.rsn	dsrg.rsn	Desert Strike - Return to the Gulf	17	"[{""value"":""Desert Strike"",""type"":""str"",""trackCount"":17,""memberPaths"":[""00-Return to the Gulf.spc"",""01-Sign of War.spc"",""02-In the Middle East.spc"",""03-The Madman's Ambition.spc"",""04-Top Story News.spc"",""05-Theme of the Lone Hero.spc"",""06-War Report.spc"",""07-Chopper Flight.spc"",""08-Mission Complete.spc"",""09-Found the Secret Agent.spc"",""10-The Secret Agent Rescued!.spc"",""11-High Five.spc"",""12-POW Camp Breakout.spc"",""13-Attacking the Embassy.spc"",""14-Bus Ride to Freedom.spc"",""15-Final Assault.spc"",""16-Hero's Welcome in America.spc""]}]"	0	0	17	0	[]	0	0
dtai.rsn	dtai.rsn	Deae Tonosama Appare Ichiban (JP)	36	"[{""value"":""Deae Tonosama Appare Ichiban"",""type"":""str"",""trackCount"":36,""memberPaths"":[""00-Title.spc"",""01-Character Select.spc"",""02-Prologue.spc"",""03-Stage Select.spc"",""04-Dewa.spc"",""05-Edo.spc"",""06-Kyo.spc"",""07-Bariki Mode.spc"",""08-Big Enemy 1.spc"",""09-Big Enemy 2.spc"",""10-Boss.spc"",""11-Stage Cleared Baka Tono.spc"",""12-Stage Cleared Baka Ouji.spc"",""13-Yeah!-Yasu.spc"",""14-China.spc"",""15-Europe.spc"",""16-India.spc"",""17-Posing Game.spc"",""18-Arabian Abura.spc"",""19-Mars.spc"",""20-Nobunaga.spc"",""21-Final Battle.spc"",""22-Ending & Staffroll.spc"",""23-Unused 1.spc"",""24-Unused 2.spc"",""25-Unused 3.spc"",""26-Appare.spc"",""27-Bonjour.spc"",""28-Castella.spc"",""29-Ca va.spc"",""30-Jinsei Gojuu Nen.spc"",""31-Kurushuu Nai.spc"",""32-Manzoku Ja.spc"",""33-Oui.spc"",""34-Tenpura.spc"",""35-Tres Bien.spc""]}]"	0	0	36	0	[]	0	0
dtlv.rsn	dtlv.rsn	Dynamaite - The LasVegas	16	"[{""value"":""Dynamaite: The Las Vegas"",""type"":""str"",""trackCount"":16,""memberPaths"":[""00-Title Screen.spc"",""01-Opening.spc"",""02-Casino Map.spc"",""03-Casino Theme 1.spc"",""04-Casino Theme 2.spc"",""05-Casino Theme 3.spc"",""06-The Dragon's Casino Castle.spc"",""07-Entering the Castle.spc"",""08-Black Shenlong.spc"",""09-White Shenlong.spc"",""10-White Shenlong Defeated.spc"",""11-Mr. Dynamaite's Victory.spc"",""12-Mr. Dynamaite's Victory (Short).spc"",""13-Game Over.spc"",""14-Unknown Song 1.spc"",""15-Unknown Song 2.spc""]}]"	0	0	16	0	[]	0	0
dtr.rsn	dtr.rsn	Doom Troopers (US)	10	"[{""value"":""Doom Troopers"",""type"":""str"",""trackCount"":10,""memberPaths"":[""00-Title Screen.spc"",""01-Mission Briefing.spc"",""02-Select Character.spc"",""03-Venus.spc"",""04-Boss Battle.spc"",""05-Mercury.spc"",""06-Pluto.spc"",""07-Nero.spc"",""08-Victory!.spc"",""09-Game Over.spc""]}]"	0	0	10	0	[]	0	0
dtw.rsn	dtw.rsn	Down the World	55	"[{""value"":""Down the World"",""type"":""str"",""trackCount"":55,""memberPaths"":[""00-Love Theme ~ Now My Love.spc"",""01-Main Theme.spc"",""02-Blue Tears Knight.spc"",""03-Attack!.spc"",""04-Icy Cave.spc"",""05-Enemy Appears!.spc"",""06-Victory Fanfare.spc"",""07-The Old Priest.spc"",""08-Into a New World.spc"",""09-Human World.spc"",""10-Where is This.spc"",""11-Humanity.spc"",""12-Rock and Fire.spc"",""13-A Desert Town.spc"",""14-Sleep.spc"",""15-A Pub.spc"",""16-King Fishman.spc"",""17-Covert Meeting.spc"",""18-Haunted Forest.spc"",""19-Love Theme (Version 3).spc"",""20-Joshua's Theme.spc"",""21-Boss Battle.spc"",""22-Bell Bell, the Fairy.spc"",""23-Lost Smile.spc"",""24-Icy Future.spc"",""25-Sad Song.spc"",""26-Love Theme (Version 1).spc"",""27-Fire Dance.spc"",""28-A Snowy World No More.spc"",""29-Gacha, the Soldier.spc"",""30-Outside the Gate.spc"",""31-World of Wind and Fire.spc"",""32-Wind Town.spc"",""33-Long Time Ago.spc"",""34-Dungeon of Flames and Wind.spc"",""35-Red Blood Army.spc"",""36-Inside Wind Castle.spc"",""37-The Noblin Tribe.spc"",""38-Earthquake in Gasha Fort.spc"",""39-The Princess' Castle.spc"",""40-Ringing the Singing Handbell.spc"",""41-Underground Cave.spc"",""42-Secret of the Kingdom.spc"",""43-Chaloon (Bad Version).spc"",""44-Chaloon.spc"",""45-Great Witch Taama's House.spc"",""46-World of Darkness and Ruins.spc"",""47-Snowflakes in My Heart.spc"",""48-Battle at Demon Bridge.spc"",""49-Demon Battle.spc"",""50-Dead End Castle.spc"",""51-Last Battle.spc"",""52-Love Theme (Version 2).spc"",""53-Unknown Song.spc"",""54-Love Theme (Instrumental).spc""]}]"	55	0	0	0	"[{""value"":""Down The World Music Episode 1"",""type"":""str"",""trackCount"":26,""memberPaths"":[""00-Love Theme ~ Now My Love.spc"",""01-Main Theme.spc"",""02-Blue Tears Knight.spc"",""03-Attack!.spc"",""07-The Old Priest.spc"",""09-Human World.spc"",""16-King Fishman.spc"",""17-Covert Meeting.spc"",""20-Joshua's Theme.spc"",""22-Bell Bell, the Fairy.spc"",""23-Lost Smile.spc"",""25-Sad Song.spc"",""26-Love Theme (Version 1).spc"",""27-Fire Dance.spc"",""29-Gacha, the Soldier.spc"",""33-Long Time Ago.spc"",""35-Red Blood Army.spc"",""37-The Noblin Tribe.spc"",""41-Underground Cave.spc"",""42-Secret of the Kingdom.spc"",""44-Chaloon.spc"",""47-Snowflakes in My Heart.spc"",""49-Demon Battle.spc"",""50-Dead End Castle.spc"",""51-Last Battle.spc"",""52-Love Theme (Version 2).spc""]}]"	0	26
dv.rsn	dv.rsn	Dragon View (Drakkhen 2)	56	"[{""value"":""Dragon View"",""type"":""str"",""trackCount"":56,""memberPaths"":[""00-Kemco Logo.spc"",""01-Dragon View.spc"",""02-Peaceful Sunset.spc"",""03-Signs of Evil.spc"",""04-Master Qunos.spc"",""05-Foreboding Dungeon.spc"",""06-Danger! Beware!.spc"",""07-Despair.spc"",""08-Heaven's Blessing.spc"",""09-Close to Home.spc"",""10-Monster Attack!.spc"",""11-Hero's Requiem.spc"",""12-Village on the Plateau.spc"",""13-Friendly General Store.spc"",""14-Heated Battle.spc"",""15-Argos' Ambition.spc"",""16-Beware of Landslides.spc"",""17-Across the Vast Plains.spc"",""18-Bustling City Streets.spc"",""19-High Quality Merchandise.spc"",""20-Tale of a Broken Heart.spc"",""21-Rising Heat.spc"",""22-Raging Inferno.spc"",""23-Mysterious Cave.spc"",""24-Wanderer on the Holy Road.spc"",""25-Ice and Snow.spc"",""26-Frozen Corridors.spc"",""27-Priest of Keire.spc"",""28-Mountain Sanctuary.spc"",""29-Dark Priest.spc"",""30-Barren Land.spc"",""31-Ancient Desert Village.spc"",""32-Mystery of the Silent Sands.spc"",""33-Gods of Land and Sea.spc"",""34-Harsh Swamplands.spc"",""35-Old Mining Town.spc"",""36-Temple on the Lake.spc"",""37-The World's Sorrow.spc"",""38-Forgotten Ruins.spc"",""39-In the Catacombs.spc"",""40-Gateway to the Sky.spc"",""41-Top of the World.spc"",""42-World of Demons.spc"",""43-Dimensional Castle.spc"",""44-Giza's True Power.spc"",""45-Sara's Last Request.spc"",""46-Rejoice.spc"",""47-Destruction of the Castle.spc"",""48-The Prime Orb Reappears.spc"",""49-Marriage Proposal.spc"",""50-First King of Keire Island.spc"",""51-Treasure Chest.spc"",""52-Victory!.spc"",""53-The Horn.spc"",""54-The Horn ~ Song of Ortah.spc"",""55-Waterfall Ambience.spc""]}]"	0	0	56	0	[]	0	0
dvr.rsn	dvr.rsn	Road Runner's Death Valley Rally (US)	10	"[{""value"":""Road Runner's Death Valley Rally"",""type"":""str"",""trackCount"":10,""memberPaths"":[""00-Merrie Melodies Theme.spc"",""01-Death Valley Rally.spc"",""02-Zippity Splat.spc"",""03-Rock 'N' Rivet.spc"",""04-Train Runnery.spc"",""05-Hopalong Casualty.spc"",""06-Quantum Beep.spc"",""07-Blueprint Boogie.spc"",""08-That's All, Folks!.spc"",""09-Ahem.spc""]}]"	0	0	10	0	[]	0	0
dx.rsn	dx.rsn	Dracula X (Castlevania V - Vampire's Kiss)	20	"[{""value"":""Dracula X"",""type"":""str"",""trackCount"":20,""memberPaths"":[""00-Overture.spc"",""01-Map.spc"",""02-Bloodlines.spc"",""03-Vampire Hunter.spc"",""04-Bloody Tears.spc"",""05-Cemetery.spc"",""06-Opus 13.spc"",""07-Picture of the Ghost Ship.spc"",""08-Beginning.spc"",""09-Den.spc"",""10-Cerberus.spc"",""11-Boss.spc"",""12-Illusionary Dance.spc"",""13-Rescued.spc"",""14-Stage Clear.spc"",""15-Game Over.spc"",""16-Ending.spc"",""17-Staff Roll.spc"",""18-Chosen Fate.spc"",""19-Death of Richter.spc""]}]"	0	0	20	0	[]	0	0
eb.rsn	eb.rsn	Energy Breaker	49	"[{""value"":""Energy Breaker"",""type"":""str"",""trackCount"":49,""memberPaths"":[""00-Rising to the Rescue of his Land.spc"",""01-Voice of Awakening.spc"",""02-Ride the Wind.spc"",""03-The Flowers Have Bloomed.spc"",""04-Renewed Joy.spc"",""05-Newly-Settled Town.spc"",""06-The Guiding Fortuneteller.spc"",""07-The Place Illuminated by the Sunlight Filtered through Trees.spc"",""08-Scientist's Waltz.spc"",""09-Agreeable Disposition.spc"",""10-The Bottom of Cold Skies.spc"",""11-Aroma of Stew.spc"",""12-Runaway Train.spc"",""13-Death's Footfalls.spc"",""14-Those Dead and Rotting.spc"",""15-Wind that Whips the Wilderness.spc"",""16-Berserker.spc"",""17-Overflowing Power.spc"",""18-Young Prodigies.spc"",""19-Frozen Tombstone.spc"",""20-Burning Red-Hot for Someone's Sake.spc"",""21-Thoughts Unarrived 1.spc"",""22-Summoned One.spc"",""23-Feast for the Festival of Flames.spc"",""24-Calming Days.spc"",""25-The Future Century Approaching Dusk.spc"",""26-Golden-Colored Wind.spc"",""27-Memory.spc"",""28-The Sky's Brilliance.spc"",""29-Thoughts Unarrived 2.spc"",""30-Golden-Colored Friend.spc"",""31-Heroes' Adventure.spc"",""32-Mania of the Past.spc"",""33-To the Blue Horizon.spc"",""34-Broken-Hearted Ones.spc"",""35-Four Powers.spc"",""36-Those Which were Left Behind.spc"",""37-Collapse of the Cycle of Rebirth.spc"",""38-Those Who Unite the Bottom of the Earth.spc"",""39-Illegitimate Child.spc"",""40-The Ruins of the Rain.spc"",""41-Cursed Daybreak.spc"",""42-The Prayer Bells do not Toll.spc"",""43-Pontiff.spc"",""44-Grand Victory.spc"",""45-Only Pulifia Petals Fall.spc"",""46-Pulifia Flowers.spc"",""47-The Rest of the Story.spc"",""48-Loss of the Game.spc""]}]"	49	0	0	0	"[{""value"":""Energy Breaker Original Soundtrack (NACL-1242)"",""type"":""str"",""trackCount"":49,""memberPaths"":[""00-Rising to the Rescue of his Land.spc"",""01-Voice of Awakening.spc"",""02-Ride the Wind.spc"",""03-The Flowers Have Bloomed.spc"",""04-Renewed Joy.spc"",""05-Newly-Settled Town.spc"",""06-The Guiding Fortuneteller.spc"",""07-The Place Illuminated by the Sunlight Filtered through Trees.spc"",""08-Scientist's Waltz.spc"",""09-Agreeable Disposition.spc"",""10-The Bottom of Cold Skies.spc"",""11-Aroma of Stew.spc"",""12-Runaway Train.spc"",""13-Death's Footfalls.spc"",""14-Those Dead and Rotting.spc"",""15-Wind that Whips the Wilderness.spc"",""16-Berserker.spc"",""17-Overflowing Power.spc"",""18-Young Prodigies.spc"",""19-Frozen Tombstone.spc"",""20-Burning Red-Hot for Someone's Sake.spc"",""21-Thoughts Unarrived 1.spc"",""22-Summoned One.spc"",""23-Feast for the Festival of Flames.spc"",""24-Calming Days.spc"",""25-The Future Century Approaching Dusk.spc"",""26-Golden-Colored Wind.spc"",""27-Memory.spc"",""28-The Sky's Brilliance.spc"",""29-Thoughts Unarrived 2.spc"",""30-Golden-Colored Friend.spc"",""31-Heroes' Adventure.spc"",""32-Mania of the Past.spc"",""33-To the Blue Horizon.spc"",""34-Broken-Hearted Ones.spc"",""35-Four Powers.spc"",""36-Those Which were Left Behind.spc"",""37-Collapse of the Cycle of Rebirth.spc"",""38-Those Who Unite the Bottom of the Earth.spc"",""39-Illegitimate Child.spc"",""40-The Ruins of the Rain.spc"",""41-Cursed Daybreak.spc"",""42-The Prayer Bells do not Toll.spc"",""43-Pontiff.spc"",""44-Grand Victory.spc"",""45-Only Pulifia Petals Fall.spc"",""46-Pulifia Flowers.spc"",""47-The Rest of the Story.spc"",""48-Loss of the Game.spc""]}]"	0	49
ed.rsn	ed.rsn	Estpolis Denki (Lufia and the Fortress of Doom)	35	"[{""value"":""Estopolis Denki"",""type"":""str"",""trackCount"":35,""memberPaths"":[""00-Departure.spc"",""01-The Battle of the Island in the Void.spc"",""02-Last Battle.spc"",""03-The Spoils of War.spc"",""04-99 Years Later.spc"",""05-Town.spc"",""06-Shopping.spc"",""07-Good Night.spc"",""08-Pulifia Flowers.spc"",""09-Castle.spc"",""10-The Earth.spc"",""11-Battle #1.spc"",""12-Triumph.spc"",""13-Village.spc"",""14-Cave.spc"",""15-The Ruins of Dread.spc"",""16-Wave of Evil.spc"",""17-Battle #2.spc"",""18-Port Town.spc"",""19-Parting.spc"",""20-To a New World.spc"",""21-Tower.spc"",""22-Door for Journey.spc"",""23-Lairl Shaia Labs.spc"",""24-In the Ocean.spc"",""25-Silent Shrine.spc"",""26-Underground Market.spc"",""27-Spirits of Hades.spc"",""28-To the Sky.spc"",""29-The Island in the Void.spc"",""30-Four Mad Gods.spc"",""31-Battle #3.spc"",""32-Field Motif.spc"",""33-A Reunion. And.spc"",""34-Journey's End.spc""]}]"	0	0	35	0	"[{""value"":""Estopolis Denki (PCCB-00170)"",""type"":""str"",""trackCount"":35,""memberPaths"":[""00-Departure.spc"",""01-The Battle of the Island in the Void.spc"",""02-Last Battle.spc"",""03-The Spoils of War.spc"",""04-99 Years Later.spc"",""05-Town.spc"",""06-Shopping.spc"",""07-Good Night.spc"",""08-Pulifia Flowers.spc"",""09-Castle.spc"",""10-The Earth.spc"",""11-Battle #1.spc"",""12-Triumph.spc"",""13-Village.spc"",""14-Cave.spc"",""15-The Ruins of Dread.spc"",""16-Wave of Evil.spc"",""17-Battle #2.spc"",""18-Port Town.spc"",""19-Parting.spc"",""20-To a New World.spc"",""21-Tower.spc"",""22-Door for Journey.spc"",""23-Lairl Shaia Labs.spc"",""24-In the Ocean.spc"",""25-Silent Shrine.spc"",""26-Underground Market.spc"",""27-Spirits of Hades.spc"",""28-To the Sky.spc"",""29-The Island in the Void.spc"",""30-Four Mad Gods.spc"",""31-Battle #3.spc"",""32-Field Motif.spc"",""33-A Reunion. And.spc"",""34-Journey's End.spc""]}]"	0	35
ed2.rsn	ed2.rsn	Lufia 2 - Rise of the Sinistrals	63	"[{""value"":""Lufia 2"",""type"":""str"",""trackCount"":63,""memberPaths"":[""00-Time of Judgement.spc"",""01-Rumbling.spc"",""02-Start of the Journey.spc"",""03-Town.spc"",""04-Light Slumber.spc"",""05-The Earth.spc"",""06-Cave.spc"",""07-Battle #1.spc"",""08-Triumph.spc"",""09-Item.spc"",""10-Scenario Item.spc"",""11-Skill Item.spc"",""12-Comrade.spc"",""13-Peace of Mind.spc"",""14-Village.spc"",""15-Battle #2.spc"",""16-The Prophet.spc"",""17-Castle.spc"",""18-The Greatest Thieves in the World.spc"",""19-Labyrinth.spc"",""20-Capsule Monster.spc"",""21-Growth!.spc"",""22-Tower.spc"",""23-Door of Journey.spc"",""24-Shrine.spc"",""25-Despair.spc"",""26-Shudder.spc"",""27-The Strongest Man.spc"",""28-Parting.spc"",""29-Wedding Bells.spc"",""30-After the Ceremony.spc"",""31-Spring.spc"",""32-Summer.spc"",""33-Autumn.spc"",""34-Winter.spc"",""35-Port Town.spc"",""36-Towering Mountain.spc"",""37-Azure Ocean.spc"",""38-Flute of Sleepwalk.spc"",""39-Lexis Shaia Lab.spc"",""40-Casino.spc"",""41-Slot.spc"",""42-Big Game.spc"",""43-Hit!.spc"",""44-The Abysmal Depths of the Ocean.spc"",""45-The Quieting World.spc"",""46-To Those of the Azure Skies.spc"",""47-The Lost World.spc"",""48-Watchtowers of the Seal.spc"",""49-The Island in the Void.spc"",""50-Final Battle.spc"",""51-Four Gods.spc"",""52-Battle #3.spc"",""53-The Savior of Those on Earth.spc"",""54-To the Future.spc"",""55-Priphea Flowers.spc"",""56-Theme of Daos.spc"",""57-Mutation.spc"",""58-Casino Win.spc"",""59-Casino Lose.spc"",""60-Shock.spc"",""61-Puzzle Solved!.spc"",""62-Magical Energy.spc""]}]"	0	0	63	0	"[{""value"":""Estopolis Denki (PCCB-00170)"",""type"":""str"",""trackCount"":56,""memberPaths"":[""00-Time of Judgement.spc"",""01-Rumbling.spc"",""02-Start of the Journey.spc"",""03-Town.spc"",""04-Light Slumber.spc"",""05-The Earth.spc"",""06-Cave.spc"",""07-Battle #1.spc"",""08-Triumph.spc"",""09-Item.spc"",""10-Scenario Item.spc"",""11-Skill Item.spc"",""12-Comrade.spc"",""13-Peace of Mind.spc"",""14-Village.spc"",""15-Battle #2.spc"",""16-The Prophet.spc"",""17-Castle.spc"",""18-The Greatest Thieves in the World.spc"",""19-Labyrinth.spc"",""20-Capsule Monster.spc"",""21-Growth!.spc"",""22-Tower.spc"",""23-Door of Journey.spc"",""24-Shrine.spc"",""25-Despair.spc"",""26-Shudder.spc"",""27-The Strongest Man.spc"",""28-Parting.spc"",""29-Wedding Bells.spc"",""30-After the Ceremony.spc"",""31-Spring.spc"",""32-Summer.spc"",""33-Autumn.spc"",""34-Winter.spc"",""35-Port Town.spc"",""36-Towering Mountain.spc"",""37-Azure Ocean.spc"",""38-Flute of Sleepwalk.spc"",""39-Lexis Shaia Lab.spc"",""40-Casino.spc"",""41-Slot.spc"",""42-Big Game.spc"",""43-Hit!.spc"",""44-The Abysmal Depths of the Ocean.spc"",""45-The Quieting World.spc"",""46-To Those of the Azure Skies.spc"",""47-The Lost World.spc"",""48-Watchtowers of the Seal.spc"",""49-The Island in the Void.spc"",""50-Final Battle.spc"",""51-Four Gods.spc"",""52-Battle #3.spc"",""53-The Savior of Those on Earth.spc"",""54-To the Future.spc"",""55-Priphea Flowers.spc""]}]"	0	56
edf.rsn	edf.rsn	Super E.D.F. - Earth Defense Force	26	"[{""value"":""Super E.D.F. (American)"",""type"":""str"",""trackCount"":14,""memberPaths"":[""00-Opening.spc"",""01-Title.spc"",""02-Select Your Weapon.spc"",""03-First Encounter.spc"",""04-Midnight Intercept.spc"",""05-Naval Battle.spc"",""06-Sunlit a Colony.spc"",""07-Premonition.spc"",""08-Stage Clear.spc"",""09-Armed Satellite.spc"",""10-Boss Attack.spc"",""11-The Brave Wind.spc"",""12-Name Entry.spc"",""13-Unknown Song.spc""]},{""value"":""Super E.D.F. (Japanese)"",""type"":""str"",""trackCount"":12,""memberPaths"":[""14-Select Your Weapon.spc"",""15-First Encounter.spc"",""16-Midnight Intercept.spc"",""17-Naval Battle.spc"",""18-Sunlit a Colony.spc"",""19-Premonition.spc"",""20-Stage Clear.spc"",""21-Armed Satellite.spc"",""22-Boss Attack.spc"",""23-The Brave Wind.spc"",""24-Name Entry.spc"",""25-Unknown Song.spc""]}]"	0	0	26	0	[]	0	0
elf.rsn	elf.rsn	elfaria a fantastic theater (JP)	23	"[{""value"":""Elfaria"",""type"":""str"",""trackCount"":23,""memberPaths"":[""00-Elulu's Song.spc"",""01-Opening.spc"",""02-Pathos.spc"",""03-Zola's Theme.spc"",""04-Canana ~ Water Land.spc"",""05-Forestina ~ Earth Land.spc"",""06-Elfaria ~ Wind Land.spc"",""07-Dark Clouds.spc"",""08-Battle.spc"",""09-Market.spc"",""10-Grand Nature.spc"",""11-Cave.spc"",""12-The Past Elfaria.spc"",""13-The Storm to Come.spc"",""14-Boss Battle.spc"",""15-Chapter Boss.spc"",""16-Pageant.spc"",""17-Present Elfaria Again.spc"",""18-Battle with Zola.spc"",""19-Ending.spc"",""20-Fanfare.spc"",""21-Peace.spc"",""22-Victory.spc""]}]"	0	0	23	0	"[{""value"":""Elfaria Kumikyoku (FHCF-2073)"",""type"":""str"",""trackCount"":23,""memberPaths"":[""00-Elulu's Song.spc"",""01-Opening.spc"",""02-Pathos.spc"",""03-Zola's Theme.spc"",""04-Canana ~ Water Land.spc"",""05-Forestina ~ Earth Land.spc"",""06-Elfaria ~ Wind Land.spc"",""07-Dark Clouds.spc"",""08-Battle.spc"",""09-Market.spc"",""10-Grand Nature.spc"",""11-Cave.spc"",""12-The Past Elfaria.spc"",""13-The Storm to Come.spc"",""14-Boss Battle.spc"",""15-Chapter Boss.spc"",""16-Pageant.spc"",""17-Present Elfaria Again.spc"",""18-Battle with Zola.spc"",""19-Ending.spc"",""20-Fanfare.spc"",""21-Peace.spc"",""22-Victory.spc""]}]"	0	23
emd.rsn	emd.rsn	Emerald Dragon (JP)	57	"[{""value"":""Emerald Dragon"",""type"":""str"",""trackCount"":57,""memberPaths"":[""00-Opening Theme.spc"",""01-Title.spc"",""02-Prologue.spc"",""03-Rencontres.spc"",""04-After Fifteen Years.spc"",""05-Separation.spc"",""06-Fanfare 1.spc"",""07-Caverns and Forests.spc"",""08-Dungeon Battle.spc"",""09-Victory.spc"",""10-Fanfare 2.spc"",""11-Field.spc"",""12-Field Battle.spc"",""13-Town.spc"",""14-Shop.spc"",""15-House.spc"",""16-Good Night.spc"",""17-Dungeon 1.spc"",""18-Sentimental.spc"",""19-Boss Battle.spc"",""20-Castle.spc"",""21-Casino.spc"",""22-Bravery.spc"",""23-Dungeon 2.spc"",""24-Palace.spc"",""25-Tension.spc"",""26-Pleasure.spc"",""27-Deserted.spc"",""28-Magic.spc"",""29-Marching.spc"",""30-Last Words.spc"",""31-Battle with Zandigue.spc"",""32-Game Over.spc"",""33-Fact.spc"",""34-Punchline.spc"",""35-Suddenly.spc"",""36-Surprise.spc"",""37-Tense Moment.spc"",""38-Scream of Agony.spc"",""39-Atrucian.spc"",""40-Cure!.spc"",""41-Deathcry.spc"",""42-Dragon Change!.spc"",""43-Falna.spc"",""44-Ganbatte!.spc"",""45-Fofofofofofo.spc"",""46-Hahahahaha.spc"",""47-Hasram!.spc"",""48-Iyaaaaaaa!.spc"",""49-Kimi ha Boku ga Mamotte Miseru.spc"",""50-Kukukukuku.spc"",""51-Minna.spc"",""52-Ostrakon!.spc"",""53-Shina Naide!.spc"",""54-Tamlin.spc"",""55-Tatoe Kono Mi ga Kuchihate you to.spc"",""56-Yaman!.spc""]}]"	0	0	57	0	[]	0	0
esc.rsn	esc.rsn	Elite Soccer	45	"[{""value"":""Elite Soccer"",""type"":""str"",""trackCount"":37,""memberPaths"":[""00-Title Screen.spc"",""01-National Anthem of Argentina.spc"",""02-National Anthem of Australia.spc"",""03-National Anthem of Belgium.spc"",""04-National Anthem of Bolivia.spc"",""05-National Anthem of Brazil.spc"",""06-National Anthem of Bulgaria.spc"",""07-National Anthem of Cameroon.spc"",""08-National Anthem of Colombia.spc"",""09-National Anthem of England.spc"",""10-National Anthem of France.spc"",""11-National Anthem of Germany.spc"",""12-National Anthem of Greece.spc"",""13-National Anthem of Holland.spc"",""14-National Anthem of Italy.spc"",""15-National Anthem of Denmark.spc"",""16-National Anthem of Japan.spc"",""17-National Anthem of Mexico.spc"",""18-National Anthem of Morocco.spc"",""19-National Anthem of Northern Ireland.spc"",""20-National Anthem of Nigeria.spc"",""21-National Anthem of Norway.spc"",""22-National Anthem of the Republic of Ireland.spc"",""23-National Anthem of Romania.spc"",""24-National Anthem of Russia.spc"",""25-National Anthem of Saudi Arabia.spc"",""26-National Anthem of South Korea.spc"",""27-National Anthem of Scotland.spc"",""28-National Anthem of Spain.spc"",""29-National Anthem of Sweden.spc"",""30-National Anthem of Switzerland.spc"",""31-National Anthem of the United States.spc"",""32-National Anthem of Wales.spc"",""33-Begin Game.spc"",""34-Tournament Champions!.spc"",""35-Rage Squad's Main Theme.spc"",""36-Gametek's Main Theme.spc""]},{""value"":""World Cup Striker"",""type"":""str"",""trackCount"":8,""memberPaths"":[""37-Title Screen.spc"",""38-Tournament Champions!.spc"",""39-Rage Squad's Main Theme.spc"",""40-Elite's Main Theme.spc"",""41-Title Screen (Japanese).spc"",""42-Let's Play Japanese Soccer!.spc"",""43-National Anthem of Japan.spc"",""44-Coconuts Japan's Main Theme.spc""]}]"	37	0	8	0	[]	0	0
esf.rsn	esf.rsn	Emmitt Smith Football (US)	7	"[{""value"":""Emmitt Smith Football"",""type"":""str"",""trackCount"":7,""memberPaths"":[""00-Title Screen.spc"",""01-Current Status.spc"",""02-Do the Techno Dance!.spc"",""03-Staff Roll.spc"",""04-Whistle & Crowd Cheer.spc"",""05-Ouch!.spc"",""06-Hut!.spc""]}]"	0	0	7	0	[]	0	0
esprk.rsn	esprk.rsn	Esparks - Ijikuu kara no Raihousha (JP)	26	"[{""value"":""Esparks: Ijikuu kara no Raihoush"",""type"":""str"",""trackCount"":26,""memberPaths"":[""00-Title Screen.spc"",""01-Sweet Home.spc"",""02-Hello! Wake Up.spc"",""03-In Deep.spc"",""04-Steal Into A Dusk.spc"",""05-In Spring.spc"",""06-The Past In Featuer.spc"",""07-Defeated.spc"",""08-The Forbidden Cave.spc"",""09-Absolutely Fantastic.spc"",""10-Pugna Decretoria.spc"",""11-Fanfare.spc"",""12-Shira's Melody.spc"",""13-Dry Corridor.spc"",""14-Salve!!.spc"",""15-B King.spc"",""16-Hagu! Hagu! Hagu!.spc"",""17-The Rover.spc"",""18-I Feel Wind.spc"",""19-Blitz Tactics.spc"",""20-Strange Land.spc"",""21-Empty Heart.spc"",""22-All Is Well That Ends Well.spc"",""23-See You Later.spc"",""24-Get Something Jingle.spc"",""25-Magic.spc""]}]"	0	0	26	0	[]	0	0
espw.rsn	espw.rsn	ESPN Speedworld (US)	13	"[{""value"":""ESPN Speedworld"",""type"":""str"",""trackCount"":13,""memberPaths"":[""00-Main Menu.spc"",""01-Unknown Song.spc"",""02-ESPN Speedworld Logo (part 1).spc"",""03-ESPN Speedworld Logo (part 2).spc"",""04-Applause.spc"",""05-Welcome to ESPN Speedworld.spc"",""06-Here are the Official Race Results.spc"",""07-There Should Be Lots of Contact.spc"",""08-Here are the Current Season Standings.spc"",""09-You Can Expect Fast Racing.spc"",""10-The Drivers All Around the Building.spc"",""11-It Was an Extremely Impressive Victory.spc"",""12-Here are the Final Season Standings.spc""]}]"	0	0	13	0	[]	0	0
est2p.rsn	est2p.rsn	Estpolis Denki 2 (Lufia 2) Prototype	57	"[{""value"":""Estpolis Denki 2 Prototype"",""type"":""str"",""trackCount"":57,""memberPaths"":[""00-Time of Judgement.spc"",""01-Rumbling.spc"",""02-Start of the Journey.spc"",""03-Town.spc"",""04-Light Slumber.spc"",""05-The Earth.spc"",""06-Cave.spc"",""07-Battle #1.spc"",""08-Triumph.spc"",""09-Item.spc"",""10-Scenario Item.spc"",""11-Skill Item.spc"",""12-Comrade.spc"",""13-Peace of Mind.spc"",""14-Village.spc"",""15-Battle #2.spc"",""16-Castle.spc"",""17-The Greatest Thieves in the World.spc"",""18-Labyrinth.spc"",""19-Capsule Monster.spc"",""20-Tower.spc"",""21-Door of Journey.spc"",""22-Shrine.spc"",""23-Despair.spc"",""24-The Strongest Man.spc"",""25-Parting.spc"",""26-Wedding Bells.spc"",""27-After the Ceremony.spc"",""28-Spring.spc"",""29-Summer.spc"",""30-Autumn.spc"",""31-Winter.spc"",""32-Port Town.spc"",""33-Towering Mountain.spc"",""34-Azure Ocean.spc"",""35-Lexis Shaia Lab.spc"",""36-Casino.spc"",""37-Slot.spc"",""38-Big Game.spc"",""39-Hit!.spc"",""40-The Abysmal Depths of the Ocean.spc"",""41-The Quieting World.spc"",""42-To Those of the Azure Skies.spc"",""43-Watchtowers of the Seal.spc"",""44-The Island in the Void.spc"",""45-Final Battle.spc"",""46-Four Gods.spc"",""47-Battle #3.spc"",""48-Grief.spc"",""49-To the Future.spc"",""50-Priphea Flowers.spc"",""51-Theme of Daos.spc"",""52-Field Motif.spc"",""53-Panic.spc"",""54-Shock.spc"",""55-Casino Win.spc"",""56-Casino Lose.spc""]}]"	0	0	57	0	[]	0	0
evo.rsn	evo.rsn	E.V.O. - Search for Eden	41	"[{""value"":""E.V.O.: Search for Eden"",""type"":""str"",""trackCount"":41,""memberPaths"":[""00-The Origin of Gaia.spc"",""01-Earth's Overture.spc"",""02-Mother Earth.spc"",""03-Beginning of an Era.spc"",""04-Ever-Changing World.spc"",""05-Birthplace of All Life.spc"",""06-Undersea Maze.spc"",""07-Tension.spc"",""08-Intrigue.spc"",""09-Masters of Land, Sea, and Sky.spc"",""10-Treasure.spc"",""11-Great Achievement.spc"",""12-New Destinations.spc"",""13-Time Transporter.spc"",""14-Evolution.spc"",""15-Advice.spc"",""16-Whispers From Above.spc"",""17-Amphibians' Land.spc"",""18-Intimidation.spc"",""19-Cry for the Past.spc"",""20-Gaia's Warning.spc"",""21-Game Over.spc"",""22-Foreboding Desert.spc"",""23-Door to Dina Continent.spc"",""24-Dinosaur Domain.spc"",""25-Scaling Mt. Brave.spc"",""26-Peaceful Space.spc"",""27-Extinction.spc"",""28-Decline of Evolution.spc"",""29-A Glimpse into the Future.spc"",""30-Forest Ambience.spc"",""31-The Dino People.spc"",""32-Bolbox ~ Unnatural Threat.spc"",""33-Fated Arrival at Eden.spc"",""34-Staff Roll.spc"",""35-Unused Song 1.spc"",""36-Unused Song 2.spc"",""37-Unused Jingle 1.spc"",""38-Unused Jingle 2.spc"",""39-Unused Jingle 3.spc"",""40-Unused Jingle 4.spc""]}]"	0	0	41	0	[]	0	0
f1gp.rsn	f1gp.rsn	F-1 Grand Prix (JP)	17	"[{""value"":""F-1 Grand Prix"",""type"":""str"",""trackCount"":17,""memberPaths"":[""00-Boom.spc"",""01-Truth.spc"",""02-Menu.spc"",""03-Qualify.spc"",""04-Grid.spc"",""05-Street Course.spc"",""06-Technical Course.spc"",""07-High Speed Course.spc"",""08-Result.spc"",""09-Podium.spc"",""10-Staff Roll.spc"",""11-Ending.spc"",""12-Course Selected.spc"",""13-Retire (Qualify).spc"",""14-Retire (Final).spc"",""15-Goal (Free Run).spc"",""16-F-1 Grand Prix!!!.spc""]}]"	0	0	17	0	[]	0	0
f1gp2.rsn	f1gp2.rsn	F-1 Grand Prix - Part II (JP)	13	"[{""value"":""F-1 Grand Prix Part II"",""type"":""str"",""trackCount"":13,""memberPaths"":[""00-Truth.spc"",""01-In This Country.spc"",""02-Story Game.spc"",""03-World Game.spc"",""04-Street Course.spc"",""05-Technical Course.spc"",""06-High Speed Course.spc"",""07-Middle Speed Course.spc"",""08-Qualify.spc"",""09-Goal.spc"",""10-Retire.spc"",""11-Grid.spc"",""12-Result.spc""]}]"	0	0	13	0	[]	0	0
f1gp3.rsn	f1gp3.rsn	F-1 Grand Prix - Part III (JP)	14	"[{""value"":""F-1 Grand Prix Part III"",""type"":""str"",""trackCount"":14,""memberPaths"":[""00-Truth.spc"",""01-Select.spc"",""02-Qualify.spc"",""03-Grid.spc"",""04-Middle Speed Course.spc"",""05-High Speed Course.spc"",""06-Technical Course.spc"",""07-City Course.spc"",""08-Best Time.spc"",""09-Goal.spc"",""10-Result.spc"",""11-Retire.spc"",""12-Story Mode.spc"",""13-Ending.spc""]}]"	0	0	14	0	[]	0	0
f97gb.rsn	f97gb.rsn	FIFA Soccer '97 (Super Gameboy)	6	"[{""value"":""FIFA Soccer '97"",""type"":""str"",""trackCount"":6,""memberPaths"":[""00-Welcome to FIFA '97.spc"",""01-Menu.spc"",""02-Victory.spc"",""03-Game Over.spc"",""04-Unknown Song 1.spc"",""05-Unknown Song 2.spc""]}]"	0	0	6	0	[]	0	0
f98gb.rsn	f98gb.rsn	FIFA Soccer '98 (Super Gameboy)	7	"[{""value"":""FIFA Soccer '98"",""type"":""str"",""trackCount"":7,""memberPaths"":[""00-Main Theme.spc"",""01-Menu.spc"",""02-Lose.spc"",""03-Win.spc"",""04-Unknown Song 1.spc"",""05-Unknown Song 2.spc"",""06-Unknown Song 3.spc""]}]"	0	0	7	0	[]	0	0
fb.rsn	fb.rsn	Faceball 2000 (US)	11	"[{""value"":""Faceball 2000"",""type"":""str"",""trackCount"":11,""memberPaths"":[""00-Title Screen.spc"",""01-City Zone.spc"",""02-Desert Zone.spc"",""03-Asteroid Zone.spc"",""04-Ice Zone.spc"",""05-Space Zone.spc"",""06-Mars Zone.spc"",""07-Last Areas.spc"",""08-Stage Clear.spc"",""09-Ending.spc"",""10-Game Over.spc""]}]"	0	0	11	0	[]	0	0
fdogs.rsn	fdogs.rsn	Ren & Stimpy Show - Fire Dogs	8	"[{""value"":""Ren & Stimpy Show: Fire Dogs"",""type"":""str"",""trackCount"":8,""memberPaths"":[""00-Main Theme.spc"",""01-Password.spc"",""02-Weekday Announcement.spc"",""03-Fire Station.spc"",""04-On the Job.spc"",""05-Game Over.spc"",""06-Score Display.spc"",""07-Ending.spc""]}]"	0	0	8	0	[]	0	0
fe3.rsn	fe3.rsn	Fire Emblem - Monshou no Nazo (JP)	87	"[{""value"":""Fire Emblem 3"",""type"":""str"",""trackCount"":87,""memberPaths"":[""00-Opening Theme ~ Mystery of the Emblem.spc"",""01-Tapestry ~ Naga's Elegy.spc"",""02-Main Theme ~ Fire Emblem.spc"",""03-Akanea's Anthem.spc"",""04-Mystery of the Emblem.spc"",""05-Starting a New Journey.spc"",""06-War of Heroes.spc"",""07-Dragon's Altar.spc"",""08-March.spc"",""09-Invasion.spc"",""10-Liberation.spc"",""11-Holy War.spc"",""12-Victory is Ours.spc"",""13-Rebellion.spc"",""14-For Whose Sake.spc"",""15-Attack.spc"",""16-Defending.spc"",""17-Hold Ground.spc"",""18-Dancer.spc"",""19-Feena.spc"",""20-Dark Emperor.spc"",""21-Dark Earth Dragon.spc"",""22-Off to War.spc"",""23-Destiny.spc"",""24-Conspiracy.spc"",""25-Different World.spc"",""26-Love Theme.spc"",""27-Encounter Theme.spc"",""28-Ricard.spc"",""29-Victory.spc"",""30-Evil Ones.spc"",""31-God Dragon Legend 1.spc"",""32-God Dragon Legend 2.spc"",""33-Village Girl.spc"",""34-Sad Villager.spc"",""35-Ending.spc"",""36-Ending Medley.spc"",""37-Epilogue.spc"",""38-The Dark Dragon and the Sword of Light.spc"",""39-The Way Back Home.spc"",""40-Combat Mission.spc"",""41-Under This Flag.spc"",""42-Army of Darkness.spc"",""43-Village 1.spc"",""44-Village 2.spc"",""45-Weapon Shop.spc"",""46-Victory is Ours.spc"",""47-Battle.spc"",""48-Crisis.spc"",""49-Powerful Enemy.spc"",""50-Death.spc"",""51-Victory 1.spc"",""52-Record.spc"",""53-Theme of Encounter.spc"",""54-Victory 2.spc"",""55-Competition Arena.spc"",""56-Healer's House.spc"",""57-Great Wise Man.spc"",""58-Dark War.spc"",""59-Chosen People.spc"",""60-Dorua.spc"",""61-Mediusu.spc"",""62-Epilogue.spc"",""63-Fate of Fire Emblem.spc"",""64-Ending Medley.spc"",""65-The End.spc"",""66-Hardain's Way.spc"",""67-Those Who Obstruct.spc"",""68-And.spc"",""69-A Soldier's Requiem.spc"",""70-History of Akaneia World Creation.spc"",""71-A Soldier's Prelude.spc"",""72-Legend of Dragon ~ Music Box.spc"",""73-Level Up!.spc"",""74-Unit Change.spc"",""75-Breaking Weapon.spc"",""76-Scepter of Life.spc"",""77-White Magic (Recovery).spc"",""78-White Magic (Special).spc"",""79-White Magic (Other).spc"",""80-White Magic (Omu).spc"",""81-Black Magic (Mafu).spc"",""82-Black Magic (Star Light).spc"",""83-Treasure Box Acquisition.spc"",""84-Shield of Seal.spc"",""85-Important Item Acquisition.spc"",""86-Wall! Stairway!.spc""]}]"	0	0	87	0	"[{""value"":""Fire Emblem Sound Memorium (PCCN-02500)"",""type"":""str"",""trackCount"":38,""memberPaths"":[""00-Opening Theme ~ Mystery of the Emblem.spc"",""01-Tapestry ~ Naga's Elegy.spc"",""02-Main Theme ~ Fire Emblem.spc"",""03-Akanea's Anthem.spc"",""04-Mystery of the Emblem.spc"",""05-Starting a New Journey.spc"",""06-War of Heroes.spc"",""07-Dragon's Altar.spc"",""08-March.spc"",""09-Invasion.spc"",""10-Liberation.spc"",""11-Holy War.spc"",""12-Victory is Ours.spc"",""13-Rebellion.spc"",""14-For Whose Sake.spc"",""15-Attack.spc"",""16-Defending.spc"",""17-Hold Ground.spc"",""18-Dancer.spc"",""19-Feena.spc"",""20-Dark Emperor.spc"",""21-Dark Earth Dragon.spc"",""22-Off to War.spc"",""23-Destiny.spc"",""24-Conspiracy.spc"",""25-Different World.spc"",""26-Love Theme.spc"",""27-Encounter Theme.spc"",""28-Ricard.spc"",""29-Victory.spc"",""30-Evil Ones.spc"",""31-God Dragon Legend 1.spc"",""32-God Dragon Legend 2.spc"",""33-Village Girl.spc"",""34-Sad Villager.spc"",""35-Ending.spc"",""36-Ending Medley.spc"",""37-Epilogue.spc""]}]"	0	38
fe4.rsn	fe4.rsn	Fire Emblem - Genealogy of Holy-War	127	"[{""value"":""Fire Emblem 4"",""type"":""str"",""trackCount"":127,""memberPaths"":[""00-The Beginning.spc"",""01-The Theme of Fire Emblem.spc"",""02-The Theme of Fire Emblem (Title before game clear).spc"",""03-The History of Jugdral Continent.spc"",""04-The Glory of Grandbell.spc"",""05-Prologue Birth of the Holy Knight.spc"",""06-Chapter 1 The Girl from the Spirit-Forest.spc"",""07-Chapter 2 Disturbance in Agustria.spc"",""08-Chapter 3 Lion King Eltosian.spc"",""09-Chapter 4 Dance by the Sky.spc"",""10-Flow of Time.spc"",""100-Selis' Theme (Ending).spc"",""101-Selis' Theme (Normal).spc"",""102-A Time of Sadness 1.spc"",""103-A Time of Sadness 2 (Game Over).spc"",""104-The Golden Axe, The Silver Axe~~ (Sound of Water).spc"",""105-The Golden Axe, The Silver Axe~~.spc"",""106-Wandering Feelings.spc"",""107-Agustria Castle.spc"",""108-Silesia Castle.spc"",""109-Manster Castle.spc"",""11-Chapter 5 The Gate of Destiny.spc"",""110-Isaac Castle.spc"",""111-New Thracia Castle.spc"",""112-Verdane Castle.spc"",""113-Yungvy Castle.spc"",""114-Fridge Castle.spc"",""115-Dozel Castle.spc"",""116-Edda Castle.spc"",""117-Velthomer Castle.spc"",""118-Chalphy Castle.spc"",""119-The Warrior of the Wind.spc"",""12-Conspiracy.spc"",""120-Part 1 Ending Theme.spc"",""121-Castle Captured.spc"",""122-Receive Item.spc"",""123-Level up.spc"",""124-Item Lost.spc"",""125-Receive Money.spc"",""126-Receive Book of Naga.spc"",""13-Loved One.spc"",""14-A Disappointing Outcome.spc"",""15-Time to Attack.spc"",""16-Chapter 6 Inheritor of the Light.spc"",""17-Chapter 7 Across the Desert.spc"",""18-Chapter 8 The Dragon Knight of Thracia.spc"",""19-Chapter 9 Kingdom of Thracia.spc"",""20-Chapter 10 Light and Darkness.spc"",""21-To the One with the Light.spc"",""22-Final Chapter The Final Holy-war (Chapter begins).spc"",""23-Final Chapter The Final Holy-war (Turn begins).spc"",""24-The Continent, Thereafter.spc"",""25-The Arrival of Peace (Rank A).spc"",""26-The Arrival of Peace (Normal).spc"",""27-Music Box.spc"",""28-Ending Ballade.spc"",""29-Close to Victory.spc"",""30-Army of Verdane.spc"",""31-Army of Agustria.spc"",""32-Army of Agustria (Pirates) (Army of Ogrehill).spc"",""33-Army of Silesia.spc"",""34-Army of Yied.spc"",""35-Army of Isaac.spc"",""36-Army of Manster.spc"",""37-Army of Thracia.spc"",""38-Army of Miletos.spc"",""39-Army of Grandbell 1.spc"",""40-Army of Grandbell 2.spc"",""41-The Allied Forces.spc"",""42-Neutral Forces.spc"",""43-Allies' Attack.spc"",""44-Enemys' Attack.spc"",""45-Intermediate Boss.spc"",""46-Grudge Match.spc"",""47-Alliance Between Enemies.spc"",""48-Versus Alvis.spc"",""49-Versus Yurius.spc"",""50-Dancer Fights.spc"",""51-Dancer Cheers.spc"",""52-White Magic.spc"",""53-Valkyrie's Staff.spc"",""54-Level up!.spc"",""55-Change Class.spc"",""56-Colosseum (Murmur).spc"",""57-Colosseum (Reception).spc"",""58-Colosseum (The Match).spc"",""59-The City of Verdane.spc"",""60-The City of Grandbell.spc"",""61-The City of Agustria.spc"",""62-The City of Silesia.spc"",""63-The City of Isaac.spc"",""64-The City of Yied.spc"",""65-The City of Manster.spc"",""66-The City of Thracia.spc"",""67-The City of Miletos.spc"",""68-Crisis 1.spc"",""69-Crisis 2.spc"",""70-Another Assault.spc"",""71-The Final Challenge Assault.spc"",""72-Victory 1 (End of map).spc"",""73-Victory 1 (Castle of Revo captured).spc"",""74-Victory 1 (Normal).spc"",""75-Victory 2.spc"",""76-Enemy Message 1.spc"",""77-Enemy Message 2.spc"",""78-Enemy Message 3.spc"",""79-Emperor Alvis.spc"",""80-Ropto.spc"",""81-New Allies.spc"",""82-Yurius.spc"",""83-The Dumb Soldiers.spc"",""84-Deu and Pati.spc"",""85-Lover 1.spc"",""86-Lover 2.spc"",""87-Lover 3.spc"",""88-Lover 4.spc"",""89-Conversation 1.spc"",""90-Conversation 2.spc"",""91-Telling the Legend.spc"",""92-Destiny 1.spc"",""93-Destiny 2.spc"",""94-Destiny 3.spc"",""95-Levin Speaks.spc"",""96-Tinny's Theme.spc"",""97-Edin's Theme.spc"",""98-Diadora's Theme.spc"",""99-Yuria's Theme.spc""]}]"	0	0	127	0	"[{""value"":""Fire Emblem: The Genealogy of Holy War Original Soundtrack (PSCN-5054~6)"",""type"":""str"",""trackCount"":121,""memberPaths"":[""00-The Beginning.spc"",""01-The Theme of Fire Emblem.spc"",""02-The Theme of Fire Emblem (Title before game clear).spc"",""03-The History of Jugdral Continent.spc"",""04-The Glory of Grandbell.spc"",""05-Prologue Birth of the Holy Knight.spc"",""06-Chapter 1 The Girl from the Spirit-Forest.spc"",""07-Chapter 2 Disturbance in Agustria.spc"",""08-Chapter 3 Lion King Eltosian.spc"",""09-Chapter 4 Dance by the Sky.spc"",""10-Flow of Time.spc"",""100-Selis' Theme (Ending).spc"",""101-Selis' Theme (Normal).spc"",""102-A Time of Sadness 1.spc"",""103-A Time of Sadness 2 (Game Over).spc"",""104-The Golden Axe, The Silver Axe~~ (Sound of Water).spc"",""105-The Golden Axe, The Silver Axe~~.spc"",""106-Wandering Feelings.spc"",""107-Agustria Castle.spc"",""108-Silesia Castle.spc"",""109-Manster Castle.spc"",""11-Chapter 5 The Gate of Destiny.spc"",""110-Isaac Castle.spc"",""111-New Thracia Castle.spc"",""112-Verdane Castle.spc"",""113-Yungvy Castle.spc"",""114-Fridge Castle.spc"",""115-Dozel Castle.spc"",""116-Edda Castle.spc"",""117-Velthomer Castle.spc"",""118-Chalphy Castle.spc"",""119-The Warrior of the Wind.spc"",""12-Conspiracy.spc"",""120-Part 1 Ending Theme.spc"",""13-Loved One.spc"",""14-A Disappointing Outcome.spc"",""15-Time to Attack.spc"",""16-Chapter 6 Inheritor of the Light.spc"",""17-Chapter 7 Across the Desert.spc"",""18-Chapter 8 The Dragon Knight of Thracia.spc"",""19-Chapter 9 Kingdom of Thracia.spc"",""20-Chapter 10 Light and Darkness.spc"",""21-To the One with the Light.spc"",""22-Final Chapter The Final Holy-war (Chapter begins).spc"",""23-Final Chapter The Final Holy-war (Turn begins).spc"",""24-The Continent, Thereafter.spc"",""25-The Arrival of Peace (Rank A).spc"",""26-The Arrival of Peace (Normal).spc"",""27-Music Box.spc"",""28-Ending Ballade.spc"",""29-Close to Victory.spc"",""30-Army of Verdane.spc"",""31-Army of Agustria.spc"",""32-Army of Agustria (Pirates) (Army of Ogrehill).spc"",""33-Army of Silesia.spc"",""34-Army of Yied.spc"",""35-Army of Isaac.spc"",""36-Army of Manster.spc"",""37-Army of Thracia.spc"",""38-Army of Miletos.spc"",""39-Army of Grandbell 1.spc"",""40-Army of Grandbell 2.spc"",""41-The Allied Forces.spc"",""42-Neutral Forces.spc"",""43-Allies' Attack.spc"",""44-Enemys' Attack.spc"",""45-Intermediate Boss.spc"",""46-Grudge Match.spc"",""47-Alliance Between Enemies.spc"",""48-Versus Alvis.spc"",""49-Versus Yurius.spc"",""50-Dancer Fights.spc"",""51-Dancer Cheers.spc"",""52-White Magic.spc"",""53-Valkyrie's Staff.spc"",""54-Level up!.spc"",""55-Change Class.spc"",""56-Colosseum (Murmur).spc"",""57-Colosseum (Reception).spc"",""58-Colosseum (The Match).spc"",""59-The City of Verdane.spc"",""60-The City of Grandbell.spc"",""61-The City of Agustria.spc"",""62-The City of Silesia.spc"",""63-The City of Isaac.spc"",""64-The City of Yied.spc"",""65-The City of Manster.spc"",""66-The City of Thracia.spc"",""67-The City of Miletos.spc"",""68-Crisis 1.spc"",""69-Crisis 2.spc"",""70-Another Assault.spc"",""71-The Final Challenge Assault.spc"",""72-Victory 1 (End of map).spc"",""73-Victory 1 (Castle of Revo captured).spc"",""74-Victory 1 (Normal).spc"",""75-Victory 2.spc"",""76-Enemy Message 1.spc"",""77-Enemy Message 2.spc"",""78-Enemy Message 3.spc"",""79-Emperor Alvis.spc"",""80-Ropto.spc"",""81-New Allies.spc"",""82-Yurius.spc"",""83-The Dumb Soldiers.spc"",""84-Deu and Pati.spc"",""85-Lover 1.spc"",""86-Lover 2.spc"",""87-Lover 3.spc"",""88-Lover 4.spc"",""89-Conversation 1.spc"",""90-Conversation 2.spc"",""91-Telling the Legend.spc"",""92-Destiny 1.spc"",""93-Destiny 2.spc"",""94-Destiny 3.spc"",""95-Levin Speaks.spc"",""96-Tinny's Theme.spc"",""97-Edin's Theme.spc"",""98-Diadora's Theme.spc"",""99-Yuria's Theme.spc""]}]"	0	121
feoez.rsn	feoez.rsn	Tengai Makyo Zero (Far East of Eden Zero)	92	"[{""value"":""Tengai Makyo Zero"",""type"":""str"",""trackCount"":92,""memberPaths"":[""00-Overture.spc"",""01-Zero's Theme.spc"",""02-Cursed Coronation.spc"",""03-Swarming Hesitation.spc"",""04-The Broken Seal.spc"",""05-Peaceful Village.spc"",""06-Cave of Monsters.spc"",""07-Infernal Army Corps.spc"",""08-Happy Wise Men.spc"",""09-Wise Man's Ordeal.spc"",""10-Town Under Attack ~ Disaster.spc"",""11-Confrontation ~ Infernal Captain.spc"",""12-Higan's Sadness.spc"",""13-Higan's Theme.spc"",""14-Overworld.spc"",""15-Hitachi Town.spc"",""16-Eternal Fire.spc"",""17-In the Cellar.spc"",""18-Hisui's Theme.spc"",""19-Manor of Frozen Monsters.spc"",""20-Goodbye... ~ To Subaru.spc"",""21-City of Evil Souls.spc"",""22-Akamaru's Theme.spc"",""23-Subaru's Theme.spc"",""24-Akamaru's Counterattack.spc"",""25-Peacock King.spc"",""26-Subaru's Smile.spc"",""27-Wonderful Streets.spc"",""28-Dark Warrior ~ Shiranui.spc"",""29-This is the Festival!.spc"",""30-Animal Gods' Theme.spc"",""31-Sand Rats.spc"",""32-Dark Town.spc"",""33-The Desert's Spring.spc"",""34-Tenjin's Theme.spc"",""35-Tower of Bloody Fights.spc"",""36-Tangible Fear.spc"",""37-Science is Omnipotent.spc"",""38-Great Power.spc"",""39-Demon Ma-Shin.spc"",""40-Mysterious Hill.spc"",""41-Memory ~ Seperation with Mizuki.spc"",""42-Mizuki's Theme.spc"",""43-The Ship with Scales.spc"",""44-Elegant Ladies.spc"",""45-Hurry.spc"",""46-Game.spc"",""47-Let's Play!.spc"",""48-A Crab!.spc"",""49-Stupidity's Theme.spc"",""50-Betrayed Friendship.spc"",""51-Faded Neon.spc"",""52-Welcome to Akamaru City!.spc"",""53-Justice is with Me!.spc"",""54-Gates of Hell.spc"",""55-Sacred Place.spc"",""56-Born with a Sword, Dead by a Sword.spc"",""57-Castle of Dragon King.spc"",""58-Terrestrial God ~ Ninigi.spc"",""59-Kokubyak.spc"",""60-King of Hell.spc"",""61-Tenjin's Resolution.spc"",""62-Sadness and Anger.spc"",""63-The Master of the Flying Ship.spc"",""64-The Flying Ship.spc"",""65-Let's Go to Takamagahara.spc"",""66-Takamagahara Village.spc"",""67-Subaru's Plea.spc"",""68-Heavenly God ~ Aguni.spc"",""69-Into the Corridors of Heaven ~ Aguni's Ordeal.spc"",""70-Hero of Fire ~ Higan.spc"",""71-Whirlpool of Darkness.spc"",""72-To Hell.spc"",""73-The Final Battle.spc"",""74-The Two Mirrors.spc"",""75-To a New Future.spc"",""76-Tengai Makyo Theater.spc"",""77-Wind.spc"",""78-Good Night.spc"",""79-Member Joined.spc"",""80-Victory Fanfare.spc"",""81-Got Item.spc"",""82-Got Ability.spc"",""83-Got Important Item.spc"",""84-Important Event.spc"",""85-Beautiful Women.spc"",""86-Hermit's Trumpet.spc"",""87-Crane Women.spc"",""88-Tenjin's Flute.spc"",""89-Super Manikin 3 Introduction.spc"",""90-Jingle Bells.spc"",""91-Tenjin's Table Toss.spc""]}]"	0	0	92	0	"[{""value"":""Tengai Makyo Zero Digital Remix"",""type"":""str"",""trackCount"":92,""memberPaths"":[""00-Overture.spc"",""01-Zero's Theme.spc"",""02-Cursed Coronation.spc"",""03-Swarming Hesitation.spc"",""04-The Broken Seal.spc"",""05-Peaceful Village.spc"",""06-Cave of Monsters.spc"",""07-Infernal Army Corps.spc"",""08-Happy Wise Men.spc"",""09-Wise Man's Ordeal.spc"",""10-Town Under Attack ~ Disaster.spc"",""11-Confrontation ~ Infernal Captain.spc"",""12-Higan's Sadness.spc"",""13-Higan's Theme.spc"",""14-Overworld.spc"",""15-Hitachi Town.spc"",""16-Eternal Fire.spc"",""17-In the Cellar.spc"",""18-Hisui's Theme.spc"",""19-Manor of Frozen Monsters.spc"",""20-Goodbye... ~ To Subaru.spc"",""21-City of Evil Souls.spc"",""22-Akamaru's Theme.spc"",""23-Subaru's Theme.spc"",""24-Akamaru's Counterattack.spc"",""25-Peacock King.spc"",""26-Subaru's Smile.spc"",""27-Wonderful Streets.spc"",""28-Dark Warrior ~ Shiranui.spc"",""29-This is the Festival!.spc"",""30-Animal Gods' Theme.spc"",""31-Sand Rats.spc"",""32-Dark Town.spc"",""33-The Desert's Spring.spc"",""34-Tenjin's Theme.spc"",""35-Tower of Bloody Fights.spc"",""36-Tangible Fear.spc"",""37-Science is Omnipotent.spc"",""38-Great Power.spc"",""39-Demon Ma-Shin.spc"",""40-Mysterious Hill.spc"",""41-Memory ~ Seperation with Mizuki.spc"",""42-Mizuki's Theme.spc"",""43-The Ship with Scales.spc"",""44-Elegant Ladies.spc"",""45-Hurry.spc"",""46-Game.spc"",""47-Let's Play!.spc"",""48-A Crab!.spc"",""49-Stupidity's Theme.spc"",""50-Betrayed Friendship.spc"",""51-Faded Neon.spc"",""52-Welcome to Akamaru City!.spc"",""53-Justice is with Me!.spc"",""54-Gates of Hell.spc"",""55-Sacred Place.spc"",""56-Born with a Sword, Dead by a Sword.spc"",""57-Castle of Dragon King.spc"",""58-Terrestrial God ~ Ninigi.spc"",""59-Kokubyak.spc"",""60-King of Hell.spc"",""61-Tenjin's Resolution.spc"",""62-Sadness and Anger.spc"",""63-The Master of the Flying Ship.spc"",""64-The Flying Ship.spc"",""65-Let's Go to Takamagahara.spc"",""66-Takamagahara Village.spc"",""67-Subaru's Plea.spc"",""68-Heavenly God ~ Aguni.spc"",""69-Into the Corridors of Heaven ~ Aguni's Ordeal.spc"",""70-Hero of Fire ~ Higan.spc"",""71-Whirlpool of Darkness.spc"",""72-To Hell.spc"",""73-The Final Battle.spc"",""74-The Two Mirrors.spc"",""75-To a New Future.spc"",""76-Tengai Makyo Theater.spc"",""77-Wind.spc"",""78-Good Night.spc"",""79-Member Joined.spc"",""80-Victory Fanfare.spc"",""81-Got Item.spc"",""82-Got Ability.spc"",""83-Got Important Item.spc"",""84-Important Event.spc"",""85-Beautiful Women.spc"",""86-Hermit's Trumpet.spc"",""87-Crane Women.spc"",""88-Tenjin's Flute.spc"",""89-Super Manikin 3 Introduction.spc"",""90-Jingle Bells.spc"",""91-Tenjin's Table Toss.spc""]}]"	0	92
fet.rsn	fet.rsn	Fire Emblem Thracia 776	64	"[{""value"":""Fire Emblem Thracia 776"",""type"":""str"",""trackCount"":64,""memberPaths"":[""00-Thracia 776 - The Beginning.spc"",""01-Thracia 776 - Theme of Fire Emblem.spc"",""02-Thracia 776 - Map A.spc"",""03-Thracia 776 - Map B - A.spc"",""04-Thracia 776 - Map B - B.spc"",""05-Thracia 776 - Map C.spc"",""06-Thracia 776 - Sortie.spc"",""07-The Army of Leif Seeks Victory - Base.spc"",""08-The Army of Leif Seeks Victory - Charge A.spc"",""09-The Army of Leif Seeks Victory - Charge B.spc"",""10-The Army of Leif Seeks Victory - Adversity.spc"",""11-The Army of Leif Seeks Victory - Close to Victory.spc"",""12-The Army of Leif Seeks Victory - Close to Defeat.spc"",""13-The Army of Leif Seeks Victory - Search for the Enemy.spc"",""14-The Army of Leif Seeks Victory - Leif.spc"",""15-The Threat Draws Near - Base A.spc"",""16-The Threat Draws Near - Base B.spc"",""17-The Threat Draws Near - Charge.spc"",""18-The Threat Draws Near - Priest of Darkness.spc"",""19-The Threat Draws Near - Search for the Enemy.spc"",""20-The Threat Draws Near - The Final Chapter.spc"",""21-Spread Justice - Offense.spc"",""22-Spread Justice - Defense.spc"",""23-Spread Justice - Recovery Magic A.spc"",""24-Spread Justice - Recovery Magic B.spc"",""25-Spread Justice - Dancer.spc"",""26-Spread Justice - Class Change.spc"",""27-Spread Justice - Boss Fight.spc"",""28-Spread Justice - Fight with Laydrick.spc"",""29-Spread Justice - Fight with Beld.spc"",""30-Spread Justice - Battle in the Place of Hand-to-Hand Fighting.spc"",""31-Spread Justice - Level Up A.spc"",""32-Spread Justice - Level Up B.spc"",""33-In the Midst of Battle - Crisis.spc"",""34-In the Midst of Battle - Charge.spc"",""35-In the Midst of Battle - Destiny.spc"",""36-In the Midst of Battle - Army A.spc"",""37-In the Midst of Battle - Savage Tribe.spc"",""38-In the Midst of Battle - Laydrick.spc"",""39-In the Midst of Battle - Lopto A.spc"",""40-In the Midst of Battle - Thracia.spc"",""41-In the Midst of Battle - Lopto B.spc"",""42-In the Midst of Battle - Army B.spc"",""43-Chapter's End - Victory.spc"",""44-Chapter's End - Victory Minor.spc"",""45-Chapter's End - August Speaks A.spc"",""46-Chapter's End - August Speaks B.spc"",""47-Chapter's End - Leif Defeated.spc"",""48-Chapter's End - Conquest.spc"",""49-In-Chapter - Arena - Acceptance.spc"",""50-In-Chapter - A Comrade Enters.spc"",""51-In-Chapter - Meeting, Meeting Again.spc"",""52-In-Chapter - Comical.spc"",""53-In-Chapter - Church.spc"",""54-In-Chapter - Sadness.spc"",""55-In-Chapter - Sara.spc"",""56-In-Chapter - Ayvel.spc"",""57-Game Over.spc"",""58-Ending - War Record.spc"",""59-Ending - Afterwards.spc"",""60-Ending - Ballad.spc"",""61-Ending - Music Box.spc"",""62-Item Acquisition.spc"",""63-Improvement.spc""]}]"	64	0	0	0	"[{""value"":""Fire Emblem Thracia 776 Original Sound Track (TKDA-71705)"",""type"":""str"",""trackCount"":62,""memberPaths"":[""00-Thracia 776 - The Beginning.spc"",""01-Thracia 776 - Theme of Fire Emblem.spc"",""02-Thracia 776 - Map A.spc"",""03-Thracia 776 - Map B - A.spc"",""04-Thracia 776 - Map B - B.spc"",""05-Thracia 776 - Map C.spc"",""06-Thracia 776 - Sortie.spc"",""07-The Army of Leif Seeks Victory - Base.spc"",""08-The Army of Leif Seeks Victory - Charge A.spc"",""09-The Army of Leif Seeks Victory - Charge B.spc"",""10-The Army of Leif Seeks Victory - Adversity.spc"",""11-The Army of Leif Seeks Victory - Close to Victory.spc"",""12-The Army of Leif Seeks Victory - Close to Defeat.spc"",""13-The Army of Leif Seeks Victory - Search for the Enemy.spc"",""14-The Army of Leif Seeks Victory - Leif.spc"",""15-The Threat Draws Near - Base A.spc"",""16-The Threat Draws Near - Base B.spc"",""17-The Threat Draws Near - Charge.spc"",""18-The Threat Draws Near - Priest of Darkness.spc"",""19-The Threat Draws Near - Search for the Enemy.spc"",""20-The Threat Draws Near - The Final Chapter.spc"",""21-Spread Justice - Offense.spc"",""22-Spread Justice - Defense.spc"",""23-Spread Justice - Recovery Magic A.spc"",""24-Spread Justice - Recovery Magic B.spc"",""25-Spread Justice - Dancer.spc"",""26-Spread Justice - Class Change.spc"",""27-Spread Justice - Boss Fight.spc"",""28-Spread Justice - Fight with Laydrick.spc"",""29-Spread Justice - Fight with Beld.spc"",""30-Spread Justice - Battle in the Place of Hand-to-Hand Fighting.spc"",""31-Spread Justice - Level Up A.spc"",""32-Spread Justice - Level Up B.spc"",""33-In the Midst of Battle - Crisis.spc"",""34-In the Midst of Battle - Charge.spc"",""35-In the Midst of Battle - Destiny.spc"",""36-In the Midst of Battle - Army A.spc"",""37-In the Midst of Battle - Savage Tribe.spc"",""38-In the Midst of Battle - Laydrick.spc"",""39-In the Midst of Battle - Lopto A.spc"",""40-In the Midst of Battle - Thracia.spc"",""41-In the Midst of Battle - Lopto B.spc"",""42-In the Midst of Battle - Army B.spc"",""43-Chapter's End - Victory.spc"",""44-Chapter's End - Victory Minor.spc"",""45-Chapter's End - August Speaks A.spc"",""46-Chapter's End - August Speaks B.spc"",""47-Chapter's End - Leif Defeated.spc"",""48-Chapter's End - Conquest.spc"",""49-In-Chapter - Arena - Acceptance.spc"",""50-In-Chapter - A Comrade Enters.spc"",""51-In-Chapter - Meeting, Meeting Again.spc"",""52-In-Chapter - Comical.spc"",""53-In-Chapter - Church.spc"",""54-In-Chapter - Sadness.spc"",""55-In-Chapter - Sara.spc"",""56-In-Chapter - Ayvel.spc"",""57-Game Over.spc"",""58-Ending - War Record.spc"",""59-Ending - Afterwards.spc"",""60-Ending - Ballad.spc"",""61-Ending - Music Box.spc""]}]"	0	62
feud.rsn	feud.rsn	Family Feud (US)	19	"[{""value"":""Family Feud"",""type"":""str"",""trackCount"":19,""memberPaths"":[""00-Title Screen.spc"",""01-Enter Family Name.spc"",""02-First Team Answer.spc"",""03-Second Team Answer.spc"",""04-Press Start Title Theme.spc"",""05-Select Option.spc"",""06-Select Letter.spc"",""07-Buzz In.spc"",""08-Clang.spc"",""09-Number One Answer Jingle.spc"",""10-Strike.spc"",""11-Answer Reveal.spc"",""12-Reveal Score Fast Money.spc"",""13-Applause.spc"",""14-Bullseye!.spc"",""15-Good Answer!.spc"",""16-Aww.spc"",""17-Survey Says.spc"",""18-Number One Answer!.spc""]}]"	0	0	19	0	[]	0	0
ff4.rsn	ff4.rsn	Final Fantasy 4	65	"[{""value"":""Final Fantasy 4"",""type"":""str"",""trackCount"":65,""memberPaths"":[""00-The Prelude.spc"",""01-Red Wings.spc"",""02-Kingdom Baron.spc"",""03-Theme of Love.spc"",""04-Prologue.spc"",""05-Welcome to Our Town!.spc"",""06-Main Theme.spc"",""07-Main Theme (Ocean).spc"",""08-Fight 1.spc"",""09-Fanfare.spc"",""10-Hello! Big Chocobo!.spc"",""11-Chocobo ~ Chocobo.spc"",""12-Into the Darkness.spc"",""13-Fight 2.spc"",""14-Ring of Bomb.spc"",""15-Rydia.spc"",""16-Castle Damcyan.spc"",""17-Cry in Sorrow (part 1).spc"",""18-Cry in Sorrow (part 2).spc"",""19-Melody of Lute.spc"",""20-Melody of Lute (Night).spc"",""21-Mt. Ordeals.spc"",""22-Fabul.spc"",""23-Run!!!.spc"",""24-Suspicion.spc"",""25-Golbez, Clad in Dark.spc"",""26-Hey, Cid!.spc"",""27-Mystic Mysidia.spc"",""28-Long Way to Go.spc"",""29-Palom and Porom.spc"",""30-The Dreadful Fight.spc"",""31-The Airship.spc"",""32-Toroian Beauty.spc"",""33-Samba de Chocobo!.spc"",""34-The Tower of Babel.spc"",""35-Somewhere in the World.spc"",""36-Land of Dwarves.spc"",""37-Giott, the Great King.spc"",""38-Dancing Calcobrina.spc"",""39-Tower of Zot.spc"",""40-Illusionary World.spc"",""41-The Big Whale.spc"",""42-Another Moon.spc"",""43-The Lunarians.spc"",""44-Within the Giant.spc"",""45-The Final Battle.spc"",""46-Epilogue (part 1).spc"",""47-Epilogue (part 2).spc"",""48-Epilogue (part 3).spc"",""49-Chocobo Forest.spc"",""50-Lunar Subterrane.spc"",""51-Join the Party!.spc"",""52-The Paladin.spc"",""53-The Porno Magazine!.spc"",""54-Good Night.spc"",""55-Surprise.spc"",""56-Dancing Girls.spc"",""57-Gysahl's Whistle.spc"",""58-The Package Opens.spc"",""59-Ship Ahoy.spc"",""60-Down the Well.spc"",""61-Hummingway's Tune.spc"",""62-Serpent Road.spc"",""63-Crickets.spc"",""64-Tranquil Beach.spc""]}]"	65	0	0	0	"[{""value"":""Final Fantasy 4 Original Sound Version (PSCN-5014)"",""type"":""str"",""trackCount"":47,""memberPaths"":[""00-The Prelude.spc"",""01-Red Wings.spc"",""02-Kingdom Baron.spc"",""03-Theme of Love.spc"",""04-Prologue.spc"",""05-Welcome to Our Town!.spc"",""06-Main Theme.spc"",""08-Fight 1.spc"",""09-Fanfare.spc"",""10-Hello! Big Chocobo!.spc"",""11-Chocobo ~ Chocobo.spc"",""12-Into the Darkness.spc"",""13-Fight 2.spc"",""14-Ring of Bomb.spc"",""15-Rydia.spc"",""16-Castle Damcyan.spc"",""17-Cry in Sorrow (part 1).spc"",""18-Cry in Sorrow (part 2).spc"",""19-Melody of Lute.spc"",""21-Mt. Ordeals.spc"",""22-Fabul.spc"",""23-Run!!!.spc"",""24-Suspicion.spc"",""25-Golbez, Clad in Dark.spc"",""26-Hey, Cid!.spc"",""27-Mystic Mysidia.spc"",""28-Long Way to Go.spc"",""29-Palom and Porom.spc"",""30-The Dreadful Fight.spc"",""31-The Airship.spc"",""32-Toroian Beauty.spc"",""33-Samba de Chocobo!.spc"",""34-The Tower of Babel.spc"",""35-Somewhere in the World.spc"",""36-Land of Dwarves.spc"",""37-Giott, the Great King.spc"",""38-Dancing Calcobrina.spc"",""39-Tower of Zot.spc"",""40-Illusionary World.spc"",""41-The Big Whale.spc"",""42-Another Moon.spc"",""43-The Lunarians.spc"",""44-Within the Giant.spc"",""45-The Final Battle.spc"",""46-Epilogue (part 1).spc"",""47-Epilogue (part 2).spc"",""48-Epilogue (part 3).spc""]}]"	0	47
ff5.rsn	ff5.rsn	Final Fantasy V	67	"[{""value"":""Final Fantasy 5"",""type"":""str"",""trackCount"":67,""memberPaths"":[""00-Ahead on our Way.spc"",""01-A Presentiment.spc"",""02-Four Valiant Hearts.spc"",""03-Hurry! Hurry!.spc"",""04-Lenna's Theme.spc"",""05-Fate in Haze.spc"",""06-The Battle.spc"",""07-Victory's Fanfare.spc"",""08-Requiem.spc"",""09-Pirates Ahoy!.spc"",""10-Tenderness in the Air.spc"",""11-Good Night!.spc"",""12-Sealed Away.spc"",""13-Cursed Earths.spc"",""14-Deception.spc"",""15-Harvest.spc"",""16-Walking the Snowy Mountains.spc"",""17-Danger!.spc"",""18-The Fierce Battle.spc"",""19-The Dragon Spreads it's Wings.spc"",""20-Royal Palace.spc"",""21-The Fire Powered Ship.spc"",""22-Run!.spc"",""23-Nostalgia.spc"",""24-The Ancient Library.spc"",""25-Reminiscence.spc"",""26-Musica Machina.spc"",""27-The Day Will Come.spc"",""28-What.spc"",""29-Mambo de Chocobo!.spc"",""30-My Home, Sweet Home.spc"",""31-Music Box.spc"",""32-The Airship.spc"",""33-The Evil Lord Exdeath.spc"",""34-Exdeath's Castle.spc"",""35-The Four Warriors of Dawn.spc"",""36-Battle with Gilgamesh.spc"",""37-Unknown Lands.spc"",""38-Critter Tripper Fritter!.spc"",""39-The Castle of Dawn.spc"",""40-Beyond the Deep Blue Sea.spc"",""41-As I Feel, You Feel.spc"",""42-Waltz Suomi.spc"",""43-Go Go Boco!.spc"",""44-The Land Unknown.spc"",""45-The Book of Sealings.spc"",""46-Intension of the Earth.spc"",""47-The Prelude of Empty Skies.spc"",""48-Searching the Light.spc"",""49-The Decisive Battle.spc"",""50-The Last Battle.spc"",""51-The Silent Beyond.spc"",""52-Dear Friends.spc"",""53-Final Fantasy.spc"",""54-A New Origin.spc"",""55-The Prelude.spc"",""56-Fanfare 1.spc"",""57-Fanfare 2.spc"",""58-I'm a Dancer.spc"",""59-Piano Lesson 1.spc"",""60-Piano Lesson 2.spc"",""61-Piano Lesson 3.spc"",""62-Piano Lesson 4.spc"",""63-Piano Lesson 5.spc"",""64-Piano Lesson 6.spc"",""65-Piano Lesson 7.spc"",""66-Piano Lesson 8.spc""]}]"	0	0	67	0	"[{""value"":""Final Fantasy 5 Original Sound Version (PSCN-5015~6)"",""type"":""str"",""trackCount"":67,""memberPaths"":[""00-Ahead on our Way.spc"",""01-A Presentiment.spc"",""02-Four Valiant Hearts.spc"",""03-Hurry! Hurry!.spc"",""04-Lenna's Theme.spc"",""05-Fate in Haze.spc"",""06-The Battle.spc"",""07-Victory's Fanfare.spc"",""08-Requiem.spc"",""09-Pirates Ahoy!.spc"",""10-Tenderness in the Air.spc"",""11-Good Night!.spc"",""12-Sealed Away.spc"",""13-Cursed Earths.spc"",""14-Deception.spc"",""15-Harvest.spc"",""16-Walking the Snowy Mountains.spc"",""17-Danger!.spc"",""18-The Fierce Battle.spc"",""19-The Dragon Spreads it's Wings.spc"",""20-Royal Palace.spc"",""21-The Fire Powered Ship.spc"",""22-Run!.spc"",""23-Nostalgia.spc"",""24-The Ancient Library.spc"",""25-Reminiscence.spc"",""26-Musica Machina.spc"",""27-The Day Will Come.spc"",""28-What.spc"",""29-Mambo de Chocobo!.spc"",""30-My Home, Sweet Home.spc"",""31-Music Box.spc"",""32-The Airship.spc"",""33-The Evil Lord Exdeath.spc"",""34-Exdeath's Castle.spc"",""35-The Four Warriors of Dawn.spc"",""36-Battle with Gilgamesh.spc"",""37-Unknown Lands.spc"",""38-Critter Tripper Fritter!.spc"",""39-The Castle of Dawn.spc"",""40-Beyond the Deep Blue Sea.spc"",""41-As I Feel, You Feel.spc"",""42-Waltz Suomi.spc"",""43-Go Go Boco!.spc"",""44-The Land Unknown.spc"",""45-The Book of Sealings.spc"",""46-Intension of the Earth.spc"",""47-The Prelude of Empty Skies.spc"",""48-Searching the Light.spc"",""49-The Decisive Battle.spc"",""50-The Last Battle.spc"",""51-The Silent Beyond.spc"",""52-Dear Friends.spc"",""53-Final Fantasy.spc"",""54-A New Origin.spc"",""55-The Prelude.spc"",""56-Fanfare 1.spc"",""57-Fanfare 2.spc"",""58-I'm a Dancer.spc"",""59-Piano Lesson 1.spc"",""60-Piano Lesson 2.spc"",""61-Piano Lesson 3.spc"",""62-Piano Lesson 4.spc"",""63-Piano Lesson 5.spc"",""64-Piano Lesson 6.spc"",""65-Piano Lesson 7.spc"",""66-Piano Lesson 8.spc""]}]"	0	67
ff6.rsn	ff6.rsn	Final Fantasy 6	82	"[{""value"":""Final Fantasy 6"",""type"":""str"",""trackCount"":82,""memberPaths"":[""00-Opening Theme (part 1).spc"",""01-Opening Theme (part 2).spc"",""02-Opening Theme (part 3).spc"",""03-The Mines of Narshe.spc"",""04-Awakening.spc"",""05-Locke.spc"",""06-Battle Theme.spc"",""07-Fanfare.spc"",""08-Edgar and Sabin.spc"",""09-Kefka.spc"",""10-Mt. Koltz.spc"",""11-Returners.spc"",""12-Shadow.spc"",""13-Troops March on.spc"",""14-Cyan.spc"",""15-The Unforgiven.spc"",""16-The Phantom Forest.spc"",""17-The Phantom Train.spc"",""18-Wild West.spc"",""19-Gau.spc"",""20-The Serpent Trench.spc"",""21-Kids Run Through the City.spc"",""22-Under Martial Law.spc"",""23-Celes.spc"",""24-Save Them!.spc"",""25-The Decisive Battle.spc"",""26-Metamorphasis.spc"",""27-Terra.spc"",""28-Coin Song.spc"",""29-Techno de Chocobo.spc"",""30-Forever Rachel!.spc"",""31-Slam Shuffle.spc"",""32-Spinach Rag.spc"",""33-Overture (part 1).spc"",""34-Overture (part 2).spc"",""35-Overture (part 3).spc"",""36-Aria de Mezzo Carattere.spc"",""37-The Wedding Waltz-Duel (part 1).spc"",""38-The Wedding Waltz-Duel (part 2).spc"",""39-The Wedding Waltz-Duel (part 3).spc"",""40-The Wedding Waltz-Duel (part 4).spc"",""41-Grand Finale (part 1).spc"",""42-Grand Finale (part 2).spc"",""43-Setzer.spc"",""44-Johnny C. Bad.spc"",""45-The Empire Gestahl.spc"",""46-Devil's Lab.spc"",""47-Blackjack.spc"",""48-Untitled.spc"",""49-Mog.spc"",""50-Strago.spc"",""51-Relm.spc"",""52-Another World of Beasts.spc"",""53-New Continent.spc"",""54-Catastrophe.spc"",""55-The Fierce Battle.spc"",""56-Rest in Peace.spc"",""57-Dark World.spc"",""58-The Day After.spc"",""59-Searching for Friends.spc"",""60-Gogo.spc"",""61-Epitaph.spc"",""62-The Magic House.spc"",""63-Umaro.spc"",""64-Fanatics.spc"",""65-Last Dungeon.spc"",""66-Dancing Mad (part 1).spc"",""67-Dancing Mad (part 2).spc"",""68-Dancing Mad (part 3).spc"",""69-Dancing Mad (part 4).spc"",""70-Dancing Mad (part 5).spc"",""71-Ending Theme (part 1).spc"",""72-Ending Theme (part 2).spc"",""73-The Prelude.spc"",""74-Dancing Mad (Full).spc"",""75-Unused Fanfare.spc"",""76-Good Night.spc"",""77-Strong Wind.spc"",""78-Quiet Beach.spc"",""79-Train.spc"",""80-Rumbling.spc"",""81-Blazing Fire.spc""]}]"	82	0	0	0	"[{""value"":""Final Fantasy 6 Original Sound Version (PSCN-5001~3)"",""type"":""str"",""trackCount"":75,""memberPaths"":[""00-Opening Theme (part 1).spc"",""01-Opening Theme (part 2).spc"",""02-Opening Theme (part 3).spc"",""03-The Mines of Narshe.spc"",""04-Awakening.spc"",""05-Locke.spc"",""06-Battle Theme.spc"",""07-Fanfare.spc"",""08-Edgar and Sabin.spc"",""09-Kefka.spc"",""10-Mt. Koltz.spc"",""11-Returners.spc"",""12-Shadow.spc"",""13-Troops March on.spc"",""14-Cyan.spc"",""15-The Unforgiven.spc"",""16-The Phantom Forest.spc"",""17-The Phantom Train.spc"",""18-Wild West.spc"",""19-Gau.spc"",""20-The Serpent Trench.spc"",""21-Kids Run Through the City.spc"",""22-Under Martial Law.spc"",""23-Celes.spc"",""24-Save Them!.spc"",""25-The Decisive Battle.spc"",""26-Metamorphasis.spc"",""27-Terra.spc"",""28-Coin Song.spc"",""29-Techno de Chocobo.spc"",""30-Forever Rachel!.spc"",""31-Slam Shuffle.spc"",""32-Spinach Rag.spc"",""33-Overture (part 1).spc"",""34-Overture (part 2).spc"",""35-Overture (part 3).spc"",""36-Aria de Mezzo Carattere.spc"",""37-The Wedding Waltz-Duel (part 1).spc"",""38-The Wedding Waltz-Duel (part 2).spc"",""39-The Wedding Waltz-Duel (part 3).spc"",""40-The Wedding Waltz-Duel (part 4).spc"",""41-Grand Finale (part 1).spc"",""42-Grand Finale (part 2).spc"",""43-Setzer.spc"",""44-Johnny C. Bad.spc"",""45-The Empire Gestahl.spc"",""46-Devil's Lab.spc"",""47-Blackjack.spc"",""48-Untitled.spc"",""49-Mog.spc"",""50-Strago.spc"",""51-Relm.spc"",""52-Another World of Beasts.spc"",""53-New Continent.spc"",""54-Catastrophe.spc"",""55-The Fierce Battle.spc"",""56-Rest in Peace.spc"",""57-Dark World.spc"",""58-The Day After.spc"",""59-Searching for Friends.spc"",""60-Gogo.spc"",""61-Epitaph.spc"",""62-The Magic House.spc"",""63-Umaro.spc"",""64-Fanatics.spc"",""65-Last Dungeon.spc"",""66-Dancing Mad (part 1).spc"",""67-Dancing Mad (part 2).spc"",""68-Dancing Mad (part 3).spc"",""69-Dancing Mad (part 4).spc"",""70-Dancing Mad (part 5).spc"",""71-Ending Theme (part 1).spc"",""72-Ending Theme (part 2).spc"",""73-The Prelude.spc"",""74-Dancing Mad (Full).spc""]}]"	0	75
ffmq.rsn	ffmq.rsn	Final Fantasy USA - Mystic Quest	25	"[{""value"":""Final Fantasy USA: Mystic Quest"",""type"":""str"",""trackCount"":25,""memberPaths"":[""00-Mystic Quest.spc"",""01-Hill of Fate.spc"",""02-World.spc"",""03-Beautiful Forest.spc"",""04-Battle 1.spc"",""05-Victory Fanfare.spc"",""06-City of Forest.spc"",""07-Fossil Labryrinth.spc"",""08-Battle 2.spc"",""09-Middle Tower.spc"",""10-Shrine of Light.spc"",""11-Rock Theme.spc"",""12-Fanfare of Friendship.spc"",""13-Dungeon of Ice.spc"",""14-Dungeon and Waterfall.spc"",""15-City of Fire ~ Faeria.spc"",""16-Rock 'n' Roll.spc"",""17-Lava Dome.spc"",""18-City of Wind ~ Windaria.spc"",""19-Mountain Range of Whirlwinds.spc"",""20-The Crystal.spc"",""21-Last Castle.spc"",""22-Battle 3.spc"",""23-Mystic Ballad.spc"",""24-Ending.spc""]}]"	0	0	25	0	"[{""value"":""Final Fantasy USA Mystic Quest Sound Collections (N25D-020)"",""type"":""str"",""trackCount"":25,""memberPaths"":[""00-Mystic Quest.spc"",""01-Hill of Fate.spc"",""02-World.spc"",""03-Beautiful Forest.spc"",""04-Battle 1.spc"",""05-Victory Fanfare.spc"",""06-City of Forest.spc"",""07-Fossil Labryrinth.spc"",""08-Battle 2.spc"",""09-Middle Tower.spc"",""10-Shrine of Light.spc"",""11-Rock Theme.spc"",""12-Fanfare of Friendship.spc"",""13-Dungeon of Ice.spc"",""14-Dungeon and Waterfall.spc"",""15-City of Fire ~ Faeria.spc"",""16-Rock 'n' Roll.spc"",""17-Lava Dome.spc"",""18-City of Wind ~ Windaria.spc"",""19-Mountain Range of Whirlwinds.spc"",""20-The Crystal.spc"",""21-Last Castle.spc"",""22-Battle 3.spc"",""23-Mystic Ballad.spc"",""24-Ending.spc""]}]"	0	25
fgpx.rsn	fgpx.rsn	Future GPX - Cyber Formula	33	"[{""value"":""Future GPX: Cyber Formula"",""type"":""str"",""trackCount"":33,""memberPaths"":[""00-Title Logo.spc"",""01-Title Screen.spc"",""02-Password.spc"",""03-Scenario Mode Opening.spc"",""04-Course Title.spc"",""05-Course Advice.spc"",""06-Storyline.spc"",""07-Fujioka Qualify.spc"",""08-Event Race.spc"",""09-Niseko GP.spc"",""10-America GP.spc"",""11-Peru GP.spc"",""12-Brazil GP.spc"",""13-Canada GP.spc"",""14-England GP.spc"",""15-Norway GP.spc"",""16-Kenya GP.spc"",""17-Spain GP.spc"",""18-Germany GP.spc"",""19-Japan GP.spc"",""20-Starting Grid.spc"",""21-Qualification Process.spc"",""22-Final Standby.spc"",""23-You Lost!.spc"",""24-Game Over.spc"",""25-You Win!.spc"",""26-Victory.spc"",""27-Bad Ending.spc"",""28-Good Ending.spc"",""29-Select Machine.spc"",""30-Free Mode Select Course.spc"",""31-GPX Mode Time Score.spc"",""32-Pause.spc""]}]"	0	0	33	0	[]	0	0
fhbd.rsn	fhbd.rsn	Flying Hero - Bugyuru no Daibouken	19	"[{""value"":""Flying Hero - Bugyuru no Daibouk"",""type"":""str"",""trackCount"":19,""memberPaths"":[""00-Sofel.spc"",""01-Opening 1.spc"",""02-Opening 2.spc"",""03-Title.spc"",""04-Green Land ~ Act 1.spc"",""05-Attention! Danger!.spc"",""06-Act Clear.spc"",""07-Stony Desert ~ Act 2.spc"",""08-Islands at the Sea ~ Act 3.spc"",""09-Fight it!.spc"",""10-Under Water ~ Act 4.spc"",""11-In the Toy House ~ Act 5.spc"",""12-High in the Sky ~ Act 6.spc"",""13-Starfield ~ Act 7.spc"",""14-Continue.spc"",""15-Game Over.spc"",""16-Devil's Castle ~ Act 8.spc"",""17-Last Battle.spc"",""18-Ending.spc""]}]"	0	0	19	0	[]	0	0
fir.rsn	fir.rsn	Firemen, The	16	"[{""value"":""The Firemen"",""type"":""str"",""trackCount"":16,""memberPaths"":[""00-Human Entertainment Logo.spc"",""01-Title Screen.spc"",""02-Fire at Metro Chemical.spc"",""03-Get the MDL!.spc"",""04-To the Boiler Room!.spc"",""05-Reach the Control Room!.spc"",""06-Rush to the Roof!.spc"",""07-Last Resort.spc"",""08-Final Mission.spc"",""09-Raging Fire.spc"",""10-Stage Clear.spc"",""11-Final Stage Clear.spc"",""12-Ending.spc"",""13-Staff Roll.spc"",""14-Game Over.spc"",""15-Boss Defeated.spc""]}]"	0	0	16	0	[]	0	0
flint.rsn	flint.rsn	Flintstones	18	"[{""value"":""The Flintstones"",""type"":""str"",""trackCount"":18,""memberPaths"":[""00-Ocean Logo.spc"",""01-Flintstones Theme.spc"",""02-Options.spc"",""03-Password Screen.spc"",""04-Quarry.spc"",""05-Bedrock.spc"",""06-Jungle.spc"",""07-Volcano.spc"",""08-Machine.spc"",""09-Boss Battle.spc"",""10-Cinema.spc"",""11-Staff Roll.spc"",""12-Continue.spc"",""13-Unused Song 1.spc"",""14-Unused Song 2.spc"",""15-Unused Song 3.spc"",""16-Unused Song 4.spc"",""17-Unused Song 5.spc""]}]"	0	0	18	0	[]	0	0
fm.rsn	fm.rsn	Front Mission	43	"[{""value"":""Front Mission"",""type"":""str"",""trackCount"":43,""memberPaths"":[""00-A Minefield.spc"",""01-Canyon Crow.spc"",""02-Rise to Action.spc"",""03-Advanced Guard.spc"",""04-Mercenaries.spc"",""05-Take the Offensive.spc"",""06-The Evils of War.spc"",""07-Decline.spc"",""08-Force Stall.spc"",""09-Manifold Irons.spc"",""10-Bloody Temperature.spc"",""11-Relative Thinking.spc"",""12-Holic Shot.spc"",""13-Hard Drag.spc"",""14-More and More.spc"",""15-Win Back.spc"",""16-Raise a Flag.spc"",""17-The General Situation.spc"",""18-Shallow Twilight.spc"",""19-Optical City.spc"",""20-Coaxial Town.spc"",""21-Field Hospital.spc"",""22-Arena.spc"",""23-Shop.spc"",""24-Bar.spc"",""25-Setting Up.spc"",""26-Military Government.spc"",""27-Ominous.spc"",""28-Martial Ecologist.spc"",""29-Rage! Rage! Rage!.spc"",""30-Tension.spc"",""31-A Person Easily Elated.spc"",""32-Kalen.spc"",""33-Elegie.spc"",""34-Natalie.spc"",""35-Fear.spc"",""36-Terrible Density.spc"",""37-Mad Pressure.spc"",""38-Destructive Logic.spc"",""39-Defeated.spc"",""40-Within Living Memory.spc"",""41-Next Resolution.spc"",""42-Unreleased Track.spc""]}]"	43	0	0	0	"[{""value"":""Front Mission Original Sound Version (PSCN-5019)"",""type"":""str"",""trackCount"":42,""memberPaths"":[""00-A Minefield.spc"",""01-Canyon Crow.spc"",""02-Rise to Action.spc"",""03-Advanced Guard.spc"",""04-Mercenaries.spc"",""05-Take the Offensive.spc"",""06-The Evils of War.spc"",""07-Decline.spc"",""08-Force Stall.spc"",""09-Manifold Irons.spc"",""10-Bloody Temperature.spc"",""11-Relative Thinking.spc"",""12-Holic Shot.spc"",""13-Hard Drag.spc"",""14-More and More.spc"",""15-Win Back.spc"",""16-Raise a Flag.spc"",""17-The General Situation.spc"",""18-Shallow Twilight.spc"",""19-Optical City.spc"",""20-Coaxial Town.spc"",""21-Field Hospital.spc"",""22-Arena.spc"",""23-Shop.spc"",""24-Bar.spc"",""25-Setting Up.spc"",""26-Military Government.spc"",""27-Ominous.spc"",""28-Martial Ecologist.spc"",""29-Rage! Rage! Rage!.spc"",""30-Tension.spc"",""31-A Person Easily Elated.spc"",""32-Kalen.spc"",""33-Elegie.spc"",""34-Natalie.spc"",""35-Fear.spc"",""36-Terrible Density.spc"",""37-Mad Pressure.spc"",""38-Destructive Logic.spc"",""39-Defeated.spc"",""40-Within Living Memory.spc"",""41-Next Resolution.spc""]}]"	0	42
footf.rsn	footf.rsn	Football Fury (US)	17	"[{""value"":""Football Fury"",""type"":""str"",""trackCount"":17,""memberPaths"":[""00-Sammy Logo.spc"",""01-Title Screen Logo.spc"",""02-Title Screen.spc"",""03-Main Menu.spc"",""04-Begin Game.spc"",""05-Regular Football Game.spc"",""06-Half Time.spc"",""07-Last Quarter.spc"",""08-United Football News.spc"",""09-Playoffs Game.spc"",""10-Last Quarter (Playoffs).spc"",""11-Championship Game.spc"",""12-Last Quarter (Championship).spc"",""13-Champions!.spc"",""14-Unused Song.spc"",""15-Unused Jingle.spc"",""16-Applause.spc""]}]"	0	0	17	0	[]	0	0
fs2.rsn	fs2.rsn	Farland Story 2 (JP)	22	"[{""value"":""Farland Story 2"",""type"":""str"",""trackCount"":22,""memberPaths"":[""00-You are welcome.spc"",""01-Volx d'interievr.spc"",""02-Escape from Valdes Empire.spc"",""03-Attack!.spc"",""04-Healing Magic.spc"",""05-Port of Freedom.spc"",""06-Truth Force.spc"",""07-Over Power.spc"",""08-Sea of Love.spc"",""09-Fight It Out.spc"",""10-Airs A Faire Fuir.spc"",""11-Enemy A Base.spc"",""12-Big Castle.spc"",""13-Cool Blow.spc"",""14-Mysticism.spc"",""15-Queer.spc"",""16-Decisive Battle.spc"",""17-Destruction Dance.spc"",""18-Illigal Channels.spc"",""19-Sad Song.spc"",""20-The Emperor.spc"",""21-Last Battle.spc""]}]"	0	0	22	0	[]	0	0
fs96.rsn	fs96.rsn	FIFA Soccer 96	26	"[{""value"":""FIFA Soccer '96"",""type"":""str"",""trackCount"":26,""memberPaths"":[""00-Main Theme.spc"",""01-Options.spc"",""02-Choose Your Strategy.spc"",""03-Playoff Trophy.spc"",""04-Playoffs Ending.spc"",""05-Anxious Crowd.spc"",""06-Wild Crowd.spc"",""07-Jeering Crowd.spc"",""08-Menu Select.spc"",""09-Ball Kicked.spc"",""10-Ball Lands on Grass.spc"",""11-Goalie Throws Ball.spc"",""12-Goalie Catches Ball 1.spc"",""13-Goalie Catches Ball 2.spc"",""14-Goalie Knocked Down.spc"",""15-Goalie Kicks Ball.spc"",""16-Whistle.spc"",""17-Whistle (Unused).spc"",""18-EA Sports... It's in the Game!.spc"",""19-Throw in.spc"",""20-Corner Kick!.spc"",""21-That's a Foul.spc"",""22-A Penalty!.spc"",""23-That's a Yellow Card!.spc"",""24-That's a Red Card!.spc"",""25-It's a Goal!.spc""]}]"	0	0	26	0	[]	0	0
fs97.rsn	fs97.rsn	FIFA 97 (EU)	6	"[{""value"":""FIFA 97: Gold Edition"",""type"":""str"",""trackCount"":6,""memberPaths"":[""00-Main Theme.spc"",""01-Game Options 1.spc"",""02-Game Options 2.spc"",""03-Half Time.spc"",""04-Half Time (alternate).spc"",""05-Playoffs Champion.spc""]}]"	0	0	6	0	[]	0	0
fsr.rsn	fsr.rsn	Fire Striker	32	"[{""value"":""Fire Striker"",""type"":""str"",""trackCount"":19,""memberPaths"":[""00-Title Screen.spc"",""01-Meeting with King.spc"",""02-Overworld.spc"",""03-Odd Phase.spc"",""04-Move On.spc"",""05-Even Phase.spc"",""06-Encounter with Evil Minion.spc"",""07-Wind and Fire Guardians.spc"",""08-Fanfare.spc"",""09-Earth Guardian.spc"",""10-Water Guardian.spc"",""11-Final Battle.spc"",""12-Staff Roll.spc"",""13-The End.spc"",""14-Failure.spc"",""15-Multi Mode ~ How Many Players.spc"",""16-Multi Mode ~ Goal!.spc"",""17-Multi Mode ~ Current Status.spc"",""18-Multi Mode ~ Victory!.spc""]},{""value"":""Holy Striker"",""type"":""str"",""trackCount"":13,""memberPaths"":[""19-Bizarre Title Sound.spc"",""20-Overworld.spc"",""21-Odd Phase.spc"",""22-Move On.spc"",""23-Even Phase.spc"",""24-Wind and Fire Guardians.spc"",""25-Fanfare.spc"",""26-Earth Guardian.spc"",""27-Water Guardian.spc"",""28-Final Battle.spc"",""29-Multi Mode ~ How Many Players.spc"",""30-Multi Mode ~ Current Status.spc"",""31-Multi Mode ~ Victory!.spc""]}]"	19	0	13	0	[]	0	0
fstr.rsn	fstr.rsn	Final Stretch (JP)	9	"[{""value"":""Final Stretch"",""type"":""str"",""trackCount"":9,""memberPaths"":[""00-Logo.spc"",""01-Title Theme.spc"",""02-Menu.spc"",""03-System Configuration.spc"",""04-Grand Prix.spc"",""05-Time Attack.spc"",""06-Car Setup.spc"",""07-Race Start.spc"",""08-Dialogue.spc""]}]"	0	0	9	0	[]	0	0
ftb.rsn	ftb.rsn	Masaki Shimono no Fishing To Bassing	16	"[{""value"":""Fighing To Basshing"",""type"":""str"",""trackCount"":16,""memberPaths"":[""00-Bassing Cruise.spc"",""01-Hello.spc"",""02-June Moon.spc"",""03-Go.spc"",""04-Map Select.spc"",""05-Wings.spc"",""06-Sincere Sky.spc"",""07-Loser.spc"",""08-Pick Up.spc"",""09-On the Beach.spc"",""10-The Super Wind.spc"",""11-Winner.spc"",""12-Final.spc"",""13-Summers.spc"",""14-Win.spc"",""15-Shooting Stars.spc""]}]"	0	0	16	0	[]	0	0
ftc2.rsn	ftc2.rsn	Famicom Tantei Club Part II - Ushiro ni Tatsu Shoujo (JP)	36	"[{""value"":""Famicom Tantei Club 2"",""type"":""str"",""trackCount"":36,""memberPaths"":[""00-Nintendo Disk System.spc"",""01-Disk Inserted.spc"",""02-Nintendo Logo.spc"",""03-Title.spc"",""04-Danger.spc"",""05-Downtown.spc"",""06-Girl Standing in the Back.spc"",""07-Titles of Chapters.spc"",""08-Interviews.spc"",""09-Something Happened.spc"",""10-Interesting Thing 1.spc"",""11-Interesting Thing 2.spc"",""12-In Front of the Mirror.spc"",""13-Rumor About the Girl.spc"",""14-Sunset.spc"",""15-Reasoning 1.spc"",""16-In Front of the School Gate.spc"",""17-Police Station.spc"",""18-Lyricism.spc"",""19-Revealed.spc"",""20-Old School Building.spc"",""21-Third Degree Black Belt.spc"",""22-Hitomi Chan.spc"",""23-Bar Sambora.spc"",""24-Reasoning 2.spc"",""25-Sponsored by Nintendo.spc"",""26-News.spc"",""27-Killed Gorou.spc"",""28-The Dean Room.spc"",""29-Bad Omen 1.spc"",""30-Bad Omen 2.spc"",""31-The Suicided Dean.spc"",""32-Confession of a Murderer.spc"",""33-The Deadend of the Passage.spc"",""34-The Body Appeared.spc"",""35-Staff Roll.spc""]}]"	0	0	36	0	[]	0	0
ftsdh.rsn	ftsdh.rsn	From TV Animation Slam Dunk - SD Heat Up!	18	"[{""value"":[""From TV Animation Slam Dunk: SD"",""From TV Animation Slam Dunk: SD Heat Up!""],""type"":""list"",""trackCount"":18,""memberPaths"":[""00-Title Screen.spc"",""01-Password.spc"",""02-Team Selection.spc"",""03-Storyline.spc"",""04-Begin Match.spc"",""05-Team Setup.spc"",""06-Theme of Shohoku Team.spc"",""07-Theme of Ryonan Team.spc"",""08-End of Match.spc"",""09-Theme of Takezono Team.spc"",""10-Theme of Miuradai Team.spc"",""11-Theme of Tsukubu Team.spc"",""12-Theme of Shoyo Team.spc"",""13-Theme of Kainan Team.spc"",""14-Theme of Toyotama Team.spc"",""15-Staff Roll.spc"",""16-Tournament.spc"",""17-Tournament Champion!.spc""]}]"	0	0	18	0	[]	0	0
ftsm.rsn	ftsm.rsn	Flintstones - Treasure of Sierra Madrock	30	"[{""value"":[""Flintstones: Treasure of Sierra"",""Flintstones: Treasure of Sierra Madrock""],""type"":""list"",""trackCount"":30,""memberPaths"":[""00-Theme of the Flintstones.spc"",""01-Grand Poobah's Announcement.spc"",""02-Legend of the Treasure.spc"",""03-Plains and Snow.spc"",""04-Bedrock Rock.spc"",""05-Hurry Up!.spc"",""06-A Minor Setback.spc"",""07-Yabba Dabba Doo!.spc"",""08-Diversion from the Treasure Hunt.spc"",""09-Unexpected Event.spc"",""10-Fast Freddie!.spc"",""11-Racing Champion!.spc"",""12-Magma and Jungles.spc"",""13-Lava Jumping.spc"",""14-Sliding on the Tundra.spc"",""15-The Thieving Pterodactyl!.spc"",""16-Jungle Perils.spc"",""17-Battle the Pterodactyl.spc"",""18-Into the Darkness.spc"",""19-Through the Caves.spc"",""20-Ending ~ Staff Roll.spc"",""21-Tension.spc"",""22-Applause.spc"",""23-Correct Match!.spc"",""24-Begin the Race!.spc"",""25-Item Chime (Clam).spc"",""26-Item Chime (Apple).spc"",""27-Item Chime (Star).spc"",""28-Item Chime (Heart).spc"",""29-Item Chime (1-up).spc""]}]"	0	0	30	0	[]	0	0
gadg.rsn	gadg.rsn	Inspector Gadget (US)	17	"[{""value"":""Inspector Gadget"",""type"":""str"",""trackCount"":17,""memberPaths"":[""00-Opening Title.spc"",""01-Abduction of Penny.spc"",""02-Chief's Orders.spc"",""03-Go Go Gadget Mobile!.spc"",""04-Ancient English Castle.spc"",""05-Snowy Swiss Alps.spc"",""06-Amazon Jungle.spc"",""07-Incan Ruins.spc"",""08-Egyptian Desert.spc"",""09-Dr. Claw's Hideout.spc"",""10-Quickly! Hurry!.spc"",""11-Rotating Doom.spc"",""12-Claw's Dastardly Trap.spc"",""13-Water and Air Battle.spc"",""14-Rescued!.spc"",""15-Staff Roll.spc"",""16-Game Over.spc""]}]"	0	0	17	0	[]	0	0
gb4.rsn	gb4.rsn	Great Battle IV, The (JP)	27	"[{""value"":""The Great Battle IV"",""type"":""str"",""trackCount"":27,""memberPaths"":[""00-Opening.spc"",""01-Main Theme.spc"",""02-Password.spc"",""03-The Battleship of General Black X.spc"",""04-Roa's Arrival.spc"",""05-Threat of X.spc"",""06-Kaiser GO! ~Theme of Compact Kaiser~.spc"",""07-Mission Clear.spc"",""08-Mission Select.spc"",""09-Metal World Larga.spc"",""10-Plant World Twurus.spc"",""11-Plant World Twurus (Caves).spc"",""12-Floating World Martom.spc"",""13-Floating World Martom (Dance Hall).spc"",""14-Boss Battle.spc"",""15-Game Over.spc"",""16-Mission Clear 2.spc"",""17-Wild West World Ranof.spc"",""18-C&W Show.spc"",""19-Water World Saus.spc"",""20-Final Mission.spc"",""21-The Emperor's Throneroom.spc"",""22-Battle with the Emperor.spc"",""23-Last Battle.spc"",""24-The Enemy is Escaping!.spc"",""25-The Sacrifice.spc"",""26-Main Theme Reprise.spc""]}]"	0	0	27	0	[]	0	0
gb5.rsn	gb5.rsn	Great Battle 5	25	"[{""value"":""The Great Battle V"",""type"":""str"",""trackCount"":25,""memberPaths"":[""00-Opening.spc"",""01-Title.spc"",""02-Password.spc"",""03-Briefing.spc"",""04-Character Select.spc"",""05-The Heroes Appear!.spc"",""06-Voice of Dada.spc"",""07-Battle with Dada.spc"",""08-Stage Clear.spc"",""09-Rendezvous.spc"",""10-Dangerous Dusty Town.spc"",""11-Boss Battle.spc"",""12-Desperate Message.spc"",""13-The Train Chase.spc"",""14-Hotel Dada.spc"",""15-Regret.spc"",""16-Mountain Path.spc"",""17-Caverns & Mines.spc"",""18-Guard Robot.spc"",""19-Collapse.spc"",""20-Last Boss.spc"",""21-Ending.spc"",""22-Staff Roll.spc"",""23-Game Over.spc"",""24-Continue.spc""]}]"	0	0	25	0	[]	0	0
gboy.rsn	gboy.rsn	Kuusou Kagaku Sekai Gulliver Boy	35	"[{""value"":""Gulliver Boy"",""type"":""str"",""trackCount"":35,""memberPaths"":[""00-Opening Credits Fanfare.spc"",""01-Title.spc"",""02-File Menu.spc"",""03-Streets of Venice.spc"",""04-Elegant Venice.spc"",""05-Spanish Infiltration.spc"",""06-A Beatiful Hall.spc"",""07-Boss Battle.spc"",""08-The Sea Lion.spc"",""09-Flight!.spc"",""10-Rome Has Fallen.spc"",""11-Ruins of Rome.spc"",""12-Caves.spc"",""13-Majin Battle!.spc"",""14-Blue Stone Acquired.spc"",""15-Spain.spc"",""16-Forest.spc"",""17-Secret Passage 1.spc"",""18-Secret Passage 2.spc"",""19-Garden.spc"",""20-Tower of Kindness.spc"",""21-Battle with Judo.spc"",""22-Atlantis.spc"",""23-Madness of Hallelujah's Victims.spc"",""24-The Himalayas.spc"",""25-Ice Caves.spc"",""26-Edge of the World.spc"",""27-The Lower Moon.spc"",""28-The Moon Queen.spc"",""29-The World Tree.spc"",""30-Inside the World Tree.spc"",""31-The Fairy King.spc"",""32-The Final Battle.spc"",""33-Staff Roll.spc"",""34-Game Over.spc""]}]"	0	0	35	0	[]	0	0
gdl.rsn	gdl.rsn	gdleen (JP)	24	"[{""value"":""GD Leen"",""type"":""str"",""trackCount"":24,""memberPaths"":[""00-Title.spc"",""01-Prologue.spc"",""02-Field 1.spc"",""03-Battle.spc"",""04-Ruin of Water Palace 1.spc"",""05-Ruin of Water Palace 2.spc"",""06-Boss Battle.spc"",""07-Curtia.spc"",""08-Fana.spc"",""09-Encampments.spc"",""10-Gavanar Temple in Lulua.spc"",""11-Gate of Time.spc"",""12-Gavanar Temple in Edna.spc"",""13-Edna.spc"",""14-Eules.spc"",""15-Holy Temple.spc"",""16-Inn.spc"",""17-Field 2.spc"",""18-Ruin of Grande.spc"",""19-Temple of Sun.spc"",""20-Yool Village.spc"",""21-Place for Duel.spc"",""22-Final Dungeon.spc"",""23-Battle with Zuul.spc""]}]"	0	0	24	0	[]	0	0
gdng.rsn	gdng.rsn	ganbare daiku no gen san (JP)	23	"[{""value"":""Ganbare Daiku no Gensan"",""type"":""str"",""trackCount"":23,""memberPaths"":[""00-Title.spc"",""01-Prologue 1.spc"",""02-Prologue 2.spc"",""03-Prologue 3.spc"",""04-Story 1.spc"",""05-Map and Continue.spc"",""06-Chapter 1-1.spc"",""07-Chapter 1-2, 3-1.spc"",""08-Boss.spc"",""09-Chapter Cleared.spc"",""10-Story 2.spc"",""11-Chapter 2-1, 2-2.spc"",""12-Chapter 3-2.spc"",""13-Chapter 4-1.spc"",""14-Chapter 4-2.spc"",""15-Final Boss.spc"",""16-Ending.spc"",""17-Lost.spc"",""18-Game Over.spc"",""19-Gen San!.spc"",""20-Ikuze!.spc"",""21-Nani Sun Nen!.spc"",""22-'Teyan Dei!.spc""]}]"	0	0	23	0	[]	0	0
gen2.rsn	gen2.rsn	Genocide 2 (JP)	18	"[{""value"":""Genocide 2"",""type"":""str"",""trackCount"":18,""memberPaths"":[""00-Stage 1-1.spc"",""01-Stage 1-2.spc"",""02-Stage 1 Boss.spc"",""03-Stage 2-1.spc"",""04-Stage 2-2.spc"",""05-Stage 2 Boss.spc"",""06-Stage 3-1.spc"",""07-Stage 3-2.spc"",""08-Stage 3 Boss.spc"",""09-Stage 4-1.spc"",""10-Stage 4-2.spc"",""11-Stage 4 Boss.spc"",""12-Stage 5-1.spc"",""13-Stage 5-2.spc"",""14-Stage 5 Boss.spc"",""15-Stage Clear.spc"",""16-Game Over.spc"",""17-Option Mode.spc""]}]"	0	0	18	0	[]	0	0
gg.rsn	gg.rsn	ganbare goemon yuki hime kyuushutsu emaki (JP)	83	"[{""value"":""Ganbare Goemon"",""type"":""str"",""trackCount"":83,""memberPaths"":[""00-Konami Logo.spc"",""01-Title Fanfare.spc"",""02-Title ~ Theme of Goemon.spc"",""03-Start!.spc"",""04-Back Into Adventure.spc"",""05-Introduction ~ No Close Ups!.spc"",""06-The Adventure Begins.spc"",""07-Oedo ~ Goemon's Home.spc"",""08-Invasion of Evil Spirits.spc"",""09-Horo Temple.spc"",""10-Mystical Ghost's Spooky Fanfare.spc"",""11-It's a Monster!!.spc"",""12-Shapeshifting Ninja Cat.spc"",""13-Travelling to a New Land.spc"",""14-Shikoku Island.spc"",""15-Dance! Dance!.spc"",""16-Leader of the Ninja Cats.spc"",""17-Awaji Island.spc"",""18-The Happiest Place in Japan!.spc"",""19-Town of Yamato.spc"",""20-Headquarters of the Otafu Army.spc"",""21-Spunky Female Ninja.spc"",""22-Mountain Village Iga.spc"",""23-Mountain Village Iga (No Intro).spc"",""24-Castle of Ninjas.spc"",""25-Falling!.spc"",""26-Wisdom of the Ages.spc"",""27-Kyoto ~ Ancient Capital of Japan.spc"",""28-Tengu Mountains.spc"",""29-Izumo ~ Dragon Pond.spc"",""30-The Truth Reflected.spc"",""31-Ryukyu Kingdom.spc"",""32-King Ryukyu's Secret.spc"",""33-Surprise Attack!.spc"",""34-Returning to a Surprise.spc"",""35-Ohedojyo Castle Dungeon.spc"",""36-Road to the Flying Castle.spc"",""37-Yuki Rescued ~ The End.spc"",""38-All's Well That Ends Well.spc"",""39-Hidden Treasure!.spc"",""40-Game Over!.spc"",""41-An Ordinary Person's Home.spc"",""42-A Strange Man's Home.spc"",""43-A Beautiful Woman's Home.spc"",""44-A Helpful Fellow's Home.spc"",""45-Buy Something or Get Out!.spc"",""46-How About a Burger.spc"",""47-Keep an Adventure Log.spc"",""48-Travel in Style.spc"",""49-You Need More Training!.spc"",""50-In Your Future, I see.spc"",""51-Rest and Relaxation.spc"",""52-Good Night.spc"",""53-Quiet Steam Bath.spc"",""54-Enter the Card Game.spc"",""55-A Game of Chance.spc"",""56-A Game of Luck.spc"",""57-A Game of Skill.spc"",""58-A Game of Simple Enjoyment.spc"",""59-A Game of Memory.spc"",""60-A Game of Trivia.spc"",""61-Goemon and Ebisumaru Live!.spc"",""62-Place Your Bets!.spc"",""63-Aaaaand They're Off!.spc"",""64-May You Have Good Luck.spc"",""65-Lost in the Labyrinth.spc"",""66-Old-Fashioned Challenger.spc"",""67-Painting Panic!.spc"",""68-Balancing Act.spc"",""69-Arcade-Style Fun!.spc"",""70-Gradius ~ Vic Viper's Theme.spc"",""71-Gradius ~ Space Shooting.spc"",""72-Gradius ~ Boss Battle.spc"",""73-Gradius ~ Game Over.spc"",""74-Exciting Theatre.spc"",""75-Ebisumaru's Alluring Dance.spc"",""76-Sexy Strip Show!.spc"",""77-Master of Trivia!.spc"",""78-The Wall is Gone!.spc"",""79-Your Horse Won!.spc"",""80-Your Horse Lost.spc"",""81-Pause!.spc"",""82-Koban Speaks.spc""]}]"	0	0	83	0	[]	0	0
gg2.rsn	gg2.rsn	Ganbare Goemon 2 - Kiteretsu Shogun Magginesu!	66	"[{""value"":""Ganbare Goemon 2"",""type"":""str"",""trackCount"":66,""memberPaths"":[""00-Title Screen.spc"",""01-File Select.spc"",""02-Character Select.spc"",""03-Introduction (part 1).spc"",""04-Introduction (part 2).spc"",""05-Chapter Start.spc"",""06-Ryukyu Resort.spc"",""07-Stage Clear.spc"",""08-World Map.spc"",""09-Town.spc"",""10-Here Come the Guards!.spc"",""11-Take a Nap.spc"",""12-Bath House.spc"",""13-Dusky Way.spc"",""14-Fortress.spc"",""15-Boss Opening.spc"",""16-Boss Battle.spc"",""17-Bunny Man General.spc"",""18-Goemon Impact!.spc"",""19-Impact Boss.spc"",""20-Magginesu's Army.spc"",""21-Game Over 1.spc"",""22-Game Over 2.spc"",""23-Chapter 1, 2, & 4 Clear!.spc"",""24-Log Bridge Road.spc"",""25-Goofy Woods.spc"",""26-Log Lake.spc"",""27-Tunnel Passage.spc"",""28-Bunny Valley.spc"",""29-Circo Puerto.spc"",""30-Devil Bazooka.spc"",""31-Xexex Opening Screen.spc"",""32-Xexex Stage.spc"",""33-Xexex Boss.spc"",""34-Xexex Clear.spc"",""35-Goemon Memory Game.spc"",""36-Floor Sweeper.spc"",""37-Mini Game Victory.spc"",""38-Mini Game Loss.spc"",""39-Dragon Lake.spc"",""40-Fortune Teller.spc"",""41-Samurai Woods.spc"",""42-Revenge of the Red Chef Blobs.spc"",""43-Chapter 3 Clear!.spc"",""44-Lava Caves.spc"",""45-Meet Yae.spc"",""46-Lava Mine Cart Ride.spc"",""47-Festival Town.spc"",""48-Mouse Woods.spc"",""49-Fish Lake.spc"",""50-Ski Resort.spc"",""51-Runaway Snowman Head!.spc"",""52-Chapter 5 Clear!.spc"",""53-Sky Castle Gates.spc"",""54-Sky Castle Wall.spc"",""55-Magginesu's Domain.spc"",""56-Confront Magginesu.spc"",""57-Magginesu Battle.spc"",""58-Before the Final Battle.spc"",""59-Final Battle.spc"",""60-Ending (part 1).spc"",""61-Ending (part 2).spc"",""62-Credits.spc"",""63-The End.spc"",""64-Hell.spc"",""65-Dracula.spc""]}]"	0	0	66	0	[]	0	0
gg3.rsn	gg3.rsn	ganbare goemon 3 shishi juurokubee no karakuri manjigatame (JP)	63	"[{""value"":""Ganbare Goemon 3"",""type"":""str"",""trackCount"":63,""memberPaths"":[""00-Konami Logo.spc"",""01-Title.spc"",""02-Opening - No More Close-Ups!.spc"",""03-Opening - Wiseman's Vacation.spc"",""04-Opening - The Horrible Reality!.spc"",""05-Opening - Bisumaru of Neo-Edo.spc"",""06-Opening - Prepare For Battle!.spc"",""07-Village.spc"",""08-Shop.spc"",""09-Travel Agency.spc"",""10-Fortune Teller.spc"",""11-Stage 1.spc"",""12-What Cute Frogs!.spc"",""13-Boss Battle.spc"",""14-Afterwards.spc"",""15-Making Our Escape.spc"",""16-Run Faster!.spc"",""17-Festival Town.spc"",""18-Stage 2.spc"",""19-Got Something!.spc"",""20-A Challenge For Power.spc"",""21-Stage 3.spc"",""22-It's Starting To Collapse!.spc"",""23-Edo Destroyed.spc"",""24-Bisumaru's Theme.spc"",""25-Omitsu Kidnapped!.spc"",""26-Impact's Theme.spc"",""27-Ready.spc"",""28-Impact Goes To Battle!.spc"",""29-Impact Battle.spc"",""30-Whoops!.spc"",""31-Future Overworld.spc"",""32-Futuristic Store.spc"",""33-Futuristic Travel Agency.spc"",""34-Gotcha!.spc"",""35-Police Robot.spc"",""36-Futuristic Prison.spc"",""37-Thief Neko.spc"",""38-Underground.spc"",""39-Futuristic Fortune Teller.spc"",""40-Stage 4.spc"",""41-Stage 4 Part Two.spc"",""42-Church.spc"",""43-Dancing Demon!.spc"",""44-Stage 5.spc"",""45-Stage 5 Part Two.spc"",""46-Fearsome Hand!.spc"",""47-Antagonist.spc"",""48-Stage 6.spc"",""49-Frozen Cave.spc"",""50-Stage 7.spc"",""51-Parodius Boss Battle.spc"",""52-Industrial Town.spc"",""53-Stage 8.spc"",""54-Nearing The Final Battle.spc"",""55-Attack!!.spc"",""56-Oh No!.spc.spc"",""57-The Power Is Mine!.spc"",""58-Final Battle.spc"",""59-A Defeated Man.spc"",""60-Returning Home.spc"",""61-Credits.spc"",""62-Game Over.spc""]}]"	0	0	63	0	[]	0	0
gg4.rsn	gg4.rsn	Ganbare Goemon 4 - Kirakira Douchuu	75	"[{""value"":""Ganbare Goemon 4"",""type"":""str"",""trackCount"":75,""memberPaths"":[""00-Happy Birthday Wise Ol' Man!.spc"",""01-Another Guest.spc"",""02-Impact's Story.spc"",""03-The Evil Seppukumaru.spc"",""04-Adventure! Let's Go!.spc"",""05-A Team Goemon Game.spc"",""06-Title Screen.spc"",""07-Mini Game Menu.spc"",""08-Mini Game.spc"",""09-Planet Impact's Barrier.spc"",""10-World Select.spc"",""11-Desert Moon Town.spc"",""12-Travel Center.spc"",""13-Desert Moon Plains.spc"",""14-Stage Clear.spc"",""15-Tanuki's Illusion.spc"",""16-Quiet Desert Moon Town.spc"",""17-Desert Church.spc"",""18-Desert Moon Forest.spc"",""19-The Caves.spc"",""20-Desert Moon Fortress.spc"",""21-Soccer King.spc"",""22-After Battle Bonus.spc"",""23-Desert Moon Fortress pt2.spc"",""24-Maniac Genie.spc"",""25-Seppukumaru's Henchmen.spc"",""26-Summoning Goemon Impact!.spc"",""27-Bungee Challenge.spc"",""28-Bungee Robot.spc"",""29-Game Lost.spc"",""30-Game Won.spc"",""31-World Clear!.spc"",""32-Forest Moon Town.spc"",""33-Forest Moon Lake.spc"",""34-Fortune Teller.spc"",""35-Obisumaru.spc"",""36-Obisumaru Beaten.spc"",""37-Foggy Valley.spc"",""38-Forest Moon Fortress.spc"",""39-Forest Moon Fortress pt2.spc"",""40-Guessing Game Robot.spc"",""41-Game Over.spc"",""42-Ice Moon Town.spc"",""43-Ice Moon Plains.spc"",""44-Sasuke's Errand.spc"",""45-Deliver the Medicine.spc"",""46-Ice Moon Cliffs.spc"",""47-Ice Moon Fortress.spc"",""48-Boxing Champs.spc"",""49-Racing Game Robot.spc"",""50-Water Moon Town.spc"",""51-Water Moon Forest.spc"",""52-The Moonset.spc"",""53-Surfer Yae!.spc"",""54-The Executioner's Request.spc"",""55-Water Moon Cliffs.spc"",""56-Water Moon Fortress.spc"",""57-Puzzle Game Robot.spc"",""58-Planet Impact Town.spc"",""59-Seppukumaru's Henchmen pt2.spc"",""60-Planet Impact Dam.spc"",""61-Diving Queen.spc"",""62-Planet Impact Ski Hill.spc"",""63-The Long Drop.spc"",""64-Seppukumaru's Domain.spc"",""65-Desert Fortress Revisited.spc"",""66-Forest Fortress Revisited.spc"",""67-Ice Fortress Revisited.spc"",""68-Water Fortress Revisited.spc"",""69-Final Battle.spc"",""70-The Last Threat.spc"",""71-Just One Chance.spc"",""72-Impact's Sacrifice.spc"",""73-Impact is Alive.spc"",""74-Credits.spc""]}]"	0	0	75	0	[]	0	0
ggg.rsn	ggg.rsn	Gangan Gan-chan (JP)	8	"[{""value"":""Gan Gan Ganchan"",""type"":""str"",""trackCount"":8,""memberPaths"":[""00-Title Screen.spc"",""01-The City.spc"",""02-Clear Level.spc"",""03-Begin Bonus Level.spc"",""04-The Beach.spc"",""05-China.spc"",""06-Egypt.spc"",""07-Ending.spc""]}]"	0	0	8	0	[]	0	0
gggs.rsn	gggs.rsn	Gamera - Gyaosu Gekimetsu Sakusen	20	"[{""value"":""Gamera: Gyaosu Gekimetsu Sakusen"",""type"":""str"",""trackCount"":20,""memberPaths"":[""00-Sammy Logo.spc"",""01-Opening.spc"",""02-Title Screen.spc"",""03-Stage Introduction.spc"",""04-Erimo, Ohshima, Shizuoka.spc"",""05-Continue.spc"",""06-Report.spc"",""07-World Map.spc"",""08-Tokai.spc"",""09-Kasawaki, Fukuoka.spc"",""10-Osaka, Tokyo.spc"",""11-Last Stage.spc"",""12-Gamera Leaves.spc"",""13-Staff Roll.spc"",""14-Unknown Song 1.spc"",""15-Unknown Song 2.spc"",""16-Unknown Jingle 1.spc"",""17-Unknown Jingle 2.spc"",""18-Unknown Jingle 3.spc"",""19-Unknown Jingle 4.spc""]}]"	0	0	20	0	[]	0	0
gh.rsn	gh.rsn	Front Mission - Gun Hazard	62	"[{""value"":""Front Mission: Gun Hazard"",""type"":""str"",""trackCount"":62,""memberPaths"":[""00-Gun Hazard.spc"",""01-Emergency.spc"",""02-Mission Complete.spc"",""03-Pull Out.spc"",""04-Last Words.spc"",""05-Tension.spc"",""06-Footsteps.spc"",""07-Shiver.spc"",""08-Move.spc"",""09-A Store Keeper.spc"",""10-Voice of Ark.spc"",""11-The President's Deadly Fight.spc"",""12-Ominous Wind.spc"",""13-Silencer.spc"",""14-Escape.spc"",""15-Richard Millman.spc"",""16-Cenktrich.spc"",""17-Enemy Raid.spc"",""18-Successful Attack.spc"",""19-Invasion.spc"",""20-Warning One.spc"",""21-Warning Two.spc"",""22-Genoce.spc"",""23-Sorrowful Karion.spc"",""24-Transaction.spc"",""25-Monologue.spc"",""26-Secret Story.spc"",""27-Galeon.spc"",""28-Sneak and Attack.spc"",""29-Blue Sky ~ Blue Sky.spc"",""30-Notice.spc"",""31-Resistence.spc"",""32-Naval Fortress.spc"",""33-Royce Felder.spc"",""34-A Running Fight.spc"",""35-A-R-K.spc"",""36-Remains.spc"",""37-Cavern.spc"",""38-Spark Shot.spc"",""39-202.spc"",""40-Violent Chase.spc"",""41-Death in Broad Daylight.spc"",""42-Uneasy.spc"",""43-Message of Genoce.spc"",""44-Determination.spc"",""45-Gardian.spc"",""46-Sentinel.spc"",""47-Trap.spc"",""48-Edel Ritter.spc"",""49-Nature.spc"",""50-Royce's Death.spc"",""51-Evil Power.spc"",""52-Atlas.spc"",""53-Approach to a Shrine.spc"",""54-Final Mission.spc"",""55-Impatience (Part 1).spc"",""56-Impatience (Part 2).spc"",""57-Promise ~ Engagement.spc"",""58-Heaven's Door.spc"",""59-Emotion.spc"",""60-Trial Zone.spc"",""61-Battle.spc""]}]"	0	0	62	0	"[{""value"":""Gun Hazard Original Soundtrack (PSCN-5044~5)"",""type"":""str"",""trackCount"":61,""memberPaths"":[""00-Gun Hazard.spc"",""01-Emergency.spc"",""02-Mission Complete.spc"",""03-Pull Out.spc"",""04-Last Words.spc"",""05-Tension.spc"",""06-Footsteps.spc"",""07-Shiver.spc"",""08-Move.spc"",""09-A Store Keeper.spc"",""10-Voice of Ark.spc"",""11-The President's Deadly Fight.spc"",""12-Ominous Wind.spc"",""13-Silencer.spc"",""14-Escape.spc"",""15-Richard Millman.spc"",""16-Cenktrich.spc"",""17-Enemy Raid.spc"",""18-Successful Attack.spc"",""19-Invasion.spc"",""20-Warning One.spc"",""21-Warning Two.spc"",""22-Genoce.spc"",""23-Sorrowful Karion.spc"",""24-Transaction.spc"",""25-Monologue.spc"",""26-Secret Story.spc"",""27-Galeon.spc"",""28-Sneak and Attack.spc"",""29-Blue Sky ~ Blue Sky.spc"",""30-Notice.spc"",""31-Resistence.spc"",""32-Naval Fortress.spc"",""33-Royce Felder.spc"",""34-A Running Fight.spc"",""35-A-R-K.spc"",""36-Remains.spc"",""37-Cavern.spc"",""38-Spark Shot.spc"",""39-202.spc"",""40-Violent Chase.spc"",""41-Death in Broad Daylight.spc"",""42-Uneasy.spc"",""43-Message of Genoce.spc"",""44-Determination.spc"",""45-Gardian.spc"",""46-Sentinel.spc"",""47-Trap.spc"",""48-Edel Ritter.spc"",""49-Nature.spc"",""50-Royce's Death.spc"",""51-Evil Power.spc"",""52-Atlas.spc"",""53-Approach to a Shrine.spc"",""54-Final Mission.spc"",""55-Impatience (Part 1).spc"",""56-Impatience (Part 2).spc"",""57-Promise ~ Engagement.spc"",""58-Heaven's Door.spc"",""59-Emotion.spc"",""60-Trial Zone.spc""]}]"	0	61
ghis.rsn	ghis.rsn	Granhistoria - Genshi Sekaiki (JP)	27	"[{""value"":""Granhistoria"",""type"":""str"",""trackCount"":27,""memberPaths"":[""00-Opening.spc"",""01-City.spc"",""02-Tension 1.spc"",""03-Grief.spc"",""04-Chronological Change.spc"",""05-Good Night.spc"",""06-Tension 2.spc"",""07-Fixed Battle.spc"",""08-Fixed Victory.spc"",""09-Unhappiness.spc"",""10-Dungeon 1.spc"",""11-Usual Battle.spc"",""12-Usual Victory.spc"",""13-Level Reached.spc"",""14-Town.spc"",""15-Field.spc"",""16-Dungeon 2.spc"",""17-Kein.spc"",""18-Dungeon 3.spc"",""19-Happening.spc"",""20-Garamania.spc"",""21-Manamigal.spc"",""22-The Year 825.spc"",""23-Underground Ruin.spc"",""24-The Machine.spc"",""25-Ending 1.spc"",""26-Ending 2.spc""]}]"	0	0	27	0	[]	0	0
gjc2.rsn	gjc2.rsn	Gambler Jiko Chuushinha 2 - Dorapon Quest	29	"[{""value"":[""Gambler Jiko Chuushinha 2: Dorap"",""Gambler Jiko Chuushinha 2: Dorapon Quest""],""type"":""list"",""trackCount"":29,""memberPaths"":[""00-Pack-in-Video Logo.spc"",""01-Title Screen.spc"",""02-Free Battle.spc"",""03-Story Mode Opening.spc"",""04-Inn.spc"",""05-Town.spc"",""06-Encounter.spc"",""07-Battle Theme.spc"",""08-Continue.spc"",""09-Win.spc"",""10-Get Item.spc"",""11-Rondeshita Castle.spc"",""12-Ally Joined.spc"",""13-Soozu Forest.spc"",""14-Haitei Castle.spc"",""15-Ending.spc"",""16-Staff Roll.spc"",""17-Unused Song 1.spc"",""18-Unused Song 2.spc"",""19-Unused Song 3.spc"",""20-Unused Song 4.spc"",""21-Unused Song 5.spc"",""22-Unused Song 6.spc"",""23-Unused Song 7.spc"",""24-Unused Jingle 1.spc"",""25-Unused Jingle 2.spc"",""26-Unused Jingle 3.spc"",""27-Unused Jingle 4.spc"",""28-Unused Jingle 5.spc""]}]"	0	0	29	0	[]	0	0
gk2.rsn	gk2.rsn	Super Aoki Ookami to Shiroki Mejika - Genchou Hishi (Genghis Khan 2 - Clan of the Grey Wolf)	26	"[{""value"":[""Super Aoki Ookami to Shiroki Mej"",""Super Aoki Ookami to Shiroki Mejika: Genchou Hishi""],""type"":""list"",""trackCount"":26,""memberPaths"":[""00-Opening.spc"",""01-Mongolian Strategy.spc"",""02-Central Asian Strategy.spc"",""03-Indian Strategy.spc"",""04-Islamic Strategy.spc"",""05-West European Strategy.spc"",""06-East European Strategy.spc"",""07-Japanese Strategy.spc"",""08-Chinese Strategy.spc"",""09-March in Inland Asia.spc"",""10-March in East Asia.spc"",""11-March in Southeast Asia.spc"",""12-March in Europe.spc"",""13-Battle Command.spc"",""14-Victory.spc"",""15-Defeated.spc"",""16-Postbellum Management.spc"",""17-Death of Hero.spc"",""18-Mongolian Unification.spc"",""19-Mongolian Horde.spc"",""20-East Asian Horde.spc"",""21-Southwest Asian Horde.spc"",""22-European Horde.spc"",""23-Ratchi's Horde.spc"",""24-Harp of Horde.spc"",""25-Ending.spc""]}]"	0	0	26	0	"[{""value"":""Koei Original BGM Shuu Vol.9 (KECH-1049)"",""type"":""str"",""trackCount"":26,""memberPaths"":[""00-Opening.spc"",""01-Mongolian Strategy.spc"",""02-Central Asian Strategy.spc"",""03-Indian Strategy.spc"",""04-Islamic Strategy.spc"",""05-West European Strategy.spc"",""06-East European Strategy.spc"",""07-Japanese Strategy.spc"",""08-Chinese Strategy.spc"",""09-March in Inland Asia.spc"",""10-March in East Asia.spc"",""11-March in Southeast Asia.spc"",""12-March in Europe.spc"",""13-Battle Command.spc"",""14-Victory.spc"",""15-Defeated.spc"",""16-Postbellum Management.spc"",""17-Death of Hero.spc"",""18-Mongolian Unification.spc"",""19-Mongolian Horde.spc"",""20-East Asian Horde.spc"",""21-Southwest Asian Horde.spc"",""22-European Horde.spc"",""23-Ratchi's Horde.spc"",""24-Harp of Horde.spc"",""25-Ending.spc""]}]"	0	26
gkd.rsn	gkd.rsn	Godzilla - Kaijuu Daikessen	20	"[{""value"":""Godzilla: Kaijuu Daikessen"",""type"":""str"",""trackCount"":20,""memberPaths"":[""00-Opening.spc"",""01-Vs. Select.spc"",""02-Player Monster Select.spc"",""03-Enemy Monster Select.spc"",""04-Godzilla's Theme.spc"",""05-The Ancient Roar.spc"",""06-Total Destruction.spc"",""07-Pulsing in the Dark.spc"",""08-Endless Wilderness.spc"",""09-The Squeaking of the Wheel.spc"",""10-Raging Waters.spc"",""11-Mothra's Song.spc"",""12-The Final Battle.spc"",""13-Armageddon at Sea.spc"",""14-Normal Game Win.spc"",""15-Normal Game Lose.spc"",""16-Vs. Game Win.spc"",""17-Continue.spc"",""18-Ending ~ Staff Roll.spc"",""19-Game Over.spc""]}]"	0	0	20	0	"[{""value"":""Godzilla: Kaijuu Daikessen Super Famicom Music Collection  (COCC-12246)"",""type"":""str"",""trackCount"":20,""memberPaths"":[""00-Opening.spc"",""01-Vs. Select.spc"",""02-Player Monster Select.spc"",""03-Enemy Monster Select.spc"",""04-Godzilla's Theme.spc"",""05-The Ancient Roar.spc"",""06-Total Destruction.spc"",""07-Pulsing in the Dark.spc"",""08-Endless Wilderness.spc"",""09-The Squeaking of the Wheel.spc"",""10-Raging Waters.spc"",""11-Mothra's Song.spc"",""12-The Final Battle.spc"",""13-Armageddon at Sea.spc"",""14-Normal Game Win.spc"",""15-Normal Game Lose.spc"",""16-Vs. Game Win.spc"",""17-Continue.spc"",""18-Ending ~ Staff Roll.spc"",""19-Game Over.spc""]}]"	0	20
gna.rsn	gna.rsn	Getsumen no Anubis	29	"[{""value"":""Getsumen no Anubis"",""type"":""str"",""trackCount"":29,""memberPaths"":[""00-Lunatic Dance.spc"",""01-Inside the Shuttle.spc"",""02-Grand Universe.spc"",""03-Twinkling Star.spc"",""04-Theme of Leonard.spc"",""05-Wine Table.spc"",""06-Reasoning.spc"",""07-Chaos.spc"",""08-Suspicion.spc"",""09-Unfaithfulness.spc"",""10-Reminiscence.spc"",""11-Recollection.spc"",""12-Theme of the Partner.spc"",""13-Tension.spc"",""14-Escape.spc"",""15-Disturbance.spc"",""16-Stalker.spc"",""17-Sleepless Night.spc"",""18-Approaching Person.spc"",""19-Cornered.spc"",""20-Rest.spc"",""21-Throbbing.spc"",""22-Nostalgia.spc"",""23-Conclusion.spc"",""24-The Truth That I Saw.spc"",""25-Exact Judgement.spc"",""26-Not Convince.spc"",""27-Cruel Dead.spc"",""28-Final Credit.spc""]}]"	29	0	0	0	"[{""value"":""Getsumen no Anubis GM-PROGRESS-4"",""type"":""str"",""trackCount"":29,""memberPaths"":[""00-Lunatic Dance.spc"",""01-Inside the Shuttle.spc"",""02-Grand Universe.spc"",""03-Twinkling Star.spc"",""04-Theme of Leonard.spc"",""05-Wine Table.spc"",""06-Reasoning.spc"",""07-Chaos.spc"",""08-Suspicion.spc"",""09-Unfaithfulness.spc"",""10-Reminiscence.spc"",""11-Recollection.spc"",""12-Theme of the Partner.spc"",""13-Tension.spc"",""14-Escape.spc"",""15-Disturbance.spc"",""16-Stalker.spc"",""17-Sleepless Night.spc"",""18-Approaching Person.spc"",""19-Cornered.spc"",""20-Rest.spc"",""21-Throbbing.spc"",""22-Nostalgia.spc"",""23-Conclusion.spc"",""24-The Truth That I Saw.spc"",""25-Exact Judgement.spc"",""26-Not Convince.spc"",""27-Cruel Dead.spc"",""28-Final Credit.spc""]}]"	0	29
gnk.rsn	gnk.rsn	Gegege no Kitarou - Fukkatsu! Tenma Daiou (JP)	21	"[{""value"":""Gegege no Kitaro"",""type"":""str"",""trackCount"":21,""memberPaths"":[""00-Opening.spc"",""01-Title Screen.spc"",""02-Level Intro.spc"",""03-Bright Forest.spc"",""04-Boss Battle.spc"",""05-July 1999.spc"",""06-Small Mountain Village.spc"",""07-Beat a Boss!.spc"",""08-Nighttime Forest Floating Train.spc"",""09-Select Character ~ 2P Mode.spc"",""10-Haunted Castle (part 1).spc"",""11-Haunted Castle (part 2).spc"",""12-Dank Caves.spc"",""13-Devil's Place.spc"",""14-Final Battle against Tenma Daiou.spc"",""15-Staff Roll.spc"",""16-Game Over.spc"",""17-Crystal Ball Breaks.spc"",""18-Ow!.spc"",""19-Cat Meow.spc"",""20-Tiger.spc""]}]"	0	0	21	0	[]	0	0
gnpl.rsn	gnpl.rsn	Gunple - Gunman's Proof	30	"[{""value"":""Gunple: Gunman's Proof"",""type"":""str"",""trackCount"":30,""memberPaths"":[""00-Opening.spc"",""01-Title Theme.spc"",""02-Leaving for Adventure.spc"",""03-Home Town.spc"",""04-Scenario 1.spc"",""05-Ancient Ruins.spc"",""06-Treasure!.spc"",""07-Demiseed Boss.spc"",""08-Robaton (Mono) the Donkey.spc"",""09-Ready for Bed.spc"",""10-A new Skill.spc"",""11-Scenario 2.spc"",""12-Blocking Ghosts.spc"",""13-North Cave.spc"",""14-Scenario 3.spc"",""15-Red Canyon.spc"",""16-City of the Dead.spc"",""17-Scenario 4.spc"",""18-Ruined Mine.spc"",""19-Wood Tower.spc"",""20-Demi's Mountain.spc"",""21-Stone Tower.spc"",""22-Risking My Life for You.spc"",""23-Demi Mech Attacks.spc"",""24-Is it Over.spc"",""25-Mission... Completely Acomplished!.spc"",""26-Is it Over... (short version).spc"",""27-The End.spc"",""28-Faint.spc"",""29-Game Over.spc""]}]"	0	0	30	0	[]	0	0
god.rsn	god.rsn	G.O.D. - Mezameyo to Yobu Koe ha Kikoe	52	"[{""value"":""G.O.D."",""type"":""str"",""trackCount"":52,""memberPaths"":[""00-Awaking.spc"",""01-Game Over.spc"",""02-Hometown.spc"",""03-Departure.spc"",""04-Village Tsukubane.spc"",""05-The Boss of the Kids.spc"",""06-Battle 1.spc"",""07-Good Night.spc"",""08-Winner.spc"",""09-Mt. Tsukubane.spc"",""10-Mr. Bat.spc"",""11-The King of Fears.spc"",""12-Jio Tokyo.spc"",""13-The Restaurant.spc"",""14-Field.spc"",""15-Dead Town.spc"",""16-God Stone.spc"",""17-The Beast of Base.spc"",""18-Sadness.spc"",""19-Myaa Town.spc"",""20-Dan-Kichi.spc"",""21-Alien.spc"",""22-Inuyama Zoo.spc"",""23-Nagasaki Town.spc"",""24-A Hot Spring.spc"",""25-Dolphin.spc"",""26-Ryuukyuu.spc"",""27-Battle 2.spc"",""28-The Mohican.spc"",""29-Izumo Shrine.spc"",""30-The Hole of Lake Biwa.spc"",""31-The Meteorite Dungeon.spc"",""32-The Tsugaru Tunnel.spc"",""33-Mihael.spc"",""34-The Cape Rebun.spc"",""35-Honmaka Town.spc"",""36-Angkor Wat.spc"",""37-Dream of Mother.spc"",""38-Moscow.spc"",""39-Paris.spc"",""40-London.spc"",""41-Village Kasuba.spc"",""42-Mother Ship Omega.spc"",""43-Angel Town.spc"",""44-Manhattan.spc"",""45-The Ancient Ship.spc"",""46-The Mediterranean Hole.spc"",""47-The Continent Remuria.spc"",""48-The Reunion with Mother.spc"",""49-Ra Moo.spc"",""50-The God.spc"",""51-Main Title.spc""]}]"	0	0	52	0	[]	0	0
gp.rsn	gp.rsn	Gokujyo Parodius (Parodius 2)	44	"[{""value"":""Gokujyo Parodius"",""type"":""str"",""trackCount"":44,""memberPaths"":[""00-Good Ol' Days.spc"",""01-Show Time in the Parodius.spc"",""02-Let's Go Together!.spc"",""03-Vic Viper & Lord British's Theme.spc"",""04-In the Crane Game.spc"",""05-Dancing Panda.spc"",""06-Takosuke & Belial's Theme.spc"",""07-Battleship Cat Forever.spc"",""08-I am Eliza.spc"",""09-Twinbee & Winbee's Theme.spc"",""10-Athletics Cry for the Candies.spc"",""11-Cooking Mambo.spc"",""12-Pentaro & Hanako's Theme.spc"",""13-Run! Run! Run!.spc"",""14-Hikaru & Akane's Theme.spc"",""15-Space Hit Parade.spc"",""16-Capsule Monster Capuchin.spc"",""17-Mambo & Samba's Theme.spc"",""18-The Brothers' Ships Move Again.spc"",""19-Yoshiko & Yoshio's Love.spc"",""20-Michael & Gabrielle's Theme.spc"",""21-What Do You See When You're Jumping.spc"",""22-Oh, Kaguya Princess!.spc"",""23-The Kaguya Princess's Realization.spc"",""24-Koitsu & Doitsu's Theme.spc"",""25-Baro-Baro Dancing.spc"",""26-Rikaon, The Beat.spc"",""27-Taste My Life.spc"",""28-Hey, The Ancient Hero!.spc"",""29-Loving Farewell.spc"",""30-Shooting Memories (part 1).spc"",""31-Shooting Memories (part 2).spc"",""32-Shooting Memories (part 3).spc"",""33-Shooting Memories (part 4).spc"",""34-Shooting Memories (part 5).spc"",""35-Shooting Memories (part 6).spc"",""36-Mr. Bex X's Theme.spc"",""37-Premium Continue!.spc"",""38-Premium Game Over!.spc"",""39-Premium Ranking!.spc"",""40-Play Again!.spc"",""41-Dracula's Theme.spc"",""42-Goemon's Theme.spc"",""43-Upa's Theme.spc""]}]"	0	0	44	0	"[{""value"":""Gokujyo Parodius Original Sound Track (KICA-7641)"",""type"":""str"",""trackCount"":41,""memberPaths"":[""00-Good Ol' Days.spc"",""01-Show Time in the Parodius.spc"",""02-Let's Go Together!.spc"",""03-Vic Viper & Lord British's Theme.spc"",""04-In the Crane Game.spc"",""05-Dancing Panda.spc"",""06-Takosuke & Belial's Theme.spc"",""07-Battleship Cat Forever.spc"",""08-I am Eliza.spc"",""09-Twinbee & Winbee's Theme.spc"",""10-Athletics Cry for the Candies.spc"",""11-Cooking Mambo.spc"",""12-Pentaro & Hanako's Theme.spc"",""13-Run! Run! Run!.spc"",""14-Hikaru & Akane's Theme.spc"",""15-Space Hit Parade.spc"",""16-Capsule Monster Capuchin.spc"",""17-Mambo & Samba's Theme.spc"",""18-The Brothers' Ships Move Again.spc"",""19-Yoshiko & Yoshio's Love.spc"",""20-Michael & Gabrielle's Theme.spc"",""21-What Do You See When You're Jumping.spc"",""22-Oh, Kaguya Princess!.spc"",""23-The Kaguya Princess's Realization.spc"",""24-Koitsu & Doitsu's Theme.spc"",""25-Baro-Baro Dancing.spc"",""26-Rikaon, The Beat.spc"",""27-Taste My Life.spc"",""28-Hey, The Ancient Hero!.spc"",""29-Loving Farewell.spc"",""30-Shooting Memories (part 1).spc"",""31-Shooting Memories (part 2).spc"",""32-Shooting Memories (part 3).spc"",""33-Shooting Memories (part 4).spc"",""34-Shooting Memories (part 5).spc"",""35-Shooting Memories (part 6).spc"",""36-Mr. Bex X's Theme.spc"",""37-Premium Continue!.spc"",""38-Premium Game Over!.spc"",""39-Premium Ranking!.spc"",""40-Play Again!.spc""]}]"	0	41
gp1.rsn	gp1.rsn	gp 1	10	"[{""value"":""GP-1"",""type"":""str"",""trackCount"":10,""memberPaths"":[""00-Title.spc"",""01-Menu.spc"",""02-Tune-Up.spc"",""03-Starting Grid.spc"",""04-Final.spc"",""05-Perfect!.spc"",""06-Nice Riding!.spc"",""07-Not So Bad!.spc"",""08-Hopeless!.spc"",""09-Champion.spc""]}]"	0	0	10	0	[]	0	0
gsm.rsn	gsm.rsn	Ghost Sweeper Mikami - Gokuraku Daisakusen	20	"[{""value"":[""Ghost Sweeper Mikami: Gokuraku D"",""Ghost Sweeper Mikami: Gokuraku Daisakusen""],""type"":""list"",""trackCount"":20,""memberPaths"":[""00-Mikami's Theme.spc"",""01-Make your Choices.spc"",""02-The Start of Everything.spc"",""03-Let's go!.spc"",""04-Haunted Shopping Mall.spc"",""05-My Bad.spc"",""06-Evil Blabla.spc"",""07-Assault of Insults.spc"",""08-Job Finished.spc"",""09-Chit Chat at Sweet Home.spc"",""10-Such Dirty Sewers.spc"",""11-Cat Race on the Roof.spc"",""12-Crazy Woods.spc"",""13-Broom Flight at the Sunset.spc"",""14-Bad Man is Mad.spc"",""15-Funky Building Lot.spc"",""16-Itchy Dream Castle.spc"",""17-Transformation.spc"",""18-Arch Fiend.spc"",""19-All is Fine.spc""]}]"	0	0	20	0	[]	0	0
gtr.rsn	gtr.rsn	GT Racing (JP)	19	"[{""value"":""GT Racing"",""type"":""str"",""trackCount"":19,""memberPaths"":[""00-Title Logo 1.spc"",""01-Title Logo 2.spc"",""02-Title Screen.spc"",""03-Mode Select.spc"",""04-Machine Decision.spc"",""05-Race Standby.spc"",""06-Championship Free Practice.spc"",""07-Menu.spc"",""08-Qualify.spc"",""09-Final.spc"",""10-Results.spc"",""11-Winning a Prize.spc"",""12-Victory Ceremony.spc"",""13-Special Parts Present.spc"",""14-Class Up.spc"",""15-Overall Victory.spc"",""16-Course Select.spc"",""17-Free Practice.spc"",""18-Versus.spc""]}]"	0	0	19	0	[]	0	0
guts.rsn	guts.rsn	Nickelodeon GUTS (US)	11	"[{""value"":""Nickelodeon GUTS"",""type"":""str"",""trackCount"":11,""memberPaths"":[""00-Title Screen and Results.spc"",""01-Main Theme.spc"",""02-Event Intro.spc"",""03-Aiming Game.spc"",""04-Running Game.spc"",""05-Aggro Crag Intro.spc"",""06-Aggro Crag.spc"",""07-Staff Roll.spc"",""08-Bonus Round.spc"",""09-Begin Running Event.spc"",""10-Viacom New Media Logo.spc""]}]"	0	0	11	0	[]	0	0
gw.rsn	gw.rsn	Galaxy Wars (JP)	4	"[{""value"":""Galaxy Wars"",""type"":""str"",""trackCount"":4,""memberPaths"":[""00-Main Theme.spc"",""01-Options.spc"",""02-Neo Mode.spc"",""03-UFO Destroyed.spc""]}]"	0	0	4	0	[]	0	0
gwed.rsn	gwed.rsn	Gundam Wing - Endless Duel	15	"[{""value"":""Gundam Wing: Endless Duel"",""type"":""str"",""trackCount"":15,""memberPaths"":[""00-Opening.spc"",""01-Player Choose.spc"",""02-Versus Screen.spc"",""03-Airport.spc"",""04-Arctic.spc"",""05-City.spc"",""06-Desert.spc"",""07-Port.spc"",""08-Seaside.spc"",""09-Space Ship.spc"",""10-Tower.spc"",""11-Continue.spc"",""12-Game Over.spc"",""13-Victory.spc"",""14-Credits.spc""]}]"	0	0	15	0	[]	0	0
hahe.rsn	hahe.rsn	Hanjuku Hero	45	"[{""value"":""Hanjuku Hero"",""type"":""str"",""trackCount"":45,""memberPaths"":[""00-Hanjuku! Hero.spc"",""01-Chapter of...!.spc"",""02-Ah, May the World Be Half-Boiled...!.spc"",""03-Comfortable Alma Moon.spc"",""04-The Great Fiasco From Top to Bottom.spc"",""05-Ah, Our Faraway Land.spc"",""06-Swordplay.spc"",""07-Hondara Hendara.spc"",""08-I'm Counting on You, Egg Monster!.spc"",""09-Wild Egg Battle.spc"",""10-Even Risking My Life.spc"",""11-Big Swordplay.spc"",""12-Rhythm Tree 1.spc"",""13-Faraway Hometown of the Egg.spc"",""14-The Black Egg Has a Dangerous Smell.spc"",""15-Perfectly-Boiled King of the Seasons.spc"",""16-Perfectly-Boiled King of Evil.spc"",""17-Hard Boiled!.spc"",""18-Die! Dang! Yen!.spc"",""19-For the Sake of Everyone.spc"",""20-Only for the Yellow Taste of His Love.spc"",""21-Half-Boiled Wife's Theatre.spc"",""22-Half-Boiled Wife's Theatre-In Sentimental.spc"",""23-At the End of Love and Hatred.spc"",""24-Perfectly-Boiled Person.spc"",""25-Perfectly-Boiled General's Ambition.spc"",""26-In the Middle of the Left of the Right.spc"",""27-Lucky!.spc"",""28-Lucky! Lucky!.spc"",""29-Shock!.spc"",""30-Shock! Shock!.spc"",""31-Victory!.spc"",""32-The Next Time I'm Reborn.spc"",""33-Lady Mind, Autumn Sky.spc"",""34-Appear.spc"",""35-My Dance.spc"",""36-Ochey!.spc"",""37-Tada!!.spc"",""38-And Up!!.spc"",""39-Egg Kick!.spc"",""40-Egg Beam!.spc"",""41-Mega Kick!.spc"",""42-Rhythm Tree 2.spc"",""43-Dawn.spc"",""44-Charumera.spc""]}]"	45	0	0	0	"[{""value"":""Hanjuku Hero Divertissement (N30D-015)"",""type"":""str"",""trackCount"":43,""memberPaths"":[""00-Hanjuku! Hero.spc"",""01-Chapter of...!.spc"",""02-Ah, May the World Be Half-Boiled...!.spc"",""03-Comfortable Alma Moon.spc"",""04-The Great Fiasco From Top to Bottom.spc"",""05-Ah, Our Faraway Land.spc"",""06-Swordplay.spc"",""07-Hondara Hendara.spc"",""08-I'm Counting on You, Egg Monster!.spc"",""09-Wild Egg Battle.spc"",""10-Even Risking My Life.spc"",""11-Big Swordplay.spc"",""12-Rhythm Tree 1.spc"",""13-Faraway Hometown of the Egg.spc"",""14-The Black Egg Has a Dangerous Smell.spc"",""15-Perfectly-Boiled King of the Seasons.spc"",""16-Perfectly-Boiled King of Evil.spc"",""17-Hard Boiled!.spc"",""18-Die! Dang! Yen!.spc"",""19-For the Sake of Everyone.spc"",""20-Only for the Yellow Taste of His Love.spc"",""21-Half-Boiled Wife's Theatre.spc"",""22-Half-Boiled Wife's Theatre-In Sentimental.spc"",""23-At the End of Love and Hatred.spc"",""24-Perfectly-Boiled Person.spc"",""25-Perfectly-Boiled General's Ambition.spc"",""26-In the Middle of the Left of the Right.spc"",""27-Lucky!.spc"",""28-Lucky! Lucky!.spc"",""29-Shock!.spc"",""30-Shock! Shock!.spc"",""31-Victory!.spc"",""32-The Next Time I'm Reborn.spc"",""33-Lady Mind, Autumn Sky.spc"",""34-Appear.spc"",""35-My Dance.spc"",""36-Ochey!.spc"",""37-Tada!!.spc"",""38-And Up!!.spc"",""39-Egg Kick!.spc"",""40-Egg Beam!.spc"",""41-Mega Kick!.spc"",""42-Rhythm Tree 2.spc""]}]"	0	43
haji.rsn	haji.rsn	Hajimari no Mori (The Forest of Beginnings)	24	"[{""value"":""Hajimari no Mori"",""type"":""str"",""trackCount"":24,""memberPaths"":[""00-Opening 1.spc"",""01-Opening 2.spc"",""02-Name Entry.spc"",""03-The Adventure's Beginning.spc"",""04-That Child.spc"",""05-Which Way's the Station.spc"",""06-The Forest.spc"",""07-I'm Happy Today, Too!.spc"",""08-So We Finally Meet.spc"",""09-Tranquil Daytime.spc"",""10-Everyone, Let's Play.spc"",""11-With Grandpa.spc"",""12-Festival.spc"",""13-Firefly.spc"",""14-Th--That's.spc"",""15-Inside This.spc"",""16-That's.spc"",""17-Night.spc"",""18-The Naughty Foursome.spc"",""19-What's This.spc"",""20-A Raft.spc"",""21-Ending.spc"",""22-Play 1.spc"",""23-Play 2.spc""]}]"	0	0	24	0	[]	0	0
hb.rsn	hb.rsn	Harapeko Bakka (JP)	41	"[{""value"":""Harapeko Bakka"",""type"":""str"",""trackCount"":21,""memberPaths"":[""00-Title.spc"",""01-Menu.spc"",""02-Enter Dinosaur World.spc"",""03-Round 1 (Slow).spc"",""04-Round 1 (Medium).spc"",""05-Round 1 (Fast).spc"",""06-Round 2 (Slow).spc"",""07-Round 2 (Medium).spc"",""08-Round 2 (Fast).spc"",""09-Round 3 (Slow).spc"",""10-Round 3 (Medium).spc"",""11-Round 3 (Fast).spc"",""12-Round 4 (Slow).spc"",""13-Round 4 (Medium).spc"",""14-Round 4 (Fast).spc"",""15-Alert.spc"",""16-Hurry Up!.spc"",""17-Round End.spc"",""18-To Next Stage.spc"",""19-You Lose!.spc"",""40-Unused Jingle.spc""]},{""value"":""Hungry Dinosaurs"",""type"":""str"",""trackCount"":20,""memberPaths"":[""20-Title Screen.spc"",""21-Main Menu.spc"",""22-Enter Dinosaur World.spc"",""23-Round 1 (Slow).spc"",""24-Round 1 (Medium).spc"",""25-Round 1 (Fast).spc"",""26-Round 2 (Slow).spc"",""27-Round 2 (Medium).spc"",""28-Round 2 (Fast).spc"",""29-Round 3 (Slow).spc"",""30-Round 3 (Medium).spc"",""31-Round 3 (Fast).spc"",""32-Round 4 (Slow).spc"",""33-Round 4 (Medium).spc"",""34-Round 4 (Fast).spc"",""35-Alert.spc"",""36-Hurry Up!.spc"",""37-Round End.spc"",""38-To Next Stage.spc"",""39-You Lose!.spc""]}]"	0	0	41	0	[]	0	0
hdn.rsn	hdn.rsn	Hiouden - Mamono Tachi Tono Chikai	53	"[{""value"":""Hiouden"",""type"":""str"",""trackCount"":53,""memberPaths"":[""00-Main Theme.spc"",""01-Beginning.spc"",""02-Fairy Fantasy.spc"",""03-Swear of Ring.spc"",""04-Daydream Garden.spc"",""05-Arrival.spc"",""06-Beat of Danger.spc"",""07-Confusion.spc"",""08-The Knights' Parade.spc"",""09-Brave Runner.spc"",""10-Dark Pressure.spc"",""11-Dangerous Zone.spc"",""12-Mechanical Hard.spc"",""13-Lamentation.spc"",""14-Rush!.spc"",""15-Paradox.spc"",""16-Affray.spc"",""17-Talk to the Tears.spc"",""18-To the Tomorrow.spc"",""19-Funny Steps.spc"",""20-Lead to the Heaven.spc"",""21-The Evil Eye.spc"",""22-Misty Silence.spc"",""23-Volcano.spc"",""24-Freeze My Heart.spc"",""25-Galaxy.spc"",""26-Reincarnation.spc"",""27-Count Down.spc"",""28-Crash Crash Crash!.spc"",""29-Last Moment.spc"",""30-One More Chance.spc"",""31-Miracle Shot.spc"",""32-Dawn Chorus.spc"",""33-Treasure Box.spc"",""34-Meet the Company.spc"",""35-Congratulations.spc"",""36-In Peace.spc"",""37-Brightness and Darkness.spc"",""38-Pluto.spc"",""39-Fight Myself.spc"",""40-Fight Myself (Brass).spc"",""41-Into Castle.spc"",""42-Destiny I.spc"",""43-Destiny II.spc"",""44-Game Creative Staff.spc"",""45-Dark Force.spc"",""46-Jet Stream.spc"",""47-Survival.spc"",""48-Farewell Fantasy.spc"",""49-Love From Us.spc"",""50-Emancipation.spc"",""51-Another Saga.spc"",""52-Fight! Ivanhoe!.spc""]}]"	0	0	53	0	[]	0	0
he4.rsn	he4.rsn	Heracles no Eikou IV - Kamigami kara no Okurimono	64	"[{""value"":""Heracles no Eikou IV"",""type"":""str"",""trackCount"":64,""memberPaths"":[""00-Overture.spc"",""01-Title.spc"",""02-Atlantis.spc"",""03-Raid by the Greek.spc"",""04-Battle with Raiders.spc"",""05-Victory.spc"",""06-Sadness.spc"",""07-Oriharkon Mine 1.spc"",""08-Almore's Laboratory.spc"",""09-Pandra Box.spc"",""10-Field 1.spc"",""11-Battle.spc"",""12-Village.spc"",""13-Song of Platon's Son.spc"",""14-Dungeon.spc"",""15-Battle with Boss.spc"",""16-Place of Memory.spc"",""17-Atlantis Wall.spc"",""18-Santaren.spc"",""19-Trantia.spc"",""20-Aboard.spc"",""21-Egypt.spc"",""22-Saaba.spc"",""23-Construction Site.spc"",""24-Pyramid.spc"",""25-Cursed.spc"",""26-Greece.spc"",""27-Persia.spc"",""28-Land of the Deads.spc"",""29-Hades' Castle.spc"",""30-Tartaros.spc"",""31-Epiphar Talks about the Secret of Immortality.spc"",""32-Field 2.spc"",""33-Sandria.spc"",""34-Troy.spc"",""35-Completing Argo.spc"",""36-Argo.spc"",""37-Gods' Dwellings.spc"",""38-Atlasia.spc"",""39-Mt. Atlas.spc"",""40-Summit of Atlas.spc"",""41-Pegasus.spc"",""42-Oriharkon Mine 2.spc"",""43-His Own Body.spc"",""44-Battle with Mr. Almore.spc"",""45-Battle with the Revenge.spc"",""46-Ending 1.spc"",""47-Ending Interval 1.spc"",""48-Ending 2.spc"",""49-Ending Interval 2.spc"",""50-Ending 3.spc"",""51-School Chime.spc"",""52-Important Item.spc"",""53-Good Night.spc"",""54-Encounter.spc"",""55-A Mate Joined.spc"",""56-Separation.spc"",""57-Harp 1.spc"",""58-Harp 2.spc"",""59-Harp 3.spc"",""60-Harp 4.spc"",""61-Harp 5.spc"",""62-Harp 6.spc"",""63-Temple.spc""]}]"	0	0	64	0	[]	0	0
herc.rsn	herc.rsn	Hercules (Super Gameboy)	9	"[{""value"":""Hercules"",""type"":""str"",""trackCount"":9,""memberPaths"":[""00-From Zero to Hero.spc"",""01-The Hero Sets Out.spc"",""02-Level Theme 1.spc"",""03-Level Theme 2.spc"",""04-Victorious.spc"",""05-Trapped.spc"",""06-Ending.spc"",""07-Unknown Song 1.spc"",""08-Unknown Song 2.spc""]}]"	0	0	9	0	[]	0	0
hf.rsn	hf.rsn	Hanafuda Ou (JP)	19	"[{""value"":""Hanafuda"",""type"":""str"",""trackCount"":19,""memberPaths"":[""00-Title.spc"",""01-Game Select.spc"",""02-Party Play.spc"",""03-Party Over.spc"",""04-Story 1.spc"",""05-Story 2.spc"",""06-Story 3.spc"",""07-Story 4.spc"",""08-Story 5.spc"",""09-Shobu.spc"",""10-Lose.spc"",""11-Win.spc"",""12-Story 6.spc"",""13-Story 7.spc"",""14-Story 8.spc"",""15-Story 9.spc"",""16-Stroy 10.spc"",""17-Staff Roll.spc"",""18-Pachinko.spc""]}]"	0	0	19	0	[]	0	0
higo.rsn	higo.rsn	Honkakuha Igo - Gosei	16	"[{""value"":""Honkakuha Igo: Gosei"",""type"":""str"",""trackCount"":16,""memberPaths"":[""00-Title.spc"",""01-Player Entry.spc"",""02-Main Menu.spc"",""03-Battle Mode Menu.spc"",""04-Battle Theme 1.spc"",""05-Replay Mode.spc"",""06-Game End Message 1.spc"",""07-Edit Mode.spc"",""08-Game End Message 2.spc"",""09-Puzzle Mode.spc"",""10-Puzzle Mode Main Theme.spc"",""11-Challenge Mode Introduction.spc"",""12-Battle Theme 2.spc"",""13-Unknown Song 1.spc"",""14-Unknown Song 2.spc"",""15-Answer.spc""]}]"	0	0	16	0	[]	0	0
hk5.rsn	hk5.rsn	Hokuto no Ken 5 - Tenma Ryuuseiden Ai Zetsu Shou (JP)	33	"[{""value"":""Hokuto no Ken 5"",""type"":""str"",""trackCount"":33,""memberPaths"":[""00-Title Screen.spc"",""01-Main Menu.spc"",""02-Wedding.spc"",""03-Kidnapped.spc"",""04-Small Town.spc"",""05-Saving Game.spc"",""06-World Map 1.spc"",""07-Battle on the World Map.spc"",""08-Defeated.spc"",""09-Won the Battle.spc"",""10-Level Up!.spc"",""11-Cave.spc"",""12-Battle in the Dungeon.spc"",""13-New Ally.spc"",""14-Large Town.spc"",""15-Dungeon.spc"",""16-Boss Battle.spc"",""17-Raou to the Rescue!.spc"",""18-World Map 2.spc"",""19-Mansion of Tentei.spc"",""20-Town Near Curse Fog.spc"",""21-Sailing.spc"",""22-World Map 3.spc"",""23-Kenshirou Has Been Killed.spc"",""24-Transfer of Power.spc"",""25-World Map 4.spc"",""26-Here Comes Makoutei!.spc"",""27-World Map 5.spc"",""28-Holy Place of Tentei.spc"",""29-Makoutei Castle.spc"",""30-Staff Roll.spc"",""31-Unknown Jingle.spc"",""32-Evil Laugh.spc""]}]"	0	0	33	0	[]	0	0
hkgf.rsn	hkgf.rsn	Hiryu no Ken S - Golden Fighter	23	"[{""value"":""Hiryu no Ken S: Golden Fighter"",""type"":""str"",""trackCount"":23,""memberPaths"":[""00-Title.spc"",""01-Story.spc"",""02-Contest of Fight.spc"",""03-History.spc"",""04-Conspiracy Theory.spc"",""05-Stage 1.spc"",""06-Stage 2.spc"",""07-Stage 3.spc"",""08-Stage 4.spc"",""09-Dead.spc"",""10-Meet Enemy.spc"",""11-Playground.spc"",""12-Street Battle.spc"",""13-Win the Game!.spc"",""14-Continue.spc"",""15-OK! Let's Fight!.spc"",""16-Dangerous.spc"",""17-Battle Party.spc"",""18-Boss Battle.spc"",""19-Surprise!.spc"",""20-Conference.spc"",""21-Complete.spc"",""22-Hiryu no Ken!!!.spc""]}]"	0	0	23	0	[]	0	0
hmat.rsn	hmat.rsn	Honkaku Mahjong - Tetsuman (JP)	10	"[{""value"":""Honkaku Mahjong Tetsuman"",""type"":""str"",""trackCount"":10,""memberPaths"":[""00-Main Theme.spc"",""01-Main Menu.spc"",""02-Select Member.spc"",""03-Current Status.spc"",""04-Mahjong Theme 1.spc"",""05-Mahjong Theme 2.spc"",""06-Mahjong Theme 3.spc"",""07-Draw.spc"",""08-Someone's Almost Won!.spc"",""09-End of Hand.spc""]}]"	0	0	10	0	[]	0	0
hnd.rsn	hnd.rsn	Hunchback of Notre Dame (Super Gameboy)	9	"[{""value"":""Hunchback of Notre Dame"",""type"":""str"",""trackCount"":9,""memberPaths"":[""00-Main Theme.spc"",""01-Chisler.spc"",""02-Djali Bowling.spc"",""03-Picture Puzzle.spc"",""04-Catch a Fool.spc"",""05-Upsy Daisy.spc"",""06-Intermission.spc"",""07-Congratulations!.spc"",""08-Better Luck Next Time!.spc""]}]"	0	0	9	0	[]	0	0
hndd.rsn	hndd.rsn	Honoo no Toukyuuji - Dodge Danpei	11	"[{""value"":""Dodge Danpei"",""type"":""str"",""trackCount"":11,""memberPaths"":[""00-Main Theme.spc"",""01-Main Menu.spc"",""02-Opening.spc"",""03-Storyline.spc"",""04-Something Epic's Happening.spc"",""05-Dodgeball Game 1.spc"",""06-Dodgeball Game 2.spc"",""07-Dodgeball Game 3.spc"",""08-Dodgeball Game 4.spc"",""09-Dodgeball Game 5.spc"",""10-Unused Song.spc""]}]"	0	0	11	0	[]	0	0
hnp.rsn	hnp.rsn	hebereke no popoon (JP)	14	"[{""value"":""Hebereke no Popun"",""type"":""str"",""trackCount"":14,""memberPaths"":[""00-Sunsoft Logo.spc"",""01-Hebereke no Popun Logo.spc"",""02-Main Menu.spc"",""03-Character Select.spc"",""04-VS Match BGM.spc"",""05-Story Mode Map.spc"",""06-Story Mode Match BGM 1.spc"",""07-Story Mode Match BGM 2.spc"",""08-Story Mode Final Match BGM.spc"",""09-Story Mode Won.spc"",""10-Story Mode Lost.spc"",""11-Credits.spc"",""12-Story Mode Game Over.spc"",""13-Unused.spc""]}]"	0	0	14	0	[]	0	0
hopi.rsn	hopi.rsn	Hebereke no Oishii Puzzle wa Irimasekna	18	"[{""value"":[""Hebereke no Oishii Puzzle wa Iri"",""Hebereke no Oishii Puzzle wa Irimasekna""],""type"":""list"",""trackCount"":18,""memberPaths"":[""00-Title Screen.spc"",""01-Stage Introduction 1.spc"",""02-Stage Map.spc"",""03-Crossword.spc"",""04-Hide-and-Seek.spc"",""05-Spot the Difference.spc"",""06-Fit Puzzle.spc"",""07-Game Over Demo 1.spc"",""08-Answer.spc"",""09-Stage Clear!.spc"",""10-Stage Introduction 2.spc"",""11-Game Over Demo 2.spc"",""12-Bonus.spc"",""13-Get Bonus.spc"",""14-Staff Roll.spc"",""15-Party Mode Victory.spc"",""16-Unused Song.spc"",""17-Unused Jingle.spc""]}]"	0	0	18	0	[]	0	0
hp93.rsn	hp93.rsn	Hakunetsu Pro Yakyuu '93 - Ganba League (JP)	30	"[{""value"":[""Hakunetsu Pro Yakyuu '93: Ganba"",""Hakunetsu Pro Yakyuu '93: Ganba League""],""type"":""list"",""trackCount"":30,""memberPaths"":[""00-Opening.spc"",""01-Mode Select.spc"",""02-Game Menu.spc"",""03-Stadium Theme 1.spc"",""04-Stadium Theme 2.spc"",""05-Stadium Theme 3.spc"",""06-Stadium Theme 4.spc"",""07-Stadium Theme 5.spc"",""08-Stadium Theme 6.spc"",""09-Chance.spc"",""10-Big Chance.spc"",""11-Home Run.spc"",""12-Time Out.spc"",""13-Change.spc"",""14-Results.spc"",""15-Pennant Race.spc"",""16-Yada.spc"",""17-League Defeat.spc"",""18-Iyan.spc"",""19-League 2nd Place.spc"",""20-Yattane!.spc"",""21-League Victory.spc"",""22-Staff Roll.spc"",""23-Ganba League!.spc"",""24-Ball.spc"",""25-Strike!.spc"",""26-Foul Ball!.spc"",""27-Ite!.spc"",""28-Foul Ball ni Gochuui Kudasai.spc"",""29-Home in!.spc""]}]"	0	0	30	0	[]	0	0
hp94.rsn	hp94.rsn	Hakunetsu Pro Yakyuu '94 - Ganba League 3	21	"[{""value"":[""Hakunetsu Pro Yakyuu '94: Ganba"",""Hakunetsu Pro Yakyuu '94: Ganba League 3""],""type"":""list"",""trackCount"":21,""memberPaths"":[""00-Opening.spc"",""01-Ganba League!.spc"",""02-Three!.spc"",""03-Ganbare!.spc"",""04-Mode Select.spc"",""05-Game Menu.spc"",""06-Ganba Dome.spc"",""07-Jinkan Stadium.spc"",""08-Moushien.spc"",""09-Strikeout 1.spc"",""10-Strikeout 2.spc"",""11-Chance.spc"",""12-Home Run.spc"",""13-Time Out.spc"",""14-Change!.spc"",""15-Change.spc"",""16-Lucky 7.spc"",""17-Game Set.spc"",""18-Ganba League News.spc"",""19-Accident News.spc"",""20-Japan Champions!!.spc""]}]"	0	0	21	0	[]	0	0
hpgl.rsn	hpgl.rsn	Hakunetsu Pro Yakyuu - Ganba League (JP)	57	"[{""value"":""Extra Innings"",""type"":""str"",""trackCount"":8,""memberPaths"":[""49-Take Your.spc"",""50-Base!.spc"",""51-It's.spc"",""52-To the Wall.spc"",""53-Outta Here!.spc"",""54-Game Call!.spc"",""55-Extra!.spc"",""56-Innings!.spc""]},{""value"":[""Hakunetsu Pro Yakyuu: Ganba Leag"",""Hakunetsu Pro Yakyuu: Ganba League""],""type"":""list"",""trackCount"":49,""memberPaths"":[""00-Title Screen.spc"",""01-Mode Select.spc"",""02-Ganba Dome.spc"",""03-West Stadium.spc"",""04-Massive Stadium.spc"",""05-Chance.spc"",""06-Big Chance.spc"",""07-Get Home.spc"",""08-Home Run.spc"",""09-Cheer.spc"",""10-Time Out.spc"",""11-Change.spc"",""12-Game Set.spc"",""13-Results.spc"",""14-Pennant Race.spc"",""15-Pennant Race Results.spc"",""16-League Defeat.spc"",""17-League 2nd Place.spc"",""18-League Victory.spc"",""19-Unknown Jingle.spc"",""20-Unknown Voice.spc"",""21-Fork Ball.spc"",""22-Strike!.spc"",""23-Ball!.spc"",""24-Foul!.spc"",""25-Foul Ball!.spc"",""26-Dead Ball!.spc"",""27-Out!.spc"",""28-Safe!.spc"",""29-Right!.spc"",""30-Center!.spc"",""31-Left!.spc"",""32-Back!.spc"",""33-Play Ball!.spc"",""34-It's in!.spc"",""35-Home Run!.spc"",""36-Oh No!.spc"",""37-Oops!.spc"",""38-Uh oh!.spc"",""39-Ow!.spc"",""40-Time!.spc"",""41-Game Set!.spc"",""42-Change!.spc"",""43-Three Out!.spc"",""44-Nice!.spc"",""45-Great!.spc"",""46-Super!.spc"",""47-Welcome to.spc"",""48-Ganba League!.spc""]}]"	0	0	57	0	[]	0	0
hsfr.rsn	hsfr.rsn	Honkaku Shougi - Fuuunji Ryuuou (JP)	17	"[{""value"":""Honkaku Shougi Fuuunji Ryuuou"",""type"":""str"",""trackCount"":17,""memberPaths"":[""00-Title Screen.spc"",""01-Transition ~ Spring.spc"",""02-Transition ~ Summer.spc"",""03-Transition ~ Autumn.spc"",""04-Transition ~ Winter.spc"",""05-Set Up.spc"",""06-Shougi Game.spc"",""07-You Win!.spc"",""08-You Lose.spc"",""09-Begin Tournament Match.spc"",""10-You Are Champion!.spc"",""11-Ending.spc"",""12-Unused Jingle 1.spc"",""13-Unused Jingle 2.spc"",""14-Ding!.spc"",""15-Unused Sound.spc"",""16-Phuit!.spc""]}]"	0	0	17	0	[]	0	0
hsh.rsn	hsh.rsn	Hashire Hebereke (JP)	28	"[{""value"":""Hashire Hebereke"",""type"":""str"",""trackCount"":28,""memberPaths"":[""00-Title Screen.spc"",""01-Introduction.spc"",""02-Character Select.spc"",""03-Map Screen.spc"",""04-Prepare for the Race.spc"",""05-Get Ready.spc"",""06-Hebe's Stage.spc"",""07-Bonus Race.spc"",""08-Ouchan's Stage.spc"",""09-Sukezaemon's Stage.spc"",""10-Jenifer's Stage.spc"",""11-Booboodori and Utsuzin's Stage.spc"",""12-Penchan's Stage.spc"",""13-Unyoon's Stage.spc"",""14-Race Won.spc"",""15-Race Lost.spc"",""16-Ending.spc"",""17-Staff Roll.spc"",""18-Game Over.spc"",""19-Unknown Song.spc"",""20-Unknown Jingle 1.spc"",""21-Unknown Jingle 2.spc"",""22-Hashire!.spc"",""23-Hebereke!.spc"",""24-Ki Ni Tsuite!.spc"",""25-Yoi.spc"",""26-Yei!.spc"",""27-Matane!.spc""]}]"	0	0	28	0	[]	0	0
hti.rsn	hti.rsn	Hit the Ice - VHL - The Official Video Hockey League (US)	21	"[{""value"":""Hit the Ice"",""type"":""str"",""trackCount"":21,""memberPaths"":[""00-Title.spc"",""01-Team Select.spc"",""02-U.S. National Anthem.spc"",""03-Stadium Organ.spc"",""04-New Period.spc"",""05-Put 'em Up!.spc"",""06-Fight!.spc"",""07-End of Game.spc"",""08-Game Over.spc"",""09-Staff Roll.spc"",""10-Unused Jingle.spc"",""11-Crowd Noise.spc"",""12-End of Period Siren.spc"",""13-Goal Siren.spc"",""14-Here's the Face-Off.spc"",""15-Why I Oughta.spc"",""16-Pass it!.spc"",""17-You're the Best!.spc"",""18-Freeze!.spc"",""19-Hu-u!.spc"",""20-Wooooooo-ooo!.spc""]}]"	0	0	21	0	[]	0	0
hulk.rsn	hulk.rsn	Incredible Hulk, The	16	"[{""value"":""The Incredible Hulk"",""type"":""str"",""trackCount"":16,""memberPaths"":[""00-Title Screen.spc"",""01-Cities and Sewers.spc"",""02-Battle with Rhino.spc"",""03-Storyline.spc"",""04-Tyrannus' Labyrinth.spc"",""05-Battle with Tyrannus.spc"",""06-Leader's Fortress.spc"",""07-Guy with a Spinning Ball.spc"",""08-Inside an Alien.spc"",""09-Battle with The Brain.spc"",""10-Leader's Fortress Revisited.spc"",""11-Battle with the Leader.spc"",""12-Ending ~ Staff Roll.spc"",""13-Game Over.spc"",""14-High Score.spc"",""15-Roar.spc""]}]"	0	0	16	0	[]	0	0
human.rsn	human.rsn	Humans, The	8	"[{""value"":""Humans"",""type"":""str"",""trackCount"":8,""memberPaths"":[""00-Title & Menu.spc"",""01-Level Intro.spc"",""02-Stage Theme 1.spc"",""03-Stage Theme 2.spc"",""04-Stage Theme 3.spc"",""05-Stage Theme 4.spc"",""06-Results.spc"",""07-Ending.spc""]}]"	0	0	8	0	[]	0	0
hvbsv.rsn	hvbsv.rsn	Hyper V-Ball	25	"[{""value"":""Hyper V-Ball"",""type"":""str"",""trackCount"":11,""memberPaths"":[""14-Opening.spc"",""15-Choose Your Team.spc"",""16-Coach Cambios.spc"",""17-Vs.spc"",""18-League Game.spc"",""19-Hyper League.spc"",""20-Final Point.spc"",""21-Victory!.spc"",""22-Defeat.spc"",""23-Championship.spc"",""24-Hyper V-Ball!.spc""]},{""value"":""Super Volley II"",""type"":""str"",""trackCount"":14,""memberPaths"":[""00-Opening.spc"",""01-Choose Your Team.spc"",""02-Vs.spc"",""03-Coach Cambios.spc"",""04-Championship League.spc"",""05-Championship Hyper League.spc"",""06-League Game.spc"",""07-Final Point.spc"",""08-Victory!.spc"",""09-Defeated.spc"",""10-Total Defeat.spc"",""11-Hyper League.spc"",""12-Great Victory!.spc"",""13-Ultimate Defeat.spc""]}]"	11	0	14	0	[]	0	0
hzkd.rsn	hzkd.rsn	Hansei Zaru Jiro-kun no Daibouken (JP)	21	"[{""value"":""Spanky's Quest"",""type"":""str"",""trackCount"":4,""memberPaths"":[""17-Introduction (part 1).spc"",""18-Introduction (part 3).spc"",""19-Introduction (part 2).spc"",""20-Game Over.spc""]},{""value"":[""Hansei Zarujirou Kun no Daibouke"",""Hansei Zarujirou Kun no Daibouken""],""type"":""list"",""trackCount"":17,""memberPaths"":[""00-Opening.spc"",""01-Password.spc"",""02-Garden.spc"",""03-City.spc"",""04-Beach.spc"",""05-Unterwater.spc"",""06-Ruins.spc"",""07-Bonus Stage.spc"",""08-Goal.spc"",""09-Boss.spc"",""10-World Map.spc"",""11-Last Boss (part 1).spc"",""12-Last Boss (part 2).spc"",""13-Victory.spc"",""14-Ending.spc"",""15-Game Over.spc"",""16-Noise.spc""]}]"	0	0	21	0	[]	0	0
igoc.rsn	igoc.rsn	Igo Club (JP)	4	"[{""value"":""Igo Club"",""type"":""str"",""trackCount"":4,""memberPaths"":[""00-Main Theme.spc"",""01-Unknown Song.spc"",""02-I Point.spc"",""03-Data Save.spc""]}]"	0	0	4	0	[]	0	0
ihrsd.rsn	ihrsd.rsn	Itou Hatasu Rokudan no Shougi Dojo	9	"[{""value"":[""Itou Hatasu Rokudan no Shougi Do"",""Itou Hatasu Rokudan no Shougi Dojo""],""type"":""list"",""trackCount"":9,""memberPaths"":[""00-Title.spc"",""01-Puzzle Mode Menu.spc"",""02-Puzzle Mode.spc"",""03-Puzzle Correct Answer.spc"",""04-Secondary Menu.spc"",""05-Battle Mode Menu.spc"",""06-Battle Mode.spc"",""07-Resigning.spc"",""08-Replay.spc""]}]"	0	0	9	0	[]	0	0
ijga.rsn	ijga.rsn	Indiana Jones' Greatest Adventures	20	"[{""value"":[""Indiana Jones' Greatest Adventur"",""Indiana Jones' Greatest Adventures""],""type"":""list"",""trackCount"":20,""memberPaths"":[""00-Indiana Jones Main Theme.spc"",""01-Ominous Feeling.spc"",""02-The Long Journey Begins.spc"",""03-Desperate Situation.spc"",""04-Dangerous Legends.spc"",""05-Around the World.spc"",""06-Winds of Nepal.spc"",""07-Dash Through the Streets.spc"",""08-German Mining Complex.spc"",""09-The Well of Souls.spc"",""10-Spirits of the Ark.spc"",""11-Moment of Rejoicing.spc"",""12-Court of Statues.spc"",""13-Pankot Caverns.spc"",""14-Battle on the Rope Bridge.spc"",""15-Waterways Under Venice.spc"",""16-Airborne Assault.spc"",""17-Staff Roll.spc"",""18-Indy's Fanfare.spc"",""19-Game Over.spc""]}]"	0	0	20	0	[]	0	0
im.rsn	im.rsn	Ihatovo Monogatari	23	"[{""value"":""Ihatovo Monogatari"",""type"":""str"",""trackCount"":23,""memberPaths"":[""00-Title.spc"",""01-Menu.spc"",""02-Ihatovo City.spc"",""03-Fire Stone Forest.spc"",""04-Cave.spc"",""05-Something Happened.spc"",""06-Cairo Danchou.spc"",""07-Cairo and Sarunokoshikake.spc"",""08-Kenjuu's Village 1.spc"",""09-Kenjuu's Village 2.spc"",""10-Chaplin.spc"",""11-Volcano Center.spc"",""12-Otsubel.spc"",""13-Music Festival.spc"",""14-Romantic Movie.spc"",""15-Gosh's Water Mill.spc"",""16-Gosh Solo.spc"",""17-Snow Passage Village.spc"",""18-Phenomenon IV.spc"",""19-Galaxy Express.spc"",""20-Carbonard Island.spc"",""21-Earthgod's Forest (Night).spc"",""22-Earthgod's Forest (Day).spc""]}]"	23	0	0	0	"[{""value"":""Ihatovo Monogatari (HEC-30001)"",""type"":""str"",""trackCount"":23,""memberPaths"":[""00-Title.spc"",""01-Menu.spc"",""02-Ihatovo City.spc"",""03-Fire Stone Forest.spc"",""04-Cave.spc"",""05-Something Happened.spc"",""06-Cairo Danchou.spc"",""07-Cairo and Sarunokoshikake.spc"",""08-Kenjuu's Village 1.spc"",""09-Kenjuu's Village 2.spc"",""10-Chaplin.spc"",""11-Volcano Center.spc"",""12-Otsubel.spc"",""13-Music Festival.spc"",""14-Romantic Movie.spc"",""15-Gosh's Water Mill.spc"",""16-Gosh Solo.spc"",""17-Snow Passage Village.spc"",""18-Phenomenon IV.spc"",""19-Galaxy Express.spc"",""20-Carbonard Island.spc"",""21-Earthgod's Forest (Night).spc"",""22-Earthgod's Forest (Day).spc""]}]"	0	23
ini.rsn	ini.rsn	Inindo - Way of the Ninja (Super Inindo - Datou Nobunaga)	32	"[{""value"":""Inindo"",""type"":""str"",""trackCount"":32,""memberPaths"":[""00-Prologue 1.spc"",""01-Prologue 2.spc"",""02-Prologue 3.spc"",""03-Menu.spc"",""04-Villages.spc"",""05-Danger.spc"",""06-Fixed Battle.spc"",""07-Normal Battle.spc"",""08-Alone on the Field.spc"",""09-In a Cave.spc"",""10-Level Up.spc"",""11-Found Item.spc"",""12-Cities.spc"",""13-At a Shop.spc"",""14-Gambling Spot.spc"",""15-Shugenjou Village.spc"",""16-Shugenjou Dungeon.spc"",""17-Battle at Shugenjous.spc"",""18-Artifact Discovered.spc"",""19-Partying on the Field.spc"",""20-Aboard.spc"",""21-Castles.spc"",""22-Mt. Hieizan.spc"",""23-Wars.spc"",""24-Field after Aduchi Appeared.spc"",""25-Aduchi Castle.spc"",""26-Battle at Aduchi Castle.spc"",""27-Ninja Boss at Aduchi.spc"",""28-Battle Nobunaga & Ranmaru.spc"",""29-Ending 1.spc"",""30-Ending 2.spc"",""31-Party Member's Death.spc""]}]"	0	0	32	0	[]	0	0
ipgt.rsn	ipgt.rsn	Ippatsu Gyakuten (JP)	15	"[{""value"":""Ippatsu Gyakuten: Keiba Keirin K"",""type"":""str"",""trackCount"":15,""memberPaths"":[""00-Title Screen.spc"",""01-Free Play Mode.spc"",""02-Story Mode Introduction.spc"",""03-Event.spc"",""04-Main Menu (Home).spc"",""05-Place Select.spc"",""06-Main Menu (Hotel).spc"",""07-Part-Time Job.spc"",""08-Horse Racing Paddock.spc"",""09-Cycle Race Introduction.spc"",""10-Motorboat Race Introduction.spc"",""11-Race Standby.spc"",""12-Race Result.spc"",""13-Bad Ending.spc"",""14-Good Ending.spc""]}]"	0	0	15	0	[]	0	0
issdx.rsn	issdx.rsn	International Superstar Soccer Deluxe	14	"[{""value"":[""International Superstar Soccer D"",""International Superstar Soccer Deluxe""],""type"":""list"",""trackCount"":14,""memberPaths"":[""00-Opening.spc"",""01-Main Menu.spc"",""02-Short League Tournament.spc"",""03-International.spc"",""04-Victory.spc"",""05-Further Callenges.spc"",""06-World Series.spc"",""07-Scenarios.spc"",""08-Scenario Mode Solved.spc"",""09-Training.spc"",""10-Practicing.spc"",""11-Staff Roll.spc"",""12-Special Staff Roll.spc"",""13-Game Over.spc""]}]"	0	0	14	0	[]	0	0
izzy.rsn	izzy.rsn	Izzy's Quest for the Olympic Rings	21	"[{""value"":[""Izzy's Quest for the Olympic Rin"",""Izzy's Quest for the Olympic Rings""],""type"":""list"",""trackCount"":21,""memberPaths"":[""00-Title.spc"",""01-Greek Village.spc"",""02-Lava Dome.spc"",""03-Exit to Atlanta (part 1).spc"",""04-Exit to Atlanta (part 2).spc"",""05-The Elder Challenge.spc"",""06-Torch Light.spc"",""07-End of World.spc"",""08-Izzy Dies.spc"",""09-Invulnerability.spc"",""10-Unknown Song.spc"",""11-Secret Room.spc"",""12-1-Up.spc"",""13-Bronze Medal.spc"",""14-Silver Medal.spc"",""15-Gold Medal.spc"",""16-Easter Egg Appear.spc"",""17-Continue.spc"",""18-Warp.spc"",""19-Morph Start.spc"",""20-Morph End.spc""]}]"	0	0	21	0	[]	0	0
jbook.rsn	jbook.rsn	Jungle Book, The	11	"[{""value"":""The Jungle Book"",""type"":""str"",""trackCount"":11,""memberPaths"":[""00-Bear Necessities.spc"",""01-The Beginning.spc"",""02-Jungle by Day.spc"",""03-Kaa the Snake.spc"",""04-The Treevillage.spc"",""05-Waterfall.spc"",""06-King Louie.spc"",""07-Collapsing Ruins.spc"",""08-Jungle at Night.spc"",""09-The Wastelands.spc"",""10-Game Over.spc""]}]"	0	0	11	0	[]	0	0
jbrr.rsn	jbrr.rsn	Jaleco Rally Big Run - The Supreme 4WD Challenge	13	"[{""value"":[""Jaleco Rally Big Run: The Suprem"",""Jaleco Rally Big Run: The Supreme 4WD Challenge""],""type"":""list"",""trackCount"":13,""memberPaths"":[""00-Title Screen.spc"",""01-Tripoli ~ Ghadames, Nema ~ Kiffa.spc"",""02-Goal!.spc"",""03-Ghadames ~ Ghat.spc"",""04-Ghat ~ Dirkou.spc"",""05-Dirkou ~ Agadez.spc"",""06-Agadez ~ Gao, Kiffa ~ M'Boro.spc"",""07-Gao ~ Nema.spc"",""08-M'Boro ~ Dakar.spc"",""09-Congratulations!.spc"",""10-Ending.spc"",""11-Ending (Alternate).spc"",""12-Game Over.spc""]}]"	0	0	13	0	[]	0	0
jc.rsn	jc.rsn	naxat super pinball jaki crush (JP)	13	"[{""value"":""Jaki Crush"",""type"":""str"",""trackCount"":13,""memberPaths"":[""00-Title Screen.spc"",""01-Main Table.spc"",""02-Mini Game 1.spc"",""03-Mini Game 2.spc"",""04-Mini Game 3.spc"",""05-Completion.spc"",""06-Bonus Point Tally.spc"",""07-Ending.spc"",""08-High Score Table.spc"",""09-Game Over.spc"",""10-Unknown Song 1.spc"",""11-Unknown Song 2.spc"",""12-Unknown Song 3.spc""]}]"	0	0	13	0	[]	0	0
jeop.rsn	jeop.rsn	Jeopardy! (US)	16	"[{""value"":""Jeopardy!"",""type"":""str"",""trackCount"":16,""memberPaths"":[""00-Title Screen.spc"",""01-Set Up Game.spc"",""02-Final Jeopardy.spc"",""03-Applause.spc"",""04-Shuffling Categories.spc"",""05-Category.spc"",""06-Buzz In.spc"",""07-Daily Double.spc"",""08-Enter Wager.spc"",""09-Correct!.spc"",""10-Wrong!.spc"",""11-Time's Up!.spc"",""12-This is Jeopardy!.spc"",""13-Here are the Categories.spc"",""14-The Answer is.spc"",""15-Final Jeopardy Answer is.spc""]}]"	0	0	16	0	[]	0	0
jerry.rsn	jerry.rsn	Jerry Boy (Smartball)	22	"[{""value"":""Jerry Boy"",""type"":""str"",""trackCount"":22,""memberPaths"":[""00-Opening.spc"",""01-Round Select.spc"",""02-Round Start.spc"",""03-Green Plains.spc"",""04-Town.spc"",""05-Ruins.spc"",""06-Darkness.spc"",""07-Desert.spc"",""08-Moon.spc"",""09-Heaven.spc"",""10-Waterworld.spc"",""11-Snowy Land.spc"",""12-Boss.spc"",""13-Castle.spc"",""14-Church.spc"",""15-Round Clear.spc"",""16-Lost Life.spc"",""17-Game Over.spc"",""18-Final Boss (Intro).spc"",""19-Final Boss.spc"",""20-Victory.spc"",""21-Ending.spc""]}]"	0	0	22	0	[]	0	0
jets.rsn	jets.rsn	Jetsons - Invasion of the Planet Pirates	23	"[{""value"":[""Jetsons: Invasion of the Planet"",""Jetsons: Invasion of the Planet Pirates""],""type"":""list"",""trackCount"":23,""memberPaths"":[""00-Jetsons Main Theme.spc"",""01-The Jetson Family.spc"",""02-Early Morning Rush.spc"",""03-Captain Zoom's Theme.spc"",""04-Zora Appears.spc"",""05-That's Terrible!.spc"",""06-Spacely's Space Sprockets.spc"",""07-Battle with a Pirate.spc"",""08-Victory Dance.spc"",""09-Reward Fanfare.spc"",""10-Cogswell's Cosmic Cogs.spc"",""11-Futuristic Garden.spc"",""12-Chance for Riches!.spc"",""13-Blackouts on Martian Soil.spc"",""14-Space Station Trap.spc"",""15-Galactic Forests and Lakes.spc"",""16-Drowning!.spc"",""17-Speeder Bike Chase!.spc"",""18-The Pirates' Castle.spc"",""19-Last Battle with Zora.spc"",""20-Ending ~ Staff Roll.spc"",""21-Smashed and Crushed.spc"",""22-Game Over.spc""]}]"	0	0	23	0	[]	0	0
jle94.rsn	jle94.rsn	J League Excite Stage '94	41	"[{""value"":""Capcom's Soccer Shootout"",""type"":""str"",""trackCount"":1,""memberPaths"":[""40-Capcom.spc""]},{""value"":""J League Excite Stage '94"",""type"":""str"",""trackCount"":40,""memberPaths"":[""00-Opening.spc"",""01-Mode Select.spc"",""02-Training.spc"",""03-Not Bad!.spc"",""04-Good!.spc"",""05-Well Done!.spc"",""06-Close!.spc"",""07-Perfect!.spc"",""08-Vs!!.spc"",""09-Kashima Antlers.spc"",""10-JEF United.spc"",""11-Red Diamonds.spc"",""12-Verdy Kawasaki.spc"",""13-Yokohama Marinos.spc"",""14-Yokohama Flügels.spc"",""15-Ballmare Hiratsuka.spc"",""16-Shimizu S-Pulse.spc"",""17-Júblio Iwata.spc"",""18-Nagoya Grampus.spc"",""19-Gamba Osaka.spc"",""20-Sanfrecce Hiroshima.spc"",""21-J-East.spc"",""22-J-West.spc"",""23-Indoors.spc"",""24-Goal 1.spc"",""25-Goal 2.spc"",""26-Goal 3.spc"",""27-PK Start.spc"",""28-PK.spc"",""29-PK Sudden Death.spc"",""30-PK Ending.spc"",""31-Lost.spc"",""32-Winner.spc"",""33-Results.spc"",""34-League Table.spc"",""35-Save and Load.spc"",""36-Stage Winner.spc"",""37-Lose League.spc"",""38-Win League.spc"",""39-Team Select.spc""]}]"	40	0	1	0	[]	0	0
jlpg2.rsn	jlpg2.rsn	J.League Soccer - Prime Goal 2 (JP)	22	"[{""value"":""J-League Soccer Prime Goal 2"",""type"":""str"",""trackCount"":22,""memberPaths"":[""00-Namcot.spc"",""01-Opening.spc"",""02-Menu.spc"",""03-Mode Select.spc"",""04-Kick Off.spc"",""05-Soccer Game Ambience 1.spc"",""06-Soccer Game Ambience 2.spc"",""07-Soccer Game Ambience 3.spc"",""08-Soccer Game Ambience 4.spc"",""09-Half Time.spc"",""10-Penalty Kick.spc"",""11-Result.spc"",""12-Win.spc"",""13-Lose.spc"",""14-Try Again!.spc"",""15-Victory.spc"",""16-Congratulations!.spc"",""17-PK Champion!.spc"",""18-Goal 1.spc"",""19-Goal 2.spc"",""20-Pause.spc"",""21-Prime Goal 2!.spc""]}]"	0	0	22	0	[]	0	0
jlss.rsn	jlss.rsn	J-League Super Soccer (Virtual Soccer)	31	"[{""value"":""J-League Super Soccer"",""type"":""str"",""trackCount"":23,""memberPaths"":[""00-Title Screen.spc"",""01-Start of Game.spc"",""02-Select Formation.spc"",""03-Current Status.spc"",""04-Theme of Kashima Antlers.spc"",""05-Theme of Verdy Yomiuri.spc"",""06-Theme of Shimizu S-Pulse.spc"",""07-Theme of Nissan F.C. Yokohama Marinos.spc"",""08-Theme of JEF United.spc"",""09-Theme of Panasonic Gamba Osaka.spc"",""10-Theme of AS Flugels.spc"",""11-Theme of Nagoya Grampus Eight.spc"",""12-Theme of Sanfrecce Hiroshima FC.spc"",""13-Theme of Red Diamonds.spc"",""14-Theme of Jubilo Iwata.spc"",""15-Theme of Bellmare.spc"",""16-Theme of Allstars East.spc"",""17-Theme of Allstars West.spc"",""18-You Lost.spc"",""19-J-League.spc"",""20-Scores for Other Games.spc"",""21-Champion!.spc"",""22-Staff Roll.spc""]},{""value"":""Virtual Soccer"",""type"":""str"",""trackCount"":8,""memberPaths"":[""23-Title Screen.spc"",""24-Select Formation.spc"",""25-Current Status.spc"",""26-You Won!.spc"",""27-You Lost.spc"",""28-Champion!.spc"",""29-Lose Cup.spc"",""30-Staff Roll.spc""]}]"	0	0	31	0	[]	0	0
jlwc.rsn	jlwc.rsn	Jim Lee's WildC.A.T.S - Covert-Action-Teams (US)	13	"[{""value"":""Jim Lee's Wild C.A.T.S."",""type"":""str"",""trackCount"":13,""memberPaths"":[""00-Opening.spc"",""01-Main Theme.spc"",""02-Anti-Gravity Machine (part 1).spc"",""03-The Docks.spc"",""04-Bio-Generator (part 1).spc"",""05-Bio-Generator (part 2).spc"",""06-Anti-Gravity Machine (part 2).spc"",""07-Anti-Gravity Machine (part 3).spc"",""08-Supercomputer (part 1).spc"",""09-Supercomputer (part 2).spc"",""10-Supercomputer (part 3).spc"",""11-Rescuing Void.spc"",""12-Staff Roll.spc""]}]"	0	0	13	0	[]	0	0
jmf.rsn	jmf.rsn	John Madden Football (US)	14	"[{""value"":""John Madden Football"",""type"":""str"",""trackCount"":14,""memberPaths"":[""00-Title Screen.spc"",""01-Halftime.spc"",""02-End of Game.spc"",""03-Playoff Standings.spc"",""04-EA Sports Logo.spc"",""05-Applause.spc"",""06-Kick Ball.spc"",""07-Whistle.spc"",""08-Hut! 1.spc"",""09-Hut! 2.spc"",""10-Ouch! 1.spc"",""11-Ouch! 2.spc"",""12-First Down.spc"",""13-Touchdown!.spc""]}]"	0	0	14	0	[]	0	0
jojo.rsn	jojo.rsn	JoJo no Kimyou na Bouken (JP)	19	"[{""value"":""Jojo no Kimyou na Bouken"",""type"":""str"",""trackCount"":19,""memberPaths"":[""00-Title.spc"",""01-Beginning of the Adventure.spc"",""02-Stand Fighter.spc"",""03-Shop.spc"",""04-Dio's Spell.spc"",""05-Labyrinth.spc"",""06-Death 13.spc"",""07-Honkey-Tonk Street.spc"",""08-The Mist of Vengeance.spc"",""09-Bar.spc"",""10-Eternal Ground.spc"",""11-Dio's Lair.spc"",""12-Fierce Battle.spc"",""13-The World.spc"",""14-Credits.spc"",""15-Game Over.spc"",""16-Water.spc"",""17-Ora!.spc"",""18-Muda.spc""]}]"	0	0	19	0	[]	0	0
jop.rsn	jop.rsn	Jikkyou Oshaberi Parodius (JP)	46	"[{""value"":""Jikkyou Oshaberi Parodius"",""type"":""str"",""trackCount"":46,""memberPaths"":[""00-Konami Logo.spc"",""01-Wacky Opening Story (Part 1).spc"",""02-Wacky Opening Story (Part 2).spc"",""03-Jikkyou Oshaberi Parodius.spc"",""04-Select Fanfare.spc"",""05-Menu Daiyo!.spc"",""06-Choose Your Octo Battler!.spc"",""07-Vic Viper and Lord British's The.spc"",""08-Twinbee and Winbee's Theme.spc"",""09-Pentarou and Hanako's Theme.spc"",""10-Soitsu and Doitsu's Theme.spc"",""11-Mike and Ran's Theme.spc"",""12-Memim and Sue's Theme.spc"",""13-Upa and Rupa's Theme.spc"",""14-Takohiko and Belial's Theme.spc"",""15-Hip Hop Dance Club.spc"",""16-Disco Fever!.spc"",""17-Karaoke Panda.spc"",""18-Schoolhouse Rock.spc"",""19-Revenge of Hikaru and Akane.spc"",""20-Over Twinbee's World.spc"",""21-Flying Trash Ship.spc"",""22-Not Mrs. Twinbee.spc"",""23-Parodial Japan.spc"",""24-Goemon Compact.spc"",""25-Strange Strawberry Cave.spc"",""26-Shooting Its Mouth Off.spc"",""27-Target Practice.spc"",""28-Puyo-Puyo Surprise!.spc"",""29-Traditional Gradius Theme.spc"",""30-The Mystical Ghost Returns.spc"",""31-Flying Angel Pig Robot.spc"",""32-Almost at the End!.spc"",""33-Festival in Space.spc"",""34-Fish Smash.spc"",""35-Dancing Party.spc"",""36-Something Evil Awaits.spc"",""37-Enter the Octopus.spc"",""38-Heroic Rescue.spc"",""39-Staff Roll.spc"",""40-Game Over.spc"",""41-Hero or Zero.spc"",""42-Break Time!.spc"",""43-Nice Mistake!.spc"",""44-The Cat's Meow.spc"",""45-Boom!.spc""]}]"	0	0	46	0	[]	0	0
jot.rsn	jot.rsn	Jungle no Ouja Tar-chan - Sekaimanyuu Daikakutou no Maki (JP)	13	"[{""value"":""Jungle no Ojya Tachan"",""type"":""str"",""trackCount"":13,""memberPaths"":[""00-Title Screen.spc"",""01-Level Intro.spc"",""02-The Jungle.spc"",""03-Clear Level.spc"",""04-Boss Battle.spc"",""05-Rock Paper Scissors Time!.spc"",""06-Japan.spc"",""07-Las Vegas.spc"",""08-Inside a Castle.spc"",""09-MAX Factory.spc"",""10-Ending.spc"",""11-Die.spc"",""12-Continue.spc""]}]"	0	0	13	0	[]	0	0
jw2.rsn	jw2.rsn	Jungle Wars 2 - Kodai Mahou Atimos no Nazo (JP)	48	"[{""value"":""Jungle Wars 2"",""type"":""str"",""trackCount"":48,""memberPaths"":[""00-Title.spc"",""01-Menu.spc"",""02-Hero's Village.spc"",""03-Field (Day).spc"",""04-Field (Night).spc"",""05-Village (Day).spc"",""06-Village (Night).spc"",""07-Battle.spc"",""08-UruUru Group Warehouse.spc"",""09-Cave.spc"",""10-Boss Battle.spc"",""11-Saiking's Theme.spc"",""12-Yuracc's Theme.spc"",""13-Ken the Eagle.spc"",""14-Tower.spc"",""15-Crisis.spc"",""16-Tournament Hall.spc"",""17-Preliminary Contest.spc"",""18-Final Match.spc"",""19-Airport.spc"",""20-Airplane.spc"",""21-City (Day).spc"",""22-City (Night).spc"",""23-Train.spc"",""24-Mckee the Whale.spc"",""25-Ice Cave.spc"",""26-Ice Country.spc"",""27-Aurora Castle.spc"",""28-Father Christmas.spc"",""29-Cactus Desert.spc"",""30-Oasis.spc"",""31-Gonta the Elephant.spc"",""32-Floatage Altar.spc"",""33-Ati Moscoi's Theme.spc"",""34-UruUru Group Hideout.spc"",""35-Battle with Ulczain.spc"",""36-Ending.spc"",""37-Inn.spc"",""38-Encounter.spc"",""39-Escape.spc"",""40-Victory.spc"",""41-Level Up!.spc"",""42-Annihilation.spc"",""43-Fountain of Recovery.spc"",""44-Earthquake.spc"",""45-Join.spc"",""46-Item.spc"",""47-Clock of the Moon.spc""]}]"	0	0	48	0	[]	0	0
ka.rsn	ka.rsn	Kirby's Avalanche (US)	56	"[{""value"":""Kirby's Avalanche"",""type"":""str"",""trackCount"":53,""memberPaths"":[""00-Title.spc"",""01-Game Select.spc"",""02-Stage Intro 1.spc"",""03-Stage Theme 1.spc"",""04-Stage Intro 2.spc"",""05-Stage Theme 2.spc"",""06-Stage Intro 3.spc"",""07-Stage Theme 3.spc"",""08-Dedede Intro.spc"",""09-Dedede Stage.spc"",""10-Two Player Competition.spc"",""11-Running out of Room.spc"",""12-Game Over.spc"",""13-Stage Clear.spc"",""14-Win Competition (Part 1).spc"",""15-Win Competition (Part 2).spc"",""16-Staff Roll.spc"",""17-Continue Theme.spc"",""18-Unused Song.spc"",""19-Kirby's Avalanche!.spc"",""20-Waddle Dee!.spc"",""21-Bronto Burt!.spc"",""22-Waddle Doo!.spc"",""23-Poppy Bros. Sr.!.spc"",""24-Whispy Woods!.spc"",""25-Kabu!.spc"",""26-Broom Hatter!.spc"",""27-Squishy!.spc"",""28-Lololo & Lalala!.spc"",""29-Bugzzy!.spc"",""30-Paint Roller!.spc"",""31-Heavy Mole!.spc"",""32-Mr. Shine & Mr. Bright!.spc"",""33-Kracko!.spc"",""34-Meta Knight!.spc"",""35-King Dedede!.spc"",""36-Yes! 1.spc"",""37-Excellent!.spc"",""38-Watch Out!.spc"",""39-Here It Comes!.spc"",""40-Cool!.spc"",""41-All Right!.spc"",""42-Take That!.spc"",""43-Massive!.spc"",""44-Ha Ha Ha!.spc"",""45-Argh!.spc"",""46-Avalanche! 1.spc"",""47-Bye!.spc"",""48-Avalanche! 2.spc"",""49-Good Night!.spc"",""50-I'm Finished!.spc"",""51-Yes! 2.spc"",""52-Yes! 3.spc""]},{""value"":""Kirby's Ghost Trap"",""type"":""str"",""trackCount"":3,""memberPaths"":[""53-Kirby's Ghost Trap.spc"",""54-Trapped! 1.spc"",""55-Trapped! 2.spc""]}]"	0	0	56	0	[]	0	0
kakj.rsn	kakj.rsn	King Arthur and the Knights of Justice	15	"[{""value"":[""King Arthur and the Knights of J"",""King Arthur and the Knights of Justice""],""type"":""list"",""trackCount"":15,""memberPaths"":[""00-Main Theme ~ Knights of Justice.spc"",""01-Overworld ~ The Kingdom of Camelot.spc"",""02-Camelot Castle.spc"",""03-Unsettling Terrain.spc"",""04-Danger! Warlord Territory!.spc"",""05-Underground Cavern.spc"",""06-Gates of the Fortress.spc"",""07-Theme of the Warlords.spc"",""08-Blinder's Way.spc"",""09-Mysterious Stonehenge.spc"",""10-Cliffs by the Ocean.spc"",""11-Swamp of Zagar.spc"",""12-Quiet Forest Trail.spc"",""13-Hadrian's Wall.spc"",""14-Ogre's Lair.spc""]}]"	0	0	15	0	[]	0	0
kbly.rsn	kbly.rsn	Kablooey	26	"[{""value"":""Kablooey (American)"",""type"":""str"",""trackCount"":13,""memberPaths"":[""00-Kemco Logo.spc"",""01-Title Screen.spc"",""02-Select Players.spc"",""03-Level Music.spc"",""04-Clear Level.spc"",""05-High Score!.spc"",""06-Ending.spc"",""07-The End.spc"",""08-Game Over.spc"",""09-Throw Bomb.spc"",""10-Boom!.spc"",""11-Player 1, Get Ready!.spc"",""12-Player 2, Get Ready!.spc""]},{""value"":""Kablooey (Japanese)"",""type"":""str"",""trackCount"":13,""memberPaths"":[""13-Kemco Logo.spc"",""14-Title Screen.spc"",""15-Select Players.spc"",""16-Level Music.spc"",""17-Clear Level.spc"",""18-High Score!.spc"",""19-Ending.spc"",""20-The End.spc"",""21-Game Over.spc"",""22-Throw Bomb.spc"",""23-Boom!.spc"",""24-Player 1, Get Ready!.spc"",""25-Player 2, Get Ready!.spc""]}]"	0	0	26	0	[]	0	0
kctgg.rsn	kctgg.rsn	Kingyo Chuihou! Tobidase Game Gakuen	22	"[{""value"":""Kingyo Chuihou!"",""type"":""str"",""trackCount"":22,""memberPaths"":[""00-Title Screen.spc"",""01-Menu Screen.spc"",""02-Grade Start.spc"",""03-Classroom.spc"",""04-Game Instructions.spc"",""05-Art Game.spc"",""06-Beach Game.spc"",""07-Bomb Game.spc"",""08-Flag Game.spc"",""09-P.E.spc"",""10-Penalty Shootout.spc"",""11-Piano Game 1.spc"",""12-Piano Game 2.spc"",""13-Pop Quiz.spc"",""14-Battle!.spc"",""15-Shoot 'em Up.spc"",""16-Tetris.spc"",""17-End Result 1.spc"",""18-End Result 2.spc"",""19-Pick a Card.spc"",""20-Graduation.spc"",""21-Staff Roll.spc""]}]"	0	0	22	0	[]	0	0
kdb.rsn	kdb.rsn	Kunio-Kun no Dodgeball	23	"[{""value"":""Kunio-Kun no Dodge Ball"",""type"":""str"",""trackCount"":23,""memberPaths"":[""00-Title.spc"",""01-Menu.spc"",""02-Shop.spc"",""03-Player Select.spc"",""04-Japan.spc"",""05-England.spc"",""06-India.spc"",""07-Iceland.spc"",""08-China.spc"",""09-Italy.spc"",""10-Arab.spc"",""11-France.spc"",""12-Kenya.spc"",""13-Russia.spc"",""14-Brazil.spc"",""15-Germany.spc"",""16-America.spc"",""17-Loss.spc"",""18-Victory.spc"",""19-Ending.spc"",""20-Moon.spc"",""21-Record.spc"",""22-Hyper Shoot.spc""]}]"	0	0	23	0	[]	0	0
kdy.rsn	kdy.rsn	kenyuu densetsu yaiba (JP)	26	"[{""value"":""Kenyu Densetsu Yaiba"",""type"":""str"",""trackCount"":26,""memberPaths"":[""00-Title.spc"",""01-Opening.spc"",""02-Home.spc"",""03-Meeting.spc"",""04-Field.spc"",""05-Status.spc"",""06-Shop.spc"",""07-Annihilation.spc"",""08-Boss Battle 1.spc"",""09-Stupid.spc"",""10-Seal of Release.spc"",""11-Onimaru's Castle.spc"",""12-Mountain Path.spc"",""13-Cave.spc"",""14-Boss Battle 2.spc"",""15-Osaka Castle.spc"",""16-Mountain.spc"",""17-Goemon Ishikawa.spc"",""18-Crater of Mt. Fuji.spc"",""19-God's Trial.spc"",""20-Battle with Onimaru.spc"",""21-Ending.spc"",""22-Logo.spc"",""23-Get Item.spc"",""24-Join.spc"",""25-Unused Jingle.spc""]}]"	0	0	26	0	[]	0	0
kdz2.rsn	kdz2.rsn	Kishin Douji Zenki - Denei Raibu	24	"[{""value"":""Kishin Douji Zenki 2"",""type"":""str"",""trackCount"":24,""memberPaths"":[""00-Opening.spc"",""01-Title Screen.spc"",""02-Storyline 1.spc"",""03-Chapter Title.spc"",""04-Vajura on Arc!.spc"",""05-Battle of Gagara.spc"",""06-Action Stage 1.spc"",""07-Action Boss Battle.spc"",""08-Battle of Hiruda.spc"",""09-Action Stage 2.spc"",""10-Battle of Guren.spc"",""11-Storyline 2.spc"",""12-Action Stage 3.spc"",""13-Battle of Goura.spc"",""14-Action Stage 4.spc"",""15-Battle of Karuma.spc"",""16-Action Stage 5.spc"",""17-Battle of Hyoui no Mi.spc"",""18-Ending (part 1).spc"",""19-Ending (part 2).spc"",""20-Game Over.spc"",""21-Password.spc"",""22-Battle Mode.spc"",""23-Unknown Jingle.spc""]}]"	0	0	24	0	[]	0	0
keep.rsn	keep.rsn	Keeper (JP)	19	"[{""value"":""Keeper"",""type"":""str"",""trackCount"":19,""memberPaths"":[""00-Datam Logo.spc"",""01-Title Screen.spc"",""02-Select Mode.spc"",""03-In-Game Music.spc"",""04-In-Game Music (Faster).spc"",""05-Continue.spc"",""06-Game Over.spc"",""07-Ranking.spc"",""08-Hi Point.spc"",""09-Time Crash.spc"",""10-Are.spc"",""11-Fever!.spc"",""12-Keeper!.spc"",""13-Matane!.spc"",""14-Nice Play!.spc"",""15-Time Stop!.spc"",""16-Whoa!.spc"",""17-Yo!.spc"",""18-Yoisho!.spc""]}]"	0	0	19	0	[]	0	0
kgjb.rsn	kgjb.rsn	Ken Griffey Jr. Presents Major League Baseball (US)	9	"[{""value"":""Ken Griffey Jr. Baseball"",""type"":""str"",""trackCount"":9,""memberPaths"":[""00-Junior's Theme.spc"",""01-Play Ball!.spc"",""02-World Series Champions.spc"",""03-American National Anthem.spc"",""04-Canadian National Anthem.spc"",""05-Seventh Inning Stretch.spc"",""06-Baseball Fanfare 1.spc"",""07-Baseball Fanfare 2.spc"",""08-Baseball Fanfare 3.spc""]}]"	0	0	9	0	[]	0	0
khb.rsn	khb.rsn	Koi ha Balance - Battle of Lovers	15	"[{""value"":""Koi ha Balance"",""type"":""str"",""trackCount"":15,""memberPaths"":[""00-Opening.spc"",""01-Menu.spc"",""02-Single.spc"",""03-Couple.spc"",""04-Surprise.spc"",""05-Competition.spc"",""06-Win.spc"",""07-Lose.spc"",""08-Enter the Place.spc"",""09-Bad Goal.spc"",""10-Goal 1.spc"",""11-Goal 2.spc"",""12-Drumroll.spc"",""13-Victory.spc"",""14-Credits.spc""]}]"	0	0	15	0	[]	0	0
khksc.rsn	khksc.rsn	Katou Hifumi Kudan - Shougi Club (JP)	6	"[{""value"":""Katou Hifumi Kudan Shougi Club"",""type"":""str"",""trackCount"":6,""memberPaths"":[""00-Title.spc"",""01-Main Theme.spc"",""02-Select.spc"",""03-Decision.spc"",""04-I Point.spc"",""05-Error.spc""]}]"	0	0	6	0	[]	0	0
kiki.rsn	kiki.rsn	Kiki Kaikai (Pocky & Rocky)	24	"[{""value"":""Kiki Kaikai"",""type"":""str"",""trackCount"":24,""memberPaths"":[""00-Main Theme.spc"",""01-Character Select.spc"",""02-Once Upon a Time.spc"",""03-Rocky's Message.spc"",""04-Bad Nopino Goblins.spc"",""05-Map.spc"",""06-The Haunted Shrine.spc"",""07-Death.spc"",""08-Boss Fight 1.spc"",""09-Good Nopino Goblins.spc"",""10-Black Mantle.spc"",""11-Enchanted Forest.spc"",""12-Monster Appears.spc"",""13-Boss Fight 2.spc"",""14-Boss Fight 3.spc"",""15-Thick Fog.spc"",""16-The Cemetery Mystery.spc"",""17-Haunted House.spc"",""18-Gorgonzola Goblins.spc"",""19-Battle in the Sky.spc"",""20-The Forbidden Castle.spc"",""21-Battle with Black Mantle.spc"",""22-Final Battle.spc"",""23-Good Ending.spc""]}]"	0	0	24	0	[]	0	0
kiki3.rsn	kiki3.rsn	kiki kaikai tsukiyo soushi (JP)	37	"[{""value"":""Kiki Kaikai 3"",""type"":""str"",""trackCount"":37,""memberPaths"":[""00-Moonlight Intro.spc"",""01-Main Theme.spc"",""02-Harvest Festival.spc"",""03-Abduction.spc"",""04-Seven Wise People.spc"",""05-Map.spc"",""06-Pocky's Practice.spc"",""07-Skills Put To The Test.spc"",""08-Partner Select.spc"",""09-Exotic Country Road.spc"",""10-Game Over!.spc"",""11-Continue.spc"",""12-Bonus!.spc"",""13-Encounter 1.spc"",""14-Curtain.spc"",""15-Store For When You're In Trouble.spc"",""16-Encounter 2.spc"",""17-Partner Joins.spc"",""18-Monster Appears.spc"",""19-Boss Fight 1.spc"",""20-Stage Clear!.spc"",""21-Intermission.spc"",""22-October Fields.spc"",""23-Princess Luna.spc"",""24-Impy.spc"",""25-Bridge Over Kappa River.spc"",""26-Captain Peach.spc"",""27-Demon's Corridor.spc"",""28-Boss Fight 2.spc"",""29-Winter Wonderland.spc"",""30-Demon Island.spc"",""31-Dragon In The Sky.spc"",""32-Demon's Castle.spc"",""33-Final Battle With Dynagon.spc"",""34-Conclusion.spc"",""35-Credits.spc"",""36-Magic!.spc""]}]"	0	0	37	0	[]	0	0
kmjdo.rsn	kmjdo.rsn	Kikuni Masahiko no Jantoushi Dora Ou	20	"[{""value"":[""Kikuni Masahiko no Jantoushi Dor"",""Kikuni Masahiko no Jantoushi Dora Ou""],""type"":""list"",""trackCount"":20,""memberPaths"":[""00-Main Theme.spc"",""01-Set Up.spc"",""02-Happy Theme.spc"",""03-Battle Start.spc"",""04-Friendly Battle.spc"",""05-Suspicious Location.spc"",""06-Epic Battle.spc"",""07-Powerful Cosmo Move.spc"",""08-Current Status.spc"",""09-The World Map.spc"",""10-Battle in the Coliseum.spc"",""11-Chinatown.spc"",""12-Battle in the Towers 1.spc"",""13-Battle in the Towers 2.spc"",""14-Battle in the Towers 3.spc"",""15-Final Battle.spc"",""16-Game Over.spc"",""17-Happy Theme (Variation).spc"",""18-Unknown Song 1.spc"",""19-Unknown Song 2.spc""]}]"	0	0	20	0	[]	0	0
knoh.rsn	knoh.rsn	BS Kirby no Omocha Hako - Baseball	7	"[{""value"":[""BS Kirby no Omocha Hako: Basebal"",""BS Kirby no Omocha Hako: Baseball""],""type"":""list"",""trackCount"":7,""memberPaths"":[""00-Title.spc"",""01-Play Ball!.spc"",""02-Home Run!.spc"",""03-Game Over.spc"",""04-Unused Song.spc"",""05-Unused Jingle 1.spc"",""06-Unused Jingle 2.spc""]}]"	0	0	7	0	[]	0	0
knok.rsn	knok.rsn	Kirby no Omochabako - Hoshi Kuzushi	6	"[{""value"":[""Kirby no Omochabako: Hoshi Kuzus"",""Kirby no Omochabako: Hoshi Kuzushi""],""type"":""list"",""trackCount"":6,""memberPaths"":[""00-Title.spc"",""01-In-Game.spc"",""02-King Dedede.spc"",""03-Game Over.spc"",""04-Level Complete.spc"",""05-Unused Song.spc""]}]"	0	0	6	0	[]	0	0
knt2.rsn	knt2.rsn	Kawa no Nushi Tsuri 2 (JP)	20	"[{""value"":""Kawa no Nushi Tsuri 2"",""type"":""str"",""trackCount"":20,""memberPaths"":[""00-Character Select.spc"",""01-The Mouth of the River.spc"",""02-Downstream.spc"",""03-Took the Bait!.spc"",""04-Battle.spc"",""05-Get Item.spc"",""06-The Flow of the River.spc"",""07-Stream ~ Crow.spc"",""08-Stream ~ Bird 2.spc"",""09-Stream ~ Bird 3.spc"",""10-Stream ~ Cicada 1.spc"",""11-Stream ~ Cicada 2.spc"",""12-Stream ~ Voice of the Insects.spc"",""13-Stream ~ Frog.spc"",""14-A Woodcutter by the Stream.spc"",""15-Distant Thunder.spc"",""16-Nightengale.spc"",""17-Bash!.spc"",""18-Owwww!.spc"",""19-Unknown.spc""]}]"	0	0	20	0	[]	0	0
kny.rsn	kny.rsn	Kamaitachi no Yoru	64	"[{""value"":""Kamaitachi no Yoru"",""type"":""str"",""trackCount"":64,""memberPaths"":[""00-Kamaitachi no Yoru.spc"",""01-Introduction.spc"",""02-Lovers on Ski Run.spc"",""03-Three Florescent Working Girls.spc"",""04-I'm Kayama! ~ Manlike Life.spc"",""05-Pension ~ Traces of Skies.spc"",""06-Nuisance.spc"",""07-A Late Guest.spc"",""08-Nightmare.spc"",""09-Wandering Murderer.spc"",""10-Strange Scene.spc"",""11-Fondly Remembered Scenery.spc"",""12-Doubts Beget Doubts.spc"",""13-Single Inference.spc"",""14-Requiem.spc"",""15-Toshio's Fury.spc"",""16-Battle.spc"",""17-Resolution.spc"",""18-Chaos.spc"",""19-Beginning of a Long Night.spc"",""20-Imminent Fear.spc"",""21-Unexpected End.spc"",""22-Devilish Homicide.spc"",""23-Illusion of a Distant Day.spc"",""24-Amber Crescent Moon.spc"",""25-French Information Bureau SDECE.spc"",""26-Legendary Spy.spc"",""27-Mission.spc"",""28-Pursuit.spc"",""29-Something Lost.spc"",""30-Tracing through Snow.spc"",""31-Lover.spc"",""32-Nostalgia.spc"",""33-Recollection.spc"",""34-Evil Spirit.spc"",""35-Comedy of O.spc"",""36-Message Written in Blood.spc"",""37-Nice Treasure.spc"",""38-Unknown Song 1.spc"",""39-Unknown Song 2.spc"",""40-Unknown Song 3.spc"",""41-Unknown Song 4.spc"",""42-Unknown Song 5.spc"",""43-Unknown Song 6.spc"",""44-Unknown Song 7.spc"",""45-Unknown Song 8.spc"",""46-Unknown Song 9.spc"",""47-SFX 1.spc"",""48-SFX 2.spc"",""49-SFX 3.spc"",""50-SFX 4.spc"",""51-SFX 5.spc"",""52-SFX 6.spc"",""53-SFX 7.spc"",""54-Jingle 1.spc"",""55-Jingle 2.spc"",""56-Jingle 3.spc"",""57-Jingle 4.spc"",""58-Jingle 5.spc"",""59-Jingle 6.spc"",""60-Jingle 7.spc"",""61-Jingle 8.spc"",""62-Jingle 9.spc"",""63-Jingle 10.spc""]}]"	64	0	0	0	"[{""value"":""Kamaitachi no Yoru Soundtrack (KTCR-1293)"",""type"":""str"",""trackCount"":38,""memberPaths"":[""00-Kamaitachi no Yoru.spc"",""01-Introduction.spc"",""02-Lovers on Ski Run.spc"",""03-Three Florescent Working Girls.spc"",""04-I'm Kayama! ~ Manlike Life.spc"",""05-Pension ~ Traces of Skies.spc"",""06-Nuisance.spc"",""07-A Late Guest.spc"",""08-Nightmare.spc"",""09-Wandering Murderer.spc"",""10-Strange Scene.spc"",""11-Fondly Remembered Scenery.spc"",""12-Doubts Beget Doubts.spc"",""13-Single Inference.spc"",""14-Requiem.spc"",""15-Toshio's Fury.spc"",""16-Battle.spc"",""17-Resolution.spc"",""18-Chaos.spc"",""19-Beginning of a Long Night.spc"",""20-Imminent Fear.spc"",""21-Unexpected End.spc"",""22-Devilish Homicide.spc"",""23-Illusion of a Distant Day.spc"",""24-Amber Crescent Moon.spc"",""25-French Information Bureau SDECE.spc"",""26-Legendary Spy.spc"",""27-Mission.spc"",""28-Pursuit.spc"",""29-Something Lost.spc"",""30-Tracing through Snow.spc"",""31-Lover.spc"",""32-Nostalgia.spc"",""33-Recollection.spc"",""34-Evil Spirit.spc"",""35-Comedy of O.spc"",""36-Message Written in Blood.spc"",""37-Nice Treasure.spc""]}]"	0	38
kod.rsn	kod.rsn	King of Dragons, The	24	"[{""value"":""The King of Dragons"",""type"":""str"",""trackCount"":24,""memberPaths"":[""00-Title Screen.spc"",""01-Introduction.spc"",""02-Player Select.spc"",""03-The Orc Village.spc"",""04-Boss 1.spc"",""05-Victory.spc"",""06-Treasure.spc"",""07-Next Stage.spc"",""08-Treasure in an Old Castle.spc"",""09-Battle on a Mountain Peak.spc"",""10-Boss 2.spc"",""11-Cave of Hydra.spc"",""12-Boss 3.spc"",""13-To the Norde Isle.spc"",""14-The Giant in the Cave.spc"",""15-Trent Wood.spc"",""16-The Old Tree.spc"",""17-To the Castle.spc"",""18-Boss 4.spc"",""19-Dark Wizard.spc"",""20-Red Dragon.spc"",""21-Game Clear.spc"",""22-Story.spc"",""23-Casting.spc""]}]"	0	0	24	0	[]	0	0
konae.rsn	konae.rsn	Konae-Chan no DokiDoki Pengin Kazoku	11	"[{""value"":[""Konae-Chan no DokiDoki Pengin Ka"",""Konae-Chan no DokiDoki Pengin Kazoku""],""type"":""list"",""trackCount"":11,""memberPaths"":[""00-Title Screen.spc"",""01-Round Start.spc"",""02-Level Gameplay.spc"",""03-Round Clear.spc"",""04-Round Results.spc"",""05-Final Score.spc"",""06-Everyone's Together.spc"",""07-Ending.spc"",""08-Game Over.spc"",""09-Menu Sound Effect.spc"",""10-Pause.spc""]}]"	0	0	11	0	[]	0	0
kor.rsn	kor.rsn	King of Rally, The	19	"[{""value"":""The King of Rally"",""type"":""str"",""trackCount"":19,""memberPaths"":[""00-Opening.spc"",""01-Title Screen.spc"",""02-Title Demo.spc"",""03-Prerun.spc"",""04-Entry Car.spc"",""05-Car Setting.spc"",""06-Partner Select.spc"",""07-Round Start.spc"",""08-Race Standby.spc"",""09-Signal.spc"",""10-Check Point.spc"",""11-Pause.spc"",""12-Trouble.spc"",""13-Retire.spc"",""14-Results.spc"",""15-Conversation.spc"",""16-Run the Whole Distance.spc"",""17-Winning a Prize.spc"",""18-Victory.spc""]}]"	0	0	19	0	[]	0	0
krmt.rsn	krmt.rsn	Kabuki-chou Reach Mahjong Tonpuu Sen	26	"[{""value"":[""Kabuki-chou Reach Mahjong Tonpuu"",""Kabuki-chou Reach Mahjong Tonpuu Sen""],""type"":""list"",""trackCount"":26,""memberPaths"":[""00-Title Screen.spc"",""01-Kabuki-chou.spc"",""02-Mahjong House.spc"",""03-Mahjong Game.spc"",""04-Call.spc"",""05-Win.spc"",""06-Player Win.spc"",""07-Hakoten.spc"",""08-Results.spc"",""09-Tournament Results.spc"",""10-Details Statement.spc"",""11-I Am a Mahjong House Owner!.spc"",""12-Ending.spc"",""13-Select.spc"",""14-Decision.spc"",""15-Dice.spc"",""16-Tile Appear.spc"",""17-Tile 1.spc"",""18-Tile 2.spc"",""19-Chips for Call.spc"",""20-Score.spc"",""21-STG Shot.spc"",""22-STG Hit.spc"",""23-STG Boss.spc"",""24-STG Boss Defeated.spc"",""25-STG Game Over.spc""]}]"	0	0	26	0	[]	0	0
krsd.rsn	krsd.rsn	Kamen Rider SD - Shutsugeki!! Rider Machine	18	"[{""value"":""Kamen Rider SD"",""type"":""str"",""trackCount"":18,""memberPaths"":[""00-Main Title.spc"",""01-Selfish Papa.spc"",""02-Run of Soul.spc"",""03-Clear.spc"",""04-Akebono.spc"",""05-Cave Baster.spc"",""06-Battle of Fire.spc"",""07-King Dark.spc"",""08-Big Tank.spc"",""09-Chinese Typhoon.spc"",""10-Crime Road.spc"",""11-First Run.spc"",""12-Game Over.spc"",""13-Last Battle.spc"",""14-Showdown.spc"",""15-Victory.spc"",""16-Good!.spc"",""17-Gracias.spc""]}]"	0	0	18	0	[]	0	0
ksfh.rsn	ksfh.rsn	krusty s super fun house	26	"[{""value"":""Krusty's Super Funhouse"",""type"":""str"",""trackCount"":26,""memberPaths"":[""00-Main Theme.spc"",""01-Funhouse Halls.spc"",""02-Begin Rat Extermination.spc"",""03-Mechanical Sector.spc"",""04-When Pigs Fly.spc"",""05-Dark Rooms.spc"",""06-The Great Outdoors.spc"",""07-Secrets in the Funhouse.spc"",""08-Game Over.spc"",""09-Mechanical Sector (Alternate).spc"",""10-Dark Rooms (Alternate).spc"",""11-Item Chime (Carried Item Pickup).spc"",""12-Item Chime (Carried Item Drop).spc"",""13-Item Chime (Cream Pies).spc"",""14-Item Chime (Superball).spc"",""15-Item Chime (1-up).spc"",""16-Item Chime (Magic Bag).spc"",""17-Item Chime (Clown Horn).spc"",""18-Item Chime (Krusty Mug).spc"",""19-Item Chime (Food).spc"",""20-Item Chime (Secret Area).spc"",""21-Item Chime (Passage Open).spc"",""22-Hi, Kids!.spc"",""23-Oh.spc"",""24-Hey, Hey!.spc"",""25-Hoo Hoo Ha Ha Ha!.spc""]}]"	0	0	26	0	[]	0	0
ksn2.rsn	ksn2.rsn	Koushien 2 (JP)	19	"[{""value"":""Koushien 2"",""type"":""str"",""trackCount"":19,""memberPaths"":[""00-Title Screen.spc"",""01-Main Menu.spc"",""02-Home Team Up to Bat.spc"",""03-Made it to Base!.spc"",""04-Home Team in Scoring Position.spc"",""05-Scored!.spc"",""06-Home Run!.spc"",""07-Change!.spc"",""08-Visiting Team Up to Bat.spc"",""09-Visiting Team in Scoring Position.spc"",""10-Changing Positions.spc"",""11-Good News!.spc"",""12-Tournament Champions!.spc"",""13-Team List.spc"",""14-Defeated.spc"",""15-Baseball Chant 1.spc"",""16-Baseball Chant 2.spc"",""17-Baseball Chant 3.spc"",""18-Game Set!.spc""]}]"	0	0	19	0	[]	0	0
ksn3.rsn	ksn3.rsn	Koushien 3 (JP)	30	"[{""value"":""Koushien 3"",""type"":""str"",""trackCount"":30,""memberPaths"":[""00-Magical Logo.spc"",""01-Title Screen.spc"",""02-Koushien 3!.spc"",""03-Main Menu.spc"",""04-Home Team at Bat.spc"",""05-Runner Made It!.spc"",""06-Home Team with Runner on Base.spc"",""07-Runner is in Scoring Position!.spc"",""08-Home Team in Scoring Position.spc"",""09-Run Scored!.spc"",""10-Home Run!.spc"",""11-Home Team After Scoring.spc"",""12-Home Team Chance After Scoring.spc"",""13-Change.spc"",""14-Visiting Team at Bat.spc"",""15-Visiting Team with Runner on Base.spc"",""16-Visiting Team in Scoring Position.spc"",""17-Visiting Team After Scoring.spc"",""18-Visiting Team Chance After Scoring.spc"",""19-Begin Game.spc"",""20-Prepare for the Next Game.spc"",""21-End of Match.spc"",""22-Champions!.spc"",""23-Defeated.spc"",""24-Unknown Song.spc"",""25-Play Ball!.spc"",""26-Fireworks.spc"",""27-Crowd Ambience.spc"",""28-Crowd Ambience (Warmup).spc"",""29-Yoroshiku Onegaishimasu!.spc""]}]"	0	0	30	0	[]	0	0
kss.rsn	kss.rsn	Kirby Super Star (US)	70	"[{""value"":""Kirby Super Star"",""type"":""str"",""trackCount"":70,""memberPaths"":[""00-Kirby Super Star.spc"",""01-Corkboard.spc"",""02-Time to Learn.spc"",""03-Nighttime Activities.spc"",""04-Green Greens.spc"",""05-Float Islands.spc"",""06-Bubbly Clouds.spc"",""07-Boss Battle.spc"",""08-Victory Star 1.spc"",""09-Kirby Dance.spc"",""10-King Dedede's Theme.spc"",""11-Together with the Spring Breeze.spc"",""12-Interrupted Sleep.spc"",""13-White Wing Dynablade.spc"",""14-Dynablade Overworld.spc"",""15-Peanut Plain.spc"",""16-Marshmallow Castle.spc"",""17-Cocoa Cave.spc"",""18-Candy Mountain.spc"",""19-Kirby Dance (Short).spc"",""20-Going after Dynablade.spc"",""21-Choose Your Weapon.spc"",""22-Dynablade's Nest.spc"",""23-Dyna's Chicks.spc"",""24-Dreaming of Food.spc"",""25-Crash! Gourmet Race.spc"",""26-Run, Kirby, Run!.spc"",""27-Hilltop Chase.spc"",""28-Counting the Wins.spc"",""29-Winner!.spc"",""30-Kirby Wins!.spc"",""31-King Dedede Wins.spc"",""32-Great Cave Offensive.spc"",""33-Trees in the Depths of the Earth.spc"",""34-Save Hut.spc"",""35-Mine Cart Riding.spc"",""36-Crystal Field and Mystery Paradise.spc"",""37-Battle Windows.spc"",""38-Meta Knight's Scheme.spc"",""39-Revenge of Meta Knight.spc"",""40-Halberd ~ Nightmare Warship.spc"",""41-Grape Garden.spc"",""42-Taking Over the Halberd.spc"",""43-Above the Halberd.spc"",""44-Meta Knight's Theme.spc"",""45-Halberd Escape.spc"",""46-Meta Knight Defeated.spc"",""47-Shooting Star.spc"",""48-Milky Way Wishes.spc"",""49-Flying Through Outer Space.spc"",""50-Victory Star 2.spc"",""51-Wishing with Nova.spc"",""52-Heart of Nova.spc"",""53-Marx's Theme.spc"",""54-Kirby's Triumphant Return.spc"",""55-Victory Star 3.spc"",""56-Invincibility.spc"",""57-He's Done For.spc"",""58-Game Over.spc"",""59-Floating Away.spc"",""60-Megaton Punch.spc"",""61-Instant Sword Death.spc"",""62-Way of the Fighting King.spc"",""63-Gladiator Kirby.spc"",""64-Staff Roll.spc"",""65-Extra Life.spc"",""66-Treasure!.spc"",""67-Microphone Scream 1.spc"",""68-Microphone Scream 2.spc"",""69-Microphone Scream 3.spc""]}]"	0	0	70	0	[]	0	0
kstwb.rsn	kstwb.rsn	Shigetaka Kashiwagi's Top Water Bassing	16	"[{""value"":[""Shigetaka Kashiwagi's Top Water"",""Shigetaka Kashiwagi's Top Water Bassing""],""type"":""list"",""trackCount"":16,""memberPaths"":[""00-Opening.spc"",""01-Title Logo.spc"",""02-Title Screen.spc"",""03-What's Your Name.spc"",""04-Introduction.spc"",""05-Barrier.spc"",""06-Lure Select.spc"",""07-Back Rush.spc"",""08-Line Break.spc"",""09-Nice!!.spc"",""10-Fight!.spc"",""11-Catch!.spc"",""12-Defeat.spc"",""13-Victory.spc"",""14-Full Proficiency!.spc"",""15-Staff Roll.spc""]}]"	0	0	16	0	[]	0	0
ktb.rsn	ktb.rsn	Shin Nekketsu Kouha - Kunio Tachi no Bannka	34	"[{""value"":""Kunio Tachi no Bannka"",""type"":""str"",""trackCount"":34,""memberPaths"":[""00-Midnight Run.spc"",""01-Mode Select.spc"",""02-Going to Jail.spc"",""03-Inside Prison.spc"",""04-Jail Fight.spc"",""05-Escape Plan.spc"",""06-Kunio's Breakout.spc"",""07-Great Escape.spc"",""08-Misako's Theme.spc"",""09-Nekketsu High School.spc"",""10-Confrontation.spc"",""11-School Fight.spc"",""12-Enemy Territory.spc"",""13-Amusement Park.spc"",""14-Roller Coaster.spc"",""15-Heated Battle.spc"",""16-Bike Scene.spc"",""17-Docks.spc"",""18-Underground.spc"",""19-Shinji's Hideout.spc"",""20-Encounter.spc"",""21-Beauty and the Beast.spc"",""22-Disco Almanic.spc"",""23-Yakuza Battle.spc"",""24-Misuzu's Theme.spc"",""25-Vanishing Tears.spc"",""26-Kunio's Eulogy.spc"",""27-Countryside.spc"",""28-Sabu's Mansion.spc"",""29-Battle Against Ken.spc"",""30-Ending Theme.spc"",""31-Game Over.spc"",""32-Unused Song 1.spc"",""33-Unused Song 2.spc""]}]"	0	0	34	0	[]	0	0
kybr.rsn	kybr.rsn	Keiba Yosou - Baken Renkinjutsu	4	"[{""value"":""Keiba Yosou: Baken Renkinjutsu"",""type"":""str"",""trackCount"":4,""memberPaths"":[""00-Title Screen.spc"",""01-Menu.spc"",""02-File Making.spc"",""03-Expectation Result.spc""]}]"	0	0	4	0	[]	0	0
lal.rsn	lal.rsn	Live A Live	61	"[{""value"":""Live A Live"",""type"":""str"",""trackCount"":61,""memberPaths"":[""00-Live-A-Live.spc"",""01-Select-A-Live.spc"",""02-Secret Mission.spc"",""03-Sound of Shinobi.spc"",""04-Killing Field!.spc"",""05-Ultimate Strength ~ Victory Road.spc"",""06-Martial Arts Masters.spc"",""07-Versus!.spc"",""08-Knock You Down!.spc"",""09-Native Life.spc"",""10-Nice Weather Ain't it!.spc"",""11-Kiss of Jealousy.spc"",""12-Sacrificial Feast.spc"",""13-Unseen Syndrome.spc"",""14-Captain Square.spc"",""15-Captain of the Shooting Stars!.spc"",""16-The Birds Fly in the Sky, the Fish Swim in the River.spc"",""17-The Ancient Master Descends from the Mountains.spc"",""18-War in China.spc"",""19-Wanderer.spc"",""20-Under the Fake.spc"",""21-The Wilds.spc"",""22-Sancho.de.Los.Panchos.spc"",""23-Go Go Buriki Daioh!.spc"",""24-Go Go Buriki Daioh! (Opening).spc"",""25-Wait for Truth.spc"",""26-A Painful Death at the Hands of a Psycho.spc"",""27-Prelude to the Demon King.spc"",""28-Wings That Don't Reach.spc"",""29-Difficult Fight.spc"",""30-Journey to the Mountain of the Demon King.spc"",""31-City of Hopelessness.spc"",""32-Silent Labyrinth.spc"",""33-Cry-A-Live.spc"",""34-Warm-A-Live.spc"",""35-The Demon King Odio.spc"",""36-Megalomania.spc"",""37-Illusion.spc"",""38-Pure Odio.spc"",""39-Armageddon.spc"",""40-Live Over Again.spc"",""41-Live for Live.spc"",""42-Defeated.spc"",""43-Prehistoric Night.spc"",""44-Space Crisis.spc"",""45-Tense Situation.spc"",""46-Western Theme.spc"",""47-Dangerous Bar.spc"",""48-Words of Trust.spc"",""49-Bittersweet Memories.spc"",""50-Ninja Fanfare.spc"",""51-Strike the Gong!.spc"",""52-The Bell Tolls.spc"",""53-Organ Song 1.spc"",""54-Organ Song 2.spc"",""55-Organ Song 3.spc"",""56-Organ Song 4.spc"",""57-Toei's Xylophone.spc"",""58-Quiet Port.spc"",""59-Sounds of Night.spc"",""60-Fall of the Demon King.spc""]}]"	61	0	0	0	"[{""value"":""Live A Live Original Sound Version (PSCN-5007)"",""type"":""str"",""trackCount"":42,""memberPaths"":[""00-Live-A-Live.spc"",""01-Select-A-Live.spc"",""02-Secret Mission.spc"",""03-Sound of Shinobi.spc"",""04-Killing Field!.spc"",""05-Ultimate Strength ~ Victory Road.spc"",""06-Martial Arts Masters.spc"",""07-Versus!.spc"",""08-Knock You Down!.spc"",""09-Native Life.spc"",""10-Nice Weather Ain't it!.spc"",""11-Kiss of Jealousy.spc"",""12-Sacrificial Feast.spc"",""13-Unseen Syndrome.spc"",""14-Captain Square.spc"",""15-Captain of the Shooting Stars!.spc"",""16-The Birds Fly in the Sky, the Fish Swim in the River.spc"",""17-The Ancient Master Descends from the Mountains.spc"",""18-War in China.spc"",""19-Wanderer.spc"",""20-Under the Fake.spc"",""21-The Wilds.spc"",""22-Sancho.de.Los.Panchos.spc"",""23-Go Go Buriki Daioh!.spc"",""24-Go Go Buriki Daioh! (Opening).spc"",""25-Wait for Truth.spc"",""26-A Painful Death at the Hands of a Psycho.spc"",""27-Prelude to the Demon King.spc"",""28-Wings That Don't Reach.spc"",""29-Difficult Fight.spc"",""30-Journey to the Mountain of the Demon King.spc"",""31-City of Hopelessness.spc"",""32-Silent Labyrinth.spc"",""33-Cry-A-Live.spc"",""34-Warm-A-Live.spc"",""35-The Demon King Odio.spc"",""36-Megalomania.spc"",""37-Illusion.spc"",""38-Pure Odio.spc"",""39-Armageddon.spc"",""40-Live Over Again.spc"",""41-Live for Live.spc""]}]"	0	42
lion.rsn	lion.rsn	Lion King, The	27	"[{""value"":""The Lion King"",""type"":""str"",""trackCount"":27,""memberPaths"":[""00-Circle of Life.spc"",""01-Continue.spc"",""02-This Land.spc"",""03-Bug Toss.spc"",""04-Can't Wait to be King!.spc"",""05-Bug Hunt.spc"",""06-Be Prepared.spc"",""07-To Die For.spc"",""08-King of Pride Rock.spc"",""09-Hakuna Matata.spc"",""10-Under the Stars.spc"",""11-Continue Long.spc"",""12-Hoo Hah.spc"",""13-Return to Pride Rock.spc"",""14-Finale.spc"",""15-Can You Feel.spc"",""16-Death.spc"",""17-It Starts.spc"",""18-Everything the Light Touches.spc"",""19-Is our Kingdom.spc"",""20-I Ate Like a Pig!.spc"",""21-Kill Him.spc"",""22-If You Ever Come Back.spc"",""23-We'll Kill Ya!!.spc"",""24-The King.spc"",""25-Has Returned.spc"",""26-You Must Take Your Place in the Circle of Life.spc""]}]"	0	0	27	0	[]	0	0
lm.rsn	lm.rsn	Lord Monarch (JP)	15	"[{""value"":""Lord Monarch"",""type"":""str"",""trackCount"":15,""memberPaths"":[""00-Title.spc"",""01-Round Select.spc"",""02-Beginning of a Stage.spc"",""03-Close to Victory.spc"",""04-World Cleared.spc"",""05-Commendation.spc"",""06-Crazy Animal.spc"",""07-Demon's World.spc"",""08-Fantasy Pastel.spc"",""09-Flower Magic.spc"",""10-Food Panic.spc"",""11-Lord Monarch.spc"",""12-Mechanic Techno.spc"",""13-Senran no Jin.spc"",""14-Ending.spc""]}]"	0	0	15	0	[]	0	0
lmas.rsn	lmas.rsn	Little Master - Nijiiro no Maseki (JP)	39	"[{""value"":""Little Master"",""type"":""str"",""trackCount"":39,""memberPaths"":[""00-Opening.spc"",""01-Camp.spc"",""02-Secret of Jaspan.spc"",""03-Title.spc"",""04-Ruddock Rescue.spc"",""05-Colored's Ancient Documents.spc"",""06-Pazta Village of Grief.spc"",""07-Battle.spc"",""08-Boss Battle.spc"",""09-Heal Magic.spc"",""10-Unit Information.spc"",""11-Lucknamight.spc"",""12-Shop.spc"",""13-Dr. Mee's Hospital.spc"",""14-Jar Dance.spc"",""15-Stage Clear.spc"",""16-Jaspan's Ruins.spc"",""17-Double Tornado Panic.spc"",""18-Heavy Rain Warning.spc"",""19-Jungle Pyramid.spc"",""20-Doubtful Reinforcements.spc"",""21-Revealed Ambition.spc"",""22-Forest of Labyrinth.spc"",""23-Corner of the Labyrinth.spc"",""24-Tower of Solomon.spc"",""25-Demon in the Snowfield.spc"",""26-Great Pyramid of the Desert.spc"",""27-The Surprise Box.spc"",""28-Waiting Allied Army.spc"",""29-Ancient Temple.spc"",""30-Place That Should be Recorded.spc"",""31-Rainbow Road.spc"",""32-Gaudy Church.spc"",""33-Confederation of Encounter.spc"",""34-Phantom Temple.spc"",""35-Ruins.spc"",""36-Rainbow Jewels.spc"",""37-Linarc Castle.spc"",""38-Staff Roll.spc""]}]"	0	0	39	0	[]	0	0
lmm.rsn	lmm.rsn	Lawnmower Man, The	7	"[{""value"":""The Lawnmower Man"",""type"":""str"",""trackCount"":7,""memberPaths"":[""00-Main Theme.spc"",""01-The Streets.spc"",""02-Virtual Reality.spc"",""03-The Cyber Tube.spc"",""04-Driving.spc"",""05-Virtual Space Industries.spc"",""06-The Shop Building.spc""]}]"	0	0	7	0	[]	0	0
ln.rsn	ln.rsn	Paladin's Quest (Lennus)	45	"[{""value"":""Paladin's Quest"",""type"":""str"",""trackCount"":45,""memberPaths"":[""00-Lennus Overture.spc"",""01-Momentary Peace.spc"",""02-Awakening Dal Gren.spc"",""03-Calamity.spc"",""04-Bright Homeland.spc"",""05-Battle on the Plains.spc"",""06-Victory!.spc"",""07-Dark Underworld.spc"",""08-Battle in the Darkness.spc"",""09-Fierce Battle.spc"",""10-Grand Victory.spc"",""11-Hagudo Ragtime.spc"",""12-Godom Lullaby.spc"",""13-Holy Sanctuary.spc"",""14-Inside the Dragon.spc"",""15-Ancient Wings.spc"",""16-Red Earth, Dark Hearts.spc"",""17-Deep-Rooted Hatred.spc"",""18-Ropeway Ride.spc"",""19-Lively Southern Town.spc"",""20-Wandering Spirits.spc"",""21-The Shimrek Parade.spc"",""22-Zaygos ~ Heartless Emperor.spc"",""23-Memory of Raiga.spc"",""24-High-Speed Transport.spc"",""25-Sailing the Boundless Sea.spc"",""26-The Passing of Time.spc"",""27-Doth ~ All-Seeing Guardian.spc"",""28-Beyond the Millennia.spc"",""29-Fated Confrontation.spc"",""30-Kaymat ~ Twisted Union.spc"",""31-Reunion, Departure.spc"",""32-Staff Roll.spc"",""33-Good Night.spc"",""34-Good Morning!.spc"",""35-Treasure Chest.spc"",""36-Alliance.spc"",""37-Fond Farewell.spc"",""38-Thanksgiving.spc"",""39-Special.spc"",""40-Spirit Acquired.spc"",""41-Departure.spc"",""42-School Bells.spc"",""43-Singing Staff.spc"",""44-Intruder Alarm.spc""]}]"	0	0	45	0	[]	0	0
lopa.rsn	lopa.rsn	Logos Panic Goaisatsu (JP)	14	"[{""value"":""Logos Panic"",""type"":""str"",""trackCount"":14,""memberPaths"":[""00-Opening (part 1).spc"",""01-Opening (part 2).spc"",""02-Opening (part 3).spc"",""03-Opening (part 4).spc"",""04-Title Screen ~ Logos Panic!.spc"",""05-Password.spc"",""06-Select Character.spc"",""07-Playing Logos Panic 1.spc"",""08-Playing Logos Panic 2.spc"",""09-Continue.spc"",""10-Winner!.spc"",""11-Here Comes the Robot!.spc"",""12-Battle Against Robot.spc"",""13-Ending.spc""]}]"	0	0	14	0	[]	0	0
loz3.rsn	loz3.rsn	Legend of Zelda - A Link to the Past, The	50	"[{""value"":[""Legend of Zelda: A Link to the P"",""Legend of Zelda: A Link to the Past""],""type"":""list"",""trackCount"":50,""memberPaths"":[""00-Title ~ Link to the Past.spc"",""01-Beginning of the Journey.spc"",""02-Seal of Seven Maidens.spc"",""03-Time of the Falling Rain.spc"",""04-Time of the Falling Rain (Storm).spc"",""05-Majestic Castle.spc"",""06-Majestic Castle (Storm).spc"",""07-Princess Zelda's Rescue.spc"",""08-Safety in the Sanctuary.spc"",""09-Hyrule Field Main Theme.spc"",""10-Kakariko Village.spc"",""11-Guessing-Game House.spc"",""12-Fortune Teller.spc"",""13-Soldiers of Kakariko Village.spc"",""14-Dank Dungeons.spc"",""15-Lost Ancient Ruins.spc"",""16-Anger of the Guardians.spc"",""17-Great Victory!.spc"",""18-The Silly Pink Rabbit!.spc"",""19-The Silly Pink Rabbit! (Storm).spc"",""20-Forest of Mystery.spc"",""21-Unsealing the Master Sword.spc"",""22-Priest of the Dark Order.spc"",""23-Dark Golden Land.spc"",""24-Black Mist.spc"",""25-Black Mist (Storm).spc"",""26-Dungeon of Shadows.spc"",""27-Meeting the Maidens.spc"",""28-The Goddess Appears.spc"",""29-Release of Ganon.spc"",""30-Ganon's Message.spc"",""31-The Prince of Darkness.spc"",""32-Power of the Gods.spc"",""33-Epilogue ~ Beautiful Hyrule.spc"",""34-Staff Roll.spc"",""35-Fierce Rainstorm.spc"",""36-Howling Wind.spc"",""37-Unused Sound.spc"",""38-Secret!.spc"",""39-Chest Appears.spc"",""40-Got a Key!.spc"",""41-Heart Piece.spc"",""42-Heart Container.spc"",""43-Treasure!.spc"",""44-Dimensional Shift.spc"",""45-Ocarina Song.spc"",""46-Ocarina Song (Short).spc"",""47-Praying.spc"",""48-Quit Game.spc"",""49-Teleport.spc""]}]"	0	0	50	0	[]	0	0
ltbb.rsn	ltbb.rsn	Looney Tunes Basketball (EU)	13	"[{""value"":""Looney Tunes Basketball"",""type"":""str"",""trackCount"":13,""memberPaths"":[""00-Sunsoft Logo.spc"",""01-That's All Folks!.spc"",""02-Main Theme.spc"",""03-Basketball Game 1.spc"",""04-Basketball Game 1 (Full).spc"",""05-Basketball Game 2.spc"",""06-Basketball Game 2 (Full).spc"",""07-Basketball Game 3.spc"",""08-Basketball Game 3 (Full).spc"",""09-Basketball Game 4.spc"",""10-Basketball Game 4 (Full).spc"",""11-Halftime Stats.spc"",""12-Champions!.spc""]}]"	0	0	13	0	[]	0	0
lunch.rsn	lunch.rsn	Out to Lunch (US)	22	"[{""value"":""Out to Lunch"",""type"":""str"",""trackCount"":22,""memberPaths"":[""00-Title.spc"",""01-Switzerland 1.spc"",""02-Switzerland 2.spc"",""03-Greece 1.spc"",""04-Greece 2.spc"",""05-West Indies 1.spc"",""06-West Indies 2.spc"",""07-Mexico 1.spc"",""08-Mexico 2.spc"",""09-China 1.spc"",""10-China 2.spc"",""11-France 1.spc"",""12-France 2.spc"",""13-Hurry!.spc"",""14-Stage Clear.spc"",""15-Bonus Door.spc"",""16-Fruit Bonus Game.spc"",""17-Won Fruit Bonus Game.spc"",""18-Fruit Bonus Stage.spc"",""19-Le Chef Noir.spc"",""20-Game Over.spc"",""21-Ending.spc""]}]"	0	0	22	0	[]	0	0
m95.rsn	m95.rsn	Madden NFL 95	15	"[{""value"":""Madden NFL '95"",""type"":""str"",""trackCount"":15,""memberPaths"":[""00-NFL Theme.spc"",""01-Pause Menu.spc"",""02-Touchdown 1.spc"",""03-Touchdown 2.spc"",""04-Touchdown 3.spc"",""05-Touchdown 4.spc"",""06-Touchdown 5.spc"",""07-Halftime.spc"",""08-End of Game.spc"",""09-Playoff Standings.spc"",""10-New World Record.spc"",""11-E.spc"",""12-A.spc"",""13-Sports.spc"",""14-It's in the Game.spc""]}]"	0	0	15	0	[]	0	0
m96.rsn	m96.rsn	Madden NFL 96 (US)	6	"[{""value"":""Madden NFL '96"",""type"":""str"",""trackCount"":6,""memberPaths"":[""00-NFL Theme.spc"",""01-Pause Music.spc"",""02-End of Game.spc"",""03-Touchdown.spc"",""04-We Will Rock You Clapping.spc"",""05-EA Sports.spc""]}]"	0	0	6	0	[]	0	0
m97.rsn	m97.rsn	Madden NFL 97 (US)	9	"[{""value"":""Madden NFL '97"",""type"":""str"",""trackCount"":9,""memberPaths"":[""00-Title Screen.spc"",""01-Touchdown 1.spc"",""02-Touchdown 2.spc"",""03-Touchdown 3.spc"",""04-Pause Menu.spc"",""05-Half Time.spc"",""06-End of Game.spc"",""07-Playoff Standings.spc"",""08-New NFL Record.spc""]}]"	0	0	9	0	[]	0	0
m97gb.rsn	m97gb.rsn	Madden '97 (Super Gameboy)	7	"[{""value"":""Madden '97"",""type"":""str"",""trackCount"":7,""memberPaths"":[""00-Main Theme.spc"",""01-Strategy.spc"",""02-Menu.spc"",""03-Post-Game.spc"",""04-Unknown Song 1.spc"",""05-Unknown Song 2.spc"",""06-Unknown Song 3.spc""]}]"	0	0	7	0	[]	0	0
m98.rsn	m98.rsn	Madden NFL 98 (US)	9	"[{""value"":""Madden NFL '98"",""type"":""str"",""trackCount"":9,""memberPaths"":[""00-Title Screen.spc"",""01-Touchdown 1.spc"",""02-Touchdown 2.spc"",""03-Touchdown 3.spc"",""04-Pause Menu.spc"",""05-Half Time.spc"",""06-End of Game.spc"",""07-Playoff Standings.spc"",""08-New World Record.spc""]}]"	0	0	9	0	[]	0	0
mahcl.rsn	mahcl.rsn	Mahjong Club (JP)	2	"[{""value"":""Mahjong Club"",""type"":""str"",""trackCount"":2,""memberPaths"":[""00-Title Screen.spc"",""01-Main Menu.spc""]}]"	0	0	2	0	[]	0	0
majt.rsn	majt.rsn	Mahjong Touhaiden, The	27	"[{""value"":""The Mahjong Touhaiden"",""type"":""str"",""trackCount"":27,""memberPaths"":[""00-Opening.spc"",""01-Dark Side King.spc"",""02-The Star.spc"",""03-Mister Diviner.spc"",""04-Force of the Tiger.spc"",""05-Dancing Princess.spc"",""06-Followers of Military Rule.spc"",""07-Mahjong Craftsman of Naniwa.spc"",""08-Followers of Royalty.spc"",""09-Female Instructor.spc"",""10-Great Rocker.spc"",""11-Lady Luck.spc"",""12-Gambling Place.spc"",""13-Item Shop.spc"",""14-Playing a Game 1.spc"",""15-Playing a Game 2.spc"",""16-Playing a Game 3.spc"",""17-Playing a Game 4.spc"",""18-Playing a Game 5.spc"",""19-Playing a Game 6.spc"",""20-Playing a Game 7.spc"",""21-Playing a Game 8.spc"",""22-Playing a Game 9.spc"",""23-Fanfare 1.spc"",""24-Fanfare 2.spc"",""25-Fanfare 3.spc"",""26-Ending.spc""]}]"	0	0	27	0	[]	0	0
mama.rsn	mama.rsn	Makeruna Makendou (Kendo Rage)	25	"[{""value"":""Makeruna Makendo"",""type"":""str"",""trackCount"":25,""memberPaths"":[""00-Title.spc"",""01-Opening.spc"",""02-Cliff Hanger.spc"",""03-Josephine.spc"",""04-Stage Clear.spc"",""05-Cutscene.spc"",""06-Ice Queen.spc"",""07-Kroakie Kate.spc"",""08-The Pond.spc"",""09-Three Stooge Fish.spc"",""10-Technodyne.spc"",""11-Toyminator.spc"",""12-The Commute.spc"",""13-Dr. Whoo.spc"",""14-Triathalon.spc"",""15-Rose N. Ball.spc"",""16-School Daze.spc"",""17-Dean of Detention.spc"",""18-Ending.spc"",""19-Ending (Late!).spc"",""20-Character Gallery.spc"",""21-Credits.spc"",""22-Continue.spc"",""23-Game Over.spc"",""24-Unknown Song.spc""]}]"	0	0	25	0	[]	0	0
mama2.rsn	mama2.rsn	Makeruna Makendou 2	22	"[{""value"":""Makeruna Makendo 2"",""type"":""str"",""trackCount"":22,""memberPaths"":[""00-Datam Logo.spc"",""01-Opening.spc"",""02-Versus Menu.spc"",""03-Cutscene.spc"",""04-Facing!.spc"",""05-Masoccer ~Athlete~.spc"",""06-Level Up!.spc"",""07-Win!.spc"",""08-Continue.spc"",""09-Game Over!.spc"",""10-Makkey ~Musician~.spc"",""11-Madonna ~Dancer~.spc"",""12-Battle with Robot.spc"",""13-Maririn ~Maid~.spc"",""14-Macho ~Swimmer~.spc"",""15-Battle wtih Hero.spc"",""16-Makenro ~Athlete 2~.spc"",""17-Battle with King.spc"",""18-Credits.spc"",""19-Versus Battle!.spc"",""20-Untitled.spc"",""21-Master Bob Osaka Premium Mix.spc""]}]"	0	0	22	0	[]	0	0
mark.rsn	mark.rsn	7th Saga 2 - Mystic Ark	52	"[{""value"":""Mystic Ark"",""type"":""str"",""trackCount"":52,""memberPaths"":[""00-Mystic Ark.spc"",""01-The Mother Goddess.spc"",""02-First Step Towards Adventure.spc"",""03-Let's Go on an Adventure!!.spc"",""04-Theme of Lord Bladfuk.spc"",""05-Theme of Sir Ganbos.spc"",""06-In the Darkness.spc"",""07-Up! Up!.spc"",""08-In the Depths of the Labyrinth.spc"",""09-So the Fingers of the Dark Have Reached Even Here.spc"",""10-Victory!.spc"",""11-I Am a Powerful Ally!.spc"",""12-Was it Delicious.spc"",""13-The Rise and Fall of the Waves.spc"",""14-Composers are Always Too Quiet on Their Days Off.spc"",""15-Downtown.spc"",""16-Where Are We... I'm a Forest!.spc"",""17-Muhahaha!.spc"",""18-How Rude!.spc"",""19-We Did It!.spc"",""20-Hey! Don't Attack Me!.spc"",""21-The Shepherd People.spc"",""22-Alone.spc"",""23-The Haunted Mansion.spc"",""24-What Was That!.spc"",""25-Water is the Mother of All Life.spc"",""26-Look Behind You!.spc"",""27-The Rogues Who Await Us in the Depths of the Dungeon are Strong Indeed!.spc"",""28-On the Holiday, Let's Bask in the Light of the Sun.spc"",""29-Re... Regrettable.spc"",""30-What Am I.spc"",""31-Threads of Memories.spc"",""32-Shall We Dance.spc"",""33-Only a Music Box Remains.spc"",""34-Without You, This Village Holds Nothing for Me.spc"",""35-Pathetique.spc"",""36-The Summer of Youth.spc"",""37-A Tale of a Faery Land.spc"",""38-Oyobidenai.spc"",""39-How Are You Things Are Pretty Much the Same Here.spc"",""40-Techno House.spc"",""41-A Decisive Time.spc"",""42-!!!.spc"",""43-The Monster Has Come!.spc"",""44-This Will Become Your Grave.spc"",""45-The Terror Will Attack Nanaka Village at Dawn.spc"",""46-Your Fighting Eyes Are Always Beautiful.spc"",""47-The Truth Hidden Within the Temple.spc"",""48-Are You the True Form of Darkness.spc"",""49-Reunion.spc"",""50-Birth.spc"",""51-Song of Nature.spc""]}]"	0	0	52	0	"[{""value"":""Mystic Ark"",""type"":""str"",""trackCount"":51,""memberPaths"":[""00-Mystic Ark.spc"",""01-The Mother Goddess.spc"",""02-First Step Towards Adventure.spc"",""03-Let's Go on an Adventure!!.spc"",""04-Theme of Lord Bladfuk.spc"",""05-Theme of Sir Ganbos.spc"",""06-In the Darkness.spc"",""07-Up! Up!.spc"",""08-In the Depths of the Labyrinth.spc"",""09-So the Fingers of the Dark Have Reached Even Here.spc"",""10-Victory!.spc"",""11-I Am a Powerful Ally!.spc"",""12-Was it Delicious.spc"",""13-The Rise and Fall of the Waves.spc"",""14-Composers are Always Too Quiet on Their Days Off.spc"",""15-Downtown.spc"",""16-Where Are We... I'm a Forest!.spc"",""17-Muhahaha!.spc"",""18-How Rude!.spc"",""19-We Did It!.spc"",""20-Hey! Don't Attack Me!.spc"",""21-The Shepherd People.spc"",""22-Alone.spc"",""23-The Haunted Mansion.spc"",""24-What Was That!.spc"",""25-Water is the Mother of All Life.spc"",""26-Look Behind You!.spc"",""27-The Rogues Who Await Us in the Depths of the Dungeon are Strong Indeed!.spc"",""28-On the Holiday, Let's Bask in the Light of the Sun.spc"",""29-Re... Regrettable.spc"",""30-What Am I.spc"",""31-Threads of Memories.spc"",""32-Shall We Dance.spc"",""33-Only a Music Box Remains.spc"",""34-Without You, This Village Holds Nothing for Me.spc"",""35-Pathetique.spc"",""36-The Summer of Youth.spc"",""37-A Tale of a Faery Land.spc"",""38-Oyobidenai.spc"",""39-How Are You Things Are Pretty Much the Same Here.spc"",""40-Techno House.spc"",""41-A Decisive Time.spc"",""42-!!!.spc"",""43-The Monster Has Come!.spc"",""44-This Will Become Your Grave.spc"",""45-The Terror Will Attack Nanaka Village at Dawn.spc"",""46-Your Fighting Eyes Are Always Beautiful.spc"",""47-The Truth Hidden Within the Temple.spc"",""48-Are You the True Form of Darkness.spc"",""49-Reunion.spc"",""50-Birth.spc""]}]"	51	0
marv.rsn	marv.rsn	Daffy Duck - The Marvin Missions	11	"[{""value"":""Daffy Duck: The Marvin Missions"",""type"":""str"",""trackCount"":11,""memberPaths"":[""00-The Merry Go Round Broke Down.spc"",""01-Level Intro.spc"",""02-Mission Info.spc"",""03-Where There's Duck, There's Fire.spc"",""04-Boss.spc"",""05-20,000 Martians Under the Sea.spc"",""06-Duck Dodgers on Ice.spc"",""07-The Incredible Shrinking Duck.spc"",""08-The Greatest Show Off Earth.spc"",""09-Newspaper Headline.spc"",""10-Hoo hoo!.spc""]}]"	0	0	11	0	[]	0	0
mask.rsn	mask.rsn	mask the	22	"[{""value"":""The Mask"",""type"":""str"",""trackCount"":22,""memberPaths"":[""00-Title Screen.spc"",""01-Map.spc"",""02-Stanley's Apartment.spc"",""03-Mrs. Peenman.spc"",""04-The Streets 1.spc"",""05-Level 2 Boss.spc"",""06-The Streets 2.spc"",""07-Level 3 Boss.spc"",""08-The Park.spc"",""09-Jail.spc"",""10-Level 5 Boss.spc"",""11-Sewers.spc"",""12-Coco Bongo.spc"",""13-Money Collect.spc"",""14-Heart Collect.spc"",""15-M Collect.spc"",""16-Alarm Clock Nah-Nah.spc"",""17-New Life (part 1).spc"",""18-New Life (part 2).spc"",""19-Menu Select.spc"",""20-Hey!.spc"",""21-Cat Screech.spc""]}]"	0	0	22	0	[]	0	0
mathb.rsn	mathb.rsn	math blaster episode 1 (US)	8	"[{""value"":""Math Blaster: Episode One"",""type"":""str"",""trackCount"":8,""memberPaths"":[""00-Title & Introduction.spc"",""01-Trash Zapper.spc"",""02-Bonus Round.spc"",""03-Spaceship Launched.spc"",""04-Chasing the Alien.spc"",""05-Showdown with the Math Blaster.spc"",""06-Game Over.spc"",""07-Ending.spc""]}]"	0	0	8	0	[]	0	0
mboy.rsn	mboy.rsn	magic boy	14	"[{""value"":""Magicboy"",""type"":""str"",""trackCount"":14,""memberPaths"":[""00-Title.spc"",""01-Level Selection.spc"",""02-Sand Land.spc"",""03-Wet World.spc"",""04-Plastic Place.spc"",""05-Future Zone.spc"",""06-Level Complete.spc"",""07-Section Complete.spc"",""08-Bonus Level Introduction.spc"",""09-Bonus Level.spc"",""10-Bonus Awarded.spc"",""11-Continue.spc"",""12-Game Over.spc"",""13-Ending.spc""]}]"	0	0	14	0	[]	0	0
mc.rsn	mc.rsn	Metal Combat - Falcon's Revenge	57	"[{""value"":""Metal Combat"",""type"":""str"",""trackCount"":57,""memberPaths"":[""00-Nintendo Logo.spc"",""01-Title Theme.spc"",""02-Test Aim.spc"",""03-Training Introduction.spc"",""04-Training Battle.spc"",""05-Level Up.spc"",""06-Training Majin.spc"",""07-Training Failed.spc"",""08-Training Passed.spc"",""09-Congratulations.spc"",""10-Map 1.spc"",""11-Combatan Introduction.spc"",""12-Neo New York Guido Garam Mk2.spc"",""13-Stage Clear.spc"",""14-After Battle Talk.spc"",""15-Borneo Siamang.spc"",""16-Mongolia Dayan Wong.spc"",""17-O.R.S. Babel Griffin.spc"",""18-Burning in the Air.spc"",""19-V-System Activation.spc"",""20-Moonbase Luna Viscount.spc"",""21-Map 2.spc"",""22-Entering Mars.spc"",""23-Introducing Anubis Thanatos.spc"",""24-The Surface of Mars Anubis Thanatos.spc"",""25-Thanatos is Surprised.spc"",""26-Introducing Rola.spc"",""27-Map 3.spc"",""28-Orbiting Jupiter Danpe Arachnus.spc"",""29-Epsilon-Ring Cobra.spc"",""30-The Methane Sea Groken.spc"",""31-Momma's Crying.spc"",""32-Map 4.spc"",""33-Introducing Anubis Virvius.spc"",""34-Inside the Space Fortress Eltoria Anubis Virvius.spc"",""35-Virvius is not Surprised.spc"",""36-Virvius's Transformation.spc"",""37-Rola is being Naive.spc"",""38-Transformed Virvius Welcomes You.spc"",""39-Rola is Kidnapped!.spc"",""40-Introducing Giga-Desp.spc"",""41-Space Fortress Core Giga-Desp.spc"",""42-Giga-Desp on Speed.spc"",""43-Where's Rola.spc"",""44-Giga-Desp's Transformation.spc"",""45-Giga-Desp's Cruelity.spc"",""46-Mike's Sacrifice.spc"",""47-Full Energy!.spc"",""48-Giga-Desp's Last Stand.spc"",""49-Sad Ending.spc"",""50-Rescued Rola.spc"",""51-Happy Ending.spc"",""52-Battle Times.spc"",""53-Game Over.spc"",""54-Try Again.spc"",""55-Name Entry.spc"",""56-Ranking.spc""]}]"	0	0	57	0	[]	0	0
mdr2.rsn	mdr2.rsn	mouryou senki madara 2 (JP)	59	"[{""value"":""Madara 2"",""type"":""str"",""trackCount"":59,""memberPaths"":[""00-Dark Awakening (part 1).spc"",""01-Dark Awakening (part 2).spc"",""02-Early Birds.spc"",""03-Tubular Bells ~ For Whom the Bell Tolls.spc"",""04-Fiction of Meta Fiction.spc"",""05-The Gods Are Thirsty.spc"",""06-Fascinating Plays With Incarnation.spc"",""07-Wild Dance of Fear.spc"",""08-The Devil's Sneer.spc"",""09-Brag-Rags for Brave Men.spc"",""10-Rotten Tenacity.spc"",""11-The Goddess' Revelation ~ A Century of Exhaustion.spc"",""12-The Hunter's Repose.spc"",""13-Madara 2 Theme.spc"",""14-Warm Rain ~ Warmer Than Your Back.spc"",""15-Heretic Fortress.spc"",""16-The Day of the Return to the Sea.spc"",""17-Lady's Lover.spc"",""18-Far-Away Family.spc"",""19-Must We Witness Murder.spc"",""20-Boucus Porcus.spc"",""21-On the Other Side of the Whispering Wall.spc"",""22-The Dictator's Solitude.spc"",""23-Martial Law ~ The Night Without Children.spc"",""24-The Trap and the Observatory.spc"",""25-In a Sudden Wind.spc"",""26-The Altered Altar.spc"",""27-Terrifying Reward.spc"",""28-Reflowing of Deadly Poison.spc"",""29-The Earth is Angry.spc"",""30-Old Man Who Sells Legends.spc"",""31-Karamazov's Mythology.spc"",""32-Waveless Sea.spc"",""33-Steel Skeleton.spc"",""34-Enfant Terrible Rabbit.spc"",""35-Elegy of the Golden Country.spc"",""36-Open Sesame ~ I Don't Know What's Behind the Door ~ Autumn is Ending ~ Two People Sleeping Under the Stars.spc"",""37-Vagrant's Song.spc"",""38-Homesick ~ Her Beloved Flowers.spc"",""39-Wages of Sin.spc"",""40-Rambling Assassin ~ Kiss of the Spider Woman.spc"",""41-Silent Scream.spc"",""42-Torture Sanctuary.spc"",""43-The Wandering Sculptures.spc"",""44-Maze of Flowers.spc"",""45-Quarter Moon.spc"",""46-Bells and Breeze ~ Blow the Wind.spc"",""47-Menace in the Temple.spc"",""48-To Pandemonium.spc"",""49-Triumphal Return of the Beast.spc"",""50-Breath of Life ~ The Dark Side of the Madara.spc"",""51-A Short Ensemble ~ The Sky's Blueness, Tears, and You.spc"",""52-The Final Movement ~ A Brilliant Funeral Procession.spc"",""53-Unreleased Track.spc"",""54-Owl.spc"",""55-Wind.spc"",""56-Water Cave.spc"",""57-Wind and Thunder.spc"",""58-Bells.spc""]}]"	0	0	59	0	"[{""value"":""Madara 2 Original Soundtrack (KICA-7619)"",""type"":""str"",""trackCount"":53,""memberPaths"":[""00-Dark Awakening (part 1).spc"",""01-Dark Awakening (part 2).spc"",""02-Early Birds.spc"",""03-Tubular Bells ~ For Whom the Bell Tolls.spc"",""04-Fiction of Meta Fiction.spc"",""05-The Gods Are Thirsty.spc"",""06-Fascinating Plays With Incarnation.spc"",""07-Wild Dance of Fear.spc"",""08-The Devil's Sneer.spc"",""09-Brag-Rags for Brave Men.spc"",""10-Rotten Tenacity.spc"",""11-The Goddess' Revelation ~ A Century of Exhaustion.spc"",""12-The Hunter's Repose.spc"",""13-Madara 2 Theme.spc"",""14-Warm Rain ~ Warmer Than Your Back.spc"",""15-Heretic Fortress.spc"",""16-The Day of the Return to the Sea.spc"",""17-Lady's Lover.spc"",""18-Far-Away Family.spc"",""19-Must We Witness Murder.spc"",""20-Boucus Porcus.spc"",""21-On the Other Side of the Whispering Wall.spc"",""22-The Dictator's Solitude.spc"",""23-Martial Law ~ The Night Without Children.spc"",""24-The Trap and the Observatory.spc"",""25-In a Sudden Wind.spc"",""26-The Altered Altar.spc"",""27-Terrifying Reward.spc"",""28-Reflowing of Deadly Poison.spc"",""29-The Earth is Angry.spc"",""30-Old Man Who Sells Legends.spc"",""31-Karamazov's Mythology.spc"",""32-Waveless Sea.spc"",""33-Steel Skeleton.spc"",""34-Enfant Terrible Rabbit.spc"",""35-Elegy of the Golden Country.spc"",""36-Open Sesame ~ I Don't Know What's Behind the Door ~ Autumn is Ending ~ Two People Sleeping Under the Stars.spc"",""37-Vagrant's Song.spc"",""38-Homesick ~ Her Beloved Flowers.spc"",""39-Wages of Sin.spc"",""40-Rambling Assassin ~ Kiss of the Spider Woman.spc"",""41-Silent Scream.spc"",""42-Torture Sanctuary.spc"",""43-The Wandering Sculptures.spc"",""44-Maze of Flowers.spc"",""45-Quarter Moon.spc"",""46-Bells and Breeze ~ Blow the Wind.spc"",""47-Menace in the Temple.spc"",""48-To Pandemonium.spc"",""49-Triumphal Return of the Beast.spc"",""50-Breath of Life ~ The Dark Side of the Madara.spc"",""51-A Short Ensemble ~ The Sky's Blueness, Tears, and You.spc"",""52-The Final Movement ~ A Brilliant Funeral Procession.spc""]}]"	0	53
mdrs.rsn	mdrs.rsn	Youchien Senki Madara Saga	21	"[{""value"":""Madara Saga"",""type"":""str"",""trackCount"":21,""memberPaths"":[""00-Main Theme.spc"",""01-Title Screen.spc"",""02-Select File or Character.spc"",""03-Theme of Madara.spc"",""04-Sad Theme.spc"",""05-Bad Encounter.spc"",""06-Good Encounter.spc"",""07-Rock Paper Scissors Battle.spc"",""08-Win Battle.spc"",""09-Mysterious Theme.spc"",""10-Theme of Seishinja.spc"",""11-Theme of Kaos.spc"",""12-Evil Theme.spc"",""13-Theme of Kageou.spc"",""14-Kageou's Meeting with Voice.spc"",""15-Theme of Miroku.spc"",""16-Theme of Super Madara.spc"",""17-Staff Roll.spc"",""18-Unknown Song 1.spc"",""19-Unknown Song 2.spc"",""20-Unknown Song 3.spc""]}]"	0	0	21	0	[]	0	0
memo.rsn	memo.rsn	Metal Morph (US)	19	"[{""value"":""Metal Morph"",""type"":""str"",""trackCount"":19,""memberPaths"":[""00-Origin Logo.spc"",""01-Main Theme.spc"",""02-Command Center.spc"",""03-Alien Laboratory.spc"",""04-Journey Through the Other Side.spc"",""05-Space Cruiser.spc"",""06-Magma and Thunder.spc"",""07-Dangerous Place.spc"",""08-Approaching Spacecraft.spc"",""09-Sunset Over the Red Canyon.spc"",""10-Molten Catacombs.spc"",""11-Forces of Nature.spc"",""12-Planetary Encounter.spc"",""13-Deception of Yari.spc"",""14-Scream.spc"",""15-Continue.spc"",""16-Shield.spc"",""17-Morph Pod.spc"",""18-Nailed it, Buddy! Awoo!.spc""]}]"	0	0	19	0	[]	0	0
mhj.rsn	mhj.rsn	mohawk headphone jack	39	"[{""value"":""Mohawk and Headphone Jack"",""type"":""str"",""trackCount"":39,""memberPaths"":[""00-Black Pearl Logo.spc"",""01-Title Screen.spc"",""02-Voodoo Puppets ~ Track 1.spc"",""03-Voodoo Puppets ~ Track 2.spc"",""04-Voodoo Puppets ~ Track 3.spc"",""05-Scissor Fish ~ Track 1.spc"",""06-Scissor Fish ~ Track 2.spc"",""07-Scissor Fish ~ Track 3.spc"",""08-Atomic Raygun ~ Track 1.spc"",""09-Atomic Raygun ~ Track 2.spc"",""10-Atomic Raygun ~ Track 3.spc"",""11-Chopper Hounds ~ Track 1.spc"",""12-Chopper Hounds ~ Track 2.spc"",""13-Chopper Hounds ~ Track 3.spc"",""14-Rubberbucket ~ Track 1.spc"",""15-Rubberbucket ~ Track 2.spc"",""16-Rubberbucket ~ Track 3.spc"",""17-Coysehaiys ~ Track 1.spc"",""18-Coysehaiys ~ Track 2.spc"",""19-Coysehaiys ~ Track 3.spc"",""20-Elephant Funk ~ Track 1.spc"",""21-Elephant Funk ~ Track 2.spc"",""22-Elephant Funk ~ Track 3.spc"",""23-Headslot's ~ Funbot.spc"",""24-Headslot's ~ Orb-A-Tron.spc"",""25-Headslot's ~ Psychic Brain.spc"",""26-Headslot's ~ Tiki Par Lez VooDoo.spc"",""27-Headslot's ~ Octopus.spc"",""28-Headslot's ~ Moa Moa Sulfuric Surfer.spc"",""29-Headslot's ~ Skeleguts.spc"",""30-Headslot's ~ Funbot (Final Boss).spc"",""31-Mohawk ~ Finale.spc"",""32-Mohawk ~ Bonus Round.spc"",""33-Mohawk ~ Bogus Finale.spc"",""34-Select Option.spc"",""35-Invalid.spc"",""36-Warp.spc"",""37-Get Injured.spc"",""38-Screech.spc""]}]"	0	0	39	0	[]	0	0
mhnr.rsn	mhnr.rsn	Mahjong Hishouden - Naki no Ryuu	10	"[{""value"":""Mahjong Hishouden: Naki no Ryuu"",""type"":""str"",""trackCount"":10,""memberPaths"":[""00-Opening.spc"",""01-Title Screen.spc"",""02-Adventure Mode Main Theme.spc"",""03-Character Select.spc"",""04-Battle Theme 1.spc"",""05-Battle Theme 2.spc"",""06-Call.spc"",""07-Lose.spc"",""08-Game Over.spc"",""09-Win.spc""]}]"	0	0	10	0	[]	0	0
milk.rsn	milk.rsn	BS Dan Dan Belt Conveyor Milk no Maki	9	"[{""value"":[""BS Dan Dan Belt Conveyor Milk no"",""BS Dan Dan Belt Conveyor Milk no Maki""],""type"":""list"",""trackCount"":9,""memberPaths"":[""00-Main Page.spc"",""01-Milk Facility.spc"",""02-Industrial Information.spc"",""03-Unused Song.spc"",""04-Unused Jingle 1.spc"",""05-Unused Jingle 2.spc"",""06-Menu.spc"",""07-Article Selection.spc"",""08-Go Back.spc""]}]"	0	0	9	0	[]	0	0
mjcwc.rsn	mjcwc.rsn	Michael Jordan - Chaos in the Windy City	27	"[{""value"":""Chaos in the Windy City"",""type"":""str"",""trackCount"":27,""memberPaths"":[""00-Electronic Arts.spc"",""01-Main Theme.spc"",""02-Chicago Skyline.spc"",""03-Dank Prison.spc"",""04-Deep Underground.spc"",""05-Through the Portal.spc"",""06-Slam Dunk!.spc"",""07-Basketbrawl.spc"",""08-Winning Shot.spc"",""09-Freight Train Boogie.spc"",""10-Dr. Cranium's Laboratory.spc"",""11-Mad Science.spc"",""12-Sinister Factory.spc"",""13-Elevators and Conveyor Belts.spc"",""14-Riverview Amusement Park.spc"",""15-Haunted House.spc"",""16-Dangerous Mind Games.spc"",""17-All-Star Ending.spc"",""18-Foul!.spc"",""19-Game Over.spc"",""20-Free Throw.spc"",""21-Basketball Coin.spc"",""22-Lucky 23!.spc"",""23-Golden Heart.spc"",""24-It's Showtime.spc"",""25-Time Out.spc"",""26-That Was Easy.spc""]}]"	0	0	27	0	[]	0	0
mk3.rsn	mk3.rsn	mortal kombat 3	38	"[{""value"":""Mortal Kombat 3"",""type"":""str"",""trackCount"":38,""memberPaths"":[""00-Title Screen.spc"",""01-Player Select.spc"",""02-Battle Plan.spc"",""03-VS.spc"",""04-The Subway.spc"",""05-Rooftop.spc"",""06-Victory.spc"",""07-The Bank.spc"",""08-The Temple.spc"",""09-The Streets.spc"",""10-The Bridge.spc"",""11-The Pit 3.spc"",""12-Soul Chamber.spc"",""13-Shao Khan Tower.spc"",""14-Animality.spc"",""15-There is No Knowledge.spc"",""16-Finish Him - Subway.spc"",""17-Finish Him - Rooftop.spc"",""18-Finish Him - Bank.spc"",""19-Finish Him - Temple.spc"",""20-Finish Him - Streets.spc"",""21-Finish Him - Bridge.spc"",""22-Finish Him - Pit.spc"",""23-Finish Him - Chamber.spc"",""24-Finish Him - Tower.spc"",""25-Victory - Subway.spc"",""26-Victory - Rooftop.spc"",""27-Victory - Bank.spc"",""28-Victory - Temple.spc"",""29-Victory - Streets.spc"",""30-Victory - Bridge.spc"",""31-Victory - Tower.spc"",""32-Victory - Pit.spc"",""33-Victory - Chamber.spc"",""34-Victory - Animality.spc"",""35-Babality.spc"",""36-Fatality.spc"",""37-Friendship.spc""]}]"	0	38	0	0	[]	0	0
mkr.rsn	mkr.rsn	Mahou Kishi Reiasu (Magic Knight Rayearth)	38	"[{""value"":""Mahou Kishi Reiasu"",""type"":""str"",""trackCount"":38,""memberPaths"":[""00-Legend of the Magic Knights.spc"",""01-Load.spc"",""02-Field.spc"",""03-Fanfare.spc"",""04-World Map.spc"",""05-Fight!.spc"",""06-Victory.spc"",""07-Zagato.spc"",""08-Magic.spc"",""09-Alcione.spc"",""10-Emeraude.spc"",""11-Flying in the Sky.spc"",""12-Danger!.spc"",""13-Boss Fight.spc"",""14-Game Over!.spc"",""15-Hooray!.spc"",""16-The Two Villages.spc"",""17-What !.spc"",""18-Mocona.spc"",""19-Busted!.spc"",""20-In Water.spc"",""21-Seashore.spc"",""22-Deep Sea Ruins.spc"",""23-Mashin.spc"",""24-The Maze of Wind.spc"",""25-Caldina.spc"",""26-Volcano.spc"",""27-The Maze of Lava.spc"",""28-Fiend Battle.spc"",""29-Island in the Middle of the World.spc"",""30-Underground Cave.spc"",""31-The Maze of Mirrors.spc"",""32-Zagato's Castle.spc"",""33-Mashin Battle.spc"",""34-The Return of Emeraude.spc"",""35-Final Battle.spc"",""36-Happy End.spc"",""37-Credits.spc""]}]"	0	0	38	0	[]	0	0
mm.rsn	mm.rsn	mickey mania the timeless adventures of mickey mouse	28	"[{""value"":[""Mickey Mania: The Timeless Adven"",""Mickey Mania: The Timeless Adventures of Mickey Mouse""],""type"":""list"",""trackCount"":28,""memberPaths"":[""00-Steamboat Willie.spc"",""01-The Wharf.spc"",""02-Castle of Terror.spc"",""03-Hallway of Horror.spc"",""04-Elevator of Doom.spc"",""05-Inner Sanctum.spc"",""06-The Mad Doctor.spc"",""07-Moose Hunters.spc"",""08-Charge!.spc"",""09-Lonesome Ghosts.spc"",""10-Phantasmal Jokers.spc"",""11-Mickey and the Beanstalk.spc"",""12-The Giant's Lair.spc"",""13-Giant's Buffet.spc"",""14-The Prince and the Pauper.spc"",""15-Rising Flame.spc"",""16-The Towering Inferno.spc"",""17-Captain Pete.spc"",""18-Continue.spc"",""19-Title, Game Over, & Level Clear Fanfare.spc"",""20-Unused Stage Theme.spc"",""21-Unused Level Intro Theme.spc"",""22-Unused Game Over Theme.spc"",""23-'Ooh!'.spc"",""24-'Uh-Oh!'.spc"",""25-'Ow!'.spc"",""26-'Mmph!'.spc"",""27-'Bark!'.spc""]}]"	0	0	28	0	[]	0	0
mm2.rsn	mm2.rsn	might and magic ii (EU)	20	"[{""value"":""Might and Magic 2 (European)"",""type"":""str"",""trackCount"":20,""memberPaths"":[""00-Elite Logo.spc"",""01-Mighty Groove.spc"",""02-Party on Dude.spc"",""03-Day Groove.spc"",""04-Night Groove.spc"",""05-A Day at the Inn.spc"",""06-Smithy Rocks.spc"",""07-Go Get 'Em.spc"",""08-Listen Up Mates!.spc"",""09-Better Than Thou.spc"",""10-Work That Body!.spc"",""11-Deep Under.spc"",""12-King Comes.spc"",""13-Sweet Victory.spc"",""14-Defeated!.spc"",""15-Unused Fanfare 1.spc"",""16-Unused Fanfare 2.spc"",""17-Unused Fanfare 3.spc"",""18-Greed and T.spc"",""19-Magical Mood.spc""]}]"	0	0	20	0	[]	0	0
mm2j.rsn	mm2j.rsn	Might and Magic 2 (Japanese Version)	19	"[{""value"":""Might and Magic 2 (Japanese)"",""type"":""str"",""trackCount"":19,""memberPaths"":[""00-Title Screen.spc"",""01-Main Menu.spc"",""02-Town.spc"",""03-Inn.spc"",""04-Battle.spc"",""05-Overworld.spc"",""06-Cave.spc"",""07-Dungeon.spc"",""08-Woodhaven.spc"",""09-Pinehurst.spc"",""10-Luxus Palace.spc"",""11-Castle Dungeon.spc"",""12-Ancient Castle.spc"",""13-Square Lake.spc"",""14-Boss Battle.spc"",""15-Victory.spc"",""16-Game Over.spc"",""17-Ending.spc"",""18-Unused Song.spc""]}]"	0	0	19	0	[]	0	0
mm3.rsn	mm3.rsn	might and magic iii isles of terra (US)	15	"[{""value"":""Might and Magic 3"",""type"":""str"",""trackCount"":15,""memberPaths"":[""00-Title Screen.spc"",""01-Inn.spc"",""02-Daytime.spc"",""03-Night.spc"",""04-Tavern.spc"",""05-Temple.spc"",""06-Blacksmith.spc"",""07-Guild.spc"",""08-Training Grounds.spc"",""09-Arena.spc"",""10-Bank.spc"",""11-Dungeon.spc"",""12-Battle.spc"",""13-Ending.spc"",""14-Game Over.spc""]}]"	0	0	15	0	[]	0	0
mm7.rsn	mm7.rsn	Mega Man 7	45	"[{""value"":""Megaman 7"",""type"":""str"",""trackCount"":45,""memberPaths"":[""00-Capcom Logo.spc"",""01-Opening (part 1).spc"",""02-Opening (part 2).spc"",""03-Title Screen.spc"",""04-Ruined Highway.spc"",""05-New Helmet.spc"",""06-Bass and Treble.spc"",""07-Password.spc"",""08-Stage Select.spc"",""09-Stage Start.spc"",""10-Burstman.spc"",""11-Cloudman.spc"",""12-Junkman.spc"",""13-Freezeman.spc"",""14-Slashman.spc"",""15-Springman.spc"",""16-Shademan.spc"",""17-Turboman.spc"",""18-The Eight Robot Masters.spc"",""19-Stage Clear.spc"",""20-Dr. Light's Lab.spc"",""21-New Weapon.spc"",""22-Auto's Shop.spc"",""23-Protoman's Whistle.spc"",""24-Robot Museum.spc"",""25-Remains of the Lab.spc"",""26-Dr. Wily's Castle.spc"",""27-Dr. Wily 1.spc"",""28-Dr. Wily 2.spc"",""29-Dr. Wily 3.spc"",""30-Dr. Wily 4.spc"",""31-Wily's Secret Weapon.spc"",""32-Final Battle with Dr. Wily.spc"",""33-Wily Defeated!.spc"",""34-Staff Roll.spc"",""35-Unused Song.spc"",""36-New Weapon (Prototype).spc"",""37-Dr. Wily 1 (Prototype).spc"",""38-Dr. Wily 2 (Prototype).spc"",""39-Protoman's Whistle (Prototype).spc"",""40-Enter the Graveyard!.spc"",""41-The Haunted Graveyard.spc"",""42-Selection Jingle.spc"",""43-Special Item 1.spc"",""44-Special Item 2.spc""]}]"	0	0	45	0	[]	0	0
mmax.rsn	mmax.rsn	Mighty Max (US)	11	"[{""value"":""Mighty Max"",""type"":""str"",""trackCount"":11,""memberPaths"":[""00-Mighty Max.spc"",""01-Character Select.spc"",""02-Volcano.spc"",""03-Level Complete.spc"",""04-Space.spc"",""05-Underwater.spc"",""06-Incan Ruins.spc"",""07-Jungle.spc"",""08-Game Over.spc"",""09-Unused Jingle.spc"",""10-Ocean Logo.spc""]}]"	0	0	11	0	[]	0	0
mmgg.rsn	mmgg.rsn	Mick & Mack as the Global Gladiators (US)	17	"[{""value"":[""Mick & Mack as the Global Gladia"",""Mick & Mack as the Global Gladiators""],""type"":""list"",""trackCount"":17,""memberPaths"":[""00-Storyline.spc"",""01-Slime World.spc"",""02-Forest.spc"",""03-Toxitown.spc"",""04-Arctica.spc"",""05-Dance.spc"",""06-Ice Boss.spc"",""07-Ending.spc"",""08-Dan Da Dant Da.spc"",""09-Fall Over.spc"",""10-Fall Over (Slime World).spc"",""11-Fall Over (Dance).spc"",""12-Continue.spc"",""13-Charge!.spc"",""14-Game Over.spc"",""15-Unknown Song.spc"",""16-You Did It!.spc""]}]"	0	0	17	0	[]	0	0
mms.rsn	mms.rsn	mega man soccer (US)	27	"[{""value"":""Megaman Soccer"",""type"":""str"",""trackCount"":27,""memberPaths"":[""00-Title Screen.spc"",""01-Sports News.spc"",""02-Danger.spc"",""03-Let's Go!.spc"",""04-Formation Select.spc"",""05-Field Select.spc"",""06-Megaman.spc"",""07-Skullman.spc"",""08-Cutman.spc"",""09-Woodman.spc"",""10-Elecman.spc"",""11-Pharaohman.spc"",""12-Fireman.spc"",""13-Needleman.spc"",""14-Dustman.spc"",""15-Enker.spc"",""16-Protoman's Whistle (Short).spc"",""17-Protoman's Whistle (Long).spc"",""18-Protoman.spc"",""19-Castle Intro.spc"",""20-Dr. Wily.spc"",""21-Goal.spc"",""22-Ending.spc"",""23-Cast Roll.spc"",""24-Game Over.spc"",""25-Password Screen.spc"",""26-Capcom Logo.spc""]}]"	0	0	27	0	[]	0	0
mmx.rsn	mmx.rsn	Mega Man X	35	"[{""value"":""Megaman X"",""type"":""str"",""trackCount"":35,""memberPaths"":[""00-Capcom Logo.spc"",""01-Title.spc"",""02-Password.spc"",""03-Opening Stage.spc"",""04-Vile 1.spc"",""05-Vile 2.spc"",""06-Zero.spc"",""07-Demo.spc"",""08-Stage Select 1.spc"",""09-Stage Start.spc"",""10-Launch Octopus.spc"",""11-Chill Penguin.spc"",""12-Flame Mammoth.spc"",""13-Boomer Kuwanger.spc"",""14-Sting Chameleon.spc"",""15-Spark Mandrill.spc"",""16-Storm Eagle.spc"",""17-Armored Armadillo.spc"",""18-Boss 1.spc"",""19-Boss 2.spc"",""20-Stage Clear.spc"",""21-Get a Weapon.spc"",""22-Stage Select 2.spc"",""23-Sigma Stage 1.spc"",""24-Sigma Stage 2.spc"",""25-Sigma Stage 3.spc"",""26-Sigma Stage 4.spc"",""27-Sigma 1st.spc"",""28-Sigma Rebirth.spc"",""29-Sigma 2nd.spc"",""30-Dr. Light.spc"",""31-Ending.spc"",""32-Cast Roll.spc"",""33-Staff Roll.spc"",""34-Test Track.spc""]}]"	0	0	35	0	[]	0	0
mmx2.rsn	mmx2.rsn	Mega Man X2	32	"[{""value"":""Megaman X2"",""type"":""str"",""trackCount"":32,""memberPaths"":[""00-Capcom Logo.spc"",""01-Plot of the X-Hunters.spc"",""02-Title Screen.spc"",""03-The Mavericks' Last Stand.spc"",""04-Password.spc"",""05-Second Wave.spc"",""06-Maverick Stage Intro.spc"",""07-Weather Wizard.spc"",""08-Panzer des Drachens.spc"",""09-Dangerous Reef.spc"",""10-Volcano's Fury.spc"",""11-Wasteland.spc"",""12-Red Alert.spc"",""13-Sinister Gleam.spc"",""14-Dust Devil.spc"",""15-Maverick Sighted!.spc"",""16-The Battle Ensues.spc"",""17-Mission Accomplished!.spc"",""18-The Victor's Spoils.spc"",""19-Mentor's Gift.spc"",""20-Base of Operations.spc"",""21-Final Destination.spc"",""22-Absolute Zero.spc"",""23-Deeper Into the Abyss.spc"",""24-Conspiracy to Murder.spc"",""25-Approaching Assassin.spc"",""26-Mortal Combat.spc"",""27-Zero's Rebirth.spc"",""28-Grim Vigilante.spc"",""29-Judgement Day.spc"",""30-The Wake of Destruction.spc"",""31-Hail the Conquering Hero.spc""]}]"	0	0	32	0	[]	0	0
mmx3.rsn	mmx3.rsn	Mega Man X3	32	"[{""value"":""Megaman X3"",""type"":""str"",""trackCount"":32,""memberPaths"":[""00-Introduction.spc"",""01-Title.spc"",""02-Opening.spc"",""03-Zero.spc"",""04-Stage Select.spc"",""05-Stage Introduction.spc"",""06-Neon Tiger.spc"",""07-Gravity Beetle.spc"",""08-Blast Hornet.spc"",""09-Blizzard Buffalo.spc"",""10-Toxic Seahorse.spc"",""11-Tunnel Rhino.spc"",""12-Volt Catfish.spc"",""13-Crush Crawfish.spc"",""14-Maverick Introduction.spc"",""15-Maverick Battle.spc"",""16-Victory.spc"",""17-Get Weapon.spc"",""18-Password.spc"",""19-Capsule.spc"",""20-Vile.spc"",""21-Cain's Lab.spc"",""22-Doppler Stage Revealed.spc"",""23-Doppler Stage.spc"",""24-Doppler Final Stage.spc"",""25-Doppler.spc"",""26-Doppler Battle.spc"",""27-Sigma.spc"",""28-Kaiser Sigma.spc"",""29-Ending.spc"",""30-Credits.spc"",""31-Capcom Logo.spc""]}]"	0	0	32	0	[]	0	0
mo2.rsn	mo2.rsn	Earthbound (Mother 2)	206	"[{""value"":""Earthbound"",""type"":""str"",""trackCount"":206,""memberPaths"":[""00-The Evil Giygas Attacks! (part 1).spc"",""01-The Evil Giygas Attacks! (part 2).spc"",""02-Title Screen.spc"",""03-Opening Credits.spc"",""04-Choose a File.spc"",""05-Your Name, Please.spc"",""06-Your Name, Please (Noiseless).spc"",""07-Now, Let's Go!.spc"",""08-One Fateful Night.spc"",""09-Unidentified Falling Object.spc"",""10-Rude Awakening.spc"",""100-Super Dry Dance.spc"",""101-The Metropolis of Fourside.spc"",""102-Topolla Theatre, Home to the One & Only Venus.spc"",""103-Runaway Five's Final Performance.spc"",""104-Venus Live!.spc"",""105-Save the Miners!.spc"",""106-Boris' Cocktail.spc"",""107-Moonside Swing.spc"",""108-Bad Morning to You.spc"",""109-The Monkeys' Maze.spc"",""11-Alien Invasion 1.spc"",""110-Runaway Five to the Rescue!.spc"",""111-Summers, Eternal Tourist Trap.spc"",""112-In Dalaam, There is a Warrior.spc"",""113-The Floating Kingdom of Dalaam.spc"",""114-Mu Training.spc"",""115-Pink Cloud Shrine.spc"",""116-Sailing to Scaraba.spc"",""117-The Voyage Continues.spc"",""118-Kraken of the Sea.spc"",""119-Bazaar.spc"",""12-Alien Invasion 2.spc"",""120-Morning in the Desert.spc"",""121-The Unforgiving Desert.spc"",""122-Pyramid.spc"",""123-Inside the Dungeon.spc"",""124-Megaton Walk.spc"",""125-The Submarine.spc"",""126-The Deep Darkness.spc"",""127-The Tendas' Cave.spc"",""128-Battle Against a Machine.spc"",""129-Stonehenge Base Shuts Down.spc"",""13-Someone's Knocking at the Door.spc"",""130-Falling Underground!.spc"",""131-The Lost Underworld.spc"",""132-Lava Springs.spc"",""133-Sound Stone ~ Giant Step.spc"",""134-Sound Stone ~ Lilliput Steps.spc"",""135-Sound Stone ~ Milky Well.spc"",""136-Sound Stone ~ Rainy Circle.spc"",""137-Sound Stone ~ Magnet Hill.spc"",""138-Sound Stone ~ Pink Cloud.spc"",""139-Sound Stone ~ Lumine Hall.spc"",""14-What an Annoying Knock!.spc"",""140-Sound Stone ~ Fire Spring.spc"",""141-Sound Stone ~ No Sounds.spc"",""142-Sound Stone ~ Giant Step (Complete).spc"",""143-Sound Stone ~ Lilliput Steps (Complete).spc"",""144-Sound Stone ~ Milky Well (Complete).spc"",""145-Sound Stone ~ Rainy Circle (Complete).spc"",""146-Sound Stone ~ Magnet Hill (Complete).spc"",""147-Sound Stone ~ Pink Cloud (Complete).spc"",""148-Sound Stone ~ Lumine Hall (Complete).spc"",""149-Sound Stone ~ Fire Spring (Complete).spc"",""15-Whoa!.spc"",""150-Sound Stone ~ No Sounds (Complete).spc"",""151-Eight Melodies.spc"",""152-The Nightmare Begins.spc"",""153-Welcome Home.spc"",""154-The Jolly Flying Man.spc"",""155-Deeper into Ness' Subconscious.spc"",""156-Sea of Eden.spc"",""157-The Power.spc"",""158-Ness Awakens from the Nightmare.spc"",""159-Spacetoneer.spc"",""16-Pokey.spc"",""160-Phase Distorter Failed.spc"",""161-Phase Distorter Success.spc"",""162-The Cliff That Time Forgot.spc"",""163-The Place.spc"",""164-Giygas' Lair.spc"",""165-Giygas' Intro.spc"",""166-Pokey Means Business!.spc"",""167-Giygas Stirs.spc"",""168-Giygas' Intimidation.spc"",""169-Prayer for Safety.spc"",""17-A Good Buddy.spc"",""170-Giygas is Wounded!.spc"",""171-Giygas is Fatally Wounded!.spc"",""172-Giygas Disintegrates.spc"",""173-Giygas' Static.spc"",""174-The Heroes Return (part 1).spc"",""175-The Heroes Return (part 2).spc"",""176-Because I Love You.spc"",""177-Good Friends, Bad Friends.spc"",""178-Smiles and Tears.spc"",""179-Hidden Track.spc"",""18-Buzz Buzz's Prophecy.spc"",""180-Unused Pokey Jingle.spc"",""181-Unknown Jingle 1.spc"",""182-Unknown Jingle 2.spc"",""183-Mysterious Crash.spc"",""184-Onett's Trumpet Player.spc"",""185-Key Item Fanfare.spc"",""186-Spell Learned.spc"",""187-Secret Passage.spc"",""188-Spooky.spc"",""189-Evil Mani Mani Statue.spc"",""19-Onett Night 1.spc"",""190-Magic Butterfly.spc"",""191-Master of the Stars.spc"",""192-The Sphinx's Puzzle 1.spc"",""193-The Sphinx's Puzzle 2.spc"",""194-The Sphinx's Puzzle 3.spc"",""195-The Sphinx's Puzzle 4.spc"",""196-The Sphinx's Puzzle 5.spc"",""197-The Sphinx's Puzzle Solved!.spc"",""198-Teleportation.spc"",""199-Teleportation End.spc"",""20-Onett Night 2.spc"",""200-Buzz Buzz's Demise.spc"",""201-Mechanical Tinkering.spc"",""202-Drilling.spc"",""203-Phone.spc"",""204-OK 'Ssuka.spc"",""205-Burp.spc"",""21-Onett Night 3.spc"",""22-Onett Buzz Buzz 1.spc"",""23-Onett Buzz Buzz 2.spc"",""24-Onett Buzz Buzz 3.spc"",""25-Otherworldly Foe.spc"",""26-Pokey's House.spc"",""27-Pokey's House (Buzz Buzz).spc"",""28-Sunrise & Onett Theme.spc"",""29-Onett Theme.spc"",""30-What a Great Picture!.spc"",""31-Home Sweet Home.spc"",""32-Friendly Neighbors.spc"",""33-Buy Somethin' Will Ya!.spc"",""34-Enjoy Your Stay.spc"",""35-A Good Night's Rest.spc"",""36-Bed and Breakfast.spc"",""37-Hospital.spc"",""38-Oncoming Foe.spc"",""39-Ambush!.spc"",""40-Battle Against a Weak Opponent.spc"",""41-Battle Against a Weird Opponent.spc"",""42-Battle Against a Mobile Opponent.spc"",""43-You Win!.spc"",""44-That Was Easy!.spc"",""45-You Gained a Level!.spc"",""46-Onett's Arcade.spc"",""47-Franky.spc"",""48-Battle Against an Unsettling Opponent.spc"",""49-Dangerous Caves.spc"",""50-Sanctuary Guardian's Challenge.spc"",""51-Oncoming Boss.spc"",""52-Sanctuary Guardian.spc"",""53-A Bad Dream.spc"",""54-You Defeated the Boss!.spc"",""55-Welcome to Your Sanctuary.spc"",""56-Your Sanctuary ~ Giant Step.spc"",""57-Your Sanctuary ~ Lilliput Steps.spc"",""58-Your Sanctuary ~ Milky Well.spc"",""59-Your Sanctuary ~ Rainy Circle.spc"",""60-Your Sanctuary ~ Magnet Hill.spc"",""61-Your Sanctuary ~ Pink Cloud.spc"",""62-Your Sanctuary ~ Lumine Hall.spc"",""63-Your Sanctuary ~ Fire Spring.spc"",""64-A Flash of Memory.spc"",""65-Boy Meets Girl.spc"",""66-Apple Kid's Theme.spc"",""67-Ness' Bike.spc"",""68-Paula's Theme.spc"",""69-Peaceful Rest Valley.spc"",""70-Flowing Water.spc"",""71-Happy-Happy is Blue.spc"",""72-You've Got a New Friend!.spc"",""73-Dead-End Chaos Theatre.spc"",""74-Runaway Five ~ The Daily Show.spc"",""75-Runaway Five Left the Building!.spc"",""76-Runaway Five on the Move!.spc"",""77-Threed, Zombie Central.spc"",""78-Heartless Hotel.spc"",""79-Whoops!.spc"",""80-In Winters, There is a Genius.spc"",""81-Snowman.spc"",""82-Winters White.spc"",""83-Winters Wake Up Call.spc"",""84-Tessie Has Been Sighted!.spc"",""85-Tessie!.spc"",""86-Caverns of Winters.spc"",""87-Dr. Andonuts' Lab.spc"",""88-The Sky Runner.spc"",""89-Going Down!.spc"",""90-Rough Landing.spc"",""91-Escargo Express at Your Service!.spc"",""92-Zombie Paper.spc"",""93-Saturn Valley Caverns.spc"",""94-Hi Hi Hi.spc"",""95-Belch's Factory.spc"",""96-Battle Against Belch.spc"",""97-You've Come Far, Ness.spc"",""98-Threed, Free at Last.spc"",""99-Get on the Bus.spc""]}]"	0	0	206	0	[]	0	0
mono.rsn	mono.rsn	monopoly	28	"[{""value"":""Monopoly"",""type"":""str"",""trackCount"":28,""memberPaths"":[""00-On Easy Street.spc"",""01-Bidding War.spc"",""02-Get Up and Go.spc"",""03-Tax Attack!.spc"",""04-Building a Building.spc"",""05-Dontcha Be Comin' Back Here, Now!.spc"",""06-Dontcha Be Comin' Back Here, Now! (Voice).spc"",""07-Bull Market.spc"",""08-In Good Shape.spc"",""09-Moving Up.spc"",""10-A Good Day's Work.spc"",""11-A Piper to Pay.spc"",""12-Off to the Pokey.spc"",""13-Jinxed.spc"",""14-Stung.spc"",""15-Urban Development.spc"",""16-Hoppin the Train'.spc"",""17-I'm Walkin'.spc"",""18-Movin' Out.spc"",""19-Brought Down.spc"",""20-Take a Ride on the Reading.spc"",""21-Flat Broke.spc"",""22-Fat Cat.spc"",""23-All Aboard!.spc"",""24-It's Electric.spc"",""25-Drop in the Bucket.spc"",""26-Go Directly to Jail.spc"",""27-Sold!.spc""]}]"	0	28	0	0	[]	0	0
mpjp.rsn	mpjp.rsn	Monopoly (Japanese Version)	14	"[{""value"":""Monopoly (Japanese)"",""type"":""str"",""trackCount"":14,""memberPaths"":[""00-Title.spc"",""01-Mansion.spc"",""02-Game on 1F.spc"",""03-Succeeded.spc"",""04-In Debt.spc"",""05-Bankruptcy.spc"",""06-Winner!.spc"",""07-Applause.spc"",""08-Game on 2F.spc"",""09-Quiz.spc"",""10-Staff Roll.spc"",""11-Unknown Jingle 1.spc"",""12-Unknown Jingle 2.spc"",""13-Unknown Jingle 3.spc""]}]"	0	0	14	0	[]	0	0
mpnt.rsn	mpnt.rsn	Mario Paint	59	"[{""value"":""Mario Paint (Prototype)"",""type"":""str"",""trackCount"":22,""memberPaths"":[""37-Falling Star.spc"",""38-Explosion.spc"",""39-Explosion (Inverted).spc"",""40-Explosion (Yoshi).spc"",""41-Creative Exercise.spc"",""42-Monkey Song.spc"",""43-Mysterious.spc"",""44-Special Stamps.spc"",""45-Data Robot.spc"",""46-Erase (Lines).spc"",""47-Erase (Color Fade).spc"",""48-Erase Blocks.spc"",""49-Flyswatter ~ Level 1.spc"",""50-Flyswatter ~ Level 3.spc"",""51-Big Robo Bug.spc"",""52-Prototype Test Song 1.spc"",""53-Prototype Test Song 2.spc"",""54-Flower 1.spc"",""55-Flower 2.spc"",""56-Star Jingle.spc"",""57-Unused Jingle 1.spc"",""58-Unused Jingle 2.spc""]},{""value"":""Mario Paint"",""type"":""str"",""trackCount"":37,""memberPaths"":[""00-Mario Paint.spc"",""01-Mario Paint (Distorted).spc"",""02-Mario Paint (Wobble).spc"",""03-Mario Paint (Yoshi).spc"",""04-Opening Credits.spc"",""05-Rainbow Paintbrush.spc"",""06-Flower Garden.spc"",""07-Falling Star.spc"",""08-Explosion.spc"",""09-Explosion (Distorted).spc"",""10-Explosion (Wobble).spc"",""11-Explosion (Yoshi).spc"",""12-Cheering.spc"",""13-Fan Chant.spc"",""14-Creative Exercise.spc"",""15-Monkey Song.spc"",""16-Mysterious.spc"",""17-Special Stamps.spc"",""18-Data Robot.spc"",""19-Start Fanfare.spc"",""20-Flyswatter ~ Level 1.spc"",""21-Flyswatter ~ Level 2.spc"",""22-Flyswatter ~ Level 3.spc"",""23-Big Robo Bug.spc"",""24-Beat the Big Bug!.spc"",""25-Beat the Big Bug! (Final).spc"",""26-Master Exterminator.spc"",""27-Beaten by Bugs.spc"",""28-Erase (Clear).spc"",""29-Erase (Color Fade).spc"",""30-Erase (Static).spc"",""31-Erase (Blocks).spc"",""32-Erase (Lines).spc"",""33-Erase (Fade Out).spc"",""34-Erase (Zoom In).spc"",""35-Erase (Split Screen).spc"",""36-Erase (Rocket).spc""]}]"	37	0	22	0	[]	0	0
mq.rsn	mq.rsn	Magical Quest starring Mickey Mouse, The	22	"[{""value"":""The Magical Quest"",""type"":""str"",""trackCount"":22,""memberPaths"":[""00-Title.spc"",""01-Introduction.spc"",""02-Map.spc"",""03-Treetops.spc"",""04-Dark Forest.spc"",""05-Fire Grotto.spc"",""06-Pete's Peak.spc"",""07-Snowy Valley.spc"",""08-Mini Boss.spc"",""09-Boss 1.spc"",""10-Boss 2.spc"",""11-General Store.spc"",""12-Got Item.spc"",""13-Drumroll.spc"",""14-Level Clear.spc"",""15-Pete's Castle Intro.spc"",""16-Pete's Castle.spc"",""17-Final Boss.spc"",""18-The End.spc"",""19-Game Over.spc"",""20-Lose Life.spc"",""21-Capcom Logo.spc""]}]"	0	0	22	0	[]	0	0
mq2.rsn	mq2.rsn	Magical Quest 2 - The Great Circus Mystery, The	33	"[{""value"":[""The Magical Quest 2: The Great C"",""The Magical Quest 2: The Great Circus Mystery""],""type"":""list"",""trackCount"":33,""memberPaths"":[""00-Title.spc"",""01-Introduction.spc"",""02-The Mystery Begins.spc"",""03-Player Select.spc"",""04-Map.spc"",""05-Stage Intro.spc"",""06-The Haunted Circus.spc"",""07-The Jungle.spc"",""08-The Haunted House.spc"",""09-The Caves.spc"",""10-The Frozen Plains.spc"",""11-Weasel.spc"",""12-Turtle.spc"",""13-Emperor Pete.spc"",""14-Boss.spc"",""15-New Outfit.spc"",""16-General Store.spc"",""17-Time Stop.spc"",""18-Time Stop Ends.spc"",""19-Drumroll.spc"",""20-Drumroll End.spc"",""21-Stage Clear.spc"",""22-The Baron's Castle Intro.spc"",""23-The Baron's Castle.spc"",""24-Baron Pete.spc"",""25-Dragon Pete.spc"",""26-Ending (Part 1).spc"",""27-Ending (Part 2).spc"",""28-Continue.spc"",""29-Yes.spc"",""30-No.spc"",""31-Game Over.spc"",""32-Password.spc""]}]"	0	0	33	0	[]	0	0
mq3.rsn	mq3.rsn	Magical Quest 3, The	32	"[{""value"":""The Magical Quest 3"",""type"":""str"",""trackCount"":32,""memberPaths"":[""00-Title.spc"",""01-Introduction.spc"",""02-An Evil Hand Comes Out.spc"",""03-The Appearance Of A Fairy.spc"",""04-In And Out Of The Book.spc"",""05-Character Select.spc"",""06-Map.spc"",""07-Stage Intro.spc"",""08-The Harvest Festival In Town.spc"",""09-The Woods Of Downfalling Spores.spc"",""10-The Rocky Mountain Of Sand.spc"",""11-The Flying Skyship.spc"",""12-The Sea With Shells.spc"",""13-The Crystal Snow Mountain.spc"",""14-Mini-Boss.spc"",""15-Boss.spc"",""16-New Outfit.spc"",""17-General Store.spc"",""18-Bonus Game.spc"",""19-Stage Clear.spc"",""20-What Happens Next.spc"",""21-When Evil Comes.spc"",""22-The Royal Palace Of King Pete.spc"",""23-King Pete.spc"",""24-Pete's Defeat.spc"",""25-Credits.spc"",""26-The End.spc"",""27-Continue.spc"",""28-Yay! It's The Fairy!.spc"",""29-Oh No! It's Pete!.spc"",""30-Game Over.spc"",""31-Password.spc""]}]"	0	0	32	0	[]	0	0
mrdo.rsn	mrdo.rsn	mr do	28	"[{""value"":""Mr.Do!"",""type"":""str"",""trackCount"":28,""memberPaths"":[""00-Title Screen.spc"",""01-Level BGM.spc"",""02-Powershot Hits Enemy.spc"",""03-Powershot Recharged.spc"",""04-1st Cherry.spc"",""05-2nd Cherry.spc"",""06-3rd Cherry.spc"",""07-4th Cherry.spc"",""08-5th Cherry.spc"",""09-6st Cherry.spc"",""10-7th Cherry.spc"",""11-8th Cherry.spc"",""12-Apple Falls.spc"",""13-Apple Breaks.spc"",""14-Level BGM (Faster).spc"",""15-Apple Crushes.spc"",""16-Item Collected.spc"",""17-Blue Chomper BGM.spc"",""18-Alpha Monster BGM.spc"",""19-Apple Eaten.spc"",""20-Special Diamond Appears.spc"",""21-Level Complete.spc"",""22-Current Progress.spc"",""23-Extra Life Awarded.spc"",""24-Special Awarded.spc"",""25-Lose a Life.spc"",""26-Game Over.spc"",""27-Credit Entry.spc""]}]"	0	0	28	0	[]	0	0
msfr.rsn	msfr.rsn	Mary Shelley's Frankenstein (US)	12	"[{""value"":""Mary Shelley's Frankenstein"",""type"":""str"",""trackCount"":12,""memberPaths"":[""00-Main Theme.spc"",""01-Rainy Streets of Ingolstadt.spc"",""02-Call Out the Guards!.spc"",""03-Darkness of the Crypt.spc"",""04-Arachnid Attack.spc"",""05-Forest and Swamplands.spc"",""06-Blood-Stained Creature.spc"",""07-Frankenstein Mansion.spc"",""08-Arctic Ice Flows.spc"",""09-Wolf Pack March.spc"",""10-The Alexander Nevsky.spc"",""11-Decisive Battle.spc""]}]"	0	0	12	0	[]	0	0
msg.rsn	msg.rsn	Metal Slader Glory - Director's Cut (JP)	52	"[{""value"":""Metal Slader Glory: Director's C"",""type"":""str"",""trackCount"":52,""memberPaths"":[""00-Gen's Auto.spc"",""01-Metal Slader ~ Silence of Steel.spc"",""02-Charmy's Theme.spc"",""03-Sound of the Sea.spc"",""04-Drive.spc"",""05-Person in Charge at the Station.spc"",""06-Password.spc"",""07-District 35 ~ Silkiene's Theme.spc"",""08-Sadness.spc"",""09-Restaurant.spc"",""10-Loss of Memory.spc"",""11-Go into Cosmic Space.spc"",""12-The Moon Lit Up the Street.spc"",""13-Cosmic Space is Calm.spc"",""14-Invader's Identity.spc"",""15-Battle 1.spc"",""16-Annihilated.spc"",""17-Private Army Base 1.spc"",""18-Private Army Base 2.spc"",""19-District 03 Devastated.spc"",""20-Orbit Terminal Station.spc"",""21-Residential District.spc"",""22-Battle 2.spc"",""23-Ignored History.spc"",""24-Sortie of Glory.spc"",""25-Army Sortie!.spc"",""26-Fortress T-Stoke.spc"",""27-Black Omen.spc"",""28-Combat.spc"",""29-Enemy Mothership.spc"",""30-Stagnating Battlefield.spc"",""31-Main Armament Discharge.spc"",""32-Cease Hostility.spc"",""33-Momentary Peace.spc"",""34-T-Stoke Bombarded.spc"",""35-The Ultimate Weapon.spc"",""36-Family Memories.spc"",""37-Our Hero is Alive!.spc"",""38-Feel Relief.spc"",""39-Enemy's Attack.spc"",""40-T-Stoke Warning Siren.spc"",""41-Airport.spc"",""42-The Door.spc"",""43-Jet Engine.spc"",""44-Alien's Roar.spc"",""45-Enemy Warning.spc"",""46-Explosion.spc"",""47-Alien's Pulse 1.spc"",""48-Alien's Pulse 2.spc"",""49-Peaceful Sea.spc"",""50-Precaution Signal.spc"",""51-Spaceship Takeoff.spc""]}]"	0	0	52	0	[]	0	0
msp.rsn	msp.rsn	Mario's Super Picross (EU)	32	"[{""value"":""Mario's Super Picross"",""type"":""str"",""trackCount"":24,""memberPaths"":[""00-Title.spc"",""01-Save Menu.spc"",""02-Mario Menu.spc"",""03-Wario Menu.spc"",""04-Mario Puzzle Select.spc"",""05-Wario Puzzle Select.spc"",""06-Mario Puzzle 1.spc"",""07-Mario Puzzle 2.spc"",""08-Mario Puzzle 3.spc"",""09-Mario Puzzle 4.spc"",""10-Wario Puzzle 1.spc"",""11-Wario Puzzle 2.spc"",""12-Wario Puzzle 3.spc"",""13-Wario Puzzle 4.spc"",""14-Game Over.spc"",""15-Completed Puzzle.spc"",""16-Fanfare.spc"",""17-Finished Opening Level.spc"",""18-Finished Level.spc"",""19-Finished Last Level.spc"",""20-Staff Roll.spc"",""21-Unused Song 1.spc"",""22-Unused Song 2.spc"",""23-Unknown Jingle.spc""]},{""value"":""Tamori No Picross"",""type"":""str"",""trackCount"":8,""memberPaths"":[""24-Title Screen.spc"",""25-Puzzle 2.spc"",""26-Puzzle 3.spc"",""27-Game Over.spc"",""28-Finished Final Level.spc"",""29-Unused Song.spc"",""30-Unused Jingle 1.spc"",""31-Unused Jingle 2.spc""]}]"	0	0	32	0	[]	0	0
mt.rsn	mt.rsn	Majin Tensei	25	"[{""value"":""Majin Tensei"",""type"":""str"",""trackCount"":25,""memberPaths"":[""00-Heavy Wind.spc"",""01-The Wrath of God.spc"",""02-Devil Dance.spc"",""03-Flame Up Fragment.spc"",""04-Immortally Shop Rag.spc"",""05-Bicarbonate of Face.spc"",""06-Neo Jakyou.spc"",""07-Electric Shock.spc"",""08-Chaotic Law.spc"",""09-Pallid Tears.spc"",""10-D.D.F.spc"",""11-Scene of Carnage.spc"",""12-Actual Feeling... You.spc"",""13-Judex.spc"",""14-Omega.spc"",""15-Keepsake.spc"",""16-Conversation.spc"",""17-Conversation (Faster).spc"",""18-Shrine.spc"",""19-Stage Clear.spc"",""20-Game Over.spc"",""21-Ending (Light).spc"",""22-Ending (Neutral).spc"",""23-Ending (Dark).spc"",""24-Demon Fusion.spc""]}]"	25	0	0	0	"[{""value"":""Majin Tensei Excellence Sound Collection"",""type"":""str"",""trackCount"":16,""memberPaths"":[""00-Heavy Wind.spc"",""01-The Wrath of God.spc"",""02-Devil Dance.spc"",""03-Flame Up Fragment.spc"",""04-Immortally Shop Rag.spc"",""05-Bicarbonate of Face.spc"",""06-Neo Jakyou.spc"",""07-Electric Shock.spc"",""08-Chaotic Law.spc"",""09-Pallid Tears.spc"",""10-D.D.F.spc"",""11-Scene of Carnage.spc"",""12-Actual Feeling... You.spc"",""13-Judex.spc"",""14-Omega.spc"",""15-Keepsake.spc""]}]"	0	16
mt2.rsn	mt2.rsn	Majin Tensei (JP)	69	"[{""value"":""Majin Tensei 2"",""type"":""str"",""trackCount"":69,""memberPaths"":[""00-The Place.spc"",""01-Uncountable Digitalist (part 1).spc"",""02-Uncountable Digitalist (part 2).spc"",""03-Deja Vu (Ambient).spc"",""04-Deja Vu (Run).spc"",""05-Deja Vu (Breath).spc"",""06-Deja Vu (Intro).spc"",""07-Deja Vu.spc"",""08-Going Our Way.spc"",""09-A.D. 1995 Story.spc"",""10-Spank.spc"",""11-In the Shop.spc"",""12-Scoop Up Sand.spc"",""13-Assault.spc"",""14-Ogiwara.spc"",""15-My Pretty Sister.spc"",""16-Devil Dance (Re-Arranged).spc"",""17-Dr. and Mind.spc"",""18-Smash Up.spc"",""19-Karen.spc"",""20-Outtalk.spc"",""21-Chaser.spc"",""22-Poetry of Memories.spc"",""23-Desolate City.spc"",""24-If We Believe.spc"",""25-Friday.spc"",""26-Evolution.spc"",""27-Eurythmic Battle.spc"",""28-Heaven.spc"",""29-Love Song.spc"",""30-Rag's Shop.spc"",""31-Sourpuss.spc"",""32-Amaze.spc"",""33-Flame Up Fragment (Re-Arranged).spc"",""34-Bicarbonate of Face (Re-Arranged).spc"",""35-Theme of Endless.spc"",""36-PARTING.EXE.spc"",""37-Sayonara.spc"",""38-Special Thanks for...You.spc"",""39-Amnesia Map.spc"",""40-Ask for Information in Amnesia.spc"",""41-Battle of Amnesia.spc"",""42-Ask for Information in Paranoia.spc"",""43-Battle of Paranoia.spc"",""44-Ask for Information.spc"",""45-Level Up!.spc"",""46-Dead.spc"",""47-Spellbound.spc"",""48-Takeuchi Laboratory.spc"",""49-An Old Man.spc"",""50-Suspicion.spc"",""51-Time Machine.spc"",""52-Player Turn (Tokyo).spc"",""53-Player Turn (Slum Tokyo).spc"",""54-Player Turn (Megalopolis).spc"",""55-Player Turn (Paranoia).spc"",""56-Player Turn (Amnesia).spc"",""57-Hahoooh-ah.spc"",""58-Welcome to Remix Station.spc"",""59-Ore no Namae wa Friday.spc"",""60-Yoroshiku.spc"",""61-Konkai no you wa Nandai.spc"",""62-OK.spc"",""63-Aryah.spc"",""64-Mazu wa ittai me wo erande kure.spc"",""65-Tsugi ni nittai me wo erande kure.spc"",""66-Sara ni ittai me wo erande kure.spc"",""67-Kore de iikai.spc"",""68-Zentai level yori takai no de kimi niwa atsukae nai.spc""]}]"	0	0	69	0	"[{""value"":""Majin Tensei 2: Spiral Nemesis ~ Excellence Sound Collection (PCCG-337)"",""type"":""str"",""trackCount"":39,""memberPaths"":[""00-The Place.spc"",""01-Uncountable Digitalist (part 1).spc"",""02-Uncountable Digitalist (part 2).spc"",""03-Deja Vu (Ambient).spc"",""04-Deja Vu (Run).spc"",""05-Deja Vu (Breath).spc"",""06-Deja Vu (Intro).spc"",""07-Deja Vu.spc"",""08-Going Our Way.spc"",""09-A.D. 1995 Story.spc"",""10-Spank.spc"",""11-In the Shop.spc"",""12-Scoop Up Sand.spc"",""13-Assault.spc"",""14-Ogiwara.spc"",""15-My Pretty Sister.spc"",""16-Devil Dance (Re-Arranged).spc"",""17-Dr. and Mind.spc"",""18-Smash Up.spc"",""19-Karen.spc"",""20-Outtalk.spc"",""21-Chaser.spc"",""22-Poetry of Memories.spc"",""23-Desolate City.spc"",""24-If We Believe.spc"",""25-Friday.spc"",""26-Evolution.spc"",""27-Eurythmic Battle.spc"",""28-Heaven.spc"",""29-Love Song.spc"",""30-Rag's Shop.spc"",""31-Sourpuss.spc"",""32-Amaze.spc"",""33-Flame Up Fragment (Re-Arranged).spc"",""34-Bicarbonate of Face (Re-Arranged).spc"",""35-Theme of Endless.spc"",""36-PARTING.EXE.spc"",""37-Sayonara.spc"",""38-Special Thanks for...You.spc""]}]"	0	39
mtd.rsn	mtd.rsn	Maten Densetsu - Senritsu no Ooparts (JP)	35	"[{""value"":""Maten Densetsu"",""type"":""str"",""trackCount"":35,""memberPaths"":[""00-Opening.spc"",""01-Title.spc"",""02-Ruined City.spc"",""03-The Lines and Geoglyphs of Nasca.spc"",""04-Ando's Theme.spc"",""05-Laboratory.spc"",""06-Field (Tokyo).spc"",""07-Battle.spc"",""08-Dungeon 1.spc"",""09-Boss Battle.spc"",""10-Field (Hiroshima and Nagano).spc"",""11-Dungeon 2.spc"",""12-Field (Shikoku).spc"",""13-Dungeon (Shikoku and Kyusyu).spc"",""14-Battle with Blast Golem.spc"",""15-Stone Circle.spc"",""16-Field (Kyusyu).spc"",""17-Battle in the Underground Ruins.spc"",""18-Battle with Ecsdorras.spc"",""19-Sea of Trees in Fuji.spc"",""20-Battle in the Castle.spc"",""21-Castle.spc"",""22-Battle in the Underground City.spc"",""23-Battle with Jakotsumaru.spc"",""24-Battle with Halkines.spc"",""25-Last Battle.spc"",""26-Crystal Skull.spc"",""27-Ending.spc"",""28-Annihilation 1.spc"",""29-Get Item.spc"",""30-Shuttle.spc"",""31-Victory 1.spc"",""32-Annihilation 2.spc"",""33-Join.spc"",""34-Victory 2.spc""]}]"	0	0	35	0	[]	0	0
mtpvb.rsn	mtpvb.rsn	Multi-Play Volleyball	11	"[{""value"":""Multi Play Volleyball"",""type"":""str"",""trackCount"":11,""memberPaths"":[""00-Pack-in-Video Logo.spc"",""01-Title Screen.spc"",""02-Main Menu.spc"",""03-Training.spc"",""04-Today's Match-Up.spc"",""05-Free Play Volleyball Game.spc"",""06-Almost Won.spc"",""07-End of Game.spc"",""08-Worldcup Volleyball Game.spc"",""09-Unknown Song 1.spc"",""10-Unknown Song 2.spc""]}]"	0	0	11	0	[]	0	0
mucs.rsn	mucs.rsn	Manchester United Championship Soccer	8	"[{""value"":[""Manchester United Championship S"",""Manchester United Championship Soccer""],""type"":""list"",""trackCount"":8,""memberPaths"":[""00-Title Screen.spc"",""01-Main Menu.spc"",""02-League Ladder Champions!.spc"",""03-Custom League Champions!.spc"",""04-End of European Cup.spc"",""05-You Lost.spc"",""06-Unknown Song.spc"",""07-Crowd Ambience.spc""]}]"	0	0	8	0	[]	0	0
mulan.rsn	mulan.rsn	Mulan (Super Gameboy)	8	"[{""value"":""Mulan"",""type"":""str"",""trackCount"":8,""memberPaths"":[""00-Main Theme.spc"",""01-Options.spc"",""02-Storyline.spc"",""03-Level Theme 1.spc"",""04-Level Theme 2.spc"",""05-Level Theme 3.spc"",""06-Ending.spc"",""07-Unknown Song.spc""]}]"	0	0	8	0	[]	0	0
musya.rsn	musya.rsn	Gousou Jinrai Densetsu Musya (Musya - Imoto's Saga)	17	"[{""value"":""Gousou Jinrai Densetsu Musya"",""type"":""str"",""trackCount"":17,""memberPaths"":[""00-Title (Part 1).spc"",""01-Title (Part 2).spc"",""02-Password Screen.spc"",""03-Kihou Syounyuudou.spc"",""04-Jinrai Lost.spc"",""05-Munen.spc"",""06-Shizuka Discovery.spc"",""07-Onryou Battle 1.spc"",""08-Onryou Cyoufuku.spc"",""09-Kodaifunbo Meikyuu.spc"",""10-Chiteikai Onnenrou.spc"",""11-Onryou Battle 2.spc"",""12-Chiteikai Jyukinrou.spc"",""13-Mouryou Doumeikai.spc"",""14-Mouryou Doumeikai (on speed).spc"",""15-Mouryou Ou.spc"",""16-Ending.spc""]}]"	0	0	17	0	[]	0	0
mw.rsn	mw.rsn	Metal Warriors (US)	13	"[{""value"":""Metal Warriors"",""type"":""str"",""trackCount"":13,""memberPaths"":[""00-Metal Warriors.spc"",""01-Preparing for Battle.spc"",""02-Vital Mission.spc"",""03-Defense ~ Armed Escorts.spc"",""04-Attacking the Axis Base.spc"",""05-War in the Jungle.spc"",""06-Stealth Operation.spc"",""07-The Enemy Commander.spc"",""08-Unused Jingle 1.spc"",""09-Unused Jingle 2.spc"",""10-Combat Menu.spc"",""11-Mission Complete.spc"",""12-Game Over.spc""]}]"	0	0	13	0	[]	0	0
myc.rsn	myc.rsn	Mystery Circle (JP)	15	"[{""value"":""Mystery Circle"",""type"":""str"",""trackCount"":15,""memberPaths"":[""00-Title Screen.spc"",""01-Storyline.spc"",""02-Logo.spc"",""03-Main Menu.spc"",""04-Begin and End Game.spc"",""05-Begin Level.spc"",""06-Show Me Your Basic Skills.spc"",""07-Don't Give Up So Early!.spc"",""08-Take it Easy!.spc"",""09-Don't Panic!.spc"",""10-Keep it Up!.spc"",""11-Don't Give Up!.spc"",""12-The End is in Sight.spc"",""13-Don't Quit When You're So Close!.spc"",""14-Ending.spc""]}]"	0	0	15	0	[]	0	0
nawo.rsn	nawo.rsn	Naruhodo! The World (JP)	21	"[{""value"":""Naruhodo The World"",""type"":""str"",""trackCount"":21,""memberPaths"":[""00-Title.spc"",""01-Menu.spc"",""02-Stage Change.spc"",""03-Program Starts.spc"",""04-Aikawa and Kusuda.spc"",""05-Quiz.spc"",""06-Reporter Quiz.spc"",""07-Program Ends.spc"",""08-Minigame 1.spc"",""09-Minigame 2.spc"",""10-Minigame 3.spc"",""11-Saiten Opening.spc"",""12-Ending.spc"",""13-Game Over.spc"",""14-Unknown.spc"",""15-Naruhodozawaarudo.spc"",""16-Hai, Chigatta!.spc"",""17-Hai, Sonotoori.spc"",""18-Hai, Dame!.spc"",""19-Naruhodoza Harunosaiten Supesharu!.spc"",""20-Naruhodoza Akinosaiten Spesharu!.spc""]}]"	0	0	21	0	[]	0	0
nbagg.rsn	nbagg.rsn	NBA Give 'N Go (NBA Jikkyou Basket Winning Dunk)	18	"[{""value"":""NBA Give 'n Go"",""type"":""str"",""trackCount"":18,""memberPaths"":[""00-Konami Logo.spc"",""01-Title.spc"",""02-Mode Select.spc"",""03-Tonight's Match UP.spc"",""04-Game BGM 1.spc"",""05-Time-Out.spc"",""06-Game BGM 2.spc"",""07-Half Time (Japanese).spc"",""08-Half Time (American).spc"",""09-Game BGM 3.spc"",""10-Game BGM 4.spc"",""11-Game BGM 5.spc"",""12-Game BGM 6.spc"",""13-Personal Standings.spc"",""14-Win.spc"",""15-Loss.spc"",""16-Congratulations!.spc"",""17-Game Over.spc""]}]"	0	0	18	0	[]	0	0
nbb.rsn	nbb.rsn	super nobunaga no yabou bushou fuuunroku (JP)	25	"[{""value"":""Nobunaga no Yabou Busyo Fuunroku"",""type"":""str"",""trackCount"":25,""memberPaths"":[""00-Overture.spc"",""01-Title Theme.spc"",""02-Menu.spc"",""03-The other Daimyos' Theme.spc"",""04-Ashikaga's Theme.spc"",""05-Mouri's Theme.spc"",""06-Oda's Theme.spc"",""07-Takeda's Theme.spc"",""08-Uesugi's Theme.spc"",""09-Marchant.spc"",""10-Tea Ceremony.spc"",""11-Field Operation.spc"",""12-Invading Ashikaga.spc"",""13-Invading Mouri.spc"",""14-Invading Oda.spc"",""15-Invading Takeda.spc"",""16-Invading Uesugi.spc"",""17-Siege.spc"",""18-Losing Battle.spc"",""19-Victory.spc"",""20-Defeated.spc"",""21-Diplomacy.spc"",""22-Mourning.spc"",""23-Ending.spc"",""24-Interruption of the Game.spc""]}]"	0	0	25	0	[]	0	0
nbh.rsn	nbh.rsn	Nobunaga no Yabou - Haouden (JP)	22	"[{""value"":""Nobunaga no Yabou Haouden"",""type"":""str"",""trackCount"":22,""memberPaths"":[""00-Demo Storm.spc"",""01-Demo Fire.spc"",""02-Overture.spc"",""03-Menu.spc"",""04-Usual Theme.spc"",""05-Ashikaga's Theme.spc"",""06-Date's Theme.spc"",""07-Houjou's Theme.spc"",""08-Mouri's Theme.spc"",""09-Oda's Theme.spc"",""10-Shimadu's Theme.spc"",""11-Takeda's Theme.spc"",""12-Tokugawa's Theme.spc"",""13-Uesugi's Theme.spc"",""14-Diplomacy.spc"",""15-Rewarding Vassals.spc"",""16-Preparing for a War.spc"",""17-Field Operation.spc"",""18-Siege.spc"",""19-Victory.spc"",""20-Defeated.spc"",""21-Ending.spc""]}]"	0	0	22	0	[]	0	0
nbz.rsn	nbz.rsn	Nobunaga no Yabou Zenkokuban (Nobunaga's Ambition)	7	"[{""value"":""Nobunaga no Yabou Zenkokuban"",""type"":""str"",""trackCount"":7,""memberPaths"":[""00-Overture.spc"",""01-Theme.spc"",""02-War.spc"",""03-Victory.spc"",""04-Defeated.spc"",""05-Game Over.spc"",""06-Unification.spc""]}]"	0	0	7	0	[]	0	0
ncaaf.rsn	ncaaf.rsn	NCAA Football (US)	17	"[{""value"":""NCAA Football"",""type"":""str"",""trackCount"":17,""memberPaths"":[""00-Mindscape Logo.spc"",""01-Title Screen.spc"",""02-Touchdown! 1.spc"",""03-Touchdown! 2.spc"",""04-Touchdown! 3.spc"",""05-Touchdown! 4.spc"",""06-End of Quarter.spc"",""07-Current Status.spc"",""08-Tournament Standings.spc"",""09-National Champions!.spc"",""10-Staff Roll.spc"",""11-Hut!.spc"",""12-Hruu!.spc"",""13-Ouch!.spc"",""14-Touchdown!.spc"",""15-No Good!.spc"",""16-It's Good!.spc""]}]"	0	0	17	0	[]	0	0
ncab.rsn	ncab.rsn	NCAA Basketball (US)	33	"[{""value"":""NCAA Basketball"",""type"":""str"",""trackCount"":33,""memberPaths"":[""00-Main Theme.spc"",""01-Coach's Screen.spc"",""02-Half-Time.spc"",""03-End of Game (Lose).spc"",""04-End of Game (Win).spc"",""05-Fanfare 1.spc"",""06-Fanfare 2.spc"",""07-Fanfare 3.spc"",""08-Fanfare 4.spc"",""09-Tournament Finals.spc"",""10-Championships Win.spc"",""11-Staff Roll.spc"",""12-Unused Song.spc"",""13-Unused Jingle.spc"",""14-Cheering Crowd.spc"",""15-Wild Crowd.spc"",""16-Slam Dunk.spc"",""17-Whistle.spc"",""18-Time Out.spc"",""19-Steal!.spc"",""20-Rejected!.spc"",""21-Foul-by-Forward.spc"",""22-Foul-by-Power Forward.spc"",""23-Charging-by-Forward.spc"",""24-Foul-by-Guard.spc"",""25-Foul-by-Point Guard.spc"",""26-Charging-by-Center.spc"",""27-Foul-by-Center.spc"",""28-Charging-by-Point Guard.spc"",""29-Charging-by-Guard.spc"",""30-Charging-by-Power Forward.spc"",""31-Travelling!.spc"",""32-Fouls Out!.spc""]}]"	0	0	33	0	[]	0	0
nffb.rsn	nffb.rsn	NCAA Final Four Basketball (US)	5	"[{""value"":""NCAA Final Four Basketball"",""type"":""str"",""trackCount"":5,""memberPaths"":[""00-Title Screen.spc"",""01-Halftime.spc"",""02-Final Score.spc"",""03-Fireworks Whistle.spc"",""04-Fireworks Explosion.spc""]}]"	0	0	5	0	[]	0	0
ngt.rsn	ngt.rsn	Ninja Gaiden Trilogy (US)	89	"[{""value"":""Ninja Gaiden 2"",""type"":""str"",""trackCount"":27,""memberPaths"":[""34-Ashtar's Theme.spc"",""35-Rooftop.spc"",""36-Defeat.spc"",""37-Robert's Theme.spc"",""38-What.spc"",""39-Where Did He Go.spc"",""40-Hurry!.spc"",""41-Long Train.spc"",""42-Mountain.spc"",""43-Tribesmen.spc"",""44-Dark Clouds.spc"",""45-Darkness.spc"",""46-Fortress.spc"",""47-Together Again.spc"",""48-Ashtar Appears.spc"",""49-The Sewer Rat.spc"",""50-Separated!.spc"",""51-Underground Maze.spc"",""52-What is He After.spc"",""53-The Maze of Darkness.spc"",""54-Faster!.spc"",""55-Stabbed in the Back.spc"",""56-Battle with Ashtar.spc"",""57-Demon Castle.spc"",""58-Had Enough.spc"",""59-Revival.spc"",""60-Staff Roll.spc""]},{""value"":""Ninja Gaiden 3"",""type"":""str"",""trackCount"":25,""memberPaths"":[""61-Prelude.spc"",""62-Death of Irene.spc"",""63-Deceased.spc"",""64-Laboratory.spc"",""65-Clancy's Theme.spc"",""66-Desert.spc"",""67-Sewers.spc"",""68-Return of Foster.spc"",""69-The Truth.spc"",""70-Jungle.spc"",""71-Waterfalls.spc"",""72-Doppelganger.spc"",""73-Nothing But Talk.spc"",""74-Power Plant.spc"",""75-Biohazard.spc"",""76-Castle Rock.spc"",""77-Surprise!.spc"",""78-Return of Irene.spc"",""79-Get Out of Here!.spc"",""80-Clancy Transformed.spc"",""81-Dimensional Warship.spc"",""82-The True Form.spc"",""83-Final Battle.spc"",""84-A New Day Dawns.spc"",""85-Staff Roll.spc""]},{""value"":""Ninja Gaiden Trilogy"",""type"":""str"",""trackCount"":6,""memberPaths"":[""00-Tecmo Slash.spc"",""01-Title Screen.spc"",""02-Select Game.spc"",""86-Unknown Song.spc"",""87-Unknown Jingle.spc"",""88-Unknown Sound.spc""]},{""value"":""Ninja Gaiden"",""type"":""str"",""trackCount"":31,""memberPaths"":[""03-Midnight Duel.spc"",""04-The Letter.spc"",""05-Act.spc"",""06-The City.spc"",""07-Death.spc"",""08-Boss Fight.spc"",""09-Irene Lew's Theme.spc"",""10-Prison.spc"",""11-Construction Site.spc"",""12-Outpost.spc"",""13-Running.spc"",""14-Walter Smith's Theme.spc"",""15-Thief!.spc"",""16-After Him!.spc"",""17-Snowfield.spc"",""18-The Light Statue.spc"",""19-Foster's Theme.spc"",""20-Amazonas Flight.spc"",""21-The Castle.spc"",""22-Mine.spc"",""23-Jaquio's Theme.spc"",""24-Evil Plans.spc"",""25-Underground.spc"",""26-Malth's Theme.spc"",""27-Malth's Demise.spc"",""28-A Moment of Relief.spc"",""29-Sorrow.spc"",""30-The Castle Crumbles.spc"",""31-Sea Swallow.spc"",""32-Sunrise.spc"",""33-Staff Roll.spc""]}]"	0	0	89	0	[]	0	0
nibus.rsn	nibus.rsn	Nightmare Busters [Beta]	15	"[{""value"":""Nightmare Busters"",""type"":""str"",""trackCount"":15,""memberPaths"":[""00-Opening.spc"",""01-Main Menu.spc"",""02-Village.spc"",""03-You Versus Boss.spc"",""04-Boss Battle.spc"",""05-Beat Boss!.spc"",""06-Forest.spc"",""07-Cave.spc"",""08-Falling in Cave.spc"",""09-Cliff.spc"",""10-Castle.spc"",""11-Elevator in the Castle.spc"",""12-Ship Deck.spc"",""13-Staff Roll.spc"",""14-Game Over.spc""]}]"	0	0	15	0	[]	0	0
nigel.rsn	nigel.rsn	Nigel Mansell's World Championship Racing	24	"[{""value"":[""Nigel Mansell's World Championsh"",""Nigel Mansell's World Championship Racing""],""type"":""list"",""trackCount"":24,""memberPaths"":[""00-Title.spc"",""01-Race Setup & Results.spc"",""02-Race Start.spc"",""03-Tournament Standings.spc"",""04-Race Over.spc"",""05-Victory.spc"",""06-National Anthem of Finland.spc"",""07-National Anthem of Monaco.spc"",""08-National Anthem of Canada.spc"",""09-National Anthem of France.spc"",""10-National Anthem of Britain.spc"",""11-National Anthem of Germany.spc"",""12-National Anthem of Hungary.spc"",""13-National Anthem of Belgium.spc"",""14-National Anthem of Italy.spc"",""15-National Anthem of Portugal.spc"",""16-National Anthem of Japan.spc"",""17-National Anthem of Australia.spc"",""18-National Anthem of San Marino.spc"",""19-National Anthem of the United States.spc"",""20-National Anthem of South Africa.spc"",""21-National Anthem of Mexico.spc"",""22-National Anthem of Brazil.spc"",""23-National Anthem of Spain.spc""]}]"	0	0	24	0	[]	0	0
nikk.rsn	nikk.rsn	nontan to issho kurukuru puzzle (JP)	19	"[{""value"":""Nontan to Issyo Kuru Kuru Puzzle"",""type"":""str"",""trackCount"":19,""memberPaths"":[""00-Title Screen.spc"",""01-Cat's Song.spc"",""02-Frog's Song.spc"",""03-Owl's Song.spc"",""04-Bonus!.spc"",""05-Clear!.spc"",""06-5 Levels Cleared! (Type A).spc"",""07-5 Levels Cleared! (Type B).spc"",""08-Game Over (part 1).spc"",""09-Game Over (part 2).spc"",""10-Results.spc"",""11-Ranking.spc"",""12-2 Players Vs. Game Set Up.spc"",""13-Staff Roll.spc"",""14-Kuru Kuru Puzzle!.spc"",""15-Yatta, Yatta!!.spc"",""16-Sugoi, Sugoi!.spc"",""17-Sugoi!.spc"",""18-Ei Ji Dea Na Thou.spc""]}]"	0	0	19	0	[]	0	0
nnk.rsn	nnk.rsn	Asameshimae Nyanko (JP)	17	"[{""value"":""Nyanko"",""type"":""str"",""trackCount"":17,""memberPaths"":[""00-Title.spc"",""01-Menu.spc"",""02-Rooftop.spc"",""03-Catfight!.spc"",""04-Your Cat Won.spc"",""05-Your Cat Lost.spc"",""06-Stage Clear.spc"",""07-Park.spc"",""08-Forest.spc"",""09-Raft on the River.spc"",""10-Flower Bed.spc"",""11-Lilipads.spc"",""12-Mesa.spc"",""13-Castle.spc"",""14-Turtle Island.spc"",""15-Staff Roll.spc"",""16-Activate Bell.spc""]}]"	0	0	17	0	[]	0	0
npmp.rsn	npmp.rsn	Nintendo Power Menu Program (JP)	2	"[{""value"":""Nintendo Power Menu Program"",""type"":""str"",""trackCount"":2,""memberPaths"":[""00-Nintendo Logo.spc"",""01-Menu.spc""]}]"	0	0	2	0	[]	0	0
nrbb.rsn	nrbb.rsn	Nolan Ryan's Baseball (US)	10	"[{""value"":""Nolan Ryan's Baseball"",""type"":""str"",""trackCount"":10,""memberPaths"":[""00-Title Screen.spc"",""01-Mode Select.spc"",""02-Play Ball!.spc"",""03-Baseball Game.spc"",""04-Get Home.spc"",""05-Home Run.spc"",""06-Change.spc"",""07-Lucky 7.spc"",""08-Game Over.spc"",""09-Sports News.spc""]}]"	0	0	10	0	[]	0	0
nspk.rsn	nspk.rsn	Nangoku Shounen Papuwa-kun (JP)	54	"[{""value"":""Nangoku Syonen Papuwa Kun"",""type"":""str"",""trackCount"":54,""memberPaths"":[""00-Title.spc"",""01-Map.spc"",""02-Tottori Island.spc"",""03-Japanese Ninja Tottori Appears.spc"",""04-Boss Theme 1.spc"",""05-Conversation with Tottori.spc"",""06-Battle with Tottori.spc"",""07-Gunma Mountain 1.spc"",""08-Boss Theme 2.spc"",""09-Gunma Mountain 2.spc"",""10-Boss Theme 3.spc"",""11-Pretender Yopparaider Appears.spc"",""12-Battle with Pretender Yopparider.spc"",""13-Story of Treasure.spc"",""14-Arashiyama Temple 1.spc"",""15-Arashiyama Appears.spc"",""16-Arashiyama Temple 2.spc"",""17-Boss Theme 4.spc"",""18-Conversation with Arashiyama.spc"",""19-Battle with Arashiyama.spc"",""20-Miyagi Pass 1.spc"",""21-Boss Theme 5.spc"",""22-Miyagi Appears.spc"",""23-Miyagi Pass 2.spc"",""24-Boss Theme 6.spc"",""25-Conversation with Miyagi.spc"",""26-Battle with Miyagi.spc"",""27-Donta Coast 1.spc"",""28-Donta Appears.spc"",""29-Donta Coast 2.spc"",""30-Boss Theme 7.spc"",""31-Boss Theme 8.spc"",""32-Yopparaider Appears.spc"",""33-Conversation with Donta.spc"",""34-Battle with Donta.spc"",""35-Uiror Land 1.spc"",""36-Boss Theme 9.spc"",""37-Snowman's Theme 1.spc"",""38-Uiror Land 2.spc"",""39-Conversation with Uiror.spc"",""40-Battle with Uiror.spc"",""41-Tsugaru Cape 1.spc"",""42-Conversation with Umigishi.spc"",""43-Battle with Umigishi.spc"",""44-Snowman's Theme 2.spc"",""45-Tsugaru Cape 2.spc"",""46-Boss Theme 10.spc"",""47-Conversation with Tsugaru Joccar.spc"",""48-Battle with Tsugaru Joccar.spc"",""49-The Wish Beach.spc"",""50-Last Boss Battle.spc"",""51-Statue of Wishes.spc"",""52-Ending.spc"",""53-Waves.spc""]}]"	0	0	54	0	[]	0	0
ntbh.rsn	ntbh.rsn	Nekketsu Tairiku - Burning Heroes (JP)	32	"[{""value"":""Nekketsu Tairiku Burning Heroes"",""type"":""str"",""trackCount"":32,""memberPaths"":[""00-Title.spc"",""01-Menu.spc"",""02-Sorrow.spc"",""03-Hero's Theme.spc"",""04-Flame & Water Capital.spc"",""05-Shop.spc"",""06-Castle.spc"",""07-Field (Ryu and Rouga).spc"",""08-Field (Lila and Shen).spc"",""09-Field (Gaou and Chocola).spc"",""10-Field (Narga and Mebius).spc"",""11-Battle.spc"",""12-Dungeon 1.spc"",""13-Boss Battle.spc"",""14-Stellar Ruins.spc"",""15-Desert Town.spc"",""16-Ship.spc"",""17-Sword Town.spc"",""18-Oasis.spc"",""19-Ambition.spc"",""20-Dungeon 2.spc"",""21-Temple.spc"",""22-The People of Esariara.spc"",""23-Underground Temple.spc"",""24-Doubtful Consultation.spc"",""25-Astralia ~ Star Gate.spc"",""26-Evil Spirit Tower.spc"",""27-Cosmion.spc"",""28-Battle with DeathWise.spc"",""29-Ending.spc"",""30-Level Up!.spc"",""31-Warp.spc""]}]"	0	0	32	0	[]	0	0
oampg.rsn	oampg.rsn	Okamoto Ayako to Match Play Golf - Ko Olina Golf Club in Hawaii (JP)	26	"[{""value"":""Okamoto Ayako to Match Play Golf"",""type"":""str"",""trackCount"":26,""memberPaths"":[""00-Tsukuda Original Logo 1.spc"",""01-Tsukuda Original Logo 2.spc"",""02-Title.spc"",""03-Game Select.spc"",""04-Stroke Play.spc"",""05-Match Play.spc"",""06-Half Time.spc"",""07-Pro Tournament.spc"",""08-Pro Tournament Half Time.spc"",""09-Hole Out.spc"",""10-Result.spc"",""11-Congratulations!.spc"",""12-Staff Credit.spc"",""13-Opening Animation.spc"",""14-Decision.spc"",""15-Cursor.spc"",""16-Swing.spc"",""17-Ball Bound.spc"",""18-Water Hazard.spc"",""19-Putter Shot.spc"",""20-Cup In.spc"",""21-Applause 1.spc"",""22-Applause 2.spc"",""23-Bird Call 1.spc"",""24-Bird Call 2.spc"",""25-Bird Call 3.spc""]}]"	0	0	26	0	[]	0	0
obbf.rsn	obbf.rsn	Ohmono Black Bass Fishing - Jinzouko Hen (Mark Davis' The Fishing Master)	23	"[{""value"":""Ohmono Black Bass Fishing"",""type"":""str"",""trackCount"":23,""memberPaths"":[""00-Title.spc"",""01-Select Fishing Point.spc"",""02-Spring.spc"",""03-Spring (Hitting).spc"",""04-Summer.spc"",""05-Summer (Hitting).spc"",""06-Autumn.spc"",""07-Autumn (Hitting).spc"",""08-Winter.spc"",""09-Winter (Hitting).spc"",""10-Name Entry.spc"",""11-Tournament Mode.spc"",""12-Shopping.spc"",""13-Tournament Stage.spc"",""14-Tournament Stage (Hitting).spc"",""15-Grand Champion Challenge.spc"",""16-Final Stage.spc"",""17-Final Stage (Hitting).spc"",""18-Weigh In.spc"",""19-Today's Data.spc"",""20-Congratulations!.spc"",""21-Staff Roll.spc"",""22-Game Over.spc""]}]"	0	0	23	0	[]	0	0
obi.rsn	obi.rsn	Obitus (US)	8	"[{""value"":""Obitus"",""type"":""str"",""trackCount"":8,""memberPaths"":[""00-Title.spc"",""01-Message.spc"",""02-Forest.spc"",""03-Dungeon.spc"",""04-Castle.spc"",""05-Ending.spc"",""06-Unknown Jingle 1.spc"",""07-Unknown Jingle 2.spc""]}]"	0	0	8	0	[]	0	0
oeptv.rsn	oeptv.rsn	Operation Europe - Path to Victory	21	"[{""value"":[""Operation Europe: Path to Victor"",""Operation Europe: Path to Victory""],""type"":""list"",""trackCount"":21,""memberPaths"":[""00-Opening ~ Wind of Europe.spc"",""01-Stage Introduction.spc"",""02-The French Blitz.spc"",""03-Hard Attack.spc"",""04-North African Front.spc"",""05-Romance.spc"",""06-Air Commander.spc"",""07-The German Soviet Armored Campaign.spc"",""08-Normandy Landing Operations.spc"",""09-Battle of the Bulge.spc"",""10-Overstone.spc"",""11-The Berlin Conflict.spc"",""12-Enemy Air Strike.spc"",""13-Battle Won.spc"",""14-Battle Lost.spc"",""15-Ending ~ Final Victory.spc"",""16-Unknown Song 1.spc"",""17-Unknown Song 2.spc"",""18-Unknown Song 3.spc"",""19-Unknown Jingle 1.spc"",""20-Unknown Jingle 2.spc""]}]"	0	0	21	0	[]	0	0
ogre.rsn	ogre.rsn	Ogre Battle	26	"[{""value"":""Ogre Battle"",""type"":""str"",""trackCount"":26,""memberPaths"":[""00-Quest Logo.spc"",""01-Overture.spc"",""02-Beginning of the Tale.spc"",""03-Entrance Parade.spc"",""04-Old Man's Prayer.spc"",""05-Atlas.spc"",""06-Thunder.spc"",""07-Guerrilla War.spc"",""08-Dangerous.spc"",""09-Rest in Peace.spc"",""10-A Brief Respite.spc"",""11-Viking Spirits.spc"",""12-Do or Die.spc"",""13-Brass of Victory.spc"",""14-Thrill of Liberation.spc"",""15-Wall of Defense.spc"",""16-Autumn Sky Womanheart.spc"",""17-Sand Storm.spc"",""18-Shimmering Heat.spc"",""19-Santa's Coming.spc"",""20-Go-Go March.spc"",""21-Love Me Tonight.spc"",""22-Wave of Darkness.spc"",""23-Morning Star.spc"",""24-Festival Drums.spc"",""25-Finale.spc""]}]"	26	0	0	0	"[{""value"":""All Sounds of Legendary Ogre Battle (DPCX-5003)"",""type"":""str"",""trackCount"":26,""memberPaths"":[""00-Quest Logo.spc"",""01-Overture.spc"",""02-Beginning of the Tale.spc"",""03-Entrance Parade.spc"",""04-Old Man's Prayer.spc"",""05-Atlas.spc"",""06-Thunder.spc"",""07-Guerrilla War.spc"",""08-Dangerous.spc"",""09-Rest in Peace.spc"",""10-A Brief Respite.spc"",""11-Viking Spirits.spc"",""12-Do or Die.spc"",""13-Brass of Victory.spc"",""14-Thrill of Liberation.spc"",""15-Wall of Defense.spc"",""16-Autumn Sky Womanheart.spc"",""17-Sand Storm.spc"",""18-Shimmering Heat.spc"",""19-Santa's Coming.spc"",""20-Go-Go March.spc"",""21-Love Me Tonight.spc"",""22-Wave of Darkness.spc"",""23-Morning Star.spc"",""24-Festival Drums.spc"",""25-Finale.spc""]}]"	0	26
ogs.rsn	ogs.rsn	Otogirisou (JP)	17	"[{""value"":""Otogirisou"",""type"":""str"",""trackCount"":17,""memberPaths"":[""00-Otogirisou ~Main Theme~.spc"",""01-The Legend Of Yellow Flower.spc"",""02-The Legend Of Yellow Flower (Piano Version).spc"",""03-Temptation To Horror.spc"",""04-On The Way To A Mystery House.spc"",""05-The Shut Mystery (Intro).spc"",""06-The Shut Mystery.spc"",""07-Nami's Memories (Intro).spc"",""08-Nami's Memories.spc"",""09-To The Mystery House Encompassed In The Dark.spc"",""10-The Theme Of Love.spc"",""11-Beyond Sorrow.spc"",""12-Beyond Sorrow (without Intro).spc"",""13-Unknown Song.spc"",""14-Jingle 1.spc"",""15-Jingle 2.spc"",""16-Jingle 3.spc""]}]"	0	0	17	0	[]	0	0
olim.rsn	olim.rsn	Olivia no Mystery	22	"[{""value"":""Olivia's Mystery"",""type"":""str"",""trackCount"":22,""memberPaths"":[""00-Title.spc"",""01-Stage 1.spc"",""02-Stage 2.spc"",""03-Stage 3.spc"",""04-Stage 4.spc"",""05-Stage 5.spc"",""06-Stage 6.spc"",""07-Stage 7.spc"",""08-Stage 8.spc"",""09-Stage 9.spc"",""10-Stage 10.spc"",""11-Stage 11.spc"",""12-Stage 12.spc"",""13-Stage 13.spc"",""14-Stage 14.spc"",""15-Stage 15.spc"",""16-Stage 16.spc"",""17-Stage 17.spc"",""18-Stage 18.spc"",""19-Stage 19.spc"",""20-Stage 20.spc"",""21-Ending.spc""]}]"	0	0	22	0	[]	0	0
osggb.rsn	osggb.rsn	Olympic Summer Games (Super Gameboy)	8	"[{""value"":""Olympic Summer Games (Gameboy)"",""type"":""str"",""trackCount"":8,""memberPaths"":[""00-Main Theme.spc"",""01-100m, Javelin.spc"",""02-100m Hurdles.spc"",""03-Jumping and Shooting.spc"",""04-Long Jump.spc"",""05-Skeet.spc"",""06-Game Start.spc"",""07-Staff Roll.spc""]}]"	0	0	8	0	[]	0	0
othw.rsn	othw.rsn	Othello World (JP)	27	"[{""value"":""Othello World"",""type"":""str"",""trackCount"":27,""memberPaths"":[""00-Tsukuda Original Logo (Part 1).spc"",""01-Tsukuda Original Logo (Part 2).spc"",""02-Title Screen.spc"",""03-Storyline.spc"",""04-Game with Rabbit Set Up.spc"",""05-Game with Rabbit.spc"",""06-End of Game.spc"",""07-Won!.spc"",""08-Lost.spc"",""09-Enter Name.spc"",""10-Freedom Zone and Ocean Opening.spc"",""11-Map Screen.spc"",""12-Freedom Zone Game.spc"",""13-Next Area.spc"",""14-Freedom Zone Ending.spc"",""15-Ocean Game.spc"",""16-Ocean Ending.spc"",""17-Sky Zone Opening.spc"",""18-Sky Zone Game.spc"",""19-Sky Zone Ending.spc"",""20-Sky Castle Opening.spc"",""21-Sky Castle Game.spc"",""22-Sanctuary Game Set Up.spc"",""23-Sanctuary Opening.spc"",""24-Sanctuary Game.spc"",""25-Ending.spc"",""26-Staff Roll.spc""]}]"	0	0	27	0	[]	0	0
pacm2.rsn	pacm2.rsn	Pac-Man 2 - The New Adventures	72	"[{""value"":""Pac-Man 2"",""type"":""str"",""trackCount"":72,""memberPaths"":[""00-Pac-Man 2.spc"",""01-Super Pac-Man.spc"",""02-Freaky.spc"",""03-Practice Makes Perfect.spc"",""04-Home Sweet Home.spc"",""05-Eyecatch.spc"",""06-Mischief.spc"",""07-Transformation.spc"",""08-Clockwork.spc"",""09-Haste Makes Waste.spc"",""10-Yoo-Hoo!.spc"",""11-Only Young Once.spc"",""12-Moody.spc"",""13-That Was Close.spc"",""14-Old Song.spc"",""15-Cart Ride.spc"",""16-Oh Dear!.spc"",""17-Bye! Bye!.spc"",""18-I Won't Be Long.spc"",""19-Bang!.spc"",""20-What!.spc"",""21-Waltz.spc"",""22-Strange Factor.spc"",""23-Mr. Pac-Man.spc"",""24-Coffee Break 1.spc"",""25-Department Store.spc"",""26-Take a Nap.spc"",""27-Flea.spc"",""28-Too Much.spc"",""29-Softly.spc"",""30-One More Try.spc"",""31-Ms. Pac-Man.spc"",""32-Coffee Break 2.spc"",""33-Coffee Break 3.spc"",""34-Coffee Break 4.spc"",""35-Lullaby.spc"",""36-Rooftop.spc"",""37-Robbers.spc"",""38-Fight!!.spc"",""39-Aquarium.spc"",""40-Fragile 1.spc"",""41-Fragile 2.spc"",""42-Ghost.spc"",""43-Lucy.spc"",""44-Rockin' Jr.spc"",""45-Pause Toon.spc"",""46-The Gum Monster.spc"",""47-The Gum Monster (No Intro).spc"",""48-Teach Pac a Lesson.spc"",""49-You Lost.spc"",""50-Farewell Gum Monster.spc"",""51-Failure Teaches Success.spc"",""52-Music Box.spc"",""53-Sound Test.spc"",""54-Transformation End.spc"",""55-Transformation End (Variant 1).spc"",""56-Transformation End (Variant 2).spc"",""57-Yoo-Hoo! End.spc"",""58-Presented by Namcot.spc"",""59-Hello! Pac-Man.spc"",""60-Unused Song 1.spc"",""61-Unused Song 2.spc"",""62-Unused Song 3.spc"",""63-Unused Jingle 1.spc"",""64-Unused Jingle 2.spc"",""65-In-Game Ambience 1.spc"",""66-In-Game Ambience 2.spc"",""67-In-Game Ambience 3.spc"",""68-In-Game Ambience 4.spc"",""69-In-Game Ambience 5.spc"",""70-Mr. Pac-Man Dies.spc"",""71-Ms. Pac-Man Dies.spc""]}]"	0	0	72	0	[]	0	0
page.rsn	page.rsn	Pagemaster, The	36	"[{""value"":""The Pagemaster"",""type"":""str"",""trackCount"":36,""memberPaths"":[""00-Fox Interactive Logo.spc"",""01-Title Screen.spc"",""02-Password.spc"",""03-Horror World.spc"",""04-Horror World (Faster).spc"",""05-The Torture Chamber.spc"",""06-Ghost of a Chance.spc"",""07-Looking Grave.spc"",""08-Bonus Book.spc"",""09-Flying in Horror World.spc"",""10-Adventure World.spc"",""11-Adventure World (Faster).spc"",""12-Marine Malarkey.spc"",""13-Desert Island Risks.spc"",""14-The Stormy Sea.spc"",""15-Flying in Adventure World.spc"",""16-Fantasy World.spc"",""17-Fantasy World (Faster).spc"",""18-Golden Brick Road.spc"",""19-Pools of Goo.spc"",""20-The Beanstalk.spc"",""21-Flying in Fantasy World.spc"",""22-The End.spc"",""23-Staff Roll.spc"",""24-What's the Matter, Scared.spc"",""25-What's the Matter, Scared (Faster).spc"",""26-Unused Song.spc"",""27-The Stormy Sea (Beta).spc"",""28-Ack!.spc"",""29-Ahh!.spc"",""30-Uh-oh!.spc"",""31-Yes!.spc"",""32-Wow!.spc"",""33-Gasp!.spc"",""34-Hey!.spc"",""35-Frankenstein's Fist.spc""]}]"	0	0	36	0	[]	0	0
peye.rsn	peye.rsn	Popeye - Ijiwaru Majo Sea Hag No Maki	19	"[{""value"":""Popeye"",""type"":""str"",""trackCount"":19,""memberPaths"":[""00-Popeye's Theme.spc"",""01-Map Screen.spc"",""02-House 1.spc"",""03-Field.spc"",""04-Water.spc"",""05-Desert.spc"",""06-Woods.spc"",""07-Cave.spc"",""08-Castle.spc"",""09-House 2.spc"",""10-Boss Battle.spc"",""11-Cutscene.spc"",""12-Staff Roll.spc"",""13-Unknown Jingle.spc"",""14-Heart.spc"",""15-Lost a Life.spc"",""16-Goal!.spc"",""17-Spinach.spc"",""18-777.spc""]}]"	0	0	19	0	[]	0	0
pfma.rsn	pfma.rsn	Pitfall - The Mayan Adventure	83	"[{""value"":""Pitfall: The Mayan Adventure"",""type"":""str"",""trackCount"":83,""memberPaths"":[""00-Opening ~ The Abduction.spc"",""01-The Mayan Adventure.spc"",""02-Examining the Map.spc"",""03-Onwards to Danger.spc"",""04-Jungle Rhythm 1.spc"",""05-Jungle Rhythm 2.spc"",""06-Jungle Rhythm 3.spc"",""07-Jungle Rhythm 4.spc"",""08-Jungle Rhythm 5.spc"",""09-Jungle Rhythm 6.spc"",""10-Jungle Rhythm 7.spc"",""11-Jungle Rhythm 8.spc"",""12-Jungle Rhythm 9.spc"",""13-Jungle Rhythm 10.spc"",""14-Jungle Rhythm 11.spc"",""15-Jungle Rhythm 12.spc"",""16-Jungle Rhythm 13.spc"",""17-Jungle Rhythm 14.spc"",""18-Panther Dance.spc"",""19-Level Complete.spc"",""20-Dangerous Waterfalls 1.spc"",""21-Dangerous Waterfalls 2.spc"",""22-Dangerous Waterfalls 3.spc"",""23-Dangerous Waterfalls 4.spc"",""24-Dangerous Waterfalls 5.spc"",""25-Dangerous Waterfalls 6.spc"",""26-Dangerous Waterfalls 7.spc"",""27-Dangerous Waterfalls 8.spc"",""28-Dangerous Waterfalls 9.spc"",""29-Dangerous Waterfalls 10.spc"",""30-Dark Mine Shafts 1.spc"",""31-Dark Mine Shafts 2.spc"",""32-Dark Mine Shafts 3.spc"",""33-Dark Mine Shafts 4.spc"",""34-Dark Mine Shafts 5.spc"",""35-Dark Mine Shafts 6.spc"",""36-Dark Mine Shafts 7.spc"",""37-Dark Mine Shafts 8.spc"",""38-Dark Mine Shafts 9.spc"",""39-Dark Mine Shafts 10.spc"",""40-Dark Mine Shafts 11.spc"",""41-Dark Mine Shafts 12.spc"",""42-Mysterious Lost City 1.spc"",""43-Mysterious Lost City 2.spc"",""44-Mysterious Lost City 3.spc"",""45-Mysterious Lost City 4.spc"",""46-Mysterious Lost City 5.spc"",""47-Mysterious Lost City 6.spc"",""48-Mysterious Lost City 7.spc"",""49-Mysterious Lost City 8.spc"",""50-Twin Wildcats.spc"",""51-Ancient Temple 1.spc"",""52-Ancient Temple 2.spc"",""53-Ancient Temple 3.spc"",""54-Ancient Temple 4.spc"",""55-Ancient Temple 5.spc"",""56-Ancient Temple 6.spc"",""57-Ancient Temple 7.spc"",""58-Ancient Temple 8.spc"",""59-Ancient Temple 9.spc"",""60-Ancient Temple 10.spc"",""61-Ancient Temple 11.spc"",""62-Ancient Temple 12.spc"",""63-Ancient Temple 13.spc"",""64-Warrior Spirit 1.spc"",""65-Warrior Spirit 2.spc"",""66-Warrior Spirit 3.spc"",""67-Warrior Spirit 4.spc"",""68-Classic Jump.spc"",""69-Classic Hit.spc"",""70-Classic Death.spc"",""71-Classic Vine Swinging.spc"",""72-Classic Fall.spc"",""73-Classic Item Fanfare.spc"",""74-Game Over Thud.spc"",""75-Continue Torch.spc"",""76-Information Menu Swish.spc"",""77-Memory Puzzle (A).spc"",""78-Memory Puzzle (X).spc"",""79-Memory Puzzle (Y).spc"",""80-Whoa!.spc"",""81-Ungh.spc"",""82-Jagua.spc""]}]"	0	0	83	0	[]	0	0
piece.rsn	piece.rsn	Pieces (Jigsaw Party)	16	"[{""value"":""Pieces"",""type"":""str"",""trackCount"":16,""memberPaths"":[""00-Main Theme.spc"",""01-Menus.spc"",""02-Character Introduction.spc"",""03-Puzzle Music 1.spc"",""04-Puzzle Music 2.spc"",""05-Puzzle Music 3.spc"",""06-Puzzle Music 4.spc"",""07-Bonus Game Introduction.spc"",""08-Bonus Game.spc"",""09-Bonus Game End.spc"",""10-Bonus Game Results.spc"",""11-Outcome of vs. CPU Mode.spc"",""12-2P Mode Winner.spc"",""13-Time Over.spc"",""14-Victory.spc"",""15-Staff Roll.spc""]}]"	0	0	16	0	[]	0	0
piki.rsn	piki.rsn	Pikiinya! (JP)	35	"[{""value"":""Pikiinya!"",""type"":""str"",""trackCount"":35,""memberPaths"":[""00-Opening.spc"",""01-Game Select.spc"",""02-How to Play.spc"",""03-Stage Start.spc"",""04-Endless.spc"",""05-Endurance Race.spc"",""06-Death Match of Andes.spc"",""07-Final Battle.spc"",""08-Lose.spc"",""09-Win.spc"",""10-Ending.spc"",""11-Time Attack.spc"",""12-Stage Creator.spc"",""13-Versus Survival.spc"",""14-Player Data.spc"",""15-Stage Clear.spc"",""16-High Score.spc"",""17-Retire.spc"",""18-1 Lap.spc"",""19-Goal.spc"",""20-Collect.spc"",""21-Defrost.spc"",""22-Uro's Seed.spc"",""23-Delete Uro's Seed.spc"",""24-Pikiinya!.spc"",""25-Pigiyapapogi!.spc"",""26-Paron!.spc"",""27-Puru!.spc"",""28-Piki!.spc"",""29-Pikipikii!.spc"",""30-Pikipikipikii!.spc"",""31-Chau.spc"",""32-Hyaan!.spc"",""33-Kururukkuu!.spc"",""34-Uwao!.spc""]}]"	0	0	35	0	[]	0	0
pkn.rsn	pkn.rsn	Pokonyan! - Henpokorin Adventure (JP)	19	"[{""value"":""Poko-Nyan!"",""type"":""str"",""trackCount"":19,""memberPaths"":[""00-Main Theme.spc"",""01-Sweet Robbery!.spc"",""02-Town in the Forest.spc"",""03-Whimsical Carnival.spc"",""04-Proud Nautical Fleet.spc"",""05-Underwater Hunt.spc"",""06-Frozen Fortress.spc"",""07-Magical Flying Castle.spc"",""08-Sunset Over the Hills.spc"",""09-Black Sky, Glittering Stars.spc"",""10-Yay! Snack Time!.spc"",""11-Secret Maze.spc"",""12-Squirrel Thieves!.spc"",""13-Got the Goodies!.spc"",""14-The Strongest Squirrel.spc"",""15-Ending ~ Staff Roll.spc"",""16-Unused Jingle.spc"",""17-Poko-Nyan!.spc"",""18-Iku Yo!.spc""]}]"	0	0	19	0	[]	0	0
plok.rsn	plok.rsn	Plok	20	"[{""value"":""Plok!"",""type"":""str"",""trackCount"":20,""memberPaths"":[""00-Main Theme.spc"",""01-Map.spc"",""02-Cotton Island.spc"",""03-Stage Clear.spc"",""04-Bonus Level.spc"",""05-Gift.spc"",""06-Boxing Glove.spc"",""07-Shotgun.spc"",""08-Flame Thrower.spc"",""09-Rocket Launcher.spc"",""10-Cowboy.spc"",""11-Boss.spc"",""12-Beach.spc"",""13-Akrillic.spc"",""14-Plok's House.spc"",""15-Legacy Island.spc"",""16-Digging for Amulet.spc"",""17-Cavern.spc"",""18-Creepy Crag.spc"",""19-Flea Pit.spc""]}]"	0	0	20	0	[]	0	0
pmk.rsn	pmk.rsn	pro mahjong kiwame (JP)	46	"[{""value"":""Pro Mahjong Kiwame"",""type"":""str"",""trackCount"":46,""memberPaths"":[""00-Introduction.spc"",""01-Character Statistics.spc"",""02-Game Select.spc"",""03-Game Setup.spc"",""04-Chance Game Introduction.spc"",""05-Chance Game.spc"",""06-Game Over (Chance Game).spc"",""07-Challenge Game Start.spc"",""08-Challenge Game Setup.spc"",""09-Your Password.spc"",""10-Password Entry.spc"",""11-Challenge Game Final Results.spc"",""12-Congratulations!.spc"",""13-Deciding the Disqualified.spc"",""14-Game Start.spc"",""15-Mahjong Game 1.spc"",""16-Mahjong Game 2.spc"",""17-Mahjong Game 3.spc"",""18-Mahjong Game 4.spc"",""19-Mahjong Game 5.spc"",""20-Mahjong Game 6.spc"",""21-Round Results 1.spc"",""22-Round Results 2.spc"",""23-Round Results 3.spc"",""24-Game Results.spc"",""25-Unused Song 1.spc"",""26-Unused Song 2.spc"",""27-Unused Jingle 1.spc"",""28-Unused Jingle 2.spc"",""29-Chance Game Correct.spc"",""30-Chance Game Incorrect.spc"",""31-Pause Jingle.spc"",""32-Hun-si-kont-loonght-tsumo-neets! (Male).spc"",""33-Hun-si-kont-loonght-tsumo-neets! (Female).spc"",""34-Hun! (Male).spc"",""35-Hun! (Female).spc"",""36-Si! (Male).spc"",""37-Si! (Female).spc"",""38-Kont! (Male).spc"",""39-Kont! (Female).spc"",""40-Loongth! (Male).spc"",""41-Loongth! (Female).spc"",""42-Tsumo! (Male).spc"",""43-Tsumo! (Female).spc"",""44-Neets! (Male).spc"",""45-Neets! (Female).spc""]}]"	0	0	46	0	[]	0	0
pmkgb.rsn	pmkgb.rsn	Pro Mahjong Kiwame GB (Super Gameboy)	7	"[{""value"":""Pro Mahjong Kiwame GB"",""type"":""str"",""trackCount"":7,""memberPaths"":[""00-Main Theme.spc"",""01-Menu.spc"",""02-Deciding the Disqualified.spc"",""03-Normal Game.spc"",""04-Challenge Game.spc"",""05-Challenge Disqualification.spc"",""06-Challenge Victory.spc""]}]"	0	0	7	0	[]	0	0
pms.rsn	pms.rsn	Parlor! Mini series (BGM Compilation)	40	"[{""value"":""Parlor! Mini 2"",""type"":""str"",""trackCount"":7,""memberPaths"":[""00-Nihon Telenet Jingle.spc"",""01-Title.spc"",""02-Information Terminal.spc"",""03-Practice Mode.spc"",""04-Play Result.spc"",""05-Over 1000000 G.spc"",""06-Penniless.spc""]},{""value"":""Parlor! Mini 3"",""type"":""str"",""trackCount"":5,""memberPaths"":[""07-Title.spc"",""08-Information Terminal.spc"",""09-Practice Mode.spc"",""10-Choosing a Machine.spc"",""11-Play Result.spc""]},{""value"":""Parlor! Mini 4"",""type"":""str"",""trackCount"":4,""memberPaths"":[""12-Title.spc"",""13-Information Terminal.spc"",""14-Practice Mode.spc"",""15-Choosing a Machine.spc""]},{""value"":""Parlor! Mini 5"",""type"":""str"",""trackCount"":4,""memberPaths"":[""16-Title.spc"",""17-Information Terminal.spc"",""18-Practice Mode.spc"",""19-Over 1000000 G.spc""]},{""value"":""Parlor! Mini 6"",""type"":""str"",""trackCount"":3,""memberPaths"":[""20-Title.spc"",""21-Information Terminal.spc"",""22-Practice Mode.spc""]},{""value"":""Parlor! Mini 7"",""type"":""str"",""trackCount"":4,""memberPaths"":[""23-Title.spc"",""24-Information Terminal.spc"",""25-Practice Mode.spc"",""26-Staff Roll.spc""]},{""value"":""Parlor! Mini 8"",""type"":""str"",""trackCount"":3,""memberPaths"":[""27-Title.spc"",""28-Information Terminal.spc"",""29-Practice Mode.spc""]},{""value"":""Parlor! Mini"",""type"":""str"",""trackCount"":10,""memberPaths"":[""30-Nihon Telenet Jingle.spc"",""31-Title.spc"",""32-Choosing a Story.spc"",""33-Story 1.spc"",""34-Story 2.spc"",""35-Story 3.spc"",""36-Game Starts.spc"",""37-Counting Balls.spc"",""38-Mission Complete.spc"",""39-Staff Roll.spc""]}]"	0	0	40	0	[]	0	0
pmv.rsn	pmv.rsn	Power Moves (US)	12	"[{""value"":""Power Moves"",""type"":""str"",""trackCount"":12,""memberPaths"":[""00-Intro Movie.spc"",""01-Character Select.spc"",""02-Ending.spc"",""03-Continue.spc"",""04-Baraki.spc"",""05-Gaoluon.spc"",""06-Warren.spc"",""07-Buoh.spc"",""08-Nick.spc"",""09-Reayon.spc"",""10-Ranker.spc"",""11-Vagnad.spc""]}]"	0	0	12	0	[]	0	0
pntb.rsn	pntb.rsn	Pop'n TwinBee	19	"[{""value"":""Pop 'n' Twinbee"",""type"":""str"",""trackCount"":19,""memberPaths"":[""00-Opening.spc"",""01-Demo.spc"",""02-Insert Name.spc"",""03-Village Sky.spc"",""04-Ocean.spc"",""05-Far East Sky.spc"",""06-Big Airship.spc"",""07-Wild Life.spc"",""08-Deep Lava Cave.spc"",""09-Big Boss Battle.spc"",""10-Big Boss Battle 2.spc"",""11-Level Complete.spc"",""12-Level Complete 2.spc"",""13-Mechanical World.spc"",""14-Final Boss Battle.spc"",""15-Staff Roll.spc"",""16-Keep or Give It Up.spc"",""17-Game Over.spc"",""18-High Score.spc""]}]"	0	0	19	0	[]	0	0
pnyd.rsn	pnyd.rsn	Poko-Nyan! Yume no Daibouken (Super Gameboy)	18	"[{""value"":""Poko-Nyan! Yume no Daibouken"",""type"":""str"",""trackCount"":18,""memberPaths"":[""00-Title Screen.spc"",""01-World Map.spc"",""02-Enter Level.spc"",""03-Level Theme 1.spc"",""04-Level Theme 2.spc"",""05-Level Theme 3.spc"",""06-Level Theme 4.spc"",""07-Final Level.spc"",""08-Bonus Game 1.spc"",""09-Bonus Game 2.spc"",""10-Sliding Finish.spc"",""11-Level Complete.spc"",""12-Exit Level.spc"",""13-Level Stats.spc"",""14-Player Down.spc"",""15-Ending.spc"",""16-Staff Roll.spc"",""17-Unknown Jingle.spc""]}]"	0	0	18	0	[]	0	0
poca.rsn	poca.rsn	Pocahontas (Super Gameboy)	4	"[{""value"":""Pocahontas"",""type"":""str"",""trackCount"":4,""memberPaths"":[""00-Colors of the Wind.spc"",""01-Level Theme 1.spc"",""02-Level Theme 2.spc"",""03-Unknown Song.spc""]}]"	0	0	4	0	[]	0	0
popfm.rsn	popfm.rsn	Popful Mail	31	"[{""value"":""Popful Mail"",""type"":""str"",""trackCount"":31,""memberPaths"":[""00-Logotype.spc"",""01-Welcome Popful Mail.spc"",""02-White Clouds in a Blue Sky.spc"",""03-Quick Tempered Spirit.spc"",""04-Miena Fortress.spc"",""05-Bar Basso.spc"",""06-You're Important.spc"",""07-Shop.spc"",""08-Popful Mail World.spc"",""09-Jungle.spc"",""10-Powerful Guy.spc"",""11-Tensions.spc"",""12-Boss.spc"",""13-Lose Heart.spc"",""14-Ancient Cave.spc"",""15-Stage Boss.spc"",""16-Game Over.spc"",""17-Treasure Chest.spc"",""18-Guardess Ruins.spc"",""19-Hargel Island.spc"",""20-Argazarl Castle.spc"",""21-Lucina Temple.spc"",""22-Lucina.spc"",""23-Footfalls of Destruction.spc"",""24-Destiny.spc"",""25-Geist Race.spc"",""26-Marching Down Tomorrow Road.spc"",""27-Somebody Loves You.spc"",""28-Item Obtained.spc"",""29-Boss Defeated.spc"",""30-Geist Race Defeated.spc""]}]"	31	0	0	0	"[{""value"":""Popful Mail Sound Box '94 (KICA-1148)"",""type"":""str"",""trackCount"":28,""memberPaths"":[""00-Logotype.spc"",""01-Welcome Popful Mail.spc"",""02-White Clouds in a Blue Sky.spc"",""03-Quick Tempered Spirit.spc"",""04-Miena Fortress.spc"",""05-Bar Basso.spc"",""06-You're Important.spc"",""07-Shop.spc"",""08-Popful Mail World.spc"",""09-Jungle.spc"",""10-Powerful Guy.spc"",""11-Tensions.spc"",""12-Boss.spc"",""13-Lose Heart.spc"",""14-Ancient Cave.spc"",""15-Stage Boss.spc"",""16-Game Over.spc"",""17-Treasure Chest.spc"",""18-Guardess Ruins.spc"",""19-Hargel Island.spc"",""20-Argazarl Castle.spc"",""21-Lucina Temple.spc"",""22-Lucina.spc"",""23-Footfalls of Destruction.spc"",""24-Destiny.spc"",""25-Geist Race.spc"",""26-Marching Down Tomorrow Road.spc"",""27-Somebody Loves You.spc""]}]"	0	28
pow94.rsn	pow94.rsn	Jikkyou Powerful Pro Yakyuu '94 (JP)	17	"[{""value"":""Jikkyou Powerful Pro Yakyuu '94"",""type"":""str"",""trackCount"":17,""memberPaths"":[""00-Konami Logo.spc"",""01-Title.spc"",""02-Menu Theme.spc"",""03-Hitting March (1st Player).spc"",""04-Hitting March (2nd Player, CPU).spc"",""05-Chance Theme.spc"",""06-Scoring Hit.spc"",""07-Home Run.spc"",""08-Change (Points Made).spc"",""09-Change (Without Points).spc"",""10-Change (Lucky 7).spc"",""11-Game Finished ~ Result and Score.spc"",""12-Password Display.spc"",""13-Victory.spc"",""14-Best of Japan ~ Scenario Mode Clear.spc"",""15-Bad Luck.spc"",""16-Defense Practice, Base Running Practice.spc""]}]"	0	0	17	0	[]	0	0
pp.rsn	pp.rsn	Kyouraku Sanyou Toyomaru Parlor Parlor!	10	"[{""value"":[""Kyouraku Sanyou Toyomaru Parlor"",""Kyouraku Sanyou Toyomaru Parlor Parlor!""],""type"":""list"",""trackCount"":10,""memberPaths"":[""00-Nihon Telenet Jingle.spc"",""01-Title.spc"",""02-Kouryaku Mode.spc"",""03-Free Mode.spc"",""04-Gunkan March.spc"",""05-In Pachinko Parlors.spc"",""06-Realization of Balls.spc"",""07-The Year-end.spc"",""08-Ending.spc"",""09-Wolfteam Jingle.spc""]}]"	0	0	10	0	[]	0	0
pp2.rsn	pp2.rsn	Kyouraku Sanyou Toyomaru Daiichi Maruhon Parlor Parlor! 2	12	"[{""value"":[""Kyouraku Sanyou Toyomaru Daiichi"",""Kyouraku Sanyou Toyomaru Daiichi Maruhon Parlor Parlor! 2""],""type"":""list"",""trackCount"":12,""memberPaths"":[""00-Nihon Telenet Jingle.spc"",""01-Title.spc"",""02-Kouryaku Mode.spc"",""03-Free Mode.spc"",""04-Menu.spc"",""05-Gunkan March.spc"",""06-In Pachinko Parlors.spc"",""07-Hotaru no Hikari.spc"",""08-Looking at Feet.spc"",""09-Setting the Account.spc"",""10-Ending.spc"",""11-Game End.spc""]}]"	0	0	12	0	[]	0	0
pp3.rsn	pp3.rsn	Kyouraku Sanyou Toyomaru Okumura Taiyou Parlor Parlor! 3	12	"[{""value"":[""Kyouraku Sanyou Toyomaru Okumura"",""Kyouraku Sanyou Toyomaru Okumura Taiyou Parlor Parlor! 3""],""type"":""list"",""trackCount"":12,""memberPaths"":[""00-Nihon Telenet Jingle.spc"",""01-Title.spc"",""02-Kouryaku Mode.spc"",""03-Free Mode.spc"",""04-Menu.spc"",""05-Gunkan March.spc"",""06-In Pachinko Parlors.spc"",""07-Hotaru no Hikari.spc"",""08-Looking at Feet.spc"",""09-Setting the Account.spc"",""10-Ending.spc"",""11-Game End.spc""]}]"	0	0	12	0	[]	0	0
pp4.rsn	pp4.rsn	Kyouraku Sanyou Toyomaru Okumura Daiichi Maruhon Parlor Parlor! 4 CR	14	"[{""value"":[""Kyouraku Sanyou Toyomaru Okumura"",""Kyouraku Sanyou Toyomaru Okumura Daiichi Maruhon Parlor Parlor! 4 CR""],""type"":""list"",""trackCount"":14,""memberPaths"":[""00-Nihon Telenet Jingle.spc"",""01-Title.spc"",""02-Kouryaku Mode.spc"",""03-Diary Mode.spc"",""04-Free Mode.spc"",""05-Menu.spc"",""06-Lucky Shoukai.spc"",""07-Gunkan March.spc"",""08-In Pachinko Parlors.spc"",""09-Hotaru no Hikari.spc"",""10-Agenda.spc"",""11-Counting Balls.spc"",""12-Bad End.spc"",""13-Ending.spc""]}]"	0	0	14	0	[]	0	0
pp5.rsn	pp5.rsn	Kyouraku Sanyou Maruhon Parlor Parlor! 5	12	"[{""value"":[""Kyouraku Sanyou Maruhon Parlor P"",""Kyouraku Sanyou Maruhon Parlor Parlor! 5""],""type"":""list"",""trackCount"":12,""memberPaths"":[""00-Nihon Telenet Jingle.spc"",""01-Title.spc"",""02-Kouryaku Mode.spc"",""03-Free Mode.spc"",""04-Menu.spc"",""05-Gunkan March.spc"",""06-In Pachinko Parlors.spc"",""07-Hotaru no Hikari.spc"",""08-Counting Balls.spc"",""09-Setting the Account.spc"",""10-Ending.spc"",""11-Game End.spc""]}]"	0	0	12	0	[]	0	0
pphh.rsn	pphh.rsn	Porky Pig's Haunted Holiday	88	"[{""value"":[""Porky Pig's Haunted Holiday (Acc"",""Porky Pig's Haunted Holiday (Acclaim)""],""type"":""list"",""trackCount"":31,""memberPaths"":[""57-Sunsoft Fanfare.spc"",""58-World of Nightmares!.spc"",""59-Nightmare Vacation.spc"",""60-The Haunted Forest.spc"",""61-The Spiraling Tree.spc"",""62-Spooky Sid.spc"",""63-Victory! (Version 1).spc"",""64-Gate of the Ghost Town.spc"",""65-Dry Gulch Town.spc"",""66-Six Shootin' Sheriff Sam.spc"",""67-Victory! (Version 2).spc"",""68-Dangerous Lake.spc"",""69-The Sunken Ship.spc"",""70-Ruins of Atlantis.spc"",""71-Willie Great White.spc"",""72-Enter the Mines.spc"",""73-The Abandoned Mine.spc"",""74-Dr. Jekyll and Mr. Tweety.spc"",""75-The Snowy Alps.spc"",""76-Something Strange in Wackyland.spc"",""77-Monster Max.spc"",""78-Castle Gates.spc"",""79-Creepy Courtyard.spc"",""80-Inside the Creepy Castle.spc"",""81-The Chaos Machine.spc"",""82-The Nightmare is Over.spc"",""83-That's All, Folks!.spc"",""84-Extra Life!.spc"",""85-I'm Falling!.spc"",""86-Unused Jingle 1.spc"",""87-Unused Jingle 2.spc""]},{""value"":[""Porky Pig's Haunted Holiday (Sun"",""Porky Pig's Haunted Holiday (Sunsoft)""],""type"":""list"",""trackCount"":57,""memberPaths"":[""00-Sunsoft Fanfare.spc"",""01-Looney Theme.spc"",""02-Nightmare Vacation.spc"",""03-Start of the Nightmare.spc"",""04-Christmas Nightmare.spc"",""05-The Haunted Forest.spc"",""06-The Spiraling Tree.spc"",""07-Spooky Sid.spc"",""08-Ghost Busted.spc"",""09-World of Nightmares!.spc"",""10-Gate of the Ghost Town.spc"",""11-Dry Gulch Town.spc"",""12-Six Shootin' Sheriff Sam.spc"",""13-Sheriff's Funeral Dirge.spc"",""14-Dangerous Lake.spc"",""15-The Sunken Ship.spc"",""16-Ruins of Atlantis.spc"",""17-Willie Great White.spc"",""18-Canned Tuna.spc"",""19-Outside the Mines.spc"",""20-The Abandoned Mine.spc"",""21-Dr. Jekyll and Mr. Tweety.spc"",""22-Sorry, Tweety.spc"",""23-The Snowy Alps.spc"",""24-Something Strange in Wackyland.spc"",""25-Monster Max.spc"",""26-Snowman Melted.spc"",""27-Castle Gates.spc"",""28-Creepy Courtyard.spc"",""29-Inside the Creepy Castle.spc"",""30-The Chaos Machine.spc"",""31-Short Circuit.spc"",""32-The Nightmare is Over.spc"",""33-Eyes in the Darkness.spc"",""34-That's The End.spc"",""35-That's All, Folks!.spc"",""36-I'm Falling!.spc"",""37-The Haunted Forest (No Intro).spc"",""38-Eerie Fanfare.spc"",""39-Super Robot Battle.spc"",""40-Machine Crash.spc"",""41-Whistle of Danger.spc"",""42-Strange Theme 1.spc"",""43-Strange Theme 2.spc"",""44-Strange Theme 3.spc"",""45-Crazy Dancing.spc"",""46-Ghost Rumbling.spc"",""47-Fearful Situation.spc"",""48-Haunted Pipe Organ.spc"",""49-Haunting in Japan 1.spc"",""50-Haunting in Japan 2.spc"",""51-Haunting in Japan 3.spc"",""52-The Merry-Go-Round Broke Down.spc"",""53-Footsteps.spc"",""54-Mysterious Fanfare.spc"",""55-Ghost's Whisper.spc"",""56-Sound of Terror!.spc""]}]"	0	0	88	0	[]	0	0
prfe.rsn	prfe.rsn	Power Rangers - The Fighting Edition	11	"[{""value"":[""Power Rangers: The Fighting Edit"",""Power Rangers: The Fighting Edition""],""type"":""list"",""trackCount"":11,""memberPaths"":[""00-Title.spc"",""01-Player Select.spc"",""02-Versus Screen.spc"",""03-Data Zone.spc"",""04-Grand Canyon.spc"",""05-City Square.spc"",""06-Airport.spc"",""07-Dragon Space Platform.spc"",""08-Ivan Ooze.spc"",""09-Victory.spc"",""10-Game Over.spc""]}]"	0	0	11	0	[]	0	0
prmv.rsn	prmv.rsn	Mighty Morphin' Power Rangers - The Movie	18	"[{""value"":[""Mighty Morphin' Power Rangers: T"",""Mighty Morphin' Power Rangers: The Movie""],""type"":""list"",""trackCount"":18,""memberPaths"":[""00-Title.spc"",""01-Player Select.spc"",""02-Shopping Center.spc"",""03-Aircraft Carrier.spc"",""04-Frozen Mountains.spc"",""05-Cargo Train.spc"",""06-Energy Generator Lab.spc"",""07-Main Frame Centre.spc"",""08-Boss Introduction.spc"",""09-Boss Battle.spc"",""10-Stage Clear.spc"",""11-Ivan Ooze.spc"",""12-Victory.spc"",""13-Escaping.spc"",""14-Ending 1.spc"",""15-Ending 2.spc"",""16-Staff Roll.spc"",""17-Game Over.spc""]}]"	0	0	18	0	[]	0	0
proq.rsn	proq.rsn	Pro Quarterback (US)	4	"[{""value"":""Pro Quarterback"",""type"":""str"",""trackCount"":4,""memberPaths"":[""00-Title Screen.spc"",""01-Touchdown!.spc"",""02-Current Score.spc"",""03-Unused Song.spc""]}]"	0	0	4	0	[]	0	0
prt.rsn	prt.rsn	Pachinko Renchan Tengoku - Super CR Special	31	"[{""value"":[""Pachinko Renchan Tengoku: Super"",""Pachinko Renchan Tengoku: Super CR Special""],""type"":""list"",""trackCount"":31,""memberPaths"":[""00-Title.spc"",""01-Story Mode Introduction.spc"",""02-Pachinko Stand Select.spc"",""03-Pachinko Stand Playing.spc"",""04-Staff Credit.spc"",""05-Yukinojou - Chacker In.spc"",""06-Yukinojou - Reel Start.spc"",""07-Yukinojou - Reel Stop.spc"",""08-Yukinojou - Reach.spc"",""09-Yukinojou - Hit.spc"",""10-Yukinojou - Hit Round.spc"",""11-Yukinojou - Hit Round Change.spc"",""12-Super Begle - Reel Start.spc"",""13-Super Begle - Coming Off.spc"",""14-Super Begle - Reach.spc"",""15-Super Begle - Hit.spc"",""16-Super Begle - V Zone Open.spc"",""17-Big Slottoru - Reel Start.spc"",""18-Big Slottoru - Reel Stop.spc"",""19-Big Slottoru - Reach.spc"",""20-Big Slottoru - Hit.spc"",""21-Big Slottoru - Hit Round.spc"",""22-VS Mode Start Jingle.spc"",""23-VS Mode Start.spc"",""24-VS Mode - Attack 1.spc"",""25-VS Mode - Attack 2.spc"",""26-VS Mode - Attack 3.spc"",""27-VS Mode - Attack 4.spc"",""28-VS Mode - Attack 5.spc"",""29-VS Mode - Attack 6.spc"",""30-VS Mode - Knock Out.spc""]}]"	0	0	31	0	[]	0	0
prz.rsn	prz.rsn	Power Rangers Zeo - Battle Racers	19	"[{""value"":[""Power Rangers Zeo - Battle Racer"",""Power Rangers Zeo - Battle Racers""],""type"":""list"",""trackCount"":19,""memberPaths"":[""00-Title.spc"",""01-Select.spc"",""02-Vs.spc"",""03-Start.spc"",""04-City Circuit.spc"",""05-South Island.spc"",""06-Ranger's Base.spc"",""07-Grand Canyon.spc"",""08-Enemies Town.spc"",""09-Ice Sheet.spc"",""10-Point Race (Vs Mode).spc"",""11-Blaster Master (Vs Mode).spc"",""12-Bumper Chase (Vs Mode).spc"",""13-New Course Record.spc"",""14-Results.spc"",""15-Continue.spc"",""16-Goal.spc"",""17-All Clear.spc"",""18-Staff Roll.spc""]}]"	0	0	19	0	[]	0	0
psh.rsn	psh.rsn	Pro Sport Hockey (US)	13	"[{""value"":""Pro Sport Hockey"",""type"":""str"",""trackCount"":8,""memberPaths"":[""00-Title Screen.spc"",""01-Main Menu.spc"",""02-Face Off.spc"",""03-Penalty.spc"",""04-Goal!.spc"",""05-Victory!.spc"",""06-Congratulations!.spc"",""07-Game Over.spc""]},{""value"":""USA Ice Hockey"",""type"":""str"",""trackCount"":5,""memberPaths"":[""08-Let's Play Hockey! ~ 1st Period.spc"",""09-Let's Play Hockey ~ 2nd Period.spc"",""10-Let's Play Hockey! ~ 3rd Period.spc"",""11-Fight!.spc"",""12-Shootout.spc""]}]"	0	0	13	0	[]	0	0
ptss.rsn	ptss.rsn	Pachinko Tetsujin - Shichiban Shoubu	19	"[{""value"":[""Pachinko Tetsujin: Shichiban Sho"",""Pachinko Tetsujin: Shichiban Shoubu""],""type"":""list"",""trackCount"":19,""memberPaths"":[""00-Introduction.spc"",""01-Title Screen.spc"",""02-Mode Select.spc"",""03-Practice.spc"",""04-Opening.spc"",""05-Menu.spc"",""06-Pachinko Stand Select.spc"",""07-Pachinko Stand Playing.spc"",""08-Hyakka Ryouran Rhythm 1.spc"",""09-Hyakka Ryouran Rhythm 2.spc"",""10-Hyakka Ryouran Rhythm 3.spc"",""11-Hyakka Ryouran Rhythm 4.spc"",""12-Last Mission.spc"",""13-Mission Failure.spc"",""14-Mission Completed.spc"",""15-Ending.spc"",""16-Staff Roll.spc"",""17-DK Daikoku Denki Logo (part 1).spc"",""18-DK Daikoku Denki Logo (part 2).spc""]}]"	0	0	19	0	[]	0	0
pubo.rsn	pubo.rsn	Puzzle Bobble (Bust-A-Move)	12	"[{""value"":""Puzzle Bobble"",""type"":""str"",""trackCount"":12,""memberPaths"":[""00-Bub and Bob.spc"",""01-Bubble Bustin'.spc"",""02-Versus Challenge.spc"",""03-Pro Player.spc"",""04-Whistle Willy.spc"",""05-Dream Chimes.spc"",""06-Staff Roll.spc"",""07-Champion.spc"",""08-Hooray!.spc"",""09-Fanfare.spc"",""10-Uh Oh!.spc"",""11-Waaah!.spc""]}]"	0	0	12	0	[]	0	0
qb3.rsn	qb3.rsn	Q-bert 3	18	"[{""value"":""Q*bert 3"",""type"":""str"",""trackCount"":18,""memberPaths"":[""00-Title.spc"",""01-Level Introduction 1.spc"",""02-Level Introduction 2.spc"",""03-Level Introduction 3.spc"",""04-Level Introduction 4.spc"",""05-Level Music 1.spc"",""06-Level Music 2.spc"",""07-Level Music 3.spc"",""08-Level Music 4.spc"",""09-Level Music 5.spc"",""10-Level Music 6.spc"",""11-Level Music 7.spc"",""12-Pause Timer.spc"",""13-Pause Timer End.spc"",""14-Extra Life.spc"",""15-Level Complete.spc"",""16-High Score.spc"",""17-Game Over.spc""]}]"	0	0	18	0	[]	0	0
r2.rsn	r2.rsn	Rendering Ranger	19	"[{""value"":""Rendering Ranger R2"",""type"":""str"",""trackCount"":19,""memberPaths"":[""00-Virgin Logo.spc"",""01-Rainbow Arts Logo.spc"",""02-Main Menu.spc"",""03-Stage Introduction.spc"",""04-Stage 1.spc"",""05-Stages 1, 5, 6, 9 Boss.spc"",""06-Stage 2.spc"",""07-Stage 3.spc"",""08-Stages 3, 4, 8 Boss.spc"",""09-Stage 4.spc"",""10-Stage 5.spc"",""11-Stage 6.spc"",""12-Stage 7.spc"",""13-Stage 7 Boss.spc"",""14-Stage 8.spc"",""15-Stage 9.spc"",""16-Ending.spc"",""17-Credits.spc"",""18-High Score.spc""]}]"	0	0	19	0	[]	0	0
ramp.rsn	ramp.rsn	Rampart (US)	17	"[{""value"":""Rampart"",""type"":""str"",""trackCount"":17,""memberPaths"":[""00-Main Theme.spc"",""01-Choose Your Stronghold.spc"",""02-Regroup and Prepare.spc"",""03-Readying the Big Guns.spc"",""04-Victory March.spc"",""05-The Carronades are Silenced.spc"",""06-High-Ranking Officers.spc"",""07-Funeral Dirge.spc"",""08-Decide Your Fate.spc"",""09-Walk the Plank.spc"",""10-Fanfare 1.spc"",""11-Fanfare 2.spc"",""12-Fanfare 3.spc"",""13-Conqueror!.spc"",""14-Ready... Aim... Fire!.spc"",""15-Cease Fire!.spc"",""16-Final Battle!.spc""]}]"	0	0	17	0	[]	0	0
rarm.rsn	rarm.rsn	Ruin Arm (JP)	34	"[{""value"":""Ruin Arm"",""type"":""str"",""trackCount"":34,""memberPaths"":[""00-Opening.spc"",""01-Title.spc"",""02-Status.spc"",""03-Prologue.spc"",""04-Arf Village.spc"",""05-Overworld.spc"",""06-Shop.spc"",""07-Dungeon.spc"",""08-Uneasily and Sadly.spc"",""09-Crisis.spc"",""10-Rondium Town.spc"",""11-Rondium Castle.spc"",""12-Old Relics.spc"",""13-Raidoroid Empire.spc"",""14-Battle with Four Right-Hands.spc"",""15-Underwater City Worth.spc"",""16-Bottom of the Sea.spc"",""17-Fortress.spc"",""18-Game Over.spc"",""19-Town of Tifnu.spc"",""20-Resistance.spc"",""21-The Time of the Revolt Came!.spc"",""22-Baldoa Castle.spc"",""23-Battle with Emperor.spc"",""24-Emperor's True Form.spc"",""25-Collapse.spc"",""26-Ending.spc"",""27-Fin.spc"",""28-Join.spc"",""29-Inn.spc"",""30-Get Item.spc"",""31-Liberating of Power.spc"",""32-Boss Defeated.spc"",""33-Jewel.spc""]}]"	0	0	34	0	[]	0	0
rbi.rsn	rbi.rsn	super r b i baseball (US)	37	"[{""value"":""Super RBI Baseball"",""type"":""str"",""trackCount"":37,""memberPaths"":[""00-Main Theme.spc"",""01-Title Screen.spc"",""02-American National Anthem.spc"",""03-Canadian National Anthem.spc"",""04-Take Me Out to the Ball Game.spc"",""05-William Tell Overture.spc"",""06-Charge!.spc"",""07-Mexican Dance.spc"",""08-Italian Dance.spc"",""09-Classic Baseball Organ.spc"",""10-The Blue Danube.spc"",""11-Unknown Song.spc"",""12-Crowd Murmur.spc"",""13-Baseball Bat Hits Ball.spc"",""14-A Home Run!.spc"",""15-Play Ball!.spc"",""16-Time!.spc"",""17-Stee-rike!.spc"",""18-Strike.spc"",""19-Ball!.spc"",""20-Take Your Base.spc"",""21-You're Out!.spc"",""22-Out!.spc"",""23-Safe!.spc"",""24-Foul Ball!.spc"",""25-Fly Ball.spc"",""26-Catcher.spc"",""27-Pitcher.spc"",""28-First.spc"",""29-Second.spc"",""30-Third.spc"",""31-Shortstop.spc"",""32-Left Field.spc"",""33-Center Field.spc"",""34-Right Field.spc"",""35-Ugh!.spc"",""36-Crowd Cheer.spc""]}]"	0	0	37	0	[]	0	0
rbs.rsn	rbs.rsn	Rushing Beat	39	"[{""value"":""Peace Keepers"",""type"":""str"",""trackCount"":13,""memberPaths"":[""26-Machinery.spc"",""27-Sprinkler System.spc"",""28-Murky Dungeon.spc"",""29-Waterfalls.spc"",""30-Bio Research Laboratory.spc"",""31-Airport Activity.spc"",""32-Vehicle Rumbling.spc"",""33-City Streets.spc"",""34-Murmur of the Crowd.spc"",""35-Pirate Ship.spc"",""36-Distant Sandstorm.spc"",""37-Sounds of Nature.spc"",""38-Ocean Waves.spc""]},{""value"":""Rushing Beat Syura"",""type"":""str"",""trackCount"":26,""memberPaths"":[""00-Jaleco Logo.spc"",""01-Kulmbach's Theme.spc"",""02-Character Select.spc"",""03-The Beginning.spc"",""04-Boss Battle.spc"",""05-Mutant's Dungeon.spc"",""06-Abandoned Hospital.spc"",""07-Waterfall Pass.spc"",""08-Underground.spc"",""09-One-Way Trip to Hell.spc"",""10-Imminent Danger!.spc"",""11-Deadly Desert Island.spc"",""12-Sakura Garden.spc"",""13-Dangerous Back Alley.spc"",""14-Yamaoka's Dojo.spc"",""15-DM Headquarters.spc"",""16-Long Staircase.spc"",""17-High Tech Laboratory.spc"",""18-Sadness.spc"",""19-Decisive Battle with Valk.spc"",""20-Ending Story (part 1).spc"",""21-Ending Story (part 2).spc"",""22-Ending Story (part 3).spc"",""23-Ending Story (part 4).spc"",""24-Staff Roll.spc"",""25-Selection Chime.spc""]}]"	0	0	39	0	[]	0	0
rcmb.rsn	rcmb.rsn	Roger Clemens' MVP Baseball (US)	11	"[{""value"":""Roger Clemens' MVP Baseball"",""type"":""str"",""trackCount"":11,""memberPaths"":[""00-Title Screen.spc"",""01-Main Menu.spc"",""02-Playing a Game.spc"",""03-Home Run!.spc"",""04-3 Outs!.spc"",""05-Results From Today's Game.spc"",""06-World Champions!.spc"",""07-Unknown Song.spc"",""08-Unknown Jingle.spc"",""09-Baseball Fanfare.spc"",""10-Strike!.spc""]}]"	0	0	11	0	[]	0	0
rdn.rsn	rdn.rsn	Raiden Densetsu	10	"[{""value"":""Raiden Densetsu"",""type"":""str"",""trackCount"":10,""memberPaths"":[""00-Opening.spc"",""01-Gallantry.spc"",""02-Go To Blazes!.spc"",""03-Intermission.spc"",""04-Lightning War.spc"",""05-Rough and Tumble.spc"",""06-Fighting Thunder.spc"",""07-Name Regist.spc"",""08-Continue.spc"",""09-Ending.spc""]}]"	10	0	0	0	"[{""value"":""Raiden Densetsu (PCCB-00047)"",""type"":""str"",""trackCount"":8,""memberPaths"":[""01-Gallantry.spc"",""02-Go To Blazes!.spc"",""03-Intermission.spc"",""04-Lightning War.spc"",""05-Rough and Tumble.spc"",""06-Fighting Thunder.spc"",""07-Name Regist.spc"",""08-Continue.spc""]}]"	0	8
rf.rsn	rf.rsn	rockman forte (JP)	30	"[{""value"":""Megaman and Bass"",""type"":""str"",""trackCount"":30,""memberPaths"":[""00-Capcom Logo.spc"",""01-Title.spc"",""02-File Select.spc"",""03-Character Select.spc"",""04-Museum.spc"",""05-Stage Select.spc"",""06-Auto's Shop.spc"",""07-Database.spc"",""08-Stage Selected.spc"",""09-Coldman.spc"",""10-Burnerman.spc"",""11-Pirateman.spc"",""12-Groundman.spc"",""13-Tenguman.spc"",""14-Magicman.spc"",""15-Astroman.spc"",""16-Dynamoman.spc"",""17-Boss Battle.spc"",""18-Victory.spc"",""19-Morphing Bass.spc"",""20-New Weapon Presentation.spc"",""21-Seals.spc"",""22-King Castle Intro.spc"",""23-King Castle.spc"",""24-Protoman's Whistle.spc"",""25-Wily Castle.spc"",""26-Major Boss Battle.spc"",""27-Staff Roll.spc"",""28-Game Over.spc"",""29-Test Track.spc""]}]"	0	0	30	0	[]	0	0
rjc.rsn	rjc.rsn	Rejoice - Aretha Oukoku no Kanata	60	"[{""value"":""Rejoice"",""type"":""str"",""trackCount"":60,""memberPaths"":[""00-Rejoice Theme.spc"",""01-Down with Doll.spc"",""02-Mushroom Theme.spc"",""03-B-Style.spc"",""04-Double Trouble.spc"",""05-Blue Story.spc"",""06-Voyage's a Bitch.spc"",""07-Song Forest.spc"",""08-Snowy Town.spc"",""09-Keep My Crown.spc"",""10-Max in Hell.spc"",""11-Mozz is Dead!.spc"",""12-Xscape Zone.spc"",""13-Ready for Battle.spc"",""14-Dance for Me.spc"",""15-Get Right.spc"",""16-Honey Ant.spc"",""17-Bubble Gum Dragon.spc"",""18-Revenge of Howard.spc"",""19-Don't Stop the Jam!.spc"",""20-Save Our Love.spc"",""21-The Theif's Theme.spc"",""22-Singing of Insects.spc"",""23-Noise of the Cave.spc"",""24-Earthquake.spc"",""25-Wavelet.spc"",""26-Epilogue.spc"",""27-Jam's Overture.spc"",""28-Stay.spc"",""29-Never Gonna Give Up.spc"",""30-Bullshit.spc"",""31-Beat Street.spc"",""32-Shop Theme.spc"",""33-With You.spc"",""34-One Reason.spc"",""35-Seaside Beach.spc"",""36-Feel Sad.spc"",""37-Always.spc"",""38-You Gotta Go.spc"",""39-So Good.spc"",""40-Elf Theme.spc"",""41-Get Item.spc"",""42-Treasure Box.spc"",""43-Winner.spc"",""44-Game Over.spc"",""45-Slowcoach.spc"",""46-Pirate Ship.spc"",""47-Phantom Ship.spc"",""48-Forever.spc"",""49-King of the Street.spc"",""50-Pig Up!!.spc"",""51-Go to the Wall.spc"",""52-Unpleasant Fellow.spc"",""53-Same Gang.spc"",""54-Big Wave.spc"",""55-Critical Situation.spc"",""56-Title.spc"",""57-Panic Zone.spc"",""58-Fight Back.spc"",""59-Radimax.spc""]}]"	0	0	60	0	[]	0	0
rmath.rsn	rmath.rsn	Ranma 1-2 - Akaneko-dan Teki Hihou	29	"[{""value"":[""Ranma 1/2: Akaneko-dan Teki Hiho"",""Ranma 1/2: Akaneko-dan Teki Hihou""],""type"":""list"",""trackCount"":29,""memberPaths"":[""00-Title Screen.spc"",""01-Town.spc"",""02-Cat Ghost King.spc"",""03-Ranma's Home.spc"",""04-Battle.spc"",""05-The Red Cat Gang.spc"",""06-Tokyo.spc"",""07-Trouble!.spc"",""08-Boss Battle.spc"",""09-Battle Victory!.spc"",""10-Dungeon 1.spc"",""11-New Party Member.spc"",""12-School.spc"",""13-World Map.spc"",""14-Good Night!.spc"",""15-Troubled Town.spc"",""16-Dungeon 2.spc"",""17-Fanfare.spc"",""18-Ship.spc"",""19-Escape.spc"",""20-Game Over.spc"",""21-Cave to Red Cat Gang Castle.spc"",""22-Red Cat Gang Castle.spc"",""23-Cave of Cat Ghost King.spc"",""24-Cat Ghost King Temple.spc"",""25-Final Battle.spc"",""26-Ending.spc"",""27-Staff Roll.spc"",""28-Unknown Song.spc""]}]"	0	0	29	0	[]	0	0
rmbr.rsn	rmbr.rsn	Ranma 1-2 - Bakuretsu Rantouhen	28	"[{""value"":""Ranma 1/2: Bakuretsu Rantouhen"",""type"":""str"",""trackCount"":28,""memberPaths"":[""00-Primed For A Fight.spc"",""01-The Principal's Pawns.spc"",""02-Ranma's Boardwalk.spc"",""03-Gosunkuji's Shrine.spc"",""04-Ukyo's Okonomiyaki.spc"",""05-Mousse's Arena.spc"",""06-Genma's Bamboo Field.spc"",""07-Shampoo's Traintop.spc"",""08-Ryoga's Rooftop.spc"",""09-King's Casino.spc"",""10-Akane's Alleyway.spc"",""11-Pantyhose's Plateau.spc"",""12-Parting Words.spc"",""13-Ready For Anything.spc"",""14-The Prophecy.spc"",""15-Why Me.spc"",""16-As You Like It.spc"",""17-A Lot To Learn.spc"",""18-A Hopeless Case.spc"",""19-Hawaiian Hoodwink.spc"",""20-And That's The End.spc"",""21-Go!.spc"",""22-Yeah!.spc"",""23-Argh!.spc"",""24-Long Good-Byes.spc"",""25-Let's Go!.spc"",""26-Woohoo!.spc"",""27-Aww.spc""]}]"	0	0	28	0	[]	0	0
rmcg.rsn	rmcg.rsn	ranma 1 2 chounai gekitou hen (JP)	21	"[{""value"":""Ranma 1/2 - Chonai Gekitou Hen"",""type"":""str"",""trackCount"":21,""memberPaths"":[""00-Masiya Logo.spc"",""01-Opening 1.spc"",""02-Opening 2.spc"",""03-Opening 3.spc"",""04-Opening 4.spc"",""05-Title.spc"",""06-Character Select.spc"",""07-VS Genma Saotome.spc"",""08-VS Kodachi Kuno.spc"",""09-Win.spc"",""10-Bonus Stage 1.spc"",""11-VS Tatewaki Kuno.spc"",""12-VS Principal Kuno.spc"",""13-Bonus Stage 2.spc"",""14-VS Shampoo.spc"",""15-VS Ryouga Hibiki.spc"",""16-Staff Roll.spc"",""17-Vs Mode BGM.spc"",""18-Lose.spc"",""19-Game Over.spc"",""20-Unknown BGM.spc""]}]"	0	0	21	0	[]	0	0
rml.rsn	rml.rsn	Rocko's Modern Life - Spunky's Dangerous Day (US)	6	"[{""value"":""Rocko's Modern Life"",""type"":""str"",""trackCount"":6,""memberPaths"":[""00-Main Theme.spc"",""01-Cinematic Cut Scene.spc"",""02-Sand in Your Navel.spc"",""03-Trash-o-Madness.spc"",""04-Ice Scream.spc"",""05-Unbalanced Load.spc""]}]"	0	0	6	0	[]	0	0
rmoj.rsn	rmoj.rsn	ranma 1 2 ougi jaanken (JP)	26	"[{""value"":""Ranma 1/2: Ougi Jaanken"",""type"":""str"",""trackCount"":26,""memberPaths"":[""00-Title Music.spc"",""01-Kaito Ranma.spc"",""02-Akane Jyunjo.spc"",""03-Ryoga Meiso.spc"",""04-Genma Taisen.spc"",""05-Shampoo Sokai.spc"",""06-Mousse Kaiteki.spc"",""07-Casino King.spc"",""08-Jyusenkyo de Aimasyo.spc"",""09-Mode Select.spc"",""10-Prologue.spc"",""11-Opening.spc"",""12-Character Select.spc"",""13-Kokomade Kitaka!.spc"",""14-Kokomade Kitanoni!.spc"",""15-VS Mode Select.spc"",""16-Staff Roll.spc"",""17-Syosya no Jingle.spc"",""18-Haisya no Jingle.spc"",""19-Count Down.spc"",""20-Game Over.spc"",""21-Rannyu no Jingle.spc"",""22-Hajime!.spc"",""23-Katta Maketa 1.spc"",""24-Katta Maketa 2.spc"",""25-Yaruka!.spc""]}]"	0	0	26	0	[]	0	0
rnh.rsn	rnh.rsn	Rudra no Hihou (JP)	66	"[{""value"":""Rudra no Hihou"",""type"":""str"",""trackCount"":66,""memberPaths"":[""00-The Quest for Rudra's Mines.spc"",""01-Beginning for the End.spc"",""02-The Mysterious Stone.spc"",""03-Rudra.spc"",""04-Sword of the Valiant.spc"",""05-Sword of the Valiant (night).spc"",""06-Between Two Worlds.spc"",""07-Between Two Worlds (night).spc"",""08-Crime of the Heart.spc"",""09-Crime of the Heart (night).spc"",""10-Take the Gold and Run!.spc"",""11-Take the Gold and Run! (night).spc"",""12-Amazing Express.spc"",""13-Ride on the Breeze.spc"",""14-Under World.spc"",""15-Earth Bound.spc"",""16-Voyage to the Bottom of the Sea.spc"",""17-The Ultimate Warrior.spc"",""18-Holiday in the Village.spc"",""19-Night Shift.spc"",""20-Parade.spc"",""21-Waiting for the Moon.spc"",""22-Whistle Down the Wind.spc"",""23-Place in the Sun.spc"",""24-Underwater City.spc"",""25-Dance with the Zombie.spc"",""26-The Nightbreed.spc"",""27-Downfall.spc"",""28-Battle for the Fields.spc"",""29-Evil Eyes.spc"",""30-Strange Encounter.spc"",""31-The Spirit Chaser.spc"",""32-The Flame and the Arrow.spc"",""33-Blazing Impact.spc"",""34-Winners Take All.spc"",""35-Mystics in Babel.spc"",""36-The Tower of God.spc"",""37-Clockwork Steeple.spc"",""38-Shadows of Illusion.spc"",""39-Prophecy.spc"",""40-Sanctuary.spc"",""41-Storm over the Place.spc"",""42-Bio Hazard.spc"",""43-Night Gallery.spc"",""44-Evil in the Deep.spc"",""45-King of the Mountain.spc"",""46-The Inhuman Condition.spc"",""47-The Aquarians.spc"",""48-The Invisible Dead.spc"",""49-Edge of Darkness.spc"",""50-Ko-So-Do-Ro.spc"",""51-Run for it!.spc"",""52-Creatures from the Silent Sea.spc"",""53-Purgation.spc"",""54-Land of Doom.spc"",""55-Battle of the Last Enemy ~ In the Mirror.spc"",""56-Battle of the Last Enemy ~ Damned.spc"",""57-Battle of the Last Enemy ~ Evolution.spc"",""58-Battle of the Last Enemy ~ Final Conflict.spc"",""59-Change of Mind.spc"",""60-Beyond the Rising Moon (part 1).spc"",""61-Beyond the Rising Moon (part 2).spc"",""62-Echoes.spc"",""63-Echoes (short variation).spc"",""64-The Eclipse.spc"",""65-Sunlight.spc""]}]"	0	0	66	0	"[{""value"":""Rudra No Hihou Original Sound Version (PSCN-5050)"",""type"":""str"",""trackCount"":64,""memberPaths"":[""00-The Quest for Rudra's Mines.spc"",""01-Beginning for the End.spc"",""02-The Mysterious Stone.spc"",""03-Rudra.spc"",""04-Sword of the Valiant.spc"",""05-Sword of the Valiant (night).spc"",""06-Between Two Worlds.spc"",""07-Between Two Worlds (night).spc"",""08-Crime of the Heart.spc"",""09-Crime of the Heart (night).spc"",""10-Take the Gold and Run!.spc"",""11-Take the Gold and Run! (night).spc"",""12-Amazing Express.spc"",""13-Ride on the Breeze.spc"",""14-Under World.spc"",""15-Earth Bound.spc"",""16-Voyage to the Bottom of the Sea.spc"",""17-The Ultimate Warrior.spc"",""18-Holiday in the Village.spc"",""19-Night Shift.spc"",""20-Parade.spc"",""21-Waiting for the Moon.spc"",""22-Whistle Down the Wind.spc"",""23-Place in the Sun.spc"",""24-Underwater City.spc"",""25-Dance with the Zombie.spc"",""26-The Nightbreed.spc"",""27-Downfall.spc"",""28-Battle for the Fields.spc"",""29-Evil Eyes.spc"",""30-Strange Encounter.spc"",""31-The Spirit Chaser.spc"",""32-The Flame and the Arrow.spc"",""33-Blazing Impact.spc"",""34-Winners Take All.spc"",""35-Mystics in Babel.spc"",""36-The Tower of God.spc"",""37-Clockwork Steeple.spc"",""38-Shadows of Illusion.spc"",""39-Prophecy.spc"",""40-Sanctuary.spc"",""41-Storm over the Place.spc"",""42-Bio Hazard.spc"",""43-Night Gallery.spc"",""44-Evil in the Deep.spc"",""45-King of the Mountain.spc"",""46-The Inhuman Condition.spc"",""47-The Aquarians.spc"",""48-The Invisible Dead.spc"",""49-Edge of Darkness.spc"",""50-Ko-So-Do-Ro.spc"",""51-Run for it!.spc"",""52-Creatures from the Silent Sea.spc"",""53-Purgation.spc"",""54-Land of Doom.spc"",""55-Battle of the Last Enemy ~ In the Mirror.spc"",""56-Battle of the Last Enemy ~ Damned.spc"",""57-Battle of the Last Enemy ~ Evolution.spc"",""58-Battle of the Last Enemy ~ Final Conflict.spc"",""59-Change of Mind.spc"",""60-Beyond the Rising Moon (part 1).spc"",""61-Beyond the Rising Moon (part 2).spc"",""62-Echoes.spc"",""63-Echoes (short variation).spc""]}]"	0	64
rnk2.rsn	rnk2.rsn	Ryuuko no Ken 2 (JP)	35	"[{""value"":""Ryuuko no Ken 2"",""type"":""str"",""trackCount"":35,""memberPaths"":[""00-Crime and Punishment.spc"",""01-Main Theme.spc"",""02-The Farm.spc"",""03-Victory.spc"",""04-Fitness Club.spc"",""05-Mac's Cafe.spc"",""06-China Town.spc"",""07-Boxing Gym (part 1).spc"",""08-Boxing Gym (part 2).spc"",""09-Airport.spc"",""10-South Town Park.spc"",""11-Crawley's Air Field.spc"",""12-Karate Gym.spc"",""13-Port Town Docks.spc"",""14-The Garcia House (part 1).spc"",""15-The Garcia House (part 2).spc"",""16-Garage.spc"",""17-Special Stage (part 1).spc"",""18-Special Stage (part 2).spc"",""19-His Wickedness (part 1).spc"",""20-His Wickedness (part 2).spc"",""21-Credits.spc"",""22-All is Bright.spc"",""23-There's a Chance.spc"",""24-Game Over.spc"",""25-Entrance.spc"",""26-Increase.spc"",""27-Your Spirit.spc"",""28-A Tree.spc"",""29-Your Strenght.spc"",""30-Fight for Experience.spc"",""31-Your Ability.spc"",""32-Twilight.spc"",""33-Earned Bonus.spc"",""34-No Bonus Earned.spc""]}]"	0	0	35	0	[]	0	0
rnsb.rsn	rnsb.rsn	Ren & Stimpy - Buckeroo$	21	"[{""value"":""Ren & Stimpy: Buckeroo$"",""type"":""str"",""trackCount"":21,""memberPaths"":[""00-Ren & Stimpy Theme.spc"",""01-Ren & Stimpy End Theme.spc"",""02-Happy Happy Joy Joy!.spc"",""03-Muddy Mudskipper Theme.spc"",""04-Invincibility.spc"",""05-Flying Chicken.spc"",""06-Ren with Bubble Gum.spc"",""07-Unused Jingle 1.spc"",""08-Unused Jingle 2.spc"",""09-Unused Jingle 3.spc"",""10-Unused Jingle 4.spc"",""11-Unused Jingle 5.spc"",""12-Unused Jingle 6.spc"",""13-Unused Jingle 7.spc"",""14-Unused Jingle 8.spc"",""15-Unused Jingle 9.spc"",""16-Unused Jingle 10.spc"",""17-Unused Jingle 11.spc"",""18-Unused Jingle 12.spc"",""19-Unused Jingle 13.spc"",""20-Unused Jingle 14.spc""]}]"	0	0	21	0	[]	0	0
rpmr.rsn	rpmr.rsn	r p m racing (JP)	5	"[{""value"":""RPM Racing"",""type"":""str"",""trackCount"":5,""memberPaths"":[""00-Main Theme.spc"",""01-Race Music 1.spc"",""02-Race Music 2.spc"",""03-Race Music 3.spc"",""04-Staff Roll.spc""]}]"	0	0	5	0	[]	0	0
rres.rsn	rres.rsn	Rex Ronan - Experimental Surgeon (US)	5	"[{""value"":""Rex Ronan"",""type"":""str"",""trackCount"":5,""memberPaths"":[""00-Main Theme.spc"",""01-Mouth.spc"",""02-Flying in Your Microscopic Ship.spc"",""03-First Lung Area.spc"",""04-Brain.spc""]}]"	0	0	5	0	[]	0	0
rrr.rsn	rrr.rsn	Rock N' Roll Racing	5	"[{""value"":""Rock 'n' Roll Racing"",""type"":""str"",""trackCount"":5,""memberPaths"":[""00-Bad to the Bone.spc"",""01-Paranoid.spc"",""02-Highway Star.spc"",""03-Peter Gunn.spc"",""04-Born to Be Wild.spc""]}]"	0	0	5	0	[]	0	0
rs.rsn	rs.rsn	Romancing SaGa	42	"[{""value"":""Romancing SaGa"",""type"":""str"",""trackCount"":42,""memberPaths"":[""00-Overture (part 1).spc"",""01-Overture (part 2).spc"",""02-Theme of Albert.spc"",""03-Theme of Sif.spc"",""04-Theme of Claudia.spc"",""05-Theme of Gray.spc"",""06-Theme of Jamil.spc"",""07-Theme of Aisha.spc"",""08-Theme of Barbara.spc"",""09-Theme of Captain Hawk.spc"",""10-Step Into the Unknown.spc"",""11-The Conflict.spc"",""12-Victory!.spc"",""13-Glory of the Knight.spc"",""14-The Salute.spc"",""15-Sailing the Ocean.spc"",""16-Palace of the Dream.spc"",""17-Crystal City.spc"",""18-Lost in the Forest.spc"",""19-The Conspiracy.spc"",""20-Hurry Out!.spc"",""21-Shop Around the Town!.spc"",""22-Horrible Shadow.spc"",""23-Dim Gleam of Emerald.spc"",""24-The Four Wills.spc"",""25-Beat Them Up!.spc"",""26-A Requiem.spc"",""27-Deserted Village.spc"",""28-Theme of Solitude.spc"",""29-Destined Fate.spc"",""30-Heartful Tears.spc"",""31-The Forbidden Realm.spc"",""32-Beat of the Evil.spc"",""33-Coup de Grace.spc"",""34-Ending Theme (part 1).spc"",""35-Ending Theme (part 2).spc"",""36-Ending Theme (part 3).spc"",""37-Barbara's Tango.spc"",""38-Bard's Tale.spc"",""39-Night of the Shooting Star.spc"",""40-Walking Down the Street.spc"",""41-Good Night!.spc""]}]"	42	0	0	0	"[{""value"":""Romancing SaGa Original Sound Version (PSCN-5036)"",""type"":""str"",""trackCount"":41,""memberPaths"":[""00-Overture (part 1).spc"",""01-Overture (part 2).spc"",""02-Theme of Albert.spc"",""03-Theme of Sif.spc"",""04-Theme of Claudia.spc"",""05-Theme of Gray.spc"",""06-Theme of Jamil.spc"",""07-Theme of Aisha.spc"",""08-Theme of Barbara.spc"",""09-Theme of Captain Hawk.spc"",""10-Step Into the Unknown.spc"",""11-The Conflict.spc"",""12-Victory!.spc"",""13-Glory of the Knight.spc"",""14-The Salute.spc"",""15-Sailing the Ocean.spc"",""16-Palace of the Dream.spc"",""17-Crystal City.spc"",""18-Lost in the Forest.spc"",""19-The Conspiracy.spc"",""20-Hurry Out!.spc"",""21-Shop Around the Town!.spc"",""22-Horrible Shadow.spc"",""23-Dim Gleam of Emerald.spc"",""24-The Four Wills.spc"",""25-Beat Them Up!.spc"",""26-A Requiem.spc"",""27-Deserted Village.spc"",""28-Theme of Solitude.spc"",""29-Destined Fate.spc"",""30-Heartful Tears.spc"",""31-The Forbidden Realm.spc"",""32-Beat of the Evil.spc"",""33-Coup de Grace.spc"",""34-Ending Theme (part 1).spc"",""35-Ending Theme (part 2).spc"",""36-Ending Theme (part 3).spc"",""37-Barbara's Tango.spc"",""38-Bard's Tale.spc"",""39-Night of the Shooting Star.spc"",""40-Walking Down the Street.spc""]}]"	0	41
rs2.rsn	rs2.rsn	romancing sa ga 2 (JP)	42	"[{""value"":""Romancing SaGa 2"",""type"":""str"",""trackCount"":42,""memberPaths"":[""00-Prologue (part 1).spc"",""01-Prologue (part 2).spc"",""02-Prologue (part 3).spc"",""03-Prologue (part 4).spc"",""04-Prologue (part 5).spc"",""05-Opening Title.spc"",""06-Song of Everlasting Battles.spc"",""07-Empire City Avalon.spc"",""08-Dungeon 1.spc"",""09-Strangeness ~ Victor's Death.spc"",""10-Empire's Front Line.spc"",""11-Battle with Kujinshi.spc"",""12-Victory.spc"",""13-Canal Fortress.spc"",""14-Village 1.spc"",""15-The Dragon's Hole.spc"",""16-Another Country's Town.spc"",""17-Voyage.spc"",""18-Mermaid Legend.spc"",""19-The Sinking Ship.spc"",""20-Dungeon 2.spc"",""21-Village 2.spc"",""22-Run!.spc"",""23-Ancient Ruins.spc"",""24-The Legend Begins.spc"",""25-Dungeon 3.spc"",""26-The Seven Heros' Battle.spc"",""27-Wiped Out.spc"",""28-Heartful Tears.spc"",""29-Last Dungeon.spc"",""30-Last Battle.spc"",""31-Ending Theme.spc"",""32-Successive Emperor.spc"",""33-Epilogue.spc"",""34-Dance 1.spc"",""35-Dance 2.spc"",""36-Dance 3.spc"",""37-Dance 4.spc"",""38-Rest Theme.spc"",""39-Missed.spc"",""40-Wierd.spc"",""41-Jingle.spc""]}]"	0	0	42	0	"[{""value"":""Romancing SaGa 2 Original Sound Version (PSCN-5038)"",""type"":""str"",""trackCount"":38,""memberPaths"":[""00-Prologue (part 1).spc"",""01-Prologue (part 2).spc"",""02-Prologue (part 3).spc"",""03-Prologue (part 4).spc"",""04-Prologue (part 5).spc"",""05-Opening Title.spc"",""06-Song of Everlasting Battles.spc"",""07-Empire City Avalon.spc"",""08-Dungeon 1.spc"",""09-Strangeness ~ Victor's Death.spc"",""10-Empire's Front Line.spc"",""11-Battle with Kujinshi.spc"",""12-Victory.spc"",""13-Canal Fortress.spc"",""14-Village 1.spc"",""15-The Dragon's Hole.spc"",""16-Another Country's Town.spc"",""17-Voyage.spc"",""18-Mermaid Legend.spc"",""19-The Sinking Ship.spc"",""20-Dungeon 2.spc"",""21-Village 2.spc"",""22-Run!.spc"",""23-Ancient Ruins.spc"",""24-The Legend Begins.spc"",""25-Dungeon 3.spc"",""26-The Seven Heros' Battle.spc"",""27-Wiped Out.spc"",""28-Heartful Tears.spc"",""29-Last Dungeon.spc"",""30-Last Battle.spc"",""31-Ending Theme.spc"",""32-Successive Emperor.spc"",""33-Epilogue.spc"",""34-Dance 1.spc"",""35-Dance 2.spc"",""36-Dance 3.spc"",""37-Dance 4.spc""]}]"	0	38
rs3.rsn	rs3.rsn	Romancing Sa-Ga 3 (JP)	74	"[{""value"":""Romancing SaGa 3"",""type"":""str"",""trackCount"":72,""memberPaths"":[""00-Surprise of the Death Eaters.spc"",""01-The SaGa Continues.spc"",""03-Ellen's Theme.spc"",""04-Sara's Theme.spc"",""05-Thomas' Theme.spc"",""06-Harid's Theme.spc"",""07-Mikhail's Theme.spc"",""08-Monica's Theme.spc"",""09-Katalina's Theme.spc"",""10-Field.spc"",""11-The Battle.spc"",""12-Victory!.spc"",""13-Boundaries.spc"",""14-Dungeon 1.spc"",""16-Celebration March.spc"",""17-The Voyage.spc"",""18-Muse's Theme.spc"",""19-Dungeon 2.spc"",""20-The Professor's Theme.spc"",""21-Operation Pet Retrieval.spc"",""22-Sailing.spc"",""23-Lance ~ City of the Holy King.spc"",""24-Year of the Holy King.spc"",""25-Magical Tank Battle.spc"",""26-The Great Arch.spc"",""27-Jungle.spc"",""28-Fairy Town.spc"",""29-Nightmare.spc"",""30-Dufore's Evil Plans.spc"",""31-Evil Does Not Cherish.spc"",""32-Arousing.spc"",""33-On with the Bangard! (part 1).spc"",""34-On with the Bangard! (part 2).spc"",""35-Island at the Farthest Reaches.spc"",""36-Insufferable Desert.spc"",""37-Ruin of the Crystal.spc"",""38-The Eastern Country.spc"",""39-Emperor's City.spc"",""40-Rusukata.spc"",""41-Tower of the Godly King.spc"",""42-Trade Off.spc"",""43-Aurora.spc"",""44-Snowman's Town.spc"",""45-Ice Lake.spc"",""46-Owain's Lake.spc"",""47-Leonid's Castle.spc"",""48-The Devil King's Castle.spc"",""49-The Dark Underground.spc"",""50-Byunei's Nest.spc"",""51-Fortress of Fire.spc"",""52-Underwater Palace.spc"",""53-Foreboding Danger.spc"",""54-Four Noble Devils.spc"",""55-Defeated.spc"",""56-Grieve.spc"",""57-Sorrow.spc"",""58-Into War... (part 1).spc"",""59-Into War... (part 2).spc"",""60-Gen's Castle Battle.spc"",""61-The Last Journey.spc"",""62-Four Noble Devils 2.spc"",""63-Abyss' Gate.spc"",""64-The Last Battle.spc"",""65-Into a New Horizon (part 1).spc"",""66-Into a New Horizon (part 2).spc"",""67-Staff Roll ~ Finale.spc"",""68-Fanfare.spc"",""69-Thomas' Fanfare.spc"",""70-Good Night!.spc"",""71-Trade For Revenge.spc"",""72-Trade For Defeat.spc"",""73-The Professor's Theme (original version).spc""]},{""value"":""Romancing Saga 3"",""type"":""str"",""trackCount"":2,""memberPaths"":[""02-Julian's Theme.spc"",""15-Battle 2.spc""]}]"	0	0	74	0	"[{""value"":""Romancing SaGa 3 Original Sound Version (PSCN-5033~5)"",""type"":""str"",""trackCount"":74,""memberPaths"":[""00-Surprise of the Death Eaters.spc"",""01-The SaGa Continues.spc"",""02-Julian's Theme.spc"",""03-Ellen's Theme.spc"",""04-Sara's Theme.spc"",""05-Thomas' Theme.spc"",""06-Harid's Theme.spc"",""07-Mikhail's Theme.spc"",""08-Monica's Theme.spc"",""09-Katalina's Theme.spc"",""10-Field.spc"",""11-The Battle.spc"",""12-Victory!.spc"",""13-Boundaries.spc"",""14-Dungeon 1.spc"",""15-Battle 2.spc"",""16-Celebration March.spc"",""17-The Voyage.spc"",""18-Muse's Theme.spc"",""19-Dungeon 2.spc"",""20-The Professor's Theme.spc"",""21-Operation Pet Retrieval.spc"",""22-Sailing.spc"",""23-Lance ~ City of the Holy King.spc"",""24-Year of the Holy King.spc"",""25-Magical Tank Battle.spc"",""26-The Great Arch.spc"",""27-Jungle.spc"",""28-Fairy Town.spc"",""29-Nightmare.spc"",""30-Dufore's Evil Plans.spc"",""31-Evil Does Not Cherish.spc"",""32-Arousing.spc"",""33-On with the Bangard! (part 1).spc"",""34-On with the Bangard! (part 2).spc"",""35-Island at the Farthest Reaches.spc"",""36-Insufferable Desert.spc"",""37-Ruin of the Crystal.spc"",""38-The Eastern Country.spc"",""39-Emperor's City.spc"",""40-Rusukata.spc"",""41-Tower of the Godly King.spc"",""42-Trade Off.spc"",""43-Aurora.spc"",""44-Snowman's Town.spc"",""45-Ice Lake.spc"",""46-Owain's Lake.spc"",""47-Leonid's Castle.spc"",""48-The Devil King's Castle.spc"",""49-The Dark Underground.spc"",""50-Byunei's Nest.spc"",""51-Fortress of Fire.spc"",""52-Underwater Palace.spc"",""53-Foreboding Danger.spc"",""54-Four Noble Devils.spc"",""55-Defeated.spc"",""56-Grieve.spc"",""57-Sorrow.spc"",""58-Into War... (part 1).spc"",""59-Into War... (part 2).spc"",""60-Gen's Castle Battle.spc"",""61-The Last Journey.spc"",""62-Four Noble Devils 2.spc"",""63-Abyss' Gate.spc"",""64-The Last Battle.spc"",""65-Into a New Horizon (part 1).spc"",""66-Into a New Horizon (part 2).spc"",""67-Staff Roll ~ Finale.spc"",""68-Fanfare.spc"",""69-Thomas' Fanfare.spc"",""70-Good Night!.spc"",""71-Trade For Revenge.spc"",""72-Trade For Defeat.spc"",""73-The Professor's Theme (original version).spc""]}]"	0	74
rstw.rsn	rstw.rsn	ren stimpy show the time warp	18	"[{""value"":""Ren and Stimpy: Time Warp"",""type"":""str"",""trackCount"":18,""memberPaths"":[""00-Dog Pound Hop.spc"",""01-Options Screen.spc"",""02-Backyard Shenanigans.spc"",""03-Happy Happy Joy Joy.spc"",""04-It's Log!.spc"",""05-Sublight Speed!.spc"",""06-Episode Intro.spc"",""07-Toccata and Fugue.spc"",""08-Night on Bald Mountain.spc"",""09-Monkey Business.spc"",""10-Untamed World.spc"",""11-Great Excavations.spc"",""12-Continue & Game Over.spc"",""13-Big House Blues.spc"",""14-Sculptured Software Logo.spc"",""15-New Player Enters.spc"",""16-Happy Happy.spc"",""17-Ren Screams.spc""]}]"	0	0	18	0	[]	0	0
rt.rsn	rt.rsn	Rocketeer, The (US)	6	"[{""value"":""Rocketeer"",""type"":""str"",""trackCount"":6,""memberPaths"":[""00-Title Screen.spc"",""01-Racing Airplanes.spc"",""02-Clear Level.spc"",""03-Incoming Enemies.spc"",""04-Flying Across the Dangerous Skies.spc"",""05-Final Battle.spc""]}]"	0	0	6	0	[]	0	0
rtk2.rsn	rtk2.rsn	Super Romance of the Three Kingdoms 2 (Super Sangokushi 2)	17	"[{""value"":""Romance of the Three Kingdoms 2"",""type"":""str"",""trackCount"":17,""memberPaths"":[""00-Overture.spc"",""01-Menu.spc"",""02-Theme of Chugen.spc"",""03-Theme of Kahoku.spc"",""04-Theme of Kounan.spc"",""05-Theme of the Frontiers.spc"",""06-Theme of Ekishu.spc"",""07-War in Chugen.spc"",""08-War in Kahoku.spc"",""09-War in Kounan.spc"",""10-War in the Frontiers.spc"",""11-War in Ekishu.spc"",""12-Defeated.spc"",""13-Victory.spc"",""14-Diplomacy.spc"",""15-Mourning.spc"",""16-Unification.spc""]}]"	0	0	17	0	[]	0	0
rtk3.rsn	rtk3.rsn	Sangokushi 3 (Romance of the Three Kingdoms 3)	18	"[{""value"":""Sangokushi 3"",""type"":""str"",""trackCount"":18,""memberPaths"":[""00-Overture.spc"",""01-Usual Theme.spc"",""02-Diplomacy.spc"",""03-War - General.spc"",""04-War - Field Operation.spc"",""05-War - Night.spc"",""06-War - Siege.spc"",""07-War - Naval Battle.spc"",""08-Victory.spc"",""09-Defeated.spc"",""10-Wondering.spc"",""11-Theme of Yuan Shao.spc"",""12-Theme of Wei and Wu.spc"",""13-Theme of Shu.spc"",""14-Mourning.spc"",""15-Theme of Near the Unification.spc"",""16-Ending 1.spc"",""17-Ending 2.spc""]}]"	0	0	18	0	[]	0	0
rtk4.rsn	rtk4.rsn	Sangokushi 4 (Romance of the Three Kingdoms 4)	20	"[{""value"":""Sangokushi 4"",""type"":""str"",""trackCount"":20,""memberPaths"":[""00-Overture.spc"",""01-Menu.spc"",""02-Challenge (Theme 1).spc"",""03-Governor (Theme 2).spc"",""04-Recruit.spc"",""05-Diplomacy.spc"",""06-War - Offense Side Superior.spc"",""07-War - Offense Side Inferior.spc"",""08-War - Siege.spc"",""09-Duel.spc"",""10-Victory in a Duel.spc"",""11-Naval Battle.spc"",""12-Finishing War.spc"",""13-Victory.spc"",""14-Defeated.spc"",""15-Empire (Theme 3).spc"",""16-Master of the Land (Theme 4).spc"",""17-Mourning.spc"",""18-Ending 1.spc"",""19-Ending 2.spc""]}]"	0	0	20	0	[]	0	0
sa.rsn	sa.rsn	Super Aleste (Space Megaforce)	18	"[{""value"":""Super Aleste"",""type"":""str"",""trackCount"":18,""memberPaths"":[""00-Introduction.spc"",""01-Title.spc"",""02-Amazonas.spc"",""03-Space Platform.spc"",""04-Labyrinth.spc"",""05-Labyrinth (Alternate).spc"",""06-Black Hole Anomalies.spc"",""07-Rock Downfall.spc"",""08-Asteroid Belt.spc"",""09-Space Cruiser.spc"",""10-Data Highway.spc"",""11-Organic Life.spc"",""12-Boss Battle 1.spc"",""13-Boss Battle 2.spc"",""14-Area Clear.spc"",""15-Last Boss.spc"",""16-Credits.spc"",""17-Game Over.spc""]}]"	0	0	18	0	[]	0	0
saf.rsn	saf.rsn	Ski Paradise with Snowboard (JP)	15	"[{""value"":""Skipp and Friends"",""type"":""str"",""trackCount"":15,""memberPaths"":[""00-#mod_shrine Intro.spc"",""01-Ducky Space.spc"",""02-Botsong.spc"",""03-Victory Song.spc"",""04-Exciting Boring Music.spc"",""05-Losing Fanfare.spc"",""06-Level Clear Fanfare.spc"",""07-Exciting Boring Music Part 2.spc"",""08-Meteoric Cleanup of Doom.spc"",""09-Ice Ship.spc"",""10-Duckiest.spc"",""11-Spit in a Box.spc"",""12-Generic March Song.spc"",""13-Theme Song 8ch.spc"",""14-Scream.spc""]}]"	0	0	15	0	[]	0	0
sai.rsn	sai.rsn	Super Adventure Island	16	"[{""value"":""Adventure Island"",""type"":""str"",""trackCount"":16,""memberPaths"":[""00-Follow Wind.spc"",""01-Break.spc"",""02-The Island of Everlasting Summer.spc"",""03-Hop Step and Jazzy Beats.spc"",""04-Blue Blue Moon.spc"",""05-Hot Reception.spc"",""06-Break (Scratched).spc"",""07-Jungle Chase.spc"",""08-Drop into a Walk.spc"",""09-Cool Jam.spc"",""10-Ice Groove.spc"",""11-Darkside Visitor.spc"",""12-Big Zen.spc"",""13-Hawaiian.spc"",""14-Gently Sun.spc"",""15-Game Over.spc""]}]"	0	0	16	0	"[{""value"":""Yuzo Koshiro - Adventure Island (ALCA-242)"",""type"":""str"",""trackCount"":16,""memberPaths"":[""00-Follow Wind.spc"",""01-Break.spc"",""02-The Island of Everlasting Summer.spc"",""03-Hop Step and Jazzy Beats.spc"",""04-Blue Blue Moon.spc"",""05-Hot Reception.spc"",""06-Break (Scratched).spc"",""07-Jungle Chase.spc"",""08-Drop into a Walk.spc"",""09-Cool Jam.spc"",""10-Ice Groove.spc"",""11-Darkside Visitor.spc"",""12-Big Zen.spc"",""13-Hawaiian.spc"",""14-Gently Sun.spc"",""15-Game Over.spc""]}]"	0	16
sana2.rsn	sana2.rsn	Sansara Naga 2	16	"[{""value"":""Sansara Naga 2"",""type"":""str"",""trackCount"":16,""memberPaths"":[""00-Field.spc"",""01-Swimming.spc"",""02-Flying.spc"",""03-Theme for Villages and Towns.spc"",""04-Theme for Temples.spc"",""05-Haratama.spc"",""06-Dungeons.spc"",""07-Battle.spc"",""08-Amrita.spc"",""09-Sky Palace.spc"",""10-Sub Menu.spc"",""11-Opening.spc"",""12-Guild.spc"",""13-Royal Palace.spc"",""14-Ending.spc"",""15-Roka a Roka.spc""]}]"	16	0	0	0	"[{""value"":""All Sounds of Sansara Naga 2 (VICL-625)"",""type"":""str"",""trackCount"":16,""memberPaths"":[""00-Field.spc"",""01-Swimming.spc"",""02-Flying.spc"",""03-Theme for Villages and Towns.spc"",""04-Theme for Temples.spc"",""05-Haratama.spc"",""06-Dungeons.spc"",""07-Battle.spc"",""08-Amrita.spc"",""09-Sky Palace.spc"",""10-Sub Menu.spc"",""11-Opening.spc"",""12-Guild.spc"",""13-Royal Palace.spc"",""14-Ending.spc"",""15-Roka a Roka.spc""]}]"	0	16
saxar.rsn	saxar.rsn	Spiderman and the X-Men - Arcade's Revenge	11	"[{""value"":""Spider-Man and the X-Men"",""type"":""str"",""trackCount"":11,""memberPaths"":[""00-Title.spc"",""01-Briefing.spc"",""02-Cyclops.spc"",""03-Gambit.spc"",""04-Spider.spc"",""05-Storm.spc"",""06-Wolverine.spc"",""07-Final Stage.spc"",""08-Ending.spc"",""09-High Score Table.spc"",""10-Game Over.spc""]}]"	0	0	11	0	[]	0	0
sb20.rsn	sb20.rsn	Super Baseball 2020 (US)	20	"[{""value"":""Super Baseball 2020"",""type"":""str"",""trackCount"":20,""memberPaths"":[""00-Title.spc"",""01-Team Select.spc"",""02-Start of the Ball Game.spc"",""03-Applause.spc"",""04-Batting.spc"",""05-Pitching & Fielding.spc"",""06-Managerial Menu.spc"",""07-Home Run!.spc"",""08-Scoreboard.spc"",""09-Lucky Seven.spc"",""10-Final Score.spc"",""11-Standings.spc"",""12-Pennant Winners.spc"",""13-The World Series Begins.spc"",""14-World Series Champions!.spc"",""15-Staff Roll.spc"",""16-Lost the World Series.spc"",""17-Game Over.spc"",""18-Unknown Jingle.spc"",""19-Super Baseball!.spc""]}]"	0	0	20	0	[]	0	0
sbb.rsn	sbb.rsn	Super Buster Bros	34	"[{""value"":""Super Buster Bros."",""type"":""str"",""trackCount"":34,""memberPaths"":[""00-Capcom Logo.spc"",""01-Select Game.spc"",""02-World Map.spc"",""03-Japan.spc"",""04-Java Island.spc"",""05-Silk Road.spc"",""06-Nepal.spc"",""07-Istanbul.spc"",""08-Germany.spc"",""09-Venice.spc"",""10-Spain.spc"",""11-France.spc"",""12-The Tower Bridge.spc"",""13-Canada.spc"",""14-The Wild West.spc"",""15-Mayan Ruins.spc"",""16-Brazil.spc"",""17-The Caribbean Sea.spc"",""18-Time Fleeting.spc"",""19-Stage Clear (Afternoon).spc"",""20-Stage Clear (Evening).spc"",""21-Stage Clear (Night).spc"",""22-All Clear.spc"",""23-Ending.spc"",""24-Staff Roll.spc"",""25-Panic Mode.spc"",""26-Time Over.spc"",""27-Game Over.spc"",""28-Continue.spc"",""29-Name Entry.spc"",""30-Time Fleeting (Alternate).spc"",""31-Unknown Song 1.spc"",""32-Unknown Song 2.spc"",""33-Unknown Song 3.spc""]}]"	0	0	34	0	[]	0	0
sbb2.rsn	sbb2.rsn	Super Black Bass 2 (Bassin's Black Bass)	11	"[{""value"":""Super Black Bass 2"",""type"":""str"",""trackCount"":11,""memberPaths"":[""00-Intro.spc"",""01-Title.spc"",""02-Records.spc"",""03-Menu Registration.spc"",""04-Tournament.spc"",""05-Ranking - Won.spc"",""06-Ranking - Lost.spc"",""07-Staff Roll.spc"",""08-Receive gift.spc"",""09-Caught bass.spc"",""10-Lost Fish Lure.spc""]}]"	0	0	11	0	[]	0	0
sbc.rsn	sbc.rsn	Shien - The Blade Chaser (Shien's Revenge)	30	"[{""value"":""Shien: The Blade Chaser"",""type"":""str"",""trackCount"":30,""memberPaths"":[""00-Prologue.spc"",""01-Title.spc"",""02-Training 1.spc"",""03-Training 2.spc"",""04-Burning Fortress.spc"",""05-Misty Landside Street.spc"",""06-With Cap and Baton.spc"",""07-Satanic Speech.spc"",""08-Riverside Rumble.spc"",""09-Swimming Firedragon.spc"",""10-Occupied Metropolis.spc"",""11-Tank Tango.spc"",""12-Military Castle.spc"",""13-Facing Uncertainty.spc"",""14-Cold Ghost Fire.spc"",""15-Mongolian Ride.spc"",""16-Wild Wrestling.spc"",""17-Guerilla Jungle Camp.spc"",""18-Fear Factory.spc"",""19-Masked Ninja Robot.spc"",""20-Greece Temples.spc"",""21-Zombie Taurus.spc"",""22-Hallucination.spc"",""23-Bad Dream.spc"",""24-Rescued.spc"",""25-Epilogue.spc"",""26-Ending.spc"",""27-Special.spc"",""28-Continue.spc"",""29-Game Over.spc""]}]"	0	0	30	0	[]	0	0
sbf2.rsn	sbf2.rsn	Super Back to the Future Part II (JP)	15	"[{""value"":""Super Back to the Future 2"",""type"":""str"",""trackCount"":15,""memberPaths"":[""00-Title Screen.spc"",""01-Storyline.spc"",""02-Boss Battle.spc"",""03-Round 2-1.spc"",""04-Round 3-1.spc"",""05-Round 3-4.spc"",""06-Round 4-1.spc"",""07-What !.spc"",""08-Round 4-2.spc"",""09-Round 4-3.spc"",""10-Round 5-1.spc"",""11-Round 5-3.spc"",""12-Round 6-1.spc"",""13-Unknown Song 1.spc"",""14-Unknown Song 2.spc""]}]"	0	0	15	0	[]	0	0
sbl.rsn	sbl.rsn	super bases loaded (US)	21	"[{""value"":""Super Bases Loaded"",""type"":""str"",""trackCount"":21,""memberPaths"":[""00-Jaleco Logo.spc"",""01-Super Bases Loaded.spc"",""02-Management.spc"",""03-Today's Matchup.spc"",""04-The Hometown Heroes.spc"",""05-The Rival Team.spc"",""06-Scoring Opportunity.spc"",""07-Scoreboard Update.spc"",""08-Finale Fanfare.spc"",""09-Performance Review.spc"",""10-The Perfect Game.spc"",""11-Special Ending.spc"",""12-Unused Jingle 1.spc"",""13-Unused Jingle 2.spc"",""14-Unused Jingle 3.spc"",""15-Going, Going, Gone!.spc"",""16-Waved Around.spc"",""17-Safe!.spc"",""18-Ball!.spc"",""19-Home Run!.spc"",""20-Out!.spc""]}]"	0	0	21	0	[]	0	0
sbl2.rsn	sbl2.rsn	Super Bases Loaded 2 (US)	16	"[{""value"":""Super 3D Baseball"",""type"":""str"",""trackCount"":4,""memberPaths"":[""02-Home Team at Bat.spc"",""03-Home Team Scoring Chance.spc"",""04-Visiting Team at Bat.spc"",""05-Visiting Team Scoring Chance.spc""]},{""value"":""Super Bases Loaded 2"",""type"":""str"",""trackCount"":12,""memberPaths"":[""00-Title Screen.spc"",""01-Main Menu.spc"",""06-Stadium Organ 1.spc"",""07-Stadium Organ 2.spc"",""08-Stadium Organ 3.spc"",""09-Stadium Organ 4.spc"",""10-Stadium Organ 5.spc"",""11-Stadium Organ 6.spc"",""12-Home Run!.spc"",""13-Scoreboard.spc"",""14-Congratulations.spc"",""15-Runner Scores!.spc""]}]"	0	0	16	0	[]	0	0
sbl3.rsn	sbl3.rsn	Super Bases Loaded 3	37	"[{""value"":""Super Bases Loaded 3"",""type"":""str"",""trackCount"":32,""memberPaths"":[""00-Title Screen.spc"",""01-Main Menu.spc"",""02-National Anthem of America.spc"",""03-National Anthem of Canada.spc"",""07-Fanfare ~ Classic 1.spc"",""08-Fanfare ~ Classic 2.spc"",""09-Fanfare ~ Classic 3.spc"",""10-Fanfare ~ Classic 4.spc"",""11-Fanfare ~ Happiness 1.spc"",""12-Fanfare ~ Happiness 2.spc"",""13-Fanfare ~ Happiness 3.spc"",""14-Fanfare ~ Happiness 4.spc"",""15-Fanfare ~ Happiness 5.spc"",""16-Fanfare ~ Happiness 6.spc"",""17-Fanfare ~ Excitement 1.spc"",""18-Fanfare ~ Excitement 2.spc"",""19-Fanfare ~ Excitement 3.spc"",""20-Fanfare ~ Excitement 4.spc"",""21-Fanfare ~ Excitement 5.spc"",""22-Fanfare ~ Drama 1.spc"",""23-Fanfare ~ Drama 2.spc"",""24-Fanfare ~ Drama 3.spc"",""25-Fanfare ~ Drama 4.spc"",""26-Home Run ~ La Toreador.spc"",""28-Ball Hits Fan's Car.spc"",""29-Post-Game.spc"",""31-US Series Champions!.spc"",""32-Unused Song.spc"",""33-Unused Organ Jingle.spc"",""34-Anxious Crowd.spc"",""35-Excited Crowd 1.spc"",""36-Excited Crowd 2.spc""]},{""value"":""Super Moero!! Pro Yakyuu"",""type"":""str"",""trackCount"":5,""memberPaths"":[""04-Baseball Theme 1.spc"",""05-Baseball Theme 2.spc"",""06-Baseball Theme 3.spc"",""27-Home Run!.spc"",""30-Japan Series Champions!.spc""]}]"	32	0	5	0	[]	0	0
sblm2.rsn	sblm2.rsn	sonic blast man ii	12	"[{""value"":""Sonic Blastman 2"",""type"":""str"",""trackCount"":12,""memberPaths"":[""00-Opening.spc"",""01-Title.spc"",""02-Player Select.spc"",""03-City.spc"",""04-Plane.spc"",""05-Port Town.spc"",""06-Jungle Base.spc"",""07-Cutscene.spc"",""08-Boss Battle.spc"",""09-Stage Clear.spc"",""10-Staff Roll.spc"",""11-Game Over.spc""]}]"	0	0	12	0	[]	0	0
sbm3.rsn	sbm3.rsn	Super Bomberman 3	31	"[{""value"":""Super Bomberman 3"",""type"":""str"",""trackCount"":31,""memberPaths"":[""00-Select 1.spc"",""01-Select 2.spc"",""02-Title.spc"",""03-BGM 1.spc"",""04-Opening (part 1).spc"",""05-Opening (part 2).spc"",""06-Battle.spc"",""07-BGM 2.spc"",""08-Password.spc"",""09-Game Over.spc"",""10-Staff Roll.spc"",""11-BGM 6 Intro.spc"",""12-BGM 6.spc"",""13-BGM 3.spc"",""14-BGM 5.spc"",""15-Select 4.spc"",""16-BGM 4.spc"",""17-Ending.spc"",""18-Clear.spc"",""19-Boss 1.spc"",""20-Boss 2.spc"",""21-Victory.spc"",""22-Select 3.spc"",""23-Hudson Soft.spc"",""24-Level Start.spc"",""25-Battle Start.spc"",""26-Lose Life.spc"",""27-Draw Game.spc"",""28-Win Round.spc"",""29-Level Finished.spc"",""30-Soccer Bomber.spc""]}]"	31	0	0	0	"[{""value"":""Super Bomberman 3 Original Soundtrack (PSCN-5025)"",""type"":""str"",""trackCount"":31,""memberPaths"":[""00-Select 1.spc"",""01-Select 2.spc"",""02-Title.spc"",""03-BGM 1.spc"",""04-Opening (part 1).spc"",""05-Opening (part 2).spc"",""06-Battle.spc"",""07-BGM 2.spc"",""08-Password.spc"",""09-Game Over.spc"",""10-Staff Roll.spc"",""11-BGM 6 Intro.spc"",""12-BGM 6.spc"",""13-BGM 3.spc"",""14-BGM 5.spc"",""15-Select 4.spc"",""16-BGM 4.spc"",""17-Ending.spc"",""18-Clear.spc"",""19-Boss 1.spc"",""20-Boss 2.spc"",""21-Victory.spc"",""22-Select 3.spc"",""23-Hudson Soft.spc"",""24-Level Start.spc"",""25-Battle Start.spc"",""26-Lose Life.spc"",""27-Draw Game.spc"",""28-Win Round.spc"",""29-Level Finished.spc"",""30-Soccer Bomber.spc""]}]"	0	31
sbm5.rsn	sbm5.rsn	Super Bomberman 5 (JP)	46	"[{""value"":""Super Bomberman 5"",""type"":""str"",""trackCount"":46,""memberPaths"":[""00-Hudson Soft.spc"",""01-Invasion of the Bad Bombers.spc"",""02-Bomberman is Back!.spc"",""03-Pre-Battle Preparations.spc"",""04-Ready for Battle.spc"",""05-Bombing Melee.spc"",""06-Bombing Melee (Critical).spc"",""07-Extreme Chaos.spc"",""08-Extreme Chaos (Critical).spc"",""09-Bad Luck.spc"",""10-Trophy.spc"",""11-Applause.spc"",""12-The Winner!.spc"",""13-Bomber Bowling.spc"",""14-Password Screen.spc"",""15-Old Worlds.spc"",""16-Get Ready!.spc"",""17-Where it All Began.spc"",""18-Victory.spc"",""19-Fight with Bad Bomber.spc"",""20-Major Victory.spc"",""21-Space Station.spc"",""22-Five Planets.spc"",""23-Time Warp.spc"",""24-New Worlds.spc"",""25-Train Tower.spc"",""26-Music Box.spc"",""27-Night Carnival.spc"",""28-Nuts and Bolts.spc"",""29-Imposter.spc"",""30-Machinery.spc"",""31-Failure.spc"",""32-Crazy Staff Roll.spc"",""33-Master of Time.spc"",""34-Super Bomberman Medley.spc"",""35-Try Harder!.spc"",""36-Good Job!.spc"",""37-Perfect Score!.spc"",""38-Blown Up!.spc"",""39-Keep Going.spc"",""40-Give Up.spc"",""41-Music Box Remix.spc"",""42-Announcement.spc"",""43-Extra Life.spc"",""44-Pause.spc"",""45-Incorrect Password!.spc""]}]"	0	0	46	0	[]	0	0
sbn.rsn	sbn.rsn	simpsons the bart s nightmare	33	"[{""value"":""The Simpsons: Bart's Nightmare"",""type"":""str"",""trackCount"":33,""memberPaths"":[""00-Bart Screams.spc"",""01-The Simpsons.spc"",""02-Title Screen.spc"",""03-Dream Street.spc"",""04-Dream Street (Almost Dead).spc"",""05-Itchy & Scratchy.spc"",""06-Bartman to the Rescue.spc"",""07-Indiana Bart.spc"",""08-Bloodstream (Tier 1).spc"",""09-Bloodstream (Tier 2).spc"",""10-Bloodstream (Tier 3).spc"",""11-Bloodstream (Tier 4).spc"",""12-Bloodstream (Tier 5).spc"",""13-Bloodstream (Tier 6).spc"",""14-Bloodstream (Jingle 1).spc"",""15-Bloodstream (Jingle 2).spc"",""16-Distortion Sound.spc"",""17-City Traffic.spc"",""18-Tanks.spc"",""19-Helicopters.spc"",""20-Fighter Jet.spc"",""21-Bartzilla Shots a Laser.spc"",""22-Explosion.spc"",""23-Bart Falls.spc"",""24-Uh-oh.spc"",""25-Oh Yeah!.spc"",""26-Cowabunga!.spc"",""27-Collect Paper.spc"",""28-Collect Paper (Echo).spc"",""29-Bart Snores.spc"",""30-Bart Still Snores.spc"",""31-Hi There!.spc"",""32-Bartzilla Roars.spc""]}]"	0	0	33	0	[]	0	0
sbtk.rsn	sbtk.rsn	Super Battletank	12	"[{""value"":""Super Battletank (American)"",""type"":""str"",""trackCount"":6,""memberPaths"":[""00-Title Screen.spc"",""01-Mission Briefing.spc"",""02-Mission Info.spc"",""03-Battletank Repaired.spc"",""04-Destroyed Cluster of Enemies.spc"",""05-Ending.spc""]},{""value"":""Super Battletank (Japanese)"",""type"":""str"",""trackCount"":6,""memberPaths"":[""06-Title Screen.spc"",""07-Mission Briefing.spc"",""08-Mission Info.spc"",""09-Battletank Repaired.spc"",""10-Destroyed Cluster of Enemies.spc"",""11-Ending.spc""]}]"	0	0	12	0	[]	0	0
schq.rsn	schq.rsn	Super Chase H.Q	20	"[{""value"":""Super Chase H.Q."",""type"":""str"",""trackCount"":20,""memberPaths"":[""00-Opening.spc"",""01-Options.spc"",""02-Game Start.spc"",""03-Demo A.spc"",""04-Eye Catch.spc"",""05-Nancy.spc"",""06-Dandy Lady.spc"",""07-Wind's Step.spc"",""08-Crime City.spc"",""09-Round 3.spc"",""10-Round 4.spc"",""11-Demo B.spc"",""12-Round 5.spc"",""13-Stage Clear.spc"",""14-Ending.spc"",""15-Hurry Up!.spc"",""16-Accident.spc"",""17-Game Over.spc"",""18-Title.spc"",""19-Lovers.spc""]}]"	0	0	20	0	[]	0	0
sck.rsn	sck.rsn	shinchou kouki (JP)	8	"[{""value"":""Shin Chou Kouki"",""type"":""str"",""trackCount"":8,""memberPaths"":[""00-Main Menu.spc"",""01-Map Screen.spc"",""02-Battle.spc"",""03-Ending.spc"",""04-Staff Roll.spc"",""05-Galloping.spc"",""06-Flags.spc"",""07-Footsteps.spc""]}]"	0	0	8	0	[]	0	0
scme.rsn	scme.rsn	Super Conflict - The Mideast	10	"[{""value"":""Super Conflict: The Mideast"",""type"":""str"",""trackCount"":10,""memberPaths"":[""00-Opening.spc"",""01-Map.spc"",""02-Mission 1.spc"",""03-Mission 2.spc"",""04-Mission 3.spc"",""05-Mission 4.spc"",""06-Mission 5.spc"",""07-Battle.spc"",""08-Victorious!.spc"",""09-Defeated.spc""]}]"	0	0	10	0	[]	0	0
scp.rsn	scp.rsn	Super Caesars Palace (US)	2	"[{""value"":""Super Caesar's Palace"",""type"":""str"",""trackCount"":2,""memberPaths"":[""00-Las Vegas is My Lady!.spc"",""01-Wandering the Casino Floor.spc""]}]"	0	0	2	0	[]	0	0
scv4.rsn	scv4.rsn	super castlevania iv	36	"[{""value"":""Super Castlevania 4"",""type"":""str"",""trackCount"":36,""memberPaths"":[""00-Konami Logo.spc"",""01-Demon Castle Dracula.spc"",""02-Dracula's Theme.spc"",""03-Password.spc"",""04-Prologue.spc"",""05-Theme of Simon.spc"",""06-Forest of Monsters.spc"",""07-The Cave.spc"",""08-The Waterfalls.spc"",""09-The Submerged City.spc"",""10-Rotating Room.spc"",""11-Spinning Tower.spc"",""12-Boss 1.spc"",""13-Stage Clear.spc"",""14-Map A.spc"",""15-In the Castle.spc"",""16-The Castle's Gate.spc"",""17-Entrance Hall.spc"",""18-Chandeliers.spc"",""19-Pillared Corridor.spc"",""20-Cellar.spc"",""21-Map B.spc"",""22-Treasury Room.spc"",""23-Boss 2.spc"",""24-Map C.spc"",""25-Bloody Tears.spc"",""26-Map D.spc"",""27-Vampire Killer.spc"",""28-Beginning.spc"",""29-Room of Close Associates.spc"",""30-Dracula Battle.spc"",""31-Dracula's Death.spc"",""32-Ending.spc"",""33-Secret Room.spc"",""34-Death of Simon.spc"",""35-Game Over.spc""]}]"	0	0	36	0	"[{""value"":""Demon Castle Dracula Best Vol. 2 (KICA-7506~7)"",""type"":""str"",""trackCount"":32,""memberPaths"":[""01-Demon Castle Dracula.spc"",""02-Dracula's Theme.spc"",""04-Prologue.spc"",""05-Theme of Simon.spc"",""06-Forest of Monsters.spc"",""07-The Cave.spc"",""08-The Waterfalls.spc"",""09-The Submerged City.spc"",""10-Rotating Room.spc"",""11-Spinning Tower.spc"",""12-Boss 1.spc"",""13-Stage Clear.spc"",""14-Map A.spc"",""15-In the Castle.spc"",""17-Entrance Hall.spc"",""18-Chandeliers.spc"",""19-Pillared Corridor.spc"",""20-Cellar.spc"",""21-Map B.spc"",""22-Treasury Room.spc"",""23-Boss 2.spc"",""24-Map C.spc"",""25-Bloody Tears.spc"",""26-Map D.spc"",""27-Vampire Killer.spc"",""28-Beginning.spc"",""29-Room of Close Associates.spc"",""30-Dracula Battle.spc"",""31-Dracula's Death.spc"",""32-Ending.spc"",""33-Secret Room.spc"",""35-Game Over.spc""]}]"	0	32
sd2.rsn	sd2.rsn	Secret of Mana	69	"[{""value"":""Secret of Mana"",""type"":""str"",""trackCount"":69,""memberPaths"":[""00-Fear of the Heavens.spc"",""01-A Curious Tale.spc"",""02-Phantom and a Rose.spc"",""03-Together Always.spc"",""04-Fond Memories.spc"",""05-Into the Thick of it.spc"",""06-Into the Thick of it (Echo).spc"",""07-The Color of the Summer Sky.spc"",""08-Dancing Animals.spc"",""09-Dancing Animals (Echo).spc"",""10-Distant Thunder.spc"",""11-The Little Sprite.spc"",""12-It Happened Late One Evening.spc"",""13-In the Dead of the Night.spc"",""14-Mystic Invasion.spc"",""15-Secret of the Arid Sands.spc"",""16-What the Forest Taught Me.spc"",""17-A Wish.spc"",""18-Spirit of the Night.spc"",""19-Did You See the Ocean.spc"",""20-Danger.spc"",""21-Calm Before the Storm.spc"",""22-The Wind Never Ceases.spc"",""23-Flight into the Unknown.spc"",""24-Eternal Recurrence.spc"",""25-The Legend.spc"",""26-A Bell is Tolling.spc"",""27-A Curious Happening.spc"",""28-Monarch on the Shore.spc"",""29-The Dark Star.spc"",""30-The Dark Star (No Echo).spc"",""31-Prophecy.spc"",""32-Steel and Snare.spc"",""33-Whisper and Mantra.spc"",""34-Whisper and Mantra (Echo).spc"",""35-Ceremony.spc"",""36-Morning is Here.spc"",""37-Leave Time for Love.spc"",""38-Still of the Night.spc"",""39-The Curse.spc"",""40-The Oracle.spc"",""41-A Conclusion.spc"",""42-I Won't Forget.spc"",""43-One of Them is Hope.spc"",""44-Meridian Dance.spc"",""45-Now Flightless Wings.spc"",""46-The Second Truth From the Left.spc"",""47-I Closed My Eyes.spc"",""48-Unused Jingle 1.spc"",""49-Unused Jingle 2.spc"",""50-Menu.spc"",""51-Ally Joins.spc"",""52-Victory.spc"",""53-Got an Item.spc"",""54-Midge Mallet.spc"",""55-Elemental Acquired.spc"",""56-Mara's Key.spc"",""57-Boss Defeated.spc"",""58-Got Weapon Orb.spc"",""59-Level Up!.spc"",""60-Weapon Level Up!.spc"",""61-Magic Level Up!.spc"",""62-Cannon Travel Launch.spc"",""63-Cannon Travel.spc"",""64-Flammie Drum.spc"",""65-Flammie Coming.spc"",""66-Flammie Voice.spc"",""67-New Continent Rises.spc"",""68-Mysterious Moaning.spc""]}]"	69	0	0	0	"[{""value"":""Seiken Densetsu 2 Original Sound Version (PSCN-5030)"",""type"":""str"",""trackCount"":49,""memberPaths"":[""00-Fear of the Heavens.spc"",""01-A Curious Tale.spc"",""02-Phantom and a Rose.spc"",""03-Together Always.spc"",""04-Fond Memories.spc"",""05-Into the Thick of it.spc"",""06-Into the Thick of it (Echo).spc"",""07-The Color of the Summer Sky.spc"",""08-Dancing Animals.spc"",""09-Dancing Animals (Echo).spc"",""10-Distant Thunder.spc"",""11-The Little Sprite.spc"",""12-It Happened Late One Evening.spc"",""13-In the Dead of the Night.spc"",""14-Mystic Invasion.spc"",""15-Secret of the Arid Sands.spc"",""16-What the Forest Taught Me.spc"",""17-A Wish.spc"",""18-Spirit of the Night.spc"",""19-Did You See the Ocean.spc"",""20-Danger.spc"",""21-Calm Before the Storm.spc"",""22-The Wind Never Ceases.spc"",""23-Flight into the Unknown.spc"",""24-Eternal Recurrence.spc"",""25-The Legend.spc"",""26-A Bell is Tolling.spc"",""27-A Curious Happening.spc"",""28-Monarch on the Shore.spc"",""29-The Dark Star.spc"",""30-The Dark Star (No Echo).spc"",""31-Prophecy.spc"",""32-Steel and Snare.spc"",""33-Whisper and Mantra.spc"",""34-Whisper and Mantra (Echo).spc"",""35-Ceremony.spc"",""36-Morning is Here.spc"",""37-Leave Time for Love.spc"",""38-Still of the Night.spc"",""39-The Curse.spc"",""40-The Oracle.spc"",""41-A Conclusion.spc"",""42-I Won't Forget.spc"",""43-One of Them is Hope.spc"",""44-Meridian Dance.spc"",""45-Now Flightless Wings.spc"",""46-The Second Truth From the Left.spc"",""47-I Closed My Eyes.spc"",""66-Flammie Voice.spc""]}]"	0	49
sd3.rsn	sd3.rsn	Seiken Densetsu 3	79	"[{""value"":""Seiken Densetsu 3 Sample"",""type"":""str"",""trackCount"":1,""memberPaths"":[""61-Presentation.spc""]},{""value"":""Seiken Densetsu 3"",""type"":""str"",""trackCount"":78,""memberPaths"":[""00-Not Awaken.spc"",""01-Where Angels Fear to Tread.spc"",""02-Ordinary People.spc"",""03-Whiz Kid.spc"",""04-Walls and Steels.spc"",""05-Axe Bring Storm.spc"",""06-Little Sweet Cafe.spc"",""07-Witchmakers.spc"",""08-Another Winter.spc"",""09-Ancient Dolphin.spc"",""10-Hope Isolation Pray.spc"",""11-Raven.spc"",""12-Damn Damn Drum.spc"",""13-Innocent Sea.spc"",""14-Swivel.spc"",""15-Oh I'm a Flamelet.spc"",""16-Evening Star.spc"",""17-Don't Hunt the Fairy.spc"",""18-Fable.spc"",""19-Left-Handed Wolf.spc"",""20-Person's Die.spc"",""21-Harvest November.spc"",""22-Few Paths Forbidden.spc"",""23-Female Turbulence.spc"",""24-Intolerance.spc"",""25-Different Road.spc"",""26-Powell.spc"",""27-Political Pressure.spc"",""28-Nuclear Fusion.spc"",""29-Positive.spc"",""30-Meridian Child.spc"",""31-Closed Garden.spc"",""32-Splash Hop.spc"",""33-Innocent Water.spc"",""34-Delicate Affection.spc"",""35-Three of Darkside.spc"",""36-Last Audience.spc"",""37-Obsession.spc"",""38-Strange Medicine.spc"",""39-Frenzy.spc"",""40-Can You Fly, Sister.spc"",""41-Decision Bell.spc"",""42-Secret of Mana.spc"",""43-Faith Total Machine.spc"",""44-Weird Counterpoint.spc"",""45-Rolling Cradle.spc"",""46-Black Soup.spc"",""47-Hightension Wire.spc"",""48-And Other.spc"",""49-Electric Talk.spc"",""50-Religion Thunder.spc"",""51-Angel's Fear.spc"",""52-The Sacrifice, Part One.spc"",""53-The Sacrifice, Part Two.spc"",""54-The Sacrifice, Part Three.spc"",""55-Reincarnation.spc"",""56-Farewell Song.spc"",""57-Breezin'.spc"",""58-Return to Forever.spc"",""59-Long Goodbye.spc"",""60-Flight From the Holy Land.spc"",""62-Level Up!.spc"",""63-Gate.spc"",""64-Sleeping.spc"",""65-Pihyara Flute.spc"",""66-Wind Drum.spc"",""67-Flammie Approaches.spc"",""68-Mana Seed.spc"",""69-Distant Wind.spc"",""70-Heartbeat.spc"",""71-Ghost Ship.spc"",""72-Drumroll.spc"",""73-Cannon Fire!.spc"",""74-Cannon Travel.spc"",""75-Victory!.spc"",""76-Open Chest.spc"",""77-Treasure!.spc"",""78-Get Item!.spc""]}]"	78	0	1	0	"[{""value"":""Seiken Densetsu 3 Original Sound Version (PSCN-5026~8)"",""type"":""str"",""trackCount"":60,""memberPaths"":[""00-Not Awaken.spc"",""01-Where Angels Fear to Tread.spc"",""02-Ordinary People.spc"",""03-Whiz Kid.spc"",""04-Walls and Steels.spc"",""05-Axe Bring Storm.spc"",""06-Little Sweet Cafe.spc"",""07-Witchmakers.spc"",""08-Another Winter.spc"",""09-Ancient Dolphin.spc"",""10-Hope Isolation Pray.spc"",""11-Raven.spc"",""12-Damn Damn Drum.spc"",""13-Innocent Sea.spc"",""14-Swivel.spc"",""15-Oh I'm a Flamelet.spc"",""16-Evening Star.spc"",""17-Don't Hunt the Fairy.spc"",""18-Fable.spc"",""19-Left-Handed Wolf.spc"",""20-Person's Die.spc"",""21-Harvest November.spc"",""22-Few Paths Forbidden.spc"",""23-Female Turbulence.spc"",""24-Intolerance.spc"",""25-Different Road.spc"",""26-Powell.spc"",""27-Political Pressure.spc"",""28-Nuclear Fusion.spc"",""29-Positive.spc"",""30-Meridian Child.spc"",""31-Closed Garden.spc"",""32-Splash Hop.spc"",""33-Innocent Water.spc"",""34-Delicate Affection.spc"",""35-Three of Darkside.spc"",""36-Last Audience.spc"",""37-Obsession.spc"",""38-Strange Medicine.spc"",""39-Frenzy.spc"",""40-Can You Fly, Sister.spc"",""41-Decision Bell.spc"",""42-Secret of Mana.spc"",""43-Faith Total Machine.spc"",""44-Weird Counterpoint.spc"",""45-Rolling Cradle.spc"",""46-Black Soup.spc"",""47-Hightension Wire.spc"",""48-And Other.spc"",""49-Electric Talk.spc"",""50-Religion Thunder.spc"",""51-Angel's Fear.spc"",""52-The Sacrifice, Part One.spc"",""53-The Sacrifice, Part Two.spc"",""54-The Sacrifice, Part Three.spc"",""55-Reincarnation.spc"",""56-Farewell Song.spc"",""57-Breezin'.spc"",""58-Return to Forever.spc"",""59-Long Goodbye.spc""]}]"	0	60
sdgg.rsn	sdgg.rsn	SD Gundam Gaiden - Knight Gundam Monogatari - Ooinaru Isan (JP)	20	"[{""value"":""SD Gundam Gaiden"",""type"":""str"",""trackCount"":20,""memberPaths"":[""00-Opening Title.spc"",""01-Load Game.spc"",""02-Castle.spc"",""03-Field.spc"",""04-Battle.spc"",""05-Victory.spc"",""06-Town.spc"",""07-Inn.spc"",""08-Defeat.spc"",""09-Village.spc"",""10-Dungeon.spc"",""11-Shrine.spc"",""12-Cave.spc"",""13-Boss Battle 1.spc"",""14-Voyage.spc"",""15-Pegasus White Base.spc"",""16-Harp.spc"",""17-Moore World.spc"",""18-Boss Battle 2.spc"",""19-Credits.spc""]}]"	0	0	20	0	[]	0	0
sdgg2.rsn	sdgg2.rsn	SD Gundam Gaiden 2 - Entaku no Kishi (JP)	24	"[{""value"":""SD Gundam Gaiden 2"",""type"":""str"",""trackCount"":24,""memberPaths"":[""00-Prologue.spc"",""01-Opening Title.spc"",""02-Field.spc"",""03-Town.spc"",""04-Battle.spc"",""05-Victory!.spc"",""06-Defeat.spc"",""07-Never Give Up!.spc"",""08-Danger!.spc"",""09-Boss Battle.spc"",""10-Forest.spc"",""11-Dungeon.spc"",""12-Vatlas's Will.spc"",""13-Water Dragon.spc"",""14-Castle.spc"",""15-Burning Knight.spc"",""16-Succession.spc"",""17-Last Battle.spc"",""18-Ending Theme.spc"",""19-Cure.spc"",""20-Encount.spc"",""21-Inn.spc"",""22-Fanfare.spc"",""23-Get Item!.spc""]}]"	0	0	24	0	[]	0	0
sdgx.rsn	sdgx.rsn	SD Gundam X - Super Gachapon World	31	"[{""value"":[""SD Gundam X: Super Gachapon Worl"",""SD Gundam X: Super Gachapon World""],""type"":""list"",""trackCount"":31,""memberPaths"":[""00-Title Screen.spc"",""01-Set Up Game.spc"",""02-Phase Theme 1.spc"",""03-Phase Theme 2.spc"",""04-Phase Theme 3.spc"",""05-Phase Theme 4.spc"",""06-Phase Theme 5.spc"",""07-Battle in the Upper Atmosphere.spc"",""08-Battle in the Asteroid Belt.spc"",""09-Battle in Outer Space.spc"",""10-Battle in the Space Colony.spc"",""11-Battle in the Base.spc"",""12-Battle on the Plains.spc"",""13-Battle in the Forest.spc"",""14-Battle in the Jungle.spc"",""15-Battle on the Snowfield.spc"",""16-Battle in the Desert.spc"",""17-Battle in Shallow Water.spc"",""18-Battle in the Ocean Depths.spc"",""19-Battle in the City.spc"",""20-Battle in the Ground Base.spc"",""21-Battle in the Launch Area.spc"",""22-Battle on the Moon.spc"",""23-Battle in the Lunar Mountains.spc"",""24-Battle in the Lunar City.spc"",""25-Battle in the Lunar Base.spc"",""26-Battle in the Lunar Launch Area.spc"",""27-Draw.spc"",""28-Victory.spc"",""29-Complete Victory!!.spc"",""30-Staff Roll.spc""]}]"	0	0	31	0	[]	0	0
sdmc.rsn	sdmc.rsn	Sword Maniac (JP)	13	"[{""value"":""Sword Maniac"",""type"":""str"",""trackCount"":13,""memberPaths"":[""00-Main Theme.spc"",""01-Neo New York.spc"",""02-Street.spc"",""03-Scaffold.spc"",""04-Sewer.spc"",""05-Entrance Hall.spc"",""06-Paradox.spc"",""07-Story.spc"",""08-Boss.spc"",""09-Stage Complete.spc"",""10-Last Boss.spc"",""11-Game Over.spc"",""12-Vs. Select.spc""]}]"	0	0	13	0	[]	0	0
sdo.rsn	sdo.rsn	Super Drift Out (JP)	19	"[{""value"":""Super Drift Out"",""type"":""str"",""trackCount"":19,""memberPaths"":[""00-Title.spc"",""01-Menu.spc"",""02-Course Editor.spc"",""03-Novice Course.spc"",""04-Normal BGM 1.spc"",""05-Normal BGM 2.spc"",""06-Normal BGM 3.spc"",""07-Normal BGM 4.spc"",""08-Hard BGM 1.spc"",""09-Hard BGM 2.spc"",""10-Hard BGM 3.spc"",""11-Hard BGM 4.spc"",""12-Hard BGM 5.spc"",""13-Your Result.spc"",""14-Round Clear.spc"",""15-Special Thanks.spc"",""16-Game Over.spc"",""17-Unused Song 1.spc"",""18-Unused Song 2.spc""]}]"	0	0	19	0	[]	0	0
sdpf.rsn	sdpf.rsn	Seifuku Densetsu - Pretty Fighter	16	"[{""value"":[""Seifuku Densetsu - Pretty Fighte"",""Seifuku Densetsu - Pretty Fighter""],""type"":""list"",""trackCount"":16,""memberPaths"":[""00-Title Screen.spc"",""01-Select Fighter.spc"",""02-Stage Select.spc"",""03-Baseball Stadium.spc"",""04-Street.spc"",""05-River.spc"",""06-Clock Tower.spc"",""07-Rooftop.spc"",""08-Dance Club.spc"",""09-Stage.spc"",""10-Ocean Cliff.spc"",""11-Won Fight.spc"",""12-Lost Match.spc"",""13-Continue.spc"",""14-End of Verses Match.spc"",""15-Staff Roll.spc""]}]"	0	0	16	0	[]	0	0
sesb.rsn	sesb.rsn	Super Star Wars - The Empire Strikes Back	20	"[{""value"":[""Super Star Wars: The Empire Stri"",""Super Star Wars: The Empire Strikes Back""],""type"":""list"",""trackCount"":20,""memberPaths"":[""00-JVC Presents.spc"",""01-Lucasarts Jingle 1.spc"",""02-Lucasarts Jingle 2.spc"",""03-In Stereo.spc"",""04-The Empire Strikes Back.spc"",""05-Star Wars Main Theme.spc"",""06-Stage Start.spc"",""07-Imperial March.spc"",""08-Stage Completed.spc"",""09-Luke's Theme.spc"",""10-The Rebel Base.spc"",""11-Snow Battle.spc"",""12-Boss Attack.spc"",""13-Darth Vader's Theme.spc"",""14-Dagobah Swamp.spc"",""15-Yoda's Theme.spc"",""16-Cloud City.spc"",""17-Darth Vader's Threat.spc"",""18-Lose Life.spc"",""19-Game Over.spc""]}]"	0	0	20	0	[]	0	0
sf.rsn	sf.rsn	Star Fox	53	"[{""value"":""Star Fox"",""type"":""str"",""trackCount"":53,""memberPaths"":[""00-Title Demonstration.spc"",""01-Title Screen.spc"",""02-Controls.spc"",""03-Course Map Select.spc"",""04-Emergency Call.spc"",""05-Corneria.spc"",""06-Meteor.spc"",""07-Titania.spc"",""08-Fortuna.spc"",""09-Macbeth.spc"",""10-Asteroid & Venom Orbital.spc"",""11-Space Armada.spc"",""12-Venom Base (Level 2).spc"",""13-Sector X & Sector Z.spc"",""14-Sector Y.spc"",""15-Venom Base (Level 1 & 3).spc"",""16-Boss (Corneria).spc"",""17-Boss (Meteor).spc"",""18-Boss (Fortuna).spc"",""19-Boss (Macbeth).spc"",""20-Boss (Titania).spc"",""21-Boss (Asteroid).spc"",""22-Boss (Space Armada).spc"",""23-Boss (Venom Base 1).spc"",""24-Boss (Venom Base 2).spc"",""25-Boss (Venom Base Extended).spc"",""26-Boss (Venom Base Short).spc"",""27-Boss (Last Boss Andross).spc"",""28-Player Down (Orchestra).spc"",""29-Player Down (Band).spc"",""30-Game Over.spc"",""31-Continue.spc"",""32-Course Clear (Orchestra).spc"",""33-Course Clear (Band).spc"",""34-Last Boss Clear.spc"",""35-Game Clear Demonstration.spc"",""36-Ending.spc"",""37-Main Theme.spc"",""38-Out of this Dimension.spc"",""39-Slot Machine.spc"",""40-Black Hole (BGM).spc"",""41-Black Hole (Map Select).spc"",""42-Training Mode.spc"",""43-Entering Dangerous Territory.spc"",""44-Black Hole (Warping).spc"",""45-Course Clear (Out of This Dimension).spc"",""46-The End.spc"",""47-Briefing.spc"",""48-Briefing (Fast Opening).spc"",""49-Secret Activated!.spc"",""50-Coming Out of Warp Speed.spc"",""51-Good Luck!.spc"",""52-Come in, Corneria!.spc""]}]"	53	0	0	0	"[{""value"":""Star Fox (TECD-25275)"",""type"":""str"",""trackCount"":44,""memberPaths"":[""00-Title Demonstration.spc"",""01-Title Screen.spc"",""02-Controls.spc"",""03-Course Map Select.spc"",""04-Emergency Call.spc"",""05-Corneria.spc"",""06-Meteor.spc"",""07-Titania.spc"",""08-Fortuna.spc"",""09-Macbeth.spc"",""10-Asteroid & Venom Orbital.spc"",""11-Space Armada.spc"",""12-Venom Base (Level 2).spc"",""13-Sector X & Sector Z.spc"",""14-Sector Y.spc"",""15-Venom Base (Level 1 & 3).spc"",""16-Boss (Corneria).spc"",""17-Boss (Meteor).spc"",""18-Boss (Fortuna).spc"",""19-Boss (Macbeth).spc"",""20-Boss (Titania).spc"",""21-Boss (Asteroid).spc"",""22-Boss (Space Armada).spc"",""23-Boss (Venom Base 1).spc"",""24-Boss (Venom Base 2).spc"",""25-Boss (Venom Base Extended).spc"",""27-Boss (Last Boss Andross).spc"",""28-Player Down (Orchestra).spc"",""29-Player Down (Band).spc"",""30-Game Over.spc"",""31-Continue.spc"",""32-Course Clear (Orchestra).spc"",""33-Course Clear (Band).spc"",""34-Last Boss Clear.spc"",""35-Game Clear Demonstration.spc"",""36-Ending.spc"",""37-Main Theme.spc"",""38-Out of this Dimension.spc"",""39-Slot Machine.spc"",""40-Black Hole (BGM).spc"",""41-Black Hole (Map Select).spc"",""42-Training Mode.spc"",""43-Entering Dangerous Territory.spc"",""44-Black Hole (Warping).spc""]}]"	0	44
sfb.rsn	sfb.rsn	Space Football - One on One (US)	10	"[{""value"":""Space Football"",""type"":""str"",""trackCount"":10,""memberPaths"":[""00-Title Screen.spc"",""01-Change Settings.spc"",""02-The Spaceships Take the Field!.spc"",""03-Level Music 1.spc"",""04-Level Music 2.spc"",""05-Level Music 3.spc"",""06-You Won!.spc"",""07-You Lost!.spc"",""08-Player Touchdown.spc"",""09-Opponent Touchdown.spc""]}]"	0	0	10	0	[]	0	0
sfcb.rsn	sfcb.rsn	Super Famicom Box 4S Attraction (JP)	3	"[{""value"":""Super Famicom Box"",""type"":""str"",""trackCount"":3,""memberPaths"":[""00-Main Menu.spc"",""01-Info Screen.spc"",""02-Demo Mode.spc""]}]"	0	0	3	0	[]	0	0
sfs.rsn	sfs.rsn	Super Formation Soccer (Super Soccer)	29	"[{""value"":""Super Formation Soccer"",""type"":""str"",""trackCount"":29,""memberPaths"":[""00-Title.spc"",""01-Menu.spc"",""02-Passcode.spc"",""03-Germany.spc"",""04-Argentinia.spc"",""05-Italy.spc"",""06-Brazil.spc"",""07-Holland.spc"",""08-England.spc"",""09-Cameroon.spc"",""10-Romania.spc"",""11-Ireland.spc"",""12-France.spc"",""13-U.S.A.spc"",""14-Japan.spc"",""15-Colombia.spc"",""16-Yugoslavia.spc"",""17-Uruguay.spc"",""18-Belgium.spc"",""19-All Stars.spc"",""20-Second Half.spc"",""21-Shootout Intro.spc"",""22-Shootout.spc"",""23-Lost Exhibition.spc"",""24-Win Exhibition.spc"",""25-Lost Tournament.spc"",""26-Win Tournament.spc"",""27-Staff Roll.spc"",""28-Unused.spc""]}]"	0	0	29	0	[]	0	0
sft.rsn	sft.rsn	Super Family Tennis (JP)	55	"[{""value"":""Super Family Tennis"",""type"":""str"",""trackCount"":55,""memberPaths"":[""00-Namco Logo.spc"",""01-Title Screen.spc"",""02-Character Select.spc"",""03-Tournament Table.spc"",""04-Game Start.spc"",""05-Change Court.spc"",""06-Game.spc"",""07-Game Set and Match.spc"",""08-Results.spc"",""09-Grand Slam Achievement.spc"",""10-Story Mode Introduction.spc"",""11-Rival.spc"",""12-Battle Standby.spc"",""13-Lose.spc"",""14-Win.spc"",""15-Catch!.spc"",""16-Threatening Letter.spc"",""17-Password.spc"",""18-Uneasiness.spc"",""19-Dandy Appearance 1.spc"",""20-Dandy Appearance 2.spc"",""21-Theme of Dandy.spc"",""22-Sniping.spc"",""23-Wildoll Blown Off.spc"",""24-Airplane.spc"",""25-Chasing.spc"",""26-Phone Call.spc"",""27-Lift the Phone.spc"",""28-Dandy and Milk.spc"",""29-South Island.spc"",""30-Ending.spc"",""31-The End.spc"",""32-Unused Song.spc"",""33-Play!.spc"",""34-Game!.spc"",""35-Game Set!.spc"",""36-Love-15.spc"",""37-Love-30.spc"",""38-Love-40.spc"",""39-15-Love.spc"",""40-15-All.spc"",""41-15-30.spc"",""42-15-40.spc"",""43-30-Love.spc"",""44-30-15.spc"",""45-30-All.spc"",""46-30-40.spc"",""47-40-Love.spc"",""48-40-15.spc"",""49-40-30.spc"",""50-Deuce!.spc"",""51-Advantage Server!.spc"",""52-Advantage Receiver!.spc"",""53-Fault!.spc"",""54-Out!.spc""]}]"	0	0	55	0	[]	0	0
sfx2.rsn	sfx2.rsn	Star Fox 2 (never released to public)	65	"[{""value"":""Star Fox 2 Beta"",""type"":""str"",""trackCount"":3,""memberPaths"":[""60-Macbeth Beta.spc"",""61-Fortuna Beta.spc"",""62-Unused Beta.spc""]},{""value"":""Star Fox 2"",""type"":""str"",""trackCount"":62,""memberPaths"":[""00-Opening.spc"",""01-Cutscene (Back to Base).spc"",""02-Title.spc"",""03-Records.spc"",""04-Cutscene (Danger).spc"",""05-Star Map Introduction.spc"",""06-Select Menu.spc"",""07-Cutscene (Release).spc"",""08-Star Map Select.spc"",""09-Target Description.spc"",""10-Venom.spc"",""11-Venom Inside.spc"",""12-Taitania.spc"",""13-Taitania Inside.spc"",""14-Macbeth.spc"",""15-Macbeth Inside.spc"",""16-Eladard.spc"",""17-Eladard Inside.spc"",""18-Meteor.spc"",""19-Meteor Inside.spc"",""20-Player Down.spc"",""21-Planet Boss Battle.spc"",""22-Planet Finished.spc"",""23-Fortuna.spc"",""24-Fortune Inside.spc"",""25-Planet Boss Battle 2.spc"",""26-Player Down 2.spc"",""27-Planet Finished 2.spc"",""28-Cutscene (Danger 2).spc"",""29-Cutscene (Danger 3).spc"",""30-Flotilla Battle.spc"",""31-Surprise Attack.spc"",""32-Player Down 3.spc"",""33-Enemy out of Range.spc"",""34-Flotilla Destroyed.spc"",""35-Missiles.spc"",""36-Missiles Destroyed.spc"",""37-Battleship.spc"",""38-Inside of the Battleship.spc"",""39-Battleship Destroyed.spc"",""40-Cutscene (Battleship Shoots).spc"",""41-Cutscene (Mirage Dragon Intro).spc"",""42-Battle against Mirage Dragon.spc"",""43-Mysterious Space Station.spc"",""44-Space Station.spc"",""45-Big Boss Defeated.spc"",""46-Andorf.spc"",""47-Staff Roll.spc"",""48-Game Over.spc"",""49-Continue.spc"",""50-Records 2.spc"",""51-Records 3.spc"",""52-Attack on Coneria.spc"",""53-Coneria Fell.spc"",""54-Unused Battle.spc"",""55-Unused Battle (faster).spc"",""56-Unused Battle 2.spc"",""57-Unused Battle 3.spc"",""58-Unused Cutscene.spc"",""59-Unused Cutscene 2.spc"",""63-Unused Opening Remix.spc"",""64-Unused Coneria.spc""]}]"	0	0	65	0	[]	0	0
sg3.rsn	sg3.rsn	Shinri Game 3, The (JP)	8	"[{""value"":""The Shinri Game 3"",""type"":""str"",""trackCount"":8,""memberPaths"":[""00-Visit Logo.spc"",""01-Title Screen.spc"",""02-Opening.spc"",""03-In-Game Music 1.spc"",""04-In-Game Music 2.spc"",""05-In-Game Music 3.spc"",""06-Choose a Door.spc"",""07-Unknown Song.spc""]}]"	0	0	8	0	[]	0	0
sgb.rsn	sgb.rsn	Super Gameboy	2	"[{""value"":""Super Game Boy"",""type"":""str"",""trackCount"":2,""memberPaths"":[""00-Credits Roll.spc"",""01-Cart Present.spc""]}]"	0	0	2	0	[]	0	0
sggb.rsn	sggb.rsn	Speedy Gonzalez in Los Gatos Banditos	18	"[{""value"":""Speedy Gonzalez"",""type"":""str"",""trackCount"":18,""memberPaths"":[""00-Introduction.spc"",""01-Title Screen.spc"",""02-Map.spc"",""03-Sleepy Rock.spc"",""04-Level Complete.spc"",""05-Surely Wood.spc"",""06-El Gato Battle 1.spc"",""07-Fiesta City.spc"",""08-Ancient Keep.spc"",""09-Snowy Cabin.spc"",""10-Galactical Galaxies.spc"",""11-El Gato Battle 2.spc"",""12-Ye Olde Bounty.spc"",""13-Battle with Pirate Gato.spc"",""14-The Mice Have Been Rescued.spc"",""15-Staff Roll.spc"",""16-Continue.spc"",""17-Game Over.spc""]}]"	0	0	18	0	[]	0	0
sgn.rsn	sgn.rsn	Super Gomoku Narabe - Renju (JP)	11	"[{""value"":""Super Gomoku Narabe Renju"",""type"":""str"",""trackCount"":11,""memberPaths"":[""00-Renju ~ Advanced Gomoku Narabe.spc"",""01-Mode Select.spc"",""02-Renju Dictionary.spc"",""03-The Rules of Renju.spc"",""04-Sakura ~ The Cherry Blossoms.spc"",""05-Jinsei ~ The Course of Life.spc"",""06-Tabi ~ The Pilgrimage.spc"",""07-Renju Examination.spc"",""08-Honor.spc"",""09-Disgrace.spc"",""10-Recognition.spc""]}]"	0	0	11	0	[]	0	0
sh94.rsn	sh94.rsn	Super Hockey '94 (JP)	8	"[{""value"":""Super Hockey '94"",""type"":""str"",""trackCount"":8,""memberPaths"":[""00-Title.spc"",""01-Menu.spc"",""02-Game Match 1.spc"",""03-Game Match 2.spc"",""04-Goal.spc"",""05-Game Over.spc"",""06-Victory.spc"",""07-Ending.spc""]}]"	0	0	8	0	[]	0	0
shad.rsn	shad.rsn	Shadow, The	16	"[{""value"":""The Shadow"",""type"":""str"",""trackCount"":16,""memberPaths"":[""00-Title Screen.spc"",""01-The Story.spc"",""02-Briefing & Level Title.spc"",""03-Time Square & Hotel Monolith.spc"",""04-Level Complete.spc"",""05-Buildings.spc"",""06-Amusement Park.spc"",""07-Boss Battle.spc"",""08-The Museum & China Town.spc"",""09-The Bike Chase.spc"",""10-Maritech Labs.spc"",""11-The Second Battle with Khan.spc"",""12-Ending and Staff Roll.spc"",""13-Game Over.spc"",""14-Continue.spc"",""15-Shadow's Laugh.spc""]}]"	0	0	16	0	[]	0	0
shaq.rsn	shaq.rsn	Shaq-Fu	19	"[{""value"":""Shaq Fu"",""type"":""str"",""trackCount"":19,""memberPaths"":[""00-Delphine Software Logo.spc"",""01-Shaq Fu Theme.spc"",""02-Duel.spc"",""03-Vs.spc"",""04-Story Cinema.spc"",""05-2nd World.spc"",""06-Catwalk Falls.spc"",""07-Vagabond Temple.spc"",""08-Gargoyles' Peak.spc"",""09-Tombstone Island.spc"",""10-Lost Jungle.spc"",""11-Dragon's Pass.spc"",""12-Continue.spc"",""13-Win Match.spc"",""14-Sett's Ending.spc"",""15-Rajah's Ending.spc"",""16-Mephis' Ending.spc"",""17-Kaori's Ending.spc"",""18-Voodoo's Ending.spc""]}]"	0	0	19	0	"[{""value"":""<unknown>"",""type"":""str"",""trackCount"":6,""memberPaths"":[""13-Win Match.spc"",""14-Sett's Ending.spc"",""15-Rajah's Ending.spc"",""16-Mephis' Ending.spc"",""17-Kaori's Ending.spc"",""18-Voodoo's Ending.spc""]}]"	0	6
shed.rsn	shed.rsn	Shiki Eiyuu Den - Jinryuu Densetsu	33	"[{""value"":""Shiki Eiyuu Den"",""type"":""str"",""trackCount"":33,""memberPaths"":[""00-Title Theme.spc"",""01-Naming.spc"",""02-Prologue.spc"",""03-Village.spc"",""04-Danger.spc"",""05-Fixed Battle.spc"",""06-At Hermitage.spc"",""07-Field Theme.spc"",""08-Field Battle.spc"",""09-Defeated.spc"",""10-Level Up.spc"",""11-City of Rakuyou.spc"",""12-Saint U shrine.spc"",""13-Sleeping.spc"",""14-Dungeon.spc"",""15-Battle in the Dungeon.spc"",""16-City of Youteki.spc"",""17-City of Rinsi.spc"",""18-Aboard.spc"",""19-City of Kei.spc"",""20-Hajimari no Mura.spc"",""21-Three Mountains.spc"",""22-City of Jushun.spc"",""23-Kankokukan.spc"",""24-City of Kanyou.spc"",""25-Field after Becoming Sennin.spc"",""26-On the Kintoun.spc"",""27-Writing a Book at His Hermitage.spc"",""28-Senkai.spc"",""29-The Great Wall of China.spc"",""30-Makai.spc"",""31-Battle with Shikoutei.spc"",""32-Ending at Kahi.spc""]}]"	0	0	33	0	[]	0	0
shg.rsn	shg.rsn	Shanghai - Banri no Choujou (JP)	29	"[{""value"":""Shanghai"",""type"":""str"",""trackCount"":29,""memberPaths"":[""00-Title.spc"",""01-Config.spc"",""02-Arcade.spc"",""03-Map.spc"",""04-Game BGM 1.spc"",""05-Game BGM 2.spc"",""06-Game BGM 3.spc"",""07-Game BGM 4.spc"",""08-Game BGM 5.spc"",""09-Game BGM 6.spc"",""10-Game BGM 7.spc"",""11-Game BGM 8.spc"",""12-Game BGM 9.spc"",""13-Game BGM 10.spc"",""14-Game BGM 11.spc"",""15-Game BGM 12.spc"",""16-Game BGM 13.spc"",""17-Staff Roll.spc"",""18-Victory.spc"",""19-End.spc"",""20-Ranking.spc"",""21-Bonus.spc"",""22-Failed.spc"",""23-Continue.spc"",""24-Game Over.spc"",""25-Unused Song 1.spc"",""26-Unused Song 2.spc"",""27-Unused Song 3.spc"",""28-Unused Song 4.spc""]}]"	0	0	29	0	[]	0	0
shg2.rsn	shg2.rsn	shanghai ii dragon s eye	35	"[{""value"":""Shanghai 2"",""type"":""str"",""trackCount"":35,""memberPaths"":[""00-Main Theme.spc"",""01-Old-Fashioned Mahjong.spc"",""02-Playing the Cards.spc"",""03-Hanafuda Match.spc"",""04-From A to Z.spc"",""05-Geography Lesson.spc"",""06-Sporting Events.spc"",""07-Fantasy Realm.spc"",""08-All the Animals.spc"",""09-Fruits and Vegetables.spc"",""10-Watch the Signs.spc"",""11-Dragon Slayer.spc"",""12-Unused Song.spc"",""13-Tile Match Jingle 1.spc"",""14-Tile Match Jingle 2.spc"",""15-Tile Match Jingle 3.spc"",""16-Tile Match Jingle 4.spc"",""17-Tile Match Jingle 5.spc"",""18-Tile Match Jingle 6.spc"",""19-Tile Match Rhythm 1.spc"",""20-Tile Match Rhythm 2.spc"",""21-Tile Match Rhythm 3.spc"",""22-Tile Match Rhythm 4.spc"",""23-Tile Match Rhythm 5.spc"",""24-Tile Match (Siren).spc"",""25-Tile Match (Whistle).spc"",""26-Tile Match (Swing).spc"",""27-Tile Match (Applause).spc"",""28-Tile Match (Chirp).spc"",""29-Tile Match (Meow).spc"",""30-Tile Match (Woof 1).spc"",""31-Tile Match (Woof 2).spc"",""32-We're Number One!.spc"",""33-Domo Arigato.spc"",""34-Mwa ha ha!.spc""]}]"	0	0	35	0	[]	0	0
shuso.rsn	shuso.rsn	Sailor Moon Super S - Zenin Sanka!! Shuyaku Soudatsusen	20	"[{""value"":[""Sailor Moon Super S: Zenin Sanka"",""Sailor Moon Super S: Zenin Sanka!! Shuyaku Soudatsusen""],""type"":""list"",""trackCount"":20,""memberPaths"":[""00-Moonlight Densetsu.spc"",""01-Storyline.spc"",""02-Select Character.spc"",""03-Next Opponent.spc"",""04-Ability Customize System.spc"",""05-Theme of Sailor Moon.spc"",""06-Theme of Sailor Mercury.spc"",""07-Theme of Sailor Mars.spc"",""08-Theme of Sailor Jupiter.spc"",""09-Theme of Sailor Venus.spc"",""10-Theme of Sailor Chibimoon.spc"",""11-Outer Senshi vs. Guardian Senshi.spc"",""12-Theme of Sailor Pluto.spc"",""13-Theme of Sailor Neptune.spc"",""14-Theme of Sailor Uranus.spc"",""15-Theme of Sailor Saturn.spc"",""16-Report Card.spc"",""17-Ending Theme.spc"",""18-Tournament Battle.spc"",""19-Continue.spc""]}]"	0	0	20	0	[]	0	0
sicfb.rsn	sicfb.rsn	Sports Illustrated Championship Football and Baseball	6	"[{""value"":[""Sports Illustrated Championship"",""Sports Illustrated Championship Football and Baseball""],""type"":""list"",""trackCount"":6,""memberPaths"":[""00-Main Theme.spc"",""01-End of Game.spc"",""02-Champions!.spc"",""03-Take Me Out to the Ball Game.spc"",""04-Hey Batter Batter!.spc"",""05-Charge!.spc""]}]"	0	0	6	0	[]	0	0
skab.rsn	skab.rsn	Sougou Kakutougi - Astral Bout (JP)	21	"[{""value"":""Sougou Kakutougi Astral Bout"",""type"":""str"",""trackCount"":21,""memberPaths"":[""00-Title Screen.spc"",""01-Main Menu.spc"",""02-Next Match (Championship).spc"",""03-Fight Music 1.spc"",""04-Fight Music 2.spc"",""05-Fight Music 3.spc"",""06-Fight Music 4.spc"",""07-Fight Music 5.spc"",""08-Fight Music 6.spc"",""09-Fight Music 7.spc"",""10-Fight Music 8.spc"",""11-Fight Music 9.spc"",""12-End of Round.spc"",""13-Winner!.spc"",""14-Continue.spc"",""15-Game Over.spc"",""16-Let's Challenge! Try High Level.spc"",""17-Final Bout ~ The King of the Uni.spc"",""18-You Are Champion!.spc"",""19-Select Fighter (Non-Championship.spc"",""20-Retry Mode.spc""]}]"	0	0	21	0	[]	0	0
skab2.rsn	skab2.rsn	Sougou Kakutougi Astral Bout 2 - The Total Fighters	22	"[{""value"":""Astral Bout 2"",""type"":""str"",""trackCount"":22,""memberPaths"":[""00-Title Screen.spc"",""01-Main Menu.spc"",""02-Map Screen.spc"",""03-Next Match.spc"",""04-Theme of Kajiwara.spc"",""05-Theme of Goldman.spc"",""06-Theme of Takuma.spc"",""07-Theme of Bryce.spc"",""08-Theme of Louis.spc"",""09-Theme of Asuka.spc"",""10-Theme of Maeda.spc"",""11-Theme of Warren.spc"",""12-Theme of Hawk.spc"",""13-Winner!.spc"",""14-Continue.spc"",""15-Theme of Blight.spc"",""16-Theme of Hook.spc"",""17-Theme of Tetsuzan.spc"",""18-Try Harder Level.spc"",""19-Ending.spc"",""20-Staff Roll.spc"",""21-Pause Game.spc""]}]"	0	0	22	0	[]	0	0
skh.rsn	skh.rsn	Sengoku no Hasha - Tenkafubu e no Michi (JP)	14	"[{""value"":""Sengo Kuno Hasha"",""type"":""str"",""trackCount"":14,""memberPaths"":[""00-Title.spc"",""01-Overture.spc"",""02-Strategy.spc"",""03-War Field Operations.spc"",""04-War Naval Battle.spc"",""05-Theme Normal.spc"",""06-Theme The Shikoku District.spc"",""07-Theme Central Japan.spc"",""08-Theme The Kyushu District.spc"",""09-Theme The Tohoku District.spc"",""10-Defeated.spc"",""11-Ending.spc"",""12-Credits (part 1).spc"",""13-Credits (part 2).spc""]}]"	0	0	14	0	[]	0	0
skyin.rsn	skyin.rsn	Super Koukou Yakyuu - Ikkyuu Nyuukon	23	"[{""value"":[""Super Koukou Yakyuu: Ikkyuu Nyuu"",""Super Koukou Yakyuu: Ikkyuu Nyuukon""],""type"":""list"",""trackCount"":23,""memberPaths"":[""00-I'Max Logo.spc"",""01-Title Screen.spc"",""02-Push Start.spc"",""03-Menu.spc"",""04-Versus.spc"",""05-Yoroshiku Onegaishimasu!.spc"",""06-Play Ball!.spc"",""07-Let's Wager the White Ball!.spc"",""08-Chance.spc"",""09-Hit!.spc"",""10-Get Home.spc"",""11-Home Run.spc"",""12-Time.spc"",""13-Scoreboard.spc"",""14-Newspaper.spc"",""15-District Tournament Defeat.spc"",""16-District Tournament Victory.spc"",""17-7th Inning.spc"",""18-Koshien Game End.spc"",""19-Koshien Defeat.spc"",""20-Koshien Victory.spc"",""21-Spring Tournament Defeat.spc"",""22-Spring Tournament Victory.spc""]}]"	0	0	23	0	[]	0	0
slay.rsn	slay.rsn	Slayers (JP)	46	"[{""value"":""Slayers"",""type"":""str"",""trackCount"":46,""memberPaths"":[""00-Opening.spc"",""01-The First Village.spc"",""02-Villagers.spc"",""03-Cave.spc"",""04-Dialogues.spc"",""05-Status.spc"",""06-Battle.spc"",""07-Boss Battle.spc"",""08-Disquieting Atmosphere.spc"",""09-Map.spc"",""10-Hydra Mountain.spc"",""11-Thieves' Den.spc"",""12-Johannes City.spc"",""13-Drug Store.spc"",""14-Magical Doctor.spc"",""15-Church.spc"",""16-Figaro City.spc"",""17-Downward to the Abandoned Castle.spc"",""18-Atlus City.spc"",""19-Sorcery Church.spc"",""20-Vaile Castle.spc"",""21-Crimson Town.spc"",""22-Devastated Atlus City.spc"",""23-Tales City.spc"",""24-Mayela Village.spc"",""25-Malene Village.spc"",""26-Labinero Village.spc"",""27-Sigmun City.spc"",""28-Seirun City.spc"",""29-Seirun Castle.spc"",""30-Peace of Mind.spc"",""31-Okus Village.spc"",""32-Tairer City.spc"",""33-Figaro Castle.spc"",""34-Sairag the Doomed City.spc"",""35-Battle with Zeras Metaliom.spc"",""36-The First Ending.spc"",""37-Peterus Village.spc"",""38-Battle with Ray Magnus Schabranigdu.spc"",""39-The Second Ending.spc"",""40-Ally Joins.spc"",""41-Item.spc"",""42-Victory.spc"",""43-Sleep.spc"",""44-New Maps.spc"",""45-Farewell to an Ally.spc""]}]"	0	0	46	0	[]	0	0
sm.rsn	sm.rsn	Super Metroid	38	"[{""value"":""Super Metroid"",""type"":""str"",""trackCount"":38,""memberPaths"":[""00-Opening ~ Destruction of the Space Colony.spc"",""01-Theme of Super Metroid.spc"",""02-Planet Zebes ~ Arrival on Crateria.spc"",""03-Crateria ~ The Space Pirates Appear.spc"",""04-Brinstar Overgrown with Vegetation Area.spc"",""05-Brinstar Red Soil Swampy Area.spc"",""06-Norfair Hot Lava Area.spc"",""07-Theme of Samus Aran ~ Galactic Warrior.spc"",""08-Wrecked Ship.spc"",""09-Maridia Rocky Underwater Area.spc"",""10-Maridia Drifting Sand Underwater Area.spc"",""11-Norfair Ancient Ruins Area.spc"",""12-Mini Boss Confrontation.spc"",""13-Big Boss Confrontation 1.spc"",""14-Big Boss Confrontation 2.spc"",""15-Samus Aran's Appearance Fanfare.spc"",""16-Item Acquisition Fanfare.spc"",""17-Samus Aran's Final Cry.spc"",""18-Chozo Statue Awakens.spc"",""19-Tourian.spc"",""20-Mother Brain.spc"",""21-Escape.spc"",""22-Planet Zebes Explodes.spc"",""23-Ending.spc"",""24-Crateria Underground.spc"",""25-Wrecked Ship (Activated).spc"",""26-Unused Jingle.spc"",""27-Space Ship.spc"",""28-Space Colony.spc"",""29-The Space Colony Explodes.spc"",""30-The Space Colony Explodes ~ To Planet Zebes.spc"",""31-Item Room.spc"",""32-Tension.spc"",""33-Mysterious Statue Chamber.spc"",""34-Continue.spc"",""35-Crateria Rainstorm.spc"",""36-The Last Metroid is in Captivity.spc"",""37-The Galaxy is at Peace.spc""]}]"	38	0	0	0	"[{""value"":""Super Metroid Sound In Action (SRCL-2920)"",""type"":""str"",""trackCount"":24,""memberPaths"":[""00-Opening ~ Destruction of the Space Colony.spc"",""01-Theme of Super Metroid.spc"",""02-Planet Zebes ~ Arrival on Crateria.spc"",""03-Crateria ~ The Space Pirates Appear.spc"",""04-Brinstar Overgrown with Vegetation Area.spc"",""05-Brinstar Red Soil Swampy Area.spc"",""06-Norfair Hot Lava Area.spc"",""07-Theme of Samus Aran ~ Galactic Warrior.spc"",""08-Wrecked Ship.spc"",""09-Maridia Rocky Underwater Area.spc"",""10-Maridia Drifting Sand Underwater Area.spc"",""11-Norfair Ancient Ruins Area.spc"",""12-Mini Boss Confrontation.spc"",""13-Big Boss Confrontation 1.spc"",""14-Big Boss Confrontation 2.spc"",""15-Samus Aran's Appearance Fanfare.spc"",""16-Item Acquisition Fanfare.spc"",""17-Samus Aran's Final Cry.spc"",""18-Chozo Statue Awakens.spc"",""19-Tourian.spc"",""20-Mother Brain.spc"",""21-Escape.spc"",""22-Planet Zebes Explodes.spc"",""23-Ending.spc""]}]"	0	24
smas.rsn	smas.rsn	Super Mario All-Stars	101	"[{""value"":""Super Mario All-Stars"",""type"":""str"",""trackCount"":9,""memberPaths"":[""00-Nintendo Logo.spc"",""01-Intro Chatter (American).spc"",""02-Intro Chatter (Japanese).spc"",""03-Title.spc"",""04-Game Select.spc"",""05-Screen Down.spc"",""06-Screen Up.spc"",""100-Wind.spc"",""99-Extra Life.spc""]},{""value"":""Super Mario Bros. 2"",""type"":""str"",""trackCount"":16,""memberPaths"":[""33-Title.spc"",""34-Player Select.spc"",""35-Overworld.spc"",""36-Underworld.spc"",""37-Subspace.spc"",""38-Power Up Fanfare.spc"",""39-Birdo.spc"",""40-Victory.spc"",""41-World Clear.spc"",""42-Bonus Game.spc"",""43-Wart.spc"",""44-Ending.spc"",""45-Invincible.spc"",""46-Warp.spc"",""47-Player Down.spc"",""48-Game Over.spc""]},{""value"":""Super Mario Bros. 3"",""type"":""str"",""trackCount"":50,""memberPaths"":[""49-Title.spc"",""50-Grass Land.spc"",""51-Desert Land.spc"",""52-Ocean Land.spc"",""53-Giant Land.spc"",""54-Sky Land.spc"",""55-Ice Land.spc"",""56-Pipe Land.spc"",""57-Dark Land.spc"",""58-Warp Zone.spc"",""59-Music Box.spc"",""60-Overworld.spc"",""61-Athletic.spc"",""62-Underworld.spc"",""63-In the Clouds.spc"",""64-Swimming.spc"",""65-Course Clear.spc"",""66-Enemy Battle.spc"",""67-Fortress.spc"",""68-King's Chamber.spc"",""69-Airship.spc"",""70-Boss Battle.spc"",""71-Fireworks.spc"",""72-World Clear.spc"",""73-Princess' Message.spc"",""74-Message From Bowser.spc"",""75-The Evil King Bowser.spc"",""76-Defeat of Bowser.spc"",""77-Chamber Open.spc"",""78-Ending.spc"",""79-Toad's House.spc"",""80-Bonus Game.spc"",""81-Bonus Win.spc"",""82-Battle Mode.spc"",""83-Invincible.spc"",""84-Time Up Warning.spc"",""85-Player Down.spc"",""86-Game Over.spc"",""87-Overworld (Hurry Up).spc"",""88-Athletic (Hurry Up).spc"",""89-Underworld (Hurry Up).spc"",""90-In the Clouds (Hurry Up).spc"",""91-Swimming (Hurry Up).spc"",""92-Enemy Battle (Hurry Up).spc"",""93-Fortress (Hurry Up).spc"",""94-Airship (Hurry Up).spc"",""95-Boss Battle (Hurry Up).spc"",""96-The Evil King Bowser (Hurry Up).spc"",""97-Toad's House (Hurry Up).spc"",""98-Invincible (Hurry Up).spc""]},{""value"":""Super Mario Bros."",""type"":""str"",""trackCount"":26,""memberPaths"":[""07-Title.spc"",""08-Overworld.spc"",""09-Course Clear.spc"",""10-Going Underground.spc"",""11-Underworld.spc"",""12-Castle.spc"",""13-King Bowser.spc"",""14-Swimming.spc"",""15-Last Battle.spc"",""16-World Clear.spc"",""17-Ending.spc"",""18-Bonus.spc"",""19-Invincible.spc"",""20-Time Up Warning.spc"",""21-Player Down.spc"",""22-Game Over.spc"",""23-Lost Levels Title.spc"",""24-Lost Levels Ending.spc"",""25-Overworld (Hurry Up).spc"",""26-Underworld (Hurry Up).spc"",""27-Castle (Hurry Up).spc"",""28-Swimming (Hurry Up).spc"",""29-King Bowser (Hurry Up).spc"",""30-Last Battle (Hurry Up).spc"",""31-Bonus (Hurry Up).spc"",""32-Invincible (Hurry Up).spc""]}]"	9	0	92	0	[]	0	0
smbb.rsn	smbb.rsn	Seijuu Maden Beasts & Blades (JP)	25	"[{""value"":""Seijuu Maden - Beasts & Blades"",""type"":""str"",""trackCount"":25,""memberPaths"":[""00-Introductory Chapter.spc"",""01-Ripples.spc"",""02-Angel.spc"",""03-At the Movement.spc"",""04-Amusement Park.spc"",""05-Crescendo of Death.spc"",""06-World of World.spc"",""07-The Secret is Opened.spc"",""08-Humming of Courage.spc"",""09-Adieu.spc"",""10-Road in Evening Glow.spc"",""11-Answer of Asking Oneself.spc"",""12-Pleasant Soldier.spc"",""13-Prologue for Tomorrow.spc"",""14-Heroes.spc"",""15-Expected Scenario.spc"",""16-Soul in Bottom.spc"",""17-Dark Side.spc"",""18-Pendulum of Fate.spc"",""19-Introductory Chapter of Fight.spc"",""20-Close Your Eyes.spc"",""21-The People of Wandering.spc"",""22-Green Horizon.spc"",""23-Stroll of Camel.spc"",""24-Victory.spc""]}]"	0	0	25	0	[]	0	0
smd.rsn	smd.rsn	Shin Momotarou Densetsu	64	"[{""value"":""Shin Momotarou Densetsu"",""type"":""str"",""trackCount"":64,""memberPaths"":[""00-Title.spc"",""01-Basaraou's Theme.spc"",""02-Overture.spc"",""03-A Crisis is Drawing Near.spc"",""04-Hindering Ogres.spc"",""05-Karura's Theme.spc"",""06-Long-Standing Rival.spc"",""07-Sennin's Theme.spc"",""08-Momotarou's Firm Decision.spc"",""09-Peaceful Village.spc"",""10-Momotarou's Theme.spc"",""11-Battle with Ogres.spc"",""12-Ksitigarbha.spc"",""13-Training.spc"",""14-Cave.spc"",""15-Dreadful Enemies.spc"",""16-Breaking Down.spc"",""17-Sparrows Inn.spc"",""18-Mountain Path.spc"",""19-Desperate Situation.spc"",""20-Ajase's Theme.spc"",""21-Taoist Village.spc"",""22-Rustic Fete.spc"",""23-Moukarimakka Ondo.spc"",""24-Urashima Village.spc"",""25-Ryuuguu Castle.spc"",""26-Ryuuguu Millenary Dance.spc"",""27-Kaguya, the Princess of the Moon.spc"",""28-Village on the Moon.spc"",""29-Soaring Tower.spc"",""30-Smiling Competition.spc"",""31-Binbougami's Theme.spc"",""32-Amanojyaku's Theme.spc"",""33-Village of Smiles.spc"",""34-Mashira's Theme.spc"",""35-Conversion.spc"",""36-Capital of Wishes.spc"",""37-Momotarou's Castle.spc"",""38-Fuujin and Raijin.spc"",""39-Yashahime's Theme.spc"",""40-Triumphant Return.spc"",""41-Sea Breeze.spc"",""42-Stormy Naval Battle.spc"",""43-Robot Making Craftsman.spc"",""44-Fling Castle.spc"",""45-The Ocean Floor.spc"",""46-Milky Way.spc"",""47-Fling in Moonlight.spc"",""48-Phoenix.spc"",""49-Through a Wilderness.spc"",""50-Hell.spc"",""51-Decisive Battle with Basaraou.spc"",""52-Final Battle.spc"",""53-Dawn.spc"",""54-Denouement.spc"",""55-Sea.spc"",""56-Battle Intro.spc"",""57-Battle End.spc"",""58-Level Up.spc"",""59-Technique.spc"",""60-Event Item.spc"",""61-Failure.spc"",""62-Curse.spc"",""63-Karura's Metamorphosis.spc""]}]"	64	0	0	0	"[{""value"":""Shin Momotarou Densetsu (VICL-40102~4)"",""type"":""str"",""trackCount"":55,""memberPaths"":[""00-Title.spc"",""01-Basaraou's Theme.spc"",""02-Overture.spc"",""03-A Crisis is Drawing Near.spc"",""04-Hindering Ogres.spc"",""05-Karura's Theme.spc"",""06-Long-Standing Rival.spc"",""07-Sennin's Theme.spc"",""08-Momotarou's Firm Decision.spc"",""09-Peaceful Village.spc"",""10-Momotarou's Theme.spc"",""11-Battle with Ogres.spc"",""12-Ksitigarbha.spc"",""13-Training.spc"",""14-Cave.spc"",""15-Dreadful Enemies.spc"",""16-Breaking Down.spc"",""17-Sparrows Inn.spc"",""18-Mountain Path.spc"",""19-Desperate Situation.spc"",""20-Ajase's Theme.spc"",""21-Taoist Village.spc"",""22-Rustic Fete.spc"",""23-Moukarimakka Ondo.spc"",""24-Urashima Village.spc"",""25-Ryuuguu Castle.spc"",""26-Ryuuguu Millenary Dance.spc"",""27-Kaguya, the Princess of the Moon.spc"",""28-Village on the Moon.spc"",""29-Soaring Tower.spc"",""30-Smiling Competition.spc"",""31-Binbougami's Theme.spc"",""32-Amanojyaku's Theme.spc"",""33-Village of Smiles.spc"",""34-Mashira's Theme.spc"",""35-Conversion.spc"",""36-Capital of Wishes.spc"",""37-Momotarou's Castle.spc"",""38-Fuujin and Raijin.spc"",""39-Yashahime's Theme.spc"",""40-Triumphant Return.spc"",""41-Sea Breeze.spc"",""42-Stormy Naval Battle.spc"",""43-Robot Making Craftsman.spc"",""44-Fling Castle.spc"",""45-The Ocean Floor.spc"",""46-Milky Way.spc"",""47-Fling in Moonlight.spc"",""48-Phoenix.spc"",""49-Through a Wilderness.spc"",""50-Hell.spc"",""51-Decisive Battle with Basaraou.spc"",""52-Final Battle.spc"",""53-Dawn.spc"",""54-Denouement.spc""]}]"	0	55
smffp.rsn	smffp.rsn	bishoujo senshi sailor moon supers fuwafuwa panic (JP)	18	"[{""value"":[""Sailor Moon Super S: Fuwa Fuwa P"",""Sailor Moon Super S: Fuwa Fuwa Panic""],""type"":""list"",""trackCount"":18,""memberPaths"":[""00-Title Screen.spc"",""01-Character Select.spc"",""02-Moon & Chibimoon's Theme.spc"",""03-Mars and Mercury's Theme.spc"",""04-Jupiter and Venus's Theme.spc"",""05-Uranus and Neptune's Theme.spc"",""06-Pluto's Theme.spc"",""07-Saturn's Theme.spc"",""08-P-Mode Round.spc"",""09-Practice Round.spc"",""10-What is it.spc"",""11-Ending Song.spc"",""12-Staff Roll.spc"",""13-Congrats!.spc"",""14-You Win! (Story and Versus).spc"",""15-You Lost.spc"",""16-Continue Screen.spc"",""17-You Win! (Practice Mode).spc""]}]"	0	0	18	0	[]	0	0
smlf.rsn	smlf.rsn	Spiderman - Lethal Foes	21	"[{""value"":""Spider-Man: Lethal Foes"",""type"":""str"",""trackCount"":21,""memberPaths"":[""00-Epoch & Marvel Logos.spc"",""01-Friendly Neighborhood Spiderman.spc"",""02-Main Theme.spc"",""03-Signs of Trouble.spc"",""04-City Rooftops.spc"",""05-Violent Encounter.spc"",""06-Arrogance.spc"",""07-Lethal Battle.spc"",""08-Victory Tally.spc"",""09-Stage Clear.spc"",""10-Sewer Beneath the Airport.spc"",""11-Underground Base.spc"",""12-Dark and Mysterious.spc"",""13-Master Control Center.spc"",""14-Rusty Metal Corridors.spc"",""15-Windy Night at the Park.spc"",""16-Waterfall Cave ~ Laboratory.spc"",""17-Last Battle with Carnage.spc"",""18-Resolution.spc"",""19-Staff Roll.spc"",""20-Game Over.spc""]}]"	0	0	21	0	[]	0	0
smoon.rsn	smoon.rsn	Sailormoon (FR)	34	"[{""value"":""Sailor Moon: Another Story"",""type"":""str"",""trackCount"":34,""memberPaths"":[""00-Darkness and Light.spc"",""01-Main Theme of Sailor Moon.spc"",""02-Hello! Welcome!.spc"",""03-Unsettling Feeling.spc"",""04-We Are Sailor Soldiers!.spc"",""05-Legendary Battle.spc"",""06-We Did It!!.spc"",""07-The Mysterious Oppositio Senshi.spc"",""08-Prophecy by Fire.spc"",""09-A Life Without Worry.spc"",""10-Here Comes the Enemy!.spc"",""11-Moon Prism Power! Make Up!.spc"",""12-Good Night!.spc"",""13-Good Morning!.spc"",""14-I Challenge You!.spc"",""15-Tuxedo Kamen Appears.spc"",""16-Ghosts of the Dark Kingdom.spc"",""17-The Frozen Mountains.spc"",""18-Danger Zone.spc"",""19-Fight to Change Destiny.spc"",""20-Land of Spirituality.spc"",""21-A Moment of Sadness.spc"",""22-Peaceful Woodlands.spc"",""23-Beneath the Sand.spc"",""24-Silver Moon Cruiser.spc"",""25-Downtown Juuban.spc"",""26-The Return of Queen Beryl.spc"",""27-Keeper of Time.spc"",""28-To the Far North.spc"",""29-Dream of the Moon Kingdom.spc"",""30-The Silver Age of Peace.spc"",""31-Castle of Destiny.spc"",""32-Demon Apsu.spc"",""33-It's Finally Over.spc""]}]"	0	0	34	0	[]	0	0
smph.rsn	smph.rsn	Super Morph (EU)	9	"[{""value"":""Super Morph"",""type"":""str"",""trackCount"":9,""memberPaths"":[""00-Title Screen.spc"",""01-Map Screen.spc"",""02-Enter Area.spc"",""03-Reached the End.spc"",""04-Oops!.spc"",""05-Failed Level.spc"",""06-Level Complete.spc"",""07-Ending.spc"",""08-Roar.spc""]}]"	0	0	9	0	[]	0	0
smr.rsn	smr.rsn	super mario rpg (JP)	106	"[{""value"":""Super Mario RPG"",""type"":""str"",""trackCount"":106,""memberPaths"":[""00-Happy Adventure, Delightful Adventure.spc"",""01-Let's Try.spc"",""02-In the Flower Garden.spc"",""03-Bowser's Castle (First Time).spc"",""04-Fight Against Bowser.spc"",""05-The Sword Descends and the Stars Scatter.spc"",""06-Super Pipe House.spc"",""07-Where Am I Going.spc"",""08-The Road is Full of Dangers.spc"",""09-Fight Against Monsters.spc"",""10-Victory!!.spc"",""100-Tadpole Melody (La).spc"",""101-Tadpole Melody (Ti).spc"",""102-Unknown Jingle.spc"",""103-Yoshi 1.spc"",""104-Yoshi 2.spc"",""105-Yoshi 3.spc"",""11-Hello, Happy Kingdom.spc"",""12-Explanation!.spc"",""13-A New Partner.spc"",""14-Still, the Road is Full of Dangers.spc"",""15-Invincible Star.spc"",""16-Fight Against a Stronger Monster.spc"",""17-Here's Some Weapons!.spc"",""18-Fight Against an Armed Boss.spc"",""19-Got a Star Piece (part 1).spc"",""20-Got a Star Piece (part 2).spc"",""21-The Dungeon is Full of Monsters.spc"",""22-Let's Go Down the Wine River.spc"",""23-Grandpa and the Delightful Tadpoles.spc"",""24-Shock!.spc"",""25-Sad Song.spc"",""26-Let's Play Geno.spc"",""27-Geno Awakens.spc"",""28-Beware the Forest's Mushrooms.spc"",""29-Rose Town.spc"",""30-From Inside the Earthen Pipe.spc"",""31-Welcome! Yo'ster Island!!.spc"",""32-Let's Race.spc"",""33-Hard-Working Moles are Good Moles.spc"",""34-Docaty Mountain Railroad.spc"",""35-Welcome to Booster Tower.spc"",""36-And my Name's Booster.spc"",""37-Long Long Ago.spc"",""38-Heart Beating a Little Faster (part 1).spc"",""39-Heart Beating a Little Faster (part 2).spc"",""40-Slope.spc"",""41-The Merry Marry Bell Rings.spc"",""42-Celebrational.spc"",""43-The Starlight's Flower.spc"",""44-Sunken Ship.spc"",""45-Going Shopping in Seaside Town.spc"",""46-My Paradise ~ Monstro Town.spc"",""47-Fight Against Culex.spc"",""48-Victory Over Culex.spc"",""49-Conversation with Culex.spc"",""50-You and Toadofski Create Exquisite Music.spc"",""51-Let's Do the Fooka-Fooka!.spc"",""52-Margarie Margarita.spc"",""53-Dodo's Coming!!.spc"",""54-Barrel Volcano.spc"",""55-The Axem Rangers Drop in.spc"",""56-Bowser's Castle (Second Time).spc"",""57-Weapons Factory.spc"",""58-Fight Against Smithy.spc"",""59-Fight Against Smithy, Who Likes Transforming.spc"",""60-Goodbye Geno.spc"",""61-Seeing Dreams Through the Window of the Stars.spc"",""62-Happy Parade, Delightful Parade.spc"",""63-And the Parade Draws to a Close.spc"",""64-The End!.spc"",""65-Excited Gardener.spc"",""66-Sunken Ship (After Calamari).spc"",""67-Quiz Master Lose.spc"",""68-Game Over (Battle).spc"",""69-Game Over (Boss Battle).spc"",""70-Game Over (Major Boss).spc"",""71-Game Over (Culex).spc"",""72-Game Over (Smithy 1).spc"",""73-Game Over (Smithy 2).spc"",""74-Grate Guy's Casino.spc"",""75-Melody Bay.spc"",""76-Race Training.spc"",""77-On Booster's Hill.spc"",""78-Factory.spc"",""79-Wishing Star.spc"",""80-Whistling in the Shower.spc"",""81-Get Coin!.spc"",""82-Get Frog Coin!.spc"",""83-Lose Coins!.spc"",""84-Treasure Box.spc"",""85-Get Small Item!.spc"",""86-Grand Prize Give-Away.spc"",""87-Signal Ring.spc"",""88-Link's Appearance.spc"",""89-Go to Sleep.spc"",""90-Enter Battle.spc"",""91-Battle Bells (Elegy).spc"",""92-Battle Bells (Lulla-Bye).spc"",""93-Battle Bells (Doom Reverb).spc"",""94-Battle Bells (S'crow Bell).spc"",""95-Tadpole Melody (Do).spc"",""96-Tadpole Melody (Re).spc"",""97-Tadpole Melody (Mi).spc"",""98-Tadpole Melody (Fa).spc"",""99-Tadpole Melody (So).spc""]}]"	0	0	106	0	"[{""value"":""Super Mario RPG Original Sound Version (PSCN-5047)"",""type"":""str"",""trackCount"":41,""memberPaths"":[""00-Happy Adventure, Delightful Adventure.spc"",""01-Let's Try.spc"",""02-In the Flower Garden.spc"",""03-Bowser's Castle (First Time).spc"",""04-Fight Against Bowser.spc"",""05-The Sword Descends and the Stars Scatter.spc"",""06-Super Pipe House.spc"",""07-Where Am I Going.spc"",""08-The Road is Full of Dangers.spc"",""09-Fight Against Monsters.spc"",""10-Victory!!.spc"",""11-Hello, Happy Kingdom.spc"",""12-Explanation!.spc"",""13-A New Partner.spc"",""14-Still, the Road is Full of Dangers.spc"",""15-Invincible Star.spc"",""16-Fight Against a Stronger Monster.spc"",""17-Here's Some Weapons!.spc"",""18-Fight Against an Armed Boss.spc"",""19-Got a Star Piece (part 1).spc"",""20-Got a Star Piece (part 2).spc"",""21-The Dungeon is Full of Monsters.spc"",""22-Let's Go Down the Wine River.spc"",""23-Grandpa and the Delightful Tadpoles.spc"",""24-Shock!.spc"",""25-Sad Song.spc"",""26-Let's Play Geno.spc"",""27-Geno Awakens.spc"",""28-Beware the Forest's Mushrooms.spc"",""29-Rose Town.spc"",""30-From Inside the Earthen Pipe.spc"",""31-Welcome! Yo'ster Island!!.spc"",""32-Let's Race.spc"",""33-Hard-Working Moles are Good Moles.spc"",""34-Docaty Mountain Railroad.spc"",""35-Welcome to Booster Tower.spc"",""36-And my Name's Booster.spc"",""37-Long Long Ago.spc"",""38-Heart Beating a Little Faster (part 1).spc"",""39-Heart Beating a Little Faster (part 2).spc"",""40-Slope.spc""]},{""value"":""Super Mario RPG Original Sound Version (PSCN-5048)"",""type"":""str"",""trackCount"":24,""memberPaths"":[""41-The Merry Marry Bell Rings.spc"",""42-Celebrational.spc"",""43-The Starlight's Flower.spc"",""44-Sunken Ship.spc"",""45-Going Shopping in Seaside Town.spc"",""46-My Paradise ~ Monstro Town.spc"",""47-Fight Against Culex.spc"",""48-Victory Over Culex.spc"",""49-Conversation with Culex.spc"",""50-You and Toadofski Create Exquisite Music.spc"",""51-Let's Do the Fooka-Fooka!.spc"",""52-Margarie Margarita.spc"",""53-Dodo's Coming!!.spc"",""54-Barrel Volcano.spc"",""55-The Axem Rangers Drop in.spc"",""56-Bowser's Castle (Second Time).spc"",""57-Weapons Factory.spc"",""58-Fight Against Smithy.spc"",""59-Fight Against Smithy, Who Likes Transforming.spc"",""60-Goodbye Geno.spc"",""61-Seeing Dreams Through the Window of the Stars.spc"",""62-Happy Parade, Delightful Parade.spc"",""63-And the Parade Draws to a Close.spc"",""64-The End!.spc""]}]"	0	65
smsh.rsn	smsh.rsn	Shodan Morita Shougi (JP)	4	"[{""value"":""Shodan Morita Shougi"",""type"":""str"",""trackCount"":4,""memberPaths"":[""00-The Sea in Spring.spc"",""01-Lose.spc"",""02-Win.spc"",""03-Unused Song.spc""]}]"	0	0	4	0	[]	0	0
smsjr.rsn	smsjr.rsn	bishoujo senshi sailor moon s jougai rantou shuyaku soudatsusen (JP)	103	"[{""value"":[""Bishoujo Senshi Sailormoon S - J"",""Bishoujo Senshi Sailormoon S - Jougai Rantou""],""type"":""list"",""trackCount"":103,""memberPaths"":[""00-Moonlight Densetsu.spc"",""01-Opening Demo.spc"",""02-Player Select.spc"",""03-Eyecatch.spc"",""04-Demo Visual A.spc"",""05-A.C.S.spc"",""06-Demo Visual C.spc"",""07-Demo Visual B.spc"",""08-Moon's Theme.spc"",""09-Mercury's Theme.spc"",""10-Mars's Theme.spc"",""11-Jupiter's Theme.spc"",""12-Venus's Theme.spc"",""13-Uranus's Theme.spc"",""14-Neptune's Theme.spc"",""15-Pluto's Theme.spc"",""16-Chibimoon's Theme.spc"",""17-Ending Theme.spc"",""18-Tuxedo Mask.spc"",""SFX/00-Select.spc"",""SFX/01-Select 2.spc"",""SFX/02-Select 3.spc"",""SFX/03-Swipe 1.spc"",""SFX/04-Swipe 2.spc"",""SFX/05-Hit 1.spc"",""SFX/06-Hit 2.spc"",""SFX/07-Hit 3.spc"",""SFX/08-Hit 4.spc"",""SFX/09-Hit 5.spc"",""SFX/10-Retreat.spc"",""SFX/11-Hit 6.spc"",""SFX/12-Beam 1.spc"",""SFX/13-Hit 7.spc"",""SFX/14-Beam 2.spc"",""SFX/15-Hit 8.spc"",""SFX/16-Crystal 1.spc"",""SFX/17-Swoosh 1.spc"",""SFX/18-Swoosh 2.spc"",""SFX/19-Chime 1.spc"",""SFX/20-Beam 3.spc"",""SFX/21-Death Blow 1.spc"",""SFX/22-Bang 1.spc"",""SFX/23-Beam 4.spc"",""SFX/24-Swoosh 3.spc"",""SFX/25-Winner.spc"",""SFX/26-Crystal 2.spc"",""SFX/27-Chime 2.spc"",""SFX/28-Death Blow 2.spc"",""SFX/29-Swoosh 4.spc"",""SFX/30-Fire.spc"",""SFX/31-Swoosh 5.spc"",""SFX/32-Beam 5.spc"",""SFX/33-Bang 2.spc"",""SFX/34-Heart.spc"",""SFX/35-Bang 3.spc"",""SFX/36-Swoosh 6.spc"",""SFX/37-Beam 6.spc"",""SFX/38-Swoosh 7.spc"",""SFX/39-Swoosh 8.spc"",""VFX/00-Sailormoon Introduction.spc"",""VFX/01-Sailormoon Death.spc"",""VFX/02-Sailormoon Moon Spiral Heart Attack.spc"",""VFX/03-Sailormoon Attack 2.spc"",""VFX/04-Sailormoon Victory.spc"",""VFX/05-Sailormercury Introduction.spc"",""VFX/06-Sailormercury Death.spc"",""VFX/07-Sailormercury Shabão Spray.spc"",""VFX/08-Sailormercury Attack 2.spc"",""VFX/09-Sailormars Introduction.spc"",""VFX/10-Sailormars Death.spc"",""VFX/11-Sailormars Fire Soul Bird.spc"",""VFX/12-Sailormars Attack 2.spc"",""VFX/13-Sailormars Victory.spc"",""VFX/14-Sailorjupiter Introduction.spc"",""VFX/15-Sailorjupiter Death.spc"",""VFX/16-Sailorjupiter Supreme Thunder Dragon.spc"",""VFX/17-Sailorjupiter Attack 2.spc"",""VFX/18-Sailorjupiter Victory.spc"",""VFX/19-Sailorvenus Introduction.spc"",""VFX/20-Sailorvenus Death.spc"",""VFX/21-Sailorvenus Crescent Beam.spc"",""VFX/22-Sailorvenus Attack 2.spc"",""VFX/23-Sailorvenus Victory.spc"",""VFX/24-Sailoruranus Introduction.spc"",""VFX/25-Sailoruranus Death.spc"",""VFX/26-Sailoruranus World Shaking.spc"",""VFX/27-Sailoruranus Attack 2.spc"",""VFX/28-Sailoruranus Victory.spc"",""VFX/29-Sailorneptune Introduction.spc"",""VFX/30-Sailorneptune Death.spc"",""VFX/31-Sailorneptune Deep Submerge.spc"",""VFX/32-Sailorneptune Attack 2.spc"",""VFX/33-Sailorneptune Victory.spc"",""VFX/34-Sailorpluto Introduction.spc"",""VFX/35-Sailorpluto Death.spc"",""VFX/36-Sailorpluto Dead Scream.spc"",""VFX/37-Sailorpluto Attack 2.spc"",""VFX/38-Sailorpluto Victory.spc"",""VFX/39-Sailorchibimoon Introduction.spc"",""VFX/40-Sailorchibimoon Death.spc"",""VFX/41-Sailorchibimoon Pink Sugar Heart Attack.spc"",""VFX/42-Sailorchibimoon Attack 2.spc"",""VFX/43-Sailorchibimoon Victory.spc""]}]"	0	0	103	0	"[{""value"":""Bishoujo Senshi Sailormoon S"",""type"":""str"",""trackCount"":103,""memberPaths"":[""00-Moonlight Densetsu.spc"",""01-Opening Demo.spc"",""02-Player Select.spc"",""03-Eyecatch.spc"",""04-Demo Visual A.spc"",""05-A.C.S.spc"",""06-Demo Visual C.spc"",""07-Demo Visual B.spc"",""08-Moon's Theme.spc"",""09-Mercury's Theme.spc"",""10-Mars's Theme.spc"",""11-Jupiter's Theme.spc"",""12-Venus's Theme.spc"",""13-Uranus's Theme.spc"",""14-Neptune's Theme.spc"",""15-Pluto's Theme.spc"",""16-Chibimoon's Theme.spc"",""17-Ending Theme.spc"",""18-Tuxedo Mask.spc"",""SFX/00-Select.spc"",""SFX/01-Select 2.spc"",""SFX/02-Select 3.spc"",""SFX/03-Swipe 1.spc"",""SFX/04-Swipe 2.spc"",""SFX/05-Hit 1.spc"",""SFX/06-Hit 2.spc"",""SFX/07-Hit 3.spc"",""SFX/08-Hit 4.spc"",""SFX/09-Hit 5.spc"",""SFX/10-Retreat.spc"",""SFX/11-Hit 6.spc"",""SFX/12-Beam 1.spc"",""SFX/13-Hit 7.spc"",""SFX/14-Beam 2.spc"",""SFX/15-Hit 8.spc"",""SFX/16-Crystal 1.spc"",""SFX/17-Swoosh 1.spc"",""SFX/18-Swoosh 2.spc"",""SFX/19-Chime 1.spc"",""SFX/20-Beam 3.spc"",""SFX/21-Death Blow 1.spc"",""SFX/22-Bang 1.spc"",""SFX/23-Beam 4.spc"",""SFX/24-Swoosh 3.spc"",""SFX/25-Winner.spc"",""SFX/26-Crystal 2.spc"",""SFX/27-Chime 2.spc"",""SFX/28-Death Blow 2.spc"",""SFX/29-Swoosh 4.spc"",""SFX/30-Fire.spc"",""SFX/31-Swoosh 5.spc"",""SFX/32-Beam 5.spc"",""SFX/33-Bang 2.spc"",""SFX/34-Heart.spc"",""SFX/35-Bang 3.spc"",""SFX/36-Swoosh 6.spc"",""SFX/37-Beam 6.spc"",""SFX/38-Swoosh 7.spc"",""SFX/39-Swoosh 8.spc"",""VFX/00-Sailormoon Introduction.spc"",""VFX/01-Sailormoon Death.spc"",""VFX/02-Sailormoon Moon Spiral Heart Attack.spc"",""VFX/03-Sailormoon Attack 2.spc"",""VFX/04-Sailormoon Victory.spc"",""VFX/05-Sailormercury Introduction.spc"",""VFX/06-Sailormercury Death.spc"",""VFX/07-Sailormercury Shabão Spray.spc"",""VFX/08-Sailormercury Attack 2.spc"",""VFX/09-Sailormars Introduction.spc"",""VFX/10-Sailormars Death.spc"",""VFX/11-Sailormars Fire Soul Bird.spc"",""VFX/12-Sailormars Attack 2.spc"",""VFX/13-Sailormars Victory.spc"",""VFX/14-Sailorjupiter Introduction.spc"",""VFX/15-Sailorjupiter Death.spc"",""VFX/16-Sailorjupiter Supreme Thunder Dragon.spc"",""VFX/17-Sailorjupiter Attack 2.spc"",""VFX/18-Sailorjupiter Victory.spc"",""VFX/19-Sailorvenus Introduction.spc"",""VFX/20-Sailorvenus Death.spc"",""VFX/21-Sailorvenus Crescent Beam.spc"",""VFX/22-Sailorvenus Attack 2.spc"",""VFX/23-Sailorvenus Victory.spc"",""VFX/24-Sailoruranus Introduction.spc"",""VFX/25-Sailoruranus Death.spc"",""VFX/26-Sailoruranus World Shaking.spc"",""VFX/27-Sailoruranus Attack 2.spc"",""VFX/28-Sailoruranus Victory.spc"",""VFX/29-Sailorneptune Introduction.spc"",""VFX/30-Sailorneptune Death.spc"",""VFX/31-Sailorneptune Deep Submerge.spc"",""VFX/32-Sailorneptune Attack 2.spc"",""VFX/33-Sailorneptune Victory.spc"",""VFX/34-Sailorpluto Introduction.spc"",""VFX/35-Sailorpluto Death.spc"",""VFX/36-Sailorpluto Dead Scream.spc"",""VFX/37-Sailorpluto Attack 2.spc"",""VFX/38-Sailorpluto Victory.spc"",""VFX/39-Sailorchibimoon Introduction.spc"",""VFX/40-Sailorchibimoon Death.spc"",""VFX/41-Sailorchibimoon Pink Sugar Heart Attack.spc"",""VFX/42-Sailorchibimoon Attack 2.spc"",""VFX/43-Sailorchibimoon Victory.spc""]}]"	0	103
smsk.rsn	smsk.rsn	Sailor Moon S - Kurukkurin	13	"[{""value"":""Sailor Moon S: Kurukkurin"",""type"":""str"",""trackCount"":13,""memberPaths"":[""00-Title Screen.spc"",""01-Select Character.spc"",""02-Theme of Sailor Moon.spc"",""03-Almost Won.spc"",""04-You Win!.spc"",""05-You Lost.spc"",""06-Continue.spc"",""07-Theme of Tuxedo Mask.spc"",""08-Almost Won (Later Levels).spc"",""09-Theme of Chibiusa.spc"",""10-Theme of Outer Senshi.spc"",""11-Final Battle with Sailor Saturn.spc"",""12-Ending Theme.spc""]}]"	0	0	13	0	[]	0	0
smso.rsn	smso.rsn	Small Soldiers (Super Gameboy)	7	"[{""value"":""Small Soldiers"",""type"":""str"",""trackCount"":7,""memberPaths"":[""00-Main Theme.spc"",""01-Level Theme 1.spc"",""02-Level Theme 2.spc"",""03-Level Theme 3.spc"",""04-Level Theme 4.spc"",""05-Unknown Song 1.spc"",""06-Unknown Song 2.spc""]}]"	0	0	7	0	[]	0	0
smspo.rsn	smspo.rsn	Bishoujo Senshi Sailormoon S - Kondoha Puzzle de Oshiokiyo!	11	"[{""value"":[""Sailor Moon S: Kondowa Puzzle de"",""Sailor Moon S: Kondowa Puzzle de Oshioikiyo!""],""type"":""list"",""trackCount"":11,""memberPaths"":[""00-Title Sequence.spc"",""01-Demo.spc"",""02-Please Make a Selection.spc"",""03-Let's Puzzle.spc"",""04-Let's Puzzle Some More.spc"",""05-A Challenging Opponent.spc"",""06-Single Player Challenge.spc"",""07-Victory.spc"",""08-Continue.spc"",""09-Game Over.spc"",""10-The End.spc""]}]"	0	0	11	0	[]	0	0
smsv.rsn	smsv.rsn	Shooting Macross - Scrambled Valkyrie	29	"[{""value"":""Shooting Macross"",""type"":""str"",""trackCount"":29,""memberPaths"":[""00-Zamuse.spc"",""01-Opening.spc"",""02-Select Player.spc"",""03-Level Start.spc"",""04-Space.spc"",""05-Seaside.spc"",""06-Water Factory.spc"",""07-Cave.spc"",""08-SDF.spc"",""09-Minmei's Concert.spc"",""10-Moonlight.spc"",""11-Organic Base.spc"",""12-Minmei Flashback.spc"",""13-Boss Intro.spc"",""14-Boss 1.spc"",""15-Boss 2.spc"",""16-Stage Clear.spc"",""17-Game Over.spc"",""18-Last Boss.spc"",""19-Last Boss Defeated.spc"",""20-Ending.spc"",""21-Staff Roll.spc"",""22-Unknown Song 1.spc"",""23-Unknown Song 2.spc"",""24-Unknown Song 3.spc"",""25-Unknown Jingle 1.spc"",""26-Unknown Jingle 2.spc"",""27-Unknown Ambience 1.spc"",""28-Unknown Ambience 2.spc""]}]"	0	0	29	0	[]	0	0
smt2.rsn	smt2.rsn	Shin Megami Tensei 2	30	"[{""value"":""Shin Megami Tensei 2"",""type"":""str"",""trackCount"":30,""memberPaths"":[""00-Title Demo.spc"",""01-Title.spc"",""02-Gym.spc"",""03-3D Virtual Battler.spc"",""04-Shop.spc"",""05-3D Valhalla.spc"",""06-Neutral.spc"",""07-2D Field.spc"",""08-Encounter.spc"",""09-Battle.spc"",""10-Level Up.spc"",""11-Recovering Remembrance.spc"",""12-3D Center.spc"",""13-Law.spc"",""14-Jakyou no Yakata.spc"",""15-Devils Fusion.spc"",""16-2D Siren.spc"",""17-3D Underground.spc"",""18-Boss Battle.spc"",""19-Chaos.spc"",""20-Casino.spc"",""21-Terminal Point.spc"",""22-Disco.spc"",""23-2D Makai.spc"",""24-3D Makai.spc"",""25-Heroine.spc"",""26-Final Battle.spc"",""27-Game Over.spc"",""28-Data Screen.spc"",""29-Applause.spc""]}]"	30	0	0	0	"[{""value"":""Shin Megami Tensei II Sound Relation (PCCG-00261)"",""type"":""str"",""trackCount"":28,""memberPaths"":[""00-Title Demo.spc"",""01-Title.spc"",""02-Gym.spc"",""03-3D Virtual Battler.spc"",""04-Shop.spc"",""05-3D Valhalla.spc"",""06-Neutral.spc"",""07-2D Field.spc"",""08-Encounter.spc"",""09-Battle.spc"",""10-Level Up.spc"",""11-Recovering Remembrance.spc"",""12-3D Center.spc"",""13-Law.spc"",""14-Jakyou no Yakata.spc"",""15-Devils Fusion.spc"",""16-2D Siren.spc"",""17-3D Underground.spc"",""18-Boss Battle.spc"",""19-Chaos.spc"",""20-Casino.spc"",""21-Terminal Point.spc"",""22-Disco.spc"",""23-2D Makai.spc"",""24-3D Makai.spc"",""25-Heroine.spc"",""26-Final Battle.spc"",""27-Game Over.spc""]}]"	0	28
smti.rsn	smti.rsn	Shin Megami Tensei if... (JP)	46	"[{""value"":""Shin Megami Tensei: If..."",""type"":""str"",""trackCount"":46,""memberPaths"":[""00-Title.spc"",""01-Data Load Screen.spc"",""02-Nova's Questions.spc"",""03-Hazama.spc"",""04-Classroom.spc"",""05-Danger.spc"",""06-School.spc"",""07-Important Meeting.spc"",""08-President's Office.spc"",""09-Fusion.spc"",""10-Devil Appears.spc"",""11-Battle.spc"",""12-Between the Seals.spc"",""13-Dimensional Portal.spc"",""14-Gouman Kai.spc"",""15-Makai Town.spc"",""16-Casino.spc"",""17-Level Up.spc"",""18-Game Over.spc"",""19-Houshoku Kai.spc"",""20-Taida Kai.spc"",""21-Disco.spc"",""22-Shitto Kai.spc"",""23-Heroine.spc"",""24-Donyoku Kai.spc"",""25-Funnu Kai.spc"",""26-School 4-10 F.spc"",""27-Seishin Kai.spc"",""28-Final Battle.spc"",""29-Epilogue.spc"",""30-Ending.spc"",""31-Staff Roll.spc"",""32-Jakyou no Yakata.spc"",""33-Fortune Teller.spc"",""34-Shop.spc"",""35-Mysterious Finding.spc"",""36-Terminal.spc"",""37-Boss Battle.spc"",""38-Chi no Nomos.spc"",""39-Dai 1 Nomos.spc"",""40-Victory Chimes.spc"",""41-Drum Beat.spc"",""42-Enka (Success).spc"",""43-Enka (Failure).spc"",""44-Rumbling.spc"",""45-Geyser.spc""]}]"	0	0	46	0	[]	0	0
smurf.rsn	smurf.rsn	Smurfs, The	20	"[{""value"":""The Smurfs"",""type"":""str"",""trackCount"":20,""memberPaths"":[""00-Main Theme.spc"",""01-Peaceful World.spc"",""02-Smurf Village.spc"",""03-Forests and Caves.spc"",""04-Over the River.spc"",""05-Boss Battle.spc"",""06-The Smurf Hero.spc"",""07-Message from Papa Smurf.spc"",""08-Lakeside by Day.spc"",""09-Lakeside at Night.spc"",""10-Treasure Hunt.spc"",""11-Hedge Maze.spc"",""12-Misty Swamp.spc"",""13-Cloudy Mountains.spc"",""14-Wild Ride.spc"",""15-Into the Volcano.spc"",""16-Rising Lava.spc"",""17-Rolling Log.spc"",""18-Gargamel's House.spc"",""19-Game Over.spc""]}]"	0	0	20	0	[]	0	0
smurf2.rsn	smurf2.rsn	Smurfs 2, The	22	"[{""value"":""The Smurfs 2"",""type"":""str"",""trackCount"":22,""memberPaths"":[""00-Nightfall at Smurf Village.spc"",""01-Main Theme.spc"",""02-The Vast World.spc"",""03-Begin the Search.spc"",""04-Mysterious Jungle.spc"",""05-Crystal Clear!.spc"",""06-Waterfall Cliffs.spc"",""07-Peaceful Lakeside.spc"",""08-Cleanup Time.spc"",""09-Frosty Village.spc"",""10-Secrets of the Waters.spc"",""11-Sunset Glacier Sea.spc"",""12-Native Village ~ Abandoned Mine.spc"",""13-Moonlight Chase.spc"",""14-Feeding Frenzy.spc"",""15-Australian Outback.spc"",""16-Smurf Surfing.spc"",""17-Ancient China.spc"",""18-Chinese Dragon.spc"",""19-Happy Ending.spc"",""20-Lose Life.spc"",""21-Game Over.spc""]}]"	0	0	22	0	[]	0	0
sngks.rsn	sngks.rsn	Super Sangokushi (Super Romance of the Three Kingdoms)	14	"[{""value"":""Super Sangokushi"",""type"":""str"",""trackCount"":14,""memberPaths"":[""00-Storm.spc"",""01-Menu.spc"",""02-Warlords.spc"",""03-Northern China.spc"",""04-Southern China.spc"",""05-War in Northern China.spc"",""06-War in Southern China.spc"",""07-Victory.spc"",""08-Defeated.spc"",""09-Marriage of Expediency.spc"",""10-Start of Duel.spc"",""11-Championship.spc"",""12-Death of a Warlord.spc"",""13-Unification.spc""]}]"	0	0	14	0	[]	0	0
snk.rsn	snk.rsn	Super Ninja-kun (JP)	19	"[{""value"":""Super Ninja Kun"",""type"":""str"",""trackCount"":19,""memberPaths"":[""00-Opening Title.spc"",""01-Theme of the Young Ninja.spc"",""02-Giant Ninja!.spc"",""03-Enemy Encounter.spc"",""04-Stage Clear.spc"",""05-Rescued the Princess.spc"",""06-Staff Roll.spc"",""07-Enemy Encounter (Alternate).spc"",""08-Unused Song 1.spc"",""09-Unused Song 2.spc"",""10-Unused Song 3.spc"",""11-Unused Song 4.spc"",""12-Unused Song 5.spc"",""13-Unused Song 6.spc"",""14-Unused Song 7.spc"",""15-Unused Song 8.spc"",""16-Unused Song 9.spc"",""17-Unused Jingle.spc"",""18-Secret Ninja Arts.spc""]}]"	0	0	19	0	[]	0	0
snpw.rsn	snpw.rsn	Shin Nippon Pro Wrestling - Chou Senshi in Tokyo Dome	16	"[{""value"":""Shin Nippon Pro Wrestling"",""type"":""str"",""trackCount"":16,""memberPaths"":[""00-Title Screen.spc"",""01-Main Menu.spc"",""02-Begin Battle.spc"",""03-Theme of Lyger.spc"",""04-Theme of Hase.spc"",""05-Theme of Muta.spc"",""06-Theme of Chosyu.spc"",""07-Theme of Vader.spc"",""08-Theme of Norton.spc"",""09-Theme of Halme.spc"",""10-Theme of Fujinami.spc"",""11-Theme of Hashimoto.spc"",""12-Theme of Chono.spc"",""13-End of Battle.spc"",""14-Continue.spc"",""15-Staff Roll.spc""]}]"	0	0	16	0	[]	0	0
snspm.rsn	snspm.rsn	Shodankurai Nintei Shodan Pro Mahjong	9	"[{""value"":[""Shodankurai Nintei Shodan Pro Ma"",""Shodankurai Nintei Shodan Pro Mahjong""],""type"":""list"",""trackCount"":9,""memberPaths"":[""00-Gaps Logo.spc"",""01-Title Screen.spc"",""02-Main Menu.spc"",""03-Quiz.spc"",""04-Playing Mahjong.spc"",""05-Someone's Almost Won!.spc"",""06-End of Hand.spc"",""07-Tournament.spc"",""08-Congratulations.spc""]}]"	0	0	9	0	[]	0	0
snz.rsn	snz.rsn	Super Nazo Puyo - Rulue no Roux	25	"[{""value"":""Super Nazo Puyo"",""type"":""str"",""trackCount"":25,""memberPaths"":[""00-Title.spc"",""01-Mode Select.spc"",""02-Arle Opening & Training Mode.spc"",""03-Rulue Opening & Puzzle Editor.spc"",""04-Interlude ~ Arle and Rulue.spc"",""05-Arle Area 1.spc"",""06-Arle Area 2.spc"",""07-Arle Area 3.spc"",""08-Arle Area 4.spc"",""09-Arle Puzzle 1 & Practice Mode.spc"",""10-Arle Puzzle 2.spc"",""11-Rulue Area 1.spc"",""12-Rulue Area 2.spc"",""13-Rulue Area 3.spc"",""14-Rulue Area 4.spc"",""15-Rulue Puzzle 1.spc"",""16-Rulue Puzzle 2.spc"",""17-Rulue Puzzle 3.spc"",""18-Rulue Puzzle 4.spc"",""19-Boss.spc"",""20-Satan.spc"",""21-Area 5 ~ Arle vs. Rulue.spc"",""22-Game Over.spc"",""23-Ending.spc"",""24-Unused Track.spc""]}]"	0	0	25	0	[]	0	0
snz2.rsn	snz2.rsn	Super Nazo Puyo 2 - Rulue no Tetsuwan Hanjyou Ki	19	"[{""value"":""Super Nazo Puyo 2"",""type"":""str"",""trackCount"":19,""memberPaths"":[""00-Title.spc"",""01-Mode Select.spc"",""02-Introduction.spc"",""03-Practice Mode.spc"",""04-Training Mode.spc"",""05-Interlude & Puzzle Editor.spc"",""06-Mountain.spc"",""07-Overworld.spc"",""08-Village & Lakeside.spc"",""09-Forest & Cave.spc"",""10-Rulue's House & Menu Screen.spc"",""11-Witch's Tower.spc"",""12-Puzzle.spc"",""13-Boss.spc"",""14-Last Boss.spc"",""15-Fanfare.spc"",""16-Game Over.spc"",""17-Ending.spc"",""18-Credits.spc""]}]"	0	0	19	0	[]	0	0
son.rsn	son.rsn	Heisei Shin Onigashima	67	"[{""value"":""Heisei Shin Onigashima (New)"",""type"":""str"",""trackCount"":38,""memberPaths"":[""00-Introduction.spc"",""01-Once Upon a Time.spc"",""02-Beginning of a Tale.spc"",""03-Pastoral.spc"",""04-Happy Days.spc"",""05-Together for the Quest.spc"",""06-Village.spc"",""07-Shoya and Daitengu ~ Dominant Figures.spc"",""08-Medetashi ~ All's Well That Ends Well.spc"",""09-Unease.spc"",""10-Enemies.spc"",""11-Ruin.spc"",""12-Hinoe.spc"",""13-Ahead for the Mission.spc"",""14-Monkey Dance.spc"",""15-Night.spc"",""16-Yamamba.spc"",""17-Zenpen's Staff Roll.spc"",""18-Waiting for the Reincarnation.spc"",""19-Flying.spc"",""20-The Dragon.spc"",""21-The Dragon is Dead 1.spc"",""22-The Dragon is Dead 2.spc"",""23-Tengu.spc"",""24-Kouhen's Staff Roll.spc"",""25-Tada 1.spc"",""26-Tada 2.spc"",""27-Tada 3.spc"",""28-Tada 4.spc"",""29-Tada 5.spc"",""30-Tada 6.spc"",""31-Tada 7.spc"",""32-Tada 8.spc"",""33-Tada 9.spc"",""34-Tada 10.spc"",""35-Tada 11.spc"",""36-Tada 12.spc"",""37-Tada 13.spc""]},{""value"":""Heisei Shin Onigashima (Remake)"",""type"":""str"",""trackCount"":29,""memberPaths"":[""38-Pastoral.spc"",""39-Sibakari and Sentaku.spc"",""40-Sibakari and Sentaku (Short).spc"",""41-Happy Days.spc"",""42-Sadness.spc"",""43-Raid of Ogres.spc"",""44-Ahead for the Mission.spc"",""45-Intermission.spc"",""46-Enemies.spc"",""47-Enemies (Short).spc"",""48-Tengu.spc"",""49-Lakeside.spc"",""50-Underwater.spc"",""51-Hinoe.spc"",""52-Zenpen's Staff Roll.spc"",""53-Ruin.spc"",""54-Strange Forest.spc"",""55-Animals in the Forest.spc"",""56-Janou ~ Sparrow's Parent.spc"",""57-Together for the Quest.spc"",""58-Shiraishi.spc"",""59-Flying.spc"",""60-The Dragon.spc"",""61-The Dragon is Dead.spc"",""62-Kouhen's Staff Roll.spc"",""63-Tada 1.spc"",""64-Tada 2.spc"",""65-Tada 3.spc"",""66-Tada 4.spc""]}]"	0	0	67	0	[]	0	0
sond.rsn	sond.rsn	Super Oozumou Netsusen Daiichiban	11	"[{""value"":[""Super Oozumou Netsusen Daiichiba"",""Super Oozumou Netsusen Daiichiban""],""type"":""list"",""trackCount"":11,""memberPaths"":[""00-Title Screen.spc"",""01-Main Menu.spc"",""02-Begin Match.spc"",""03-Sumo Wrestling Match.spc"",""04-Challenging Sumo Wrestling Match.spc"",""05-Win.spc"",""06-Lose.spc"",""07-The Winner is Announced.spc"",""08-Namcot Sports News.spc"",""09-Staff Roll.spc"",""10-Game Over.spc""]}]"	0	0	11	0	[]	0	0
song.rsn	song.rsn	Song Master (JP)	37	"[{""value"":""Song Master"",""type"":""str"",""trackCount"":37,""memberPaths"":[""00-Prologue.spc"",""01-Opening.spc"",""02-Village.spc"",""03-Town 1.spc"",""04-Shop.spc"",""05-Inn.spc"",""06-Temple.spc"",""07-Map.spc"",""08-Town 2.spc"",""09-Forest.spc"",""10-Dungeon.spc"",""11-Battle 1.spc"",""12-Sedition.spc"",""13-Boss Battle.spc"",""14-Bandit's Fort.spc"",""15-Battle 2.spc"",""16-Cave.spc"",""17-King Castle.spc"",""18-Battle 3.spc"",""19-Death.spc"",""20-Crisis.spc"",""21-Angry.spc"",""22-Serena's Desire.spc"",""23-North Shield.spc"",""24-Forn Fortress.spc"",""25-Last Battle.spc"",""26-Sorrow.spc"",""27-Revival.spc"",""28-Song of Miracles.spc"",""29-Ending.spc"",""30-Song 1.spc"",""31-Song 2.spc"",""32-Get Item.spc"",""33-Song of Recovery.spc"",""34-Victory.spc"",""35-Game Over.spc"",""36-Surprise.spc""]}]"	0	0	37	0	[]	0	0
sortb.rsn	sortb.rsn	Super Off Road - The Baja (US)	7	"[{""value"":""Super Off Road: The Baja"",""type"":""str"",""trackCount"":7,""memberPaths"":[""00-Title.spc"",""01-San Felipe & San Juanico.spc"",""02-El Arco & Santa Ria.spc"",""03-Guerreo Negro & La Paz.spc"",""04-Camalu & San Javier.spc"",""05-Race Results.spc"",""06-Tick Tock.spc""]}]"	0	0	7	0	[]	0	0
sos.rsn	sos.rsn	SOS (US)	29	"[{""value"":""S.O.S."",""type"":""str"",""trackCount"":29,""memberPaths"":[""00-Main Theme.spc"",""01-Opening Story.spc"",""02-Four Seperate Lives.spc"",""03-Calm Before the Storm.spc"",""04-Tidal Wave!.spc"",""05-The Sinking Ship.spc"",""06-Chapel.spc"",""07-Survivors.spc"",""08-Game Over.spc"",""09-Boiler Room.spc"",""10-Rescuers.spc"",""11-Staff Roll.spc"",""12-Grefiure.spc"",""13-September 13, 7 11 PM.spc"",""14-Thunder.spc"",""15-Fierce Storm.spc"",""16-Urgent Telegraph.spc"",""17-Rumbling Waves.spc"",""18-Explosion.spc"",""19-Gale.spc"",""20-Diving.spc"",""21-Crash.spc"",""22-Scream 1.spc"",""23-Scream 2.spc"",""24-Scream 3.spc"",""25-Scream 4.spc"",""26-Scream 5.spc"",""27-Scream 6.spc"",""28-Scream 7.spc""]}]"	0	0	29	0	[]	0	0
sots.rsn	sots.rsn	Tecmo Secret of the Stars	51	"[{""value"":""Secret of the Stars"",""type"":""str"",""trackCount"":51,""memberPaths"":[""00-Overworld (Aqutallion).spc"",""01-Overworld (Kustera).spc"",""02-Dangerous Hideout.spc"",""03-Homncruse's Followers.spc"",""04-Homncruse's Lair.spc"",""05-Caves.spc"",""06-Sidon's Forest.spc"",""07-Catacombs.spc"",""08-Small Village.spc"",""09-Old Hill.spc"",""10-Ruins.spc"",""11-Actos Shrine.spc"",""12-Castle.spc"",""13-Tropical Town.spc"",""14-Death.spc"",""15-Danger Ahead.spc"",""16-Devastated Town.spc"",""17-Hurry!.spc"",""18-Great Victory.spc"",""19-Strange Village.spc"",""20-Village.spc"",""21-The Upperworld.spc"",""22-Decatas.spc"",""23-Become Aqutallion.spc"",""24-Battle (Aqutallion).spc"",""25-Battle (Kustera).spc"",""26-Major Boss.spc"",""27-Final Battle.spc"",""28-UFO.spc"",""29-Airship.spc"",""30-Ship.spc"",""31-Upperworld Town.spc"",""32-Nap Time.spc"",""33-Victory!.spc"",""34-Defeat.spc"",""35-Level Up.spc"",""36-Monsters in Sight!.spc"",""37-New member in the Party.spc"",""38-Weird event.spc"",""39-Heart Beat.spc"",""40-Main Theme.spc"",""41-Ending 1.spc"",""42-Ending 2.spc"",""43-Exotic Town.spc"",""44-Oriental town.spc"",""45-Intro Theme.spc"",""46-Inside UFO.spc"",""47-Great Achievement.spc"",""48-Boss Battle.spc"",""49-Let's Party.spc"",""50-Important Item.spc""]}]"	0	0	51	0	[]	0	0
soulb.rsn	soulb.rsn	Soul Blade (Pirate)	7	"[{""value"":""Soul Blade"",""type"":""str"",""trackCount"":7,""memberPaths"":[""00-Rock's Theme.spc"",""01-Taki's Theme.spc"",""02-Sophita's Theme.spc"",""03-Heishiro's Theme.spc"",""04-Siegfried's Theme.spc"",""05-Seun's Theme.spc"",""06-Game Over.spc""]}]"	0	0	7	0	[]	0	0
sp.rsn	sp.rsn	bishoujo janshi suchie pai (JP)	18	"[{""value"":""Bishoujo Janshi Suuchiipai"",""type"":""str"",""trackCount"":18,""memberPaths"":[""00-Title.spc"",""01-Menu.spc"",""02-Prologues.spc"",""03-Transformation.spc"",""04-Map of Tokyo.spc"",""05-Map of Yokohama.spc"",""06-Girls 1.spc"",""07-Match.spc"",""08-Riichi.spc"",""09-Agari Player.spc"",""10-Agari Enemy.spc"",""11-Panel Games.spc"",""12-Win.spc"",""13-Lose.spc"",""14-Password.spc"",""15-Girls 2.spc"",""16-Continue.spc"",""17-Ending.spc""]}]"	0	0	18	0	[]	0	0
spaf.rsn	spaf.rsn	Super Play Action Football (US)	28	"[{""value"":""Super Play Action Football"",""type"":""str"",""trackCount"":27,""memberPaths"":[""00-Intro Cheering.spc"",""01-Title Screen.spc"",""02-Menus.spc"",""03-Headlines.spc"",""04-Playing a Game of Football.spc"",""05-Substitution.spc"",""06-End of Quarter.spc"",""08-Halftime 2.spc"",""09-Halftime 3.spc"",""10-Final Score.spc"",""11-Season Ended (Win).spc"",""12-Season Ended (Lose).spc"",""13-Unused Song.spc"",""14-Unused Jingle 1.spc"",""15-Unused Jingle 2.spc"",""16-Unused Jingle 3.spc"",""17-Football.spc"",""18-Whistle.spc"",""19-Buzzer.spc"",""20-Gunshot.spc"",""21-Ready... Set!.spc"",""22-Hut!.spc"",""23-Oof!.spc"",""24-First Down!.spc"",""25-Touchdown!.spc"",""26-No Good!.spc"",""27-It's Good!.spc""]},{""value"":""Super Play action Football"",""type"":""str"",""trackCount"":1,""memberPaths"":[""07-Halftime 1.spc""]}]"	0	0	28	0	[]	0	0
spb2.rsn	spb2.rsn	Super Professional Baseball (JP)	26	"[{""value"":""Super Professional Baseball 2"",""type"":""str"",""trackCount"":26,""memberPaths"":[""00-Main Theme.spc"",""01-Mode Select.spc"",""02-Top of the Inning.spc"",""03-Change.spc"",""04-Bottom of the Inning.spc"",""05-Get Home.spc"",""06-Home Run 1.spc"",""07-Home Run 2.spc"",""08-Home Run 3.spc"",""09-SPB News.spc"",""10-Not Victory.spc"",""11-Staff Roll.spc"",""12-Unused Song.spc"",""13-Unused Jingle.spc"",""14-Select.spc"",""15-Decision.spc"",""16-Edit Save OK.spc"",""17-Play Ball!.spc"",""18-Strike!.spc"",""19-Ball!.spc"",""20-Time!.spc"",""21-Foul!.spc"",""22-Fair!.spc"",""23-Safe!.spc"",""24-Home Run!.spc"",""25-Out!.spc""]}]"	0	0	26	0	[]	0	0
spbw.rsn	spbw.rsn	Super Bomberman - Panic Bomber W	26	"[{""value"":""Super Bomberman Panic Bomber W"",""type"":""str"",""trackCount"":26,""memberPaths"":[""00-Title.spc"",""01-Menu.spc"",""02-Round.spc"",""03-Enemies.spc"",""04-Round Clear.spc"",""05-Ready.spc"",""06-Jamaica.spc"",""07-Rasta Bomber.spc"",""08-England.spc"",""09-Metal Bomber.spc"",""10-United States.spc"",""11-Bomb Gunman.spc"",""12-Kenya.spc"",""13-Animal Bomber.spc"",""14-Japan.spc"",""15-Karaoke Bomber.spc"",""16-Bugler.spc"",""17-Space Bomber.spc"",""18-Pretty Bomber.spc"",""19-Shinobi Black.spc"",""20-Ending.spc"",""21-Staff Roll.spc"",""22-Win.spc"",""23-Lose.spc"",""24-Game Over.spc"",""25-Multi-Player Victory.spc""]}]"	0	0	26	0	[]	0	0
spir.rsn	spir.rsn	Spirou (EU)	16	"[{""value"":""Spirou"",""type"":""str"",""trackCount"":16,""memberPaths"":[""00-Title Screen.spc"",""01-Streets.spc"",""02-Toy Shop.spc"",""03-Subway.spc"",""04-Factory.spc"",""05-Rooftops.spc"",""06-The Chase.spc"",""07-Mountains.spc"",""08-Catacombs.spc"",""09-Cave.spc"",""10-Swamp.spc"",""11-Jungle.spc"",""12-Secret Base.spc"",""13-Defeated.spc"",""14-Game Over.spc"",""15-Stage Start.spc""]}]"	0	0	16	0	[]	0	0
spw.rsn	spw.rsn	Spark World (JP)	25	"[{""value"":""Spark World"",""type"":""str"",""trackCount"":25,""memberPaths"":[""00-Title Screen.spc"",""01-Main Menu.spc"",""02-Desert Zone.spc"",""03-Clear Level.spc"",""04-Boss Battle.spc"",""05-Ice.spc"",""06-River.spc"",""07-Jungle.spc"",""08-City.spc"",""09-City (Last Stages).spc"",""10-Final Boss.spc"",""11-Ending.spc"",""12-Classic Stage.spc"",""13-One Way.spc"",""14-Moving Walls.spc"",""15-X in the Middle.spc"",""16-Trap Doors.spc"",""17-Wrap-Around.spc"",""18-Boulders.spc"",""19-Conveyor Belts.spc"",""20-Pistol.spc"",""21-E-Ball.spc"",""22-Multi.spc"",""23-Dynamo.spc"",""24-Pause.spc""]}]"	0	0	25	0	[]	0	0
srb.rsn	srb.rsn	Super Royal Blood (Gemfire)	17	"[{""value"":""Super Royal Blood"",""type"":""str"",""trackCount"":17,""memberPaths"":[""00-Title.spc"",""01-Menu.spc"",""02-Strategy in Spring.spc"",""03-Strategy in Summer.spc"",""04-Strategy in Autumn.spc"",""05-Strategy in Winter.spc"",""06-Tactics 1.spc"",""07-Tactics 2.spc"",""08-Tactics 3.spc"",""09-Tactics 4.spc"",""10-Tactics 5.spc"",""11-Tactics 6.spc"",""12-Victory.spc"",""13-Holding a Hostage.spc"",""14-Defeated.spc"",""15-A Hostage Taken.spc"",""16-Unification of Ishmaelia.spc""]}]"	0	0	17	0	[]	0	0
srmh.rsn	srmh.rsn	Saibara Rieko no Mahjong Hourouki	15	"[{""value"":[""Saibara Rieko no Mahjong Hourouk"",""Saibara Rieko no Mahjong Hourouki""],""type"":""list"",""trackCount"":15,""memberPaths"":[""00-Title Screen.spc"",""01-Jankousen Mode Title Logo.spc"",""02-Battle Theme 1.spc"",""03-Results.spc"",""04-Final.spc"",""05-Victory.spc"",""06-Game Clear.spc"",""07-Scenario Mode Introduction 1.spc"",""08-Scenario Mode Introduction 2.spc"",""09-Battle Theme 2.spc"",""10-Mimizi Mansion.spc"",""11-Scenario Mode Ending.spc"",""12-Battle Theme 3.spc"",""13-Staff Roll.spc"",""14-Unknown Song.spc""]}]"	0	0	15	0	[]	0	0
srte.rsn	srte.rsn	Super Robot Taisen EX (JP)	32	"[{""value"":""Super Robot Taisen EX"",""type"":""str"",""trackCount"":32,""memberPaths"":[""00-Main Theme ~ Crossing through Time.spc"",""01-Hot Wind! Fierce Wind! Psybuster.spc"",""02-Getta Robo!.spc"",""03-Mazinger Z.spc"",""04-Dashing Char ~ Gundam.spc"",""05-Dunbine Flies.spc"",""06-GoShogun, Take off!.spc"",""07-Winds of Langran.spc"",""08-Battle Field.spc"",""09-Wilderness.spc"",""10-Approaching Shadows.spc"",""11-Spectral Protection.spc"",""12-Dark God.spc"",""13-Spore Valley.spc"",""14-A Wind to Chase Troubles Away.spc"",""15-Cave.spc"",""16-Dark Footsteps.spc"",""17-Eyecatch.spc"",""18-Premonition.spc"",""19-Together with You.spc"",""20-Start of Operations.spc"",""21-Shock.spc"",""22-The Interval between Life and Death.spc"",""23-Soldier's Rest.spc"",""24-Parting.spc"",""25-Level-Up.spc"",""26-Requiem.spc"",""27-Load Data.spc"",""28-Valshion.spc"",""29-Neo-Granzon.spc"",""30-Recollection.spc"",""31-Decisive Battle.spc""]}]"	0	0	32	0	[]	0	0
srtg.rsn	srtg.rsn	Super Robot Taisen Gaiden - Masoukishin - The Lord of Elemental (JP)	43	"[{""value"":""Masoukishin"",""type"":""str"",""trackCount"":43,""memberPaths"":[""00-Winds of La Gias (Title Back).spc"",""01-Hot Wind! Fierce Wind! Psybuster.spc"",""02-Chinese Battle Master of the Flames.spc"",""03-From the Land of Water and Marshes.spc"",""04-An Orthodox Tune ~ Jongara-bushi of Mio.spc"",""05-Flapper Girl.spc"",""06-Presia of the Spring Breeze.spc"",""07-Dark Prison.spc"",""08-Great Darkness.spc"",""09-Approaching Enemy.spc"",""10-Holy Emblem.spc"",""11-Footsteps of Destruction.spc"",""12-King of Kings.spc"",""13-Shadow Stalker.spc"",""14-Lordly Ones.spc"",""15-Unrelenting Parade.spc"",""16-Courage in the Heart.spc"",""17-Submerge in Darkness.spc"",""18-Because You're Here.spc"",""19-Nameless Master.spc"",""20-Festival of Power and Skill.spc"",""21-Guardians.spc"",""22-Fallen Gods.spc"",""23-Light's Guidance.spc"",""24-Airborne Souls.spc"",""25-Endless Battling.spc"",""26-Sudden Shock.spc"",""27-The Sadness Does Not Fade away.spc"",""28-Foreboding.spc"",""29-Indian Summer.spc"",""30-Indian Summer 2.spc"",""31-Everyday Routine.spc"",""32-Gods' Blessing.spc"",""33-Preparations for War.spc"",""34-Subtitle.spc"",""35-Intermission.spc"",""36-Prologue.spc"",""37-Opening.spc"",""38-Title Logo.spc"",""39-Level-up Time, I'm So Happy!.spc"",""40-Game Over.spc"",""41-Ending 1.spc"",""42-Ending 2.spc""]}]"	0	0	43	0	[]	0	0
srtj.rsn	srtj.rsn	Super Star Wars - Return of the Jedi	19	"[{""value"":[""Super Star Wars: Return of the J"",""Super Star Wars: Return of the Jedi""],""type"":""list"",""trackCount"":19,""memberPaths"":[""00-JVC Presents.spc"",""01-Lucasarts Jingle 1.spc"",""02-Lucasarts Jingle 2.spc"",""03-In Stereo.spc"",""04-Return of the Jedi.spc"",""05-Star Wars Main Theme.spc"",""06-Speeder Chase.spc"",""07-Hero Select.spc"",""08-Stage Start.spc"",""09-Boss Attack.spc"",""10-Stage Completed.spc"",""11-Hopelessness.spc"",""12-The Rancor Pit.spc"",""13-Theme of the Jedi.spc"",""14-Forests of Endor.spc"",""15-The Dark Emperor.spc"",""16-Victory Celebration.spc"",""17-Lose Life.spc"",""18-Game Over.spc""]}]"	0	0	19	0	[]	0	0
srtls.rsn	srtls.rsn	Shiroi Ring he - Twinkle Little Star	32	"[{""value"":[""Shiroi Ring he: Twinkle Little S"",""Shiroi Ring he: Twinkle Little Star""],""type"":""list"",""trackCount"":32,""memberPaths"":[""00-Opening Logo.spc"",""01-Opening.spc"",""02-Kimeta.spc"",""03-Title Logo.spc"",""04-Shiroi Ring he.spc"",""05-Main Menu.spc"",""06-Player Entry.spc"",""07-Training.spc"",""08-Holiday.spc"",""09-Movie Watching.spc"",""10-Running & Swimming.spc"",""11-Tension.spc"",""12-FMW Gym.spc"",""13-Kick Gym.spc"",""14-Judo Hall.spc"",""15-Karate Gym.spc"",""16-Bathing Suit Shop.spc"",""17-Beauty Parlor.spc"",""18-Karaoke Box.spc"",""19-Michinoku Pro Wrestling.spc"",""20-Sambo Club.spc"",""21-Aerobics Gym.spc"",""22-Battle Theme 1.spc"",""23-Battle Theme 2.spc"",""24-Battle Theme 3.spc"",""25-Battle Theme 4.spc"",""26-After Battle.spc"",""27-Local Battle.spc"",""28-Ending.spc"",""29-Opening Flash.spc"",""30-Gong.spc"",""31-Player Alternation.spc""]}]"	0	0	32	0	[]	0	0
ss2.rsn	ss2.rsn	Silva Saga II - The Legend of Light and Darkness (JP)	34	"[{""value"":""Silva Saga 2"",""type"":""str"",""trackCount"":34,""memberPaths"":[""00-Prologue.spc"",""01-Menu.spc"",""02-Village.spc"",""03-Field.spc"",""04-Battle.spc"",""05-Victory.spc"",""06-Game Over.spc"",""07-Cave.spc"",""08-Town.spc"",""09-Bar.spc"",""10-Adol Castle.spc"",""11-Boss Battle.spc"",""12-Ragon Castle.spc"",""13-Toll Temple.spc"",""14-Maze Valley.spc"",""15-Tower.spc"",""16-Wedding Song.spc"",""17-Norrand Village.spc"",""18-Snow Sled.spc"",""19-Ship.spc"",""20-Doln Village.spc"",""21-Underwater City.spc"",""22-Zolde Castle.spc"",""23-Last Battle.spc"",""24-Ending.spc"",""25-Logo.spc"",""26-Wind.spc"",""27-Fanfare.spc"",""28-Inn.spc"",""29-Defeat.spc"",""30-Level Up!.spc"",""31-Event Item.spc"",""32-Blessing.spc"",""33-Class Change.spc""]}]"	0	0	34	0	[]	0	0
ssc.rsn	ssc.rsn	Super Soccer Champ (US)	12	"[{""value"":""Super Soccer Champ"",""type"":""str"",""trackCount"":12,""memberPaths"":[""00-Select Team.spc"",""01-Goal!.spc"",""02-You Win!.spc"",""03-You Lose!.spc"",""04-Congratulations!.spc"",""05-Staff Roll.spc"",""06-Game Over.spc"",""07-Opening.spc"",""08-Hat Trick Hero!.spc"",""09-Super Soccer Champ!.spc"",""10-Press Start!.spc"",""11-Welcome!.spc""]}]"	0	0	12	0	[]	0	0
ssds.rsn	ssds.rsn	Shin SD Sengokuden - Daishougun Retsuden	22	"[{""value"":[""Shin SD Sengokuden: Daishougun R"",""Shin SD Sengokuden: Daishougun Retsuden""],""type"":""list"",""trackCount"":22,""memberPaths"":[""00-Opening.spc"",""01-Title.spc"",""02-Digest.spc"",""03-Field.spc"",""04-Battle Field 1.spc"",""05-Victory Condition.spc"",""06-Gundam Army Corps.spc"",""07-Battle Field 2.spc"",""08-Take the Field.spc"",""09-Dark Army Corps.spc"",""10-Victory.spc"",""11-Defeat.spc"",""12-Battle Field 3.spc"",""13-Town.spc"",""14-Battle Field 4.spc"",""15-Transforming.spc"",""16-Battle Field 5.spc"",""17-Battle Field 6.spc"",""18-Incarnation in the Dark.spc"",""19-Battle Field 7.spc"",""20-Ending.spc"",""21-Staff Roll.spc""]}]"	0	0	22	0	[]	0	0
sse2e.rsn	sse2e.rsn	Sterling Sharpe - End 2 End	4	"[{""value"":""Sterling Sharpe: End 2 End"",""type"":""str"",""trackCount"":4,""memberPaths"":[""00-Title Screen.spc"",""01-Main Menu.spc"",""02-Main Theme.spc"",""03-Champion!.spc""]}]"	0	0	4	0	[]	0	0
ssf2.rsn	ssf2.rsn	Super Street Fighter 2	98	"[{""value"":[""Super Street Fighter 2 (American"",""Super Street Fighter 2 (American)""],""type"":""list"",""trackCount"":49,""memberPaths"":[""49-Capcom Logo.spc"",""50-Powering Up.spc"",""51-Player Select.spc"",""52-Begin Tournament.spc"",""53-Start Battle.spc"",""54-Ryu.spc"",""55-E. Honda.spc"",""56-Blanka.spc"",""57-Guile.spc"",""58-Ken.spc"",""59-Chun Li.spc"",""60-Zangief.spc"",""61-Dhalsim.spc"",""62-Balrog.spc"",""63-Vega.spc"",""64-Sagat.spc"",""65-M. Bison.spc"",""66-T. Hawk.spc"",""67-Fei Long.spc"",""68-Dee Jay.spc"",""69-Cammy.spc"",""70-End Battle.spc"",""71-Continue.spc"",""72-Game Over.spc"",""73-High Scores.spc"",""74-End Tournament.spc"",""75-Here Comes a New Challenger!.spc"",""76-Break It!.spc"",""77-Ryu's Ending.spc"",""78-E. Honda's Ending.spc"",""79-Blanka's Ending.spc"",""80-Guile's Ending.spc"",""81-Ken's Ending (part 1).spc"",""82-Ken's Ending (part 2).spc"",""83-Chun Li's Ending (part 1).spc"",""84-Chun Li's Ending (Choice 1).spc"",""85-Chun Li's Ending (Choice 2).spc"",""86-Zangief's Ending.spc"",""87-Dhalsim's Ending.spc"",""88-Balrog's Ending.spc"",""89-Vega's Ending.spc"",""90-Sagat's Ending.spc"",""91-M. Bison's Ending.spc"",""92-T. Hawk's Ending.spc"",""93-Fei Long's Ending.spc"",""94-Dee Jay's Ending.spc"",""95-Cammy's Ending.spc"",""96-Staff Roll.spc"",""97-Pause.spc""]},{""value"":[""Super Street Fighter 2 (Japanese"",""Super Street Fighter 2 (Japanese)""],""type"":""list"",""trackCount"":49,""memberPaths"":[""00-Powering Up.spc"",""01-Player Select.spc"",""02-Begin Tournament.spc"",""03-Start Battle.spc"",""04-Ryu.spc"",""05-E. Honda.spc"",""06-Blanka.spc"",""07-Guile.spc"",""08-Balrog.spc"",""09-Ken.spc"",""10-Chun Li.spc"",""11-Zangief.spc"",""12-Dhalsim.spc"",""13-Sagat.spc"",""14-Vega.spc"",""15-T. Hawk.spc"",""16-Fei Long.spc"",""17-Dee Jay.spc"",""18-Cammy.spc"",""19-M. Bison.spc"",""20-End Battle.spc"",""21-End Tournament.spc"",""22-Continue.spc"",""23-Game Over!.spc"",""24-High Scores.spc"",""25-Here Comes a New Challenger!.spc"",""26-Break It!.spc"",""27-Ryu's Ending.spc"",""28-E. Honda's Ending.spc"",""29-Blanka's Ending.spc"",""30-Guile's Ending.spc"",""31-Balrog's Ending.spc"",""32-Ken's Ending (part 1).spc"",""33-Ken's Ending (part 2).spc"",""34-Chun Li's Ending (part 1).spc"",""35-Chun Li's Ending (Choice 1).spc"",""36-Chun Li's Ending (Choice 2).spc"",""37-Zangief's Ending.spc"",""38-Dhalsim's Ending.spc"",""39-Sagat's Ending.spc"",""40-Vega's Ending.spc"",""41-T. Hawk's Ending.spc"",""42-Fei Long's Ending.spc"",""43-Dee Jay's Ending.spc"",""44-Cammy's Ending.spc"",""45-M. Bison's Ending.spc"",""46-Staff Roll.spc"",""47-Pause.spc"",""48-Capcom Logo.spc""]}]"	0	0	98	0	[]	0	0
sshg.rsn	sshg.rsn	Super Shougi (JP)	13	"[{""value"":""Super Shougi"",""type"":""str"",""trackCount"":13,""memberPaths"":[""00-I'Max Logo.spc"",""01-Title.spc"",""02-Battle Mode.spc"",""03-Story Mode Introduction.spc"",""04-Story Mode World Map.spc"",""05-Story Mode Move Map.spc"",""06-Story Mode Battle.spc"",""07-Failure.spc"",""08-Completed.spc"",""09-Story Mode Last Battle.spc"",""10-Tournament Introduction.spc"",""11-Tournament Battle.spc"",""12-Tournament Ending.spc""]}]"	0	0	13	0	[]	0	0
sshgc.rsn	sshgc.rsn	Shin Shougi Club (JP)	1	"[{""value"":""Shin Shougi Club"",""type"":""str"",""trackCount"":1,""memberPaths"":[""00-Main Theme.spc""]}]"	0	0	1	0	[]	0	0
ssitfo.rsn	ssitfo.rsn	Steven Seagal is the Final Option	14	"[{""value"":[""Steven Seagal is the Final Optio"",""Steven Seagal is the Final Option""],""type"":""list"",""trackCount"":14,""memberPaths"":[""00-Map Screen.spc"",""01-Underground Storage Area.spc"",""02-Alloy Processing Center.spc"",""03-Cryogenics Research Lab.spc"",""04-Implant Center.spc"",""05-Molecular Research Center.spc"",""06-Nuclear Fusion Facility.spc"",""07-Game Over.spc"",""08-Injured (Male).spc"",""09-Die (Male).spc"",""10-Fall (Male).spc"",""11-Injured (Female).spc"",""12-Die (Female).spc"",""13-Fall (Female).spc""]}]"	0	0	14	0	[]	0	0
sslsa.rsn	sslsa.rsn	Shijou Saikyou League Serie A - Ace Striker (JP)	10	"[{""value"":""Shijou Saikyou League Serie A: A"",""type"":""str"",""trackCount"":10,""memberPaths"":[""00-Title Screen.spc"",""01-Main Menu.spc"",""02-Begin Game.spc"",""03-Let's Play Italian Soccer!.spc"",""04-Current Status.spc"",""05-Winner!.spc"",""06-It's a Draw!.spc"",""07-You Are Champion!.spc"",""08-Shijou Saikyou League Serie A.spc"",""09-Goooooal!.spc""]}]"	0	0	10	0	[]	0	0
ssnqs.rsn	ssnqs.rsn	Shijou Saikyou no Quiz Ou Kettei Sen Super	18	"[{""value"":[""Shijou Saikyou no Quiz Ou Kettei"",""Shijou Saikyou no Quiz Ou Ketteisen Super""],""type"":""list"",""trackCount"":18,""memberPaths"":[""00-Title Screen.spc"",""01-Main Menu.spc"",""02-Next Area.spc"",""03-Points Needed to Qualify.spc"",""04-Begin Quiz Round.spc"",""05-Next Question.spc"",""06-Question.spc"",""07-Buzz In.spc"",""08-End of Quiz Round.spc"",""09-Your Results Are.spc"",""10-Game Over.spc"",""11-Time for the Big Moment.spc"",""12-Get Ready!.spc"",""13-Reading the Question.spc"",""14-Congratulations! King of Quiz.spc"",""15-Staff Roll.spc"",""16-Wrong!.spc"",""17-Correct!.spc""]}]"	0	0	18	0	[]	0	0
ssta.rsn	ssta.rsn	Super Stadium (JP)	18	"[{""value"":""Super Stadium"",""type"":""str"",""trackCount"":18,""memberPaths"":[""00-Title Screen.spc"",""01-Opening.spc"",""02-Mode Select.spc"",""03-Play Ball!.spc"",""04-Baseball Game 1.spc"",""05-Chance Theme 1.spc"",""06-Baseball Game 2.spc"",""07-Chance Theme 2.spc"",""08-Baseball Game 3.spc"",""09-Chance Theme 3.spc"",""10-Baseball Game 4.spc"",""11-Chance Theme 4.spc"",""12-Get Home.spc"",""13-Home Run.spc"",""14-Change.spc"",""15-Lucky 7.spc"",""16-Game Set.spc"",""17-Sports News.spc""]}]"	0	0	18	0	[]	0	0
sstbs.rsn	sstbs.rsn	Tenbu Spirits	8	"[{""value"":""Tenbu Spirits"",""type"":""str"",""trackCount"":8,""memberPaths"":[""00-Ten-Bu.spc"",""01-Settled Sun.spc"",""02-Dawn of Changan.spc"",""03-Flow the Yellow River.spc"",""04-Riding the Continent.spc"",""05-Battle.spc"",""06-Until the Day of Return.spc"",""07-Ending.spc""]}]"	8	0	0	0	"[{""value"":""Ten-Bu"",""type"":""str"",""trackCount"":6,""memberPaths"":[""00-Ten-Bu.spc"",""01-Settled Sun.spc"",""02-Dawn of Changan.spc"",""03-Flow the Yellow River.spc"",""04-Riding the Continent.spc"",""06-Until the Day of Return.spc""]}]"	0	6
sswap.rsn	sswap.rsn	gourmet sentai barayarou (JP)	9	"[{""value"":""BS Sousa Sentai Wappers"",""type"":""str"",""trackCount"":9,""memberPaths"":[""00-Episode Title Card Jingle.spc"",""01-Intermission Jingle.spc"",""02-Short Victorious Fanfare.spc"",""03-Ending 1.spc"",""04-Ending 2.spc"",""05-Unused Jingle 1.spc"",""06-Unused Jingle 2.spc"",""07-Menu.spc"",""08-Article Selection.spc""]}]"	0	0	9	0	[]	0	0
st2.rsn	st2.rsn	Super Tetris 2 + Bombliss	15	"[{""value"":""Super Tetris 2"",""type"":""str"",""trackCount"":15,""memberPaths"":[""00-BPS Logo.spc"",""01-Super Tetris 2 Logo.spc"",""02-Title Screen.spc"",""03-Tetris A-Type.spc"",""04-Tetris B-Type.spc"",""05-Tetris C-Type.spc"",""06-Tetris Two Player Mode.spc"",""07-Bombliss Contest Mode.spc"",""08-Bombliss Puzzle Mode.spc"",""09-Bombliss Two Player Mode.spc"",""10-Stage Clear.spc"",""11-New Record.spc"",""12-Try Again.spc"",""13-Complete.spc"",""14-Credits.spc""]}]"	0	0	15	0	[]	0	0
st2l.rsn	st2l.rsn	Super Tetris 2 + Bombliss Limited Edition	15	"[{""value"":""Super Tetris 2 Limited Edition"",""type"":""str"",""trackCount"":15,""memberPaths"":[""00-BPS Logo.spc"",""01-Super Tetris 2 Logo.spc"",""02-Title Screen.spc"",""03-Tetris A-Type.spc"",""04-Tetris B-Type.spc"",""05-Tetris C-Type.spc"",""06-Tetris Two Player Mode.spc"",""07-Bombliss Contest Mode.spc"",""08-Bombliss Puzzle Mode.spc"",""09-Bombliss Two Player Mode.spc"",""10-Stage Clear.spc"",""11-New Record.spc"",""12-Try Again.spc"",""13-Complete.spc"",""14-Credits.spc""]}]"	0	0	15	0	[]	0	0
stf.rsn	stf.rsn	Super Tekkyuu Fight! (JP)	19	"[{""value"":""Super Tekkyu Fight!"",""type"":""str"",""trackCount"":19,""memberPaths"":[""00-Opening.spc"",""01-Title Screen.spc"",""02-Player Select.spc"",""03-Begin Area.spc"",""04-Red Hot Volcano.spc"",""05-Area Clear.spc"",""06-Boss Battle 1.spc"",""07-World Clear!.spc"",""08-Arctic Glaciers.spc"",""09-Bottom of the Ocean.spc"",""10-Boss Battle 2.spc"",""11-Tropical Jungle.spc"",""12-Golden Ruins.spc"",""13-Boss Battle 3.spc"",""14-Futuristic City.spc"",""15-Dark Clouds.spc"",""16-Final Boss.spc"",""17-Ending.spc"",""18-Game Over.spc""]}]"	0	0	19	0	[]	0	0
stg.rsn	stg.rsn	Strike Gunner STG	10	"[{""value"":""Strike Gunner"",""type"":""str"",""trackCount"":10,""memberPaths"":[""00-Title Demo.spc"",""01-Weapon Select.spc"",""02-Stages 1, 3 & 5.spc"",""03-Boss Battle.spc"",""04-Stage Clear.spc"",""05-Stages 2 & 4.spc"",""06-Stage 6.spc"",""07-Stage 7.spc"",""08-Final Stage.spc"",""09-Game Over ~ Continue.spc""]}]"	0	0	10	0	[]	0	0
sth.rsn	sth.rsn	Sutte Hakkun (JP)	36	"[{""value"":""Sutte Hakkun"",""type"":""str"",""trackCount"":36,""memberPaths"":[""00-Title.spc"",""01-File Select.spc"",""02-Happiness Tower.spc"",""03-Carefree Tower.spc"",""04-True Youth Tower.spc"",""05-Smoking Spider.spc"",""06-Stage 1.spc"",""07-Stage 2.spc"",""08-Stage 3.spc"",""09-Stage 4.spc"",""10-Stage 5.spc"",""11-Stage 6.spc"",""12-Stage 7.spc"",""13-Stage 8.spc"",""14-Stage 9.spc"",""15-Stage 10.spc"",""16-Extra Stage.spc"",""17-Ending 1.spc"",""18-Ending 2.spc"",""19-Rainbow Bridge.spc"",""20-Hakkun's House.spc"",""21-Practice Stage.spc"",""22-How to Play.spc"",""23-Nice Clear!.spc"",""24-Found the Purple Makkun!.spc"",""25-Vs. Makkun.spc"",""26-Hint and Answer.spc"",""27-Vs. Makkun Battle Lost.spc"",""28-Story Intro.spc"",""29-Unused Song 1.spc"",""30-Unused Song 2.spc"",""31-Instrument Test.spc"",""32-Jingle 1.spc"",""33-Jingle 2.spc"",""34-Jingle 3.spc"",""35-Jingle 4.spc""]}]"	0	0	36	0	[]	0	0
stn.rsn	stn.rsn	Star Trek - The Next Generation	11	"[{""value"":""Star Trek: The Next Generation"",""type"":""str"",""trackCount"":11,""memberPaths"":[""00-Main Theme.spc"",""01-The Bridge.spc"",""02-Codis Mu VI.spc"",""03-Romulan Attack!.spc"",""04-Orentis Gamma IIIB.spc"",""05-Eunacian Enterprise.spc"",""06-Nakatomi Freighter.spc"",""07-Crystal Shard Worlds.spc"",""08-Fizaal's Happy Haven.spc"",""09-Integrated Field Derandomizer.spc"",""10-IFD Disappears.spc""]}]"	0	0	11	0	[]	0	0
sts.rsn	sts.rsn	Special Tee Shot (US)	36	"[{""value"":""Special Tee Shot"",""type"":""str"",""trackCount"":36,""memberPaths"":[""00-Title Screen.spc"",""01-Menu.spc"",""02-Game Start.spc"",""03-Normal Course.spc"",""04-Normal Course (Night Version).spc"",""05-Extra Course.spc"",""06-Extra Course (Night Version).spc"",""07-Gold Course.spc"",""08-Gold Course (Night Version).spc"",""09-Power Shot Jingle.spc"",""10-Special Shot Jingle.spc"",""11-P or S Shot.spc"",""12-P or S Shot (Night Version).spc"",""13-For Par Jingle.spc"",""14-For Par.spc"",""15-For Par (Night Version).spc"",""16-Special Shot Cup In.spc"",""17-Cup In.spc"",""18-Over Score.spc"",""19-Par.spc"",""20-Under Score.spc"",""21-Hole In One.spc"",""22-Scorecard.spc"",""23-Last Hole.spc"",""24-Game Over.spc"",""25-Game Over Result.spc"",""26-Hole Out.spc"",""27-Staff Credit.spc"",""28-Match Play Even.spc"",""29-Match Play Win.spc"",""30-2P Play Hole Out.spc"",""31-Power Meter.spc"",""32-Power Meter (Collapsing).spc"",""33-Power Shot Meter.spc"",""34-Power Shot Meter (Collapsing).spc"",""35-Conveyor.spc""]}]"	0	0	36	0	[]	0	0
stsfa.rsn	stsfa.rsn	star trek starfleet academy starship bridge simulator	7	"[{""value"":""Star Trek: Starfleet Academy"",""type"":""str"",""trackCount"":7,""memberPaths"":[""00-Title Theme.spc"",""01-Starfleet Academy.spc"",""02-Bridge Simulator.spc"",""03-Briefing & Simulator.spc"",""04-Red & Yellow Alert.spc"",""05-Graduation.spc"",""06-Unknown Song.spc""]}]"	0	0	7	0	[]	0	0
suco.rsn	suco.rsn	Super Copa (US)	7	"[{""value"":""Super Copa"",""type"":""str"",""trackCount"":7,""memberPaths"":[""00-Title Screen (Portugese).spc"",""01-Main Theme (Portugese).spc"",""02-Title Screen (Spanish).spc"",""03-Main Theme (Spanish).spc"",""04-Crowd Chant.spc"",""05-Ouch! 1.spc"",""06-Ouch! 2.spc""]}]"	0	0	7	0	[]	0	0
sufa2.rsn	sufa2.rsn	Super Famista 2 (JP)	22	"[{""value"":""Super Famista 2"",""type"":""str"",""trackCount"":22,""memberPaths"":[""00-Super Famista 2 Title.spc"",""01-Mode Select.spc"",""02-Define Your Hero.spc"",""03-The Draft.spc"",""04-Play Ball.spc"",""05-The Top of the Inning.spc"",""06-Hero! (The Top of the Inning).spc"",""07-The Bottom of the Inning.spc"",""08-Hero! (The Bottom of the Inning).spc"",""09-Cheer Up.spc"",""10-Pinch Hitter.spc"",""11-Namco Stars Baseball Team.spc"",""12-Hero! (Namco Stars).spc"",""13-Pinch Hitter (Namco Stars).spc"",""14-Home Run.spc"",""15-The Side is Retired.spc"",""16-The Game is Over ~ The News.spc"",""17-The Namcot Sports (Newspaper).spc"",""18-Compute.spc"",""19-Drum Roll.spc"",""20-Draw a Prize.spc"",""21-Draw a Blank.spc""]}]"	0	0	22	0	[]	0	0
sumj.rsn	sumj.rsn	Super Mahjong (JP)	12	"[{""value"":""Super Mahjong"",""type"":""str"",""trackCount"":12,""memberPaths"":[""00-I'Max Logo.spc"",""01-Title.spc"",""02-Battle Theme 1.spc"",""03-Battle Theme 2.spc"",""04-End of Match.spc"",""05-Game Over.spc"",""06-Item Roulette.spc"",""07-Draw a Blank.spc"",""08-Draw a Prize!.spc"",""09-Item Shop.spc"",""10-Item Use.spc"",""11-Ending.spc""]}]"	0	0	12	0	[]	0	0
sumt.rsn	sumt.rsn	super mahjong taikai (JP)	64	"[{""value"":""Super Mahjong Taikai"",""type"":""str"",""trackCount"":64,""memberPaths"":[""00-Title Screen.spc"",""01-Theme of Nobunaga Oda.spc"",""02-Theme of Hideyoshi Toyotomi.spc"",""03-Theme of Ieyasu Tokugawa.spc"",""04-Theme of Cleopatra.spc"",""05-Theme of Guifei Yang.spc"",""06-Theme of Ono no Komachi.spc"",""07-Theme of Ryoma Sakamoto.spc"",""08-Theme of Minamoto no Yoshitsume.spc"",""09-Theme of Musashi Miyamoto.spc"",""10-Theme of Zhuge Liang.spc"",""11-Theme of Nostradamus.spc"",""12-Theme of Kou Shibusawa.spc"",""13-Theme of Genghis Khan.spc"",""14-Theme of Napoleon.spc"",""15-Theme of Julius Caesar.spc"",""16-Theme of Eri Asaka.spc"",""17-Theme of Jenny Kashiwagi.spc"",""18-Theme of Haruyo Yamada.spc"",""19-Theme of Tadao Hirano.spc"",""20-Theme of Keiichi Omiya.spc"",""21-Theme of Hiro Ohmori.spc"",""22-Main Theme.spc"",""23-What Would You Like to Do.spc"",""24-Settings.spc"",""25-Current Status.spc"",""26-Begin Game.spc"",""27-Your Theme (Winning).spc"",""28-Your Theme (Neutral).spc"",""29-Your Theme (Losing).spc"",""30-Opponent Wins via Tsumo.spc"",""31-Opponent Wins via Ron 1.spc"",""32-Opponent Wins via Ron 2.spc"",""33-Draw.spc"",""34-You Won the Hand.spc"",""35-Got a Yakuman Hand!.spc"",""36-End of Hand Results.spc"",""37-Still Playing as the Dealer!.spc"",""38-Someone Ran Out of Points.spc"",""39-End of Round Results 1.spc"",""40-End of Round Results 2.spc"",""41-End of Round Results 3.spc"",""42-End of Round Results 4.spc"",""43-End of Round Results 5.spc"",""44-End of Round Results 6.spc"",""45-Bad Luck.spc"",""46-End of Game Results.spc"",""47-Bankruptcy.spc"",""48-Tournament Mode Set Up.spc"",""49-Tournament Mode Begin Round.spc"",""50-Victory!.spc"",""51-The Pleasure of Victory.spc"",""52-Final Tournament Mode Standings.spc"",""53-Lucky Bet!.spc"",""54-Congratulations, You Have $10,000!.spc"",""55-Celebration Dance.spc"",""56-An Opponent Has $10,000!.spc"",""57-Goodbye!.spc"",""58-Pon!.spc"",""59-Chi!.spc"",""60-Kan!.spc"",""61-Riichi!.spc"",""62-Tsumo!.spc"",""63-Ron!.spc""]}]"	0	0	64	0	[]	0	0
suno.rsn	suno.rsn	Super Uno (JP)	12	"[{""value"":""Super Uno"",""type"":""str"",""trackCount"":12,""memberPaths"":[""00-Title Screen.spc"",""01-Main Menu.spc"",""02-Let's Uno!.spc"",""03-Someone Has Uno!.spc"",""04-We Have a Winner!.spc"",""05-Mini Game.spc"",""06-End of Match.spc"",""07-Storyline.spc"",""08-Board Game Map.spc"",""09-Ending.spc"",""10-Unknown Jingle.spc"",""11-Uno!.spc""]}]"	0	0	12	0	[]	0	0
sv4.rsn	sv4.rsn	Super Valis 4	17	"[{""value"":""Super Valis IV"",""type"":""str"",""trackCount"":17,""memberPaths"":[""00-At the End of the Century.spc"",""01-Start.spc"",""02-Vecanti.spc"",""03-Death.spc"",""04-Dominator.spc"",""05-Overcome (1).spc"",""06-Castle Vanity.spc"",""07-Babylon.spc"",""08-Overcome (2).spc"",""09-Valhalla.spc"",""10-Crystal Pillar.spc"",""11-Overcome (3).spc"",""12-Reddish Moon.spc"",""13-Gallagher.spc"",""14-The Death of the King.spc"",""15-Aftermath.spc"",""16-Fanfare.spc""]}]"	0	0	17	0	[]	0	0
svb.rsn	svb.rsn	Onizuka Katsuya Super Virtual Boxing	16	"[{""value"":[""Onizuka Katsuya Super Virtual Bo"",""Onizuka Katsuya Super Virtual Boxing""],""type"":""list"",""trackCount"":16,""memberPaths"":[""00-Opening.spc"",""01-Select Your Match.spc"",""02-K. Ishizaki's Theme.spc"",""03-S. Judes' Theme.spc"",""04-R. Johnson's Theme.spc"",""05-V. A. Accad's Theme.spc"",""06-L. Iguazu.spc"",""07-M.Mureecho's Theme.spc"",""08-You Lost.spc"",""09-You Win.spc"",""10-Title Match.spc"",""11-You are the Champion!.spc"",""12-Staff Roll.spc"",""13-Menu (unused).spc"",""14-R. Johnson's Theme (unused alternate version).spc"",""15-Ending (unused).spc""]}]"	0	0	16	0	[]	0	0
svg.rsn	svg.rsn	Super Variable Geo (JP)	15	"[{""value"":""Super Variable Geo"",""type"":""str"",""trackCount"":15,""memberPaths"":[""00-Main Theme.spc"",""01-Character Select.spc"",""02-Yuka.spc"",""03-Jun.spc"",""04-Chiho.spc"",""05-Manami.spc"",""06-Satomi.spc"",""07-Ayako.spc"",""08-Erina.spc"",""09-Kaori.spc"",""10-Reimi.spc"",""11-End Battle.spc"",""12-Game Over.spc"",""13-Ending.spc"",""14-Unused.spc""]}]"	0	0	15	0	[]	0	0
svln.rsn	svln.rsn	Syvalion	13	"[{""value"":""Syvalion"",""type"":""str"",""trackCount"":13,""memberPaths"":[""00-Title.spc"",""01-Chapter 1.spc"",""02-Chapter 2.spc"",""03-Chapter 3.spc"",""04-Chapter 4.spc"",""05-Chapter 5.spc"",""06-A Little Harder.spc"",""07-Boss Battle.spc"",""08-Time Attack.spc"",""09-Hall of Fame.spc"",""10-Ending.spc"",""11-Unknown Stage.spc"",""12-Unused Last Boss.spc""]}]"	13	0	0	0	"[{""value"":""Syvalion Super Famicom Game Music"",""type"":""str"",""trackCount"":2,""memberPaths"":[""11-Unknown Stage.spc"",""12-Unused Last Boss.spc""]}]"	0	2
svmc.rsn	svmc.rsn	Spider-Man and Venom - Maximum Carnage	19	"[{""value"":[""Spider-Man and Venom: Maximum Ca"",""Spider-Man and Venom: Maximum Carnage""],""type"":""list"",""trackCount"":19,""memberPaths"":[""00-Main Theme ~ Maximum Carnage.spc"",""01-Story Interlude.spc"",""02-Prepare for Carnage.spc"",""03-Streets of New York.spc"",""04-Chasing Insanity.spc"",""05-Heroic Assault.spc"",""06-Heated Battle.spc"",""07-Decisive Dance.spc"",""08-Stage Clear ~ Get Ready!.spc"",""09-Ending ~ Staff Roll.spc"",""10-Game Over.spc"",""11-Theme of Black Cat.spc"",""12-Theme of Cloak.spc"",""13-Theme of Dagger.spc"",""14-Theme of Morbius.spc"",""15-Theme of Firestar.spc"",""16-Theme of Captain America.spc"",""17-Theme of Iron Fist.spc"",""18-Theme of Deathlok.spc""]}]"	0	0	19	0	[]	0	0
svsa.rsn	svsa.rsn	Spider-Man & Venom - Separation Anxiety	15	"[{""value"":[""Spider-Man & Venom: Separation A"",""Spider-Man & Venom: Separation Anxiety""],""type"":""list"",""trackCount"":15,""memberPaths"":[""00-Main Theme ~ Separation Anxiety.spc"",""01-To the Next Destination.spc"",""02-Heart of the City.spc"",""03-Through the Passages.spc"",""04-Dangerous Forest Path.spc"",""05-Life Foundation's Technology.spc"",""06-Underground City.spc"",""07-Mechanical Battle.spc"",""08-With Guns Blazing.spc"",""09-Ending ~ Staff Roll.spc"",""10-Game Over.spc"",""11-Theme of Daredevil.spc"",""12-Theme of Ghost Rider.spc"",""13-Theme of Hawkeye.spc"",""14-Theme of Captain America.spc""]}]"	0	0	15	0	[]	0	0
swhea.rsn	swhea.rsn	Snow White - Happily Ever After	20	"[{""value"":""Snow White: Happily Ever After"",""type"":""str"",""trackCount"":20,""memberPaths"":[""00-Title Screen.spc"",""01-The Forest.spc"",""02-Stage Clear.spc"",""03-Cloud Land.spc"",""04-Mother Nature.spc"",""05-Realm of Doom.spc"",""06-Crystal Caves.spc"",""07-Mud River.spc"",""08-The Courtyard.spc"",""09-Maliss.spc"",""10-Ending.spc"",""11-High Score.spc"",""12-Unused Song 1.spc"",""13-Unused Song 2.spc"",""14-Unused Song 3.spc"",""15-Unused Song 4.spc"",""16-Unused Song 5.spc"",""17-Unused Song 6.spc"",""18-Unused Song 7.spc"",""19-Unused Song 8.spc""]}]"	0	0	20	0	[]	0	0
swiv.rsn	swiv.rsn	Super Swiv	10	"[{""value"":""Super Swiv"",""type"":""str"",""trackCount"":10,""memberPaths"":[""00-Opening.spc"",""01-Stage 1.spc"",""02-Stage 2.spc"",""03-Stage 3.spc"",""04-Stage 4.spc"",""05-Stage 5.spc"",""06-Stage 6.spc"",""07-Level Complete.spc"",""08-Game Over.spc"",""09-High Score.spc""]}]"	10	0	0	0	"[{""value"":""Super Swiv"",""type"":""str"",""trackCount"":10,""memberPaths"":[""00-Opening.spc"",""01-Stage 1.spc"",""02-Stage 2.spc"",""03-Stage 3.spc"",""04-Stage 4.spc"",""05-Stage 5.spc"",""06-Stage 6.spc"",""07-Level Complete.spc"",""08-Game Over.spc"",""09-High Score.spc""]}]"	10	0
sws.rsn	sws.rsn	Sword World SFC (JP)	80	"[{""value"":""Sword World SFC"",""type"":""str"",""trackCount"":80,""memberPaths"":[""00-Title.spc"",""01-Menu.spc"",""02-Bars and Inns.spc"",""03-Good Night.spc"",""04-City Menu.spc"",""05-Guards' Office.spc"",""06-Store of Miracles.spc"",""07-Magic Guild.spc"",""08-Weapon Shop.spc"",""09-Temples.spc"",""10-Thief Guild.spc"",""11-Dwarves 1.spc"",""12-Dwarves 2.spc"",""13-Dwarves 3.spc"",""14-Dungeon 1.spc"",""15-Encounter.spc"",""16-Battle.spc"",""17-Victory.spc"",""18-Game Over.spc"",""19-Item Found 1.spc"",""20-Item Found 2.spc"",""21-Boss Battle.spc"",""22-Mission Accomplished.spc"",""23-Tension.spc"",""24-Lateria.spc"",""25-Ein's House 1.spc"",""26-Ancient Garden in Rex.spc"",""27-Ports.spc"",""28-Aboard.spc"",""29-Foggy on the Sea.spc"",""30-Dungeon 2.spc"",""31-Dungeon 3.spc"",""32-Dungeon 4.spc"",""33-Dungeon 5.spc"",""34-Dungeon 6.spc"",""35-Dungeon 7.spc"",""36-Mansions.spc"",""37-Nightshade's Theme.spc"",""38-Slums.spc"",""39-Ein's House 2.spc"",""40-Palaces.spc"",""41-The Island of Milrief.spc"",""42-Cave of the Island.spc"",""43-Milrief.spc"",""44-Final Battle.spc"",""45-A Red Gem.spc"",""46-Staff Roll.spc"",""47-Sequel.spc"",""48-Unknown Song 1.spc"",""49-Unknown Song 2.spc"",""50-Unknown Song 3.spc"",""51-Unknown Song 4.spc"",""52-Unknown Song 5.spc"",""53-Unknown Song 6.spc"",""54-Unknown Song 7.spc"",""55-Unknown Song 8.spc"",""56-Unknown Song 9.spc"",""57-Unknown Song 10.spc"",""58-Unknown Song 11.spc"",""59-Unknown Song 12.spc"",""60-Unknown Song 13.spc"",""61-Unknown Song 14.spc"",""62-Unknown Song 15.spc"",""63-Unknown Song 16.spc"",""64-Unknown Song 17.spc"",""65-Unknown Song 18.spc"",""66-Unknown Song 19.spc"",""67-Unknown Song 20.spc"",""68-Unknown Song 21.spc"",""69-Unknown Jingle 1.spc"",""70-Unknown Jingle 2.spc"",""71-Unknown Jingle 3.spc"",""72-Song (Confusion).spc"",""73-Song (Dance).spc"",""74-Song (Lullaby).spc"",""75-Song (Moral).spc"",""76-Song (Peace).spc"",""77-Song (Requiem).spc"",""78-Song (Resistance).spc"",""79-Song (Sing).spc""]}]"	0	0	80	0	[]	0	0
swsb.rsn	swsb.rsn	Sanrio World Smash Ball! (JP)	16	"[{""value"":""Sanrio World Smash Ball"",""type"":""str"",""trackCount"":16,""memberPaths"":[""00-Title Screen.spc"",""01-Main Menu.spc"",""02-Serve Up!.spc"",""03-Scored!.spc"",""04-Winner of the Set!.spc"",""05-Winner of the Game! (1P).spc"",""06-Winner of the Game! (2P).spc"",""07-Bonus Round.spc"",""08-Ending.spc"",""09-Switch Sides.spc"",""10-Game Over.spc"",""11-Continue.spc"",""12-Break Wall.spc"",""13-Hit Wall.spc"",""14-Kick Ball.spc"",""15-Whistle.spc""]}]"	0	0	16	0	[]	0	0
syaro.rsn	syaro.rsn	Sutobasu Yarou Show - 3 on 3 Basketball	16	"[{""value"":[""Sutobasu Yarou Show: 3 on 3 Bask"",""Sutobasu Yarou Show: 3 on 3 Basketball""],""type"":""list"",""trackCount"":16,""memberPaths"":[""00-Opening.spc"",""01-Title Screen.spc"",""02-How to Play.spc"",""03-Set Up.spc"",""04-Coin Toss.spc"",""05-Gym.spc"",""06-Slum.spc"",""07-Roof.spc"",""08-Shovel.spc"",""09-Square.spc"",""10-Car.spc"",""11-You Win!.spc"",""12-Intermission.spc"",""13-Ending.spc"",""14-You Lost.spc"",""15-Game Over.spc""]}]"	0	0	16	0	[]	0	0
t2jd.rsn	t2jd.rsn	Terminator 2 - Judgment Day	6	"[{""value"":""Terminator 2: Judgment Day"",""type"":""str"",""trackCount"":6,""memberPaths"":[""00-Title & Steel Mill.spc"",""01-Arrival & Game Over.spc"",""02-In Game.spc"",""03-Driving.spc"",""04-Ending.spc"",""05-Unknown Song.spc""]}]"	0	0	6	0	[]	0	0
t2tag.rsn	t2tag.rsn	T2 - The Arcade Game	9	"[{""value"":""T2: The Arcade Game"",""type"":""str"",""trackCount"":9,""memberPaths"":[""00-Battlefield.spc"",""01-Level Complete.spc"",""02-Human Hideout.spc"",""03-Skynet.spc"",""04-Escape from the T-1000.spc"",""05-Steel Mill.spc"",""06-Ending.spc"",""07-Game Over.spc"",""08-Excellent.spc""]}]"	0	0	9	0	[]	0	0
ta.rsn	ta.rsn	Tetris Attack	53	"[{""value"":""Panel De Pon"",""type"":""str"",""trackCount"":2,""memberPaths"":[""01-Main Theme (No Intro).spc"",""04-Nintendo!.spc""]},{""value"":""Panel de Pon"",""type"":""str"",""trackCount"":3,""memberPaths"":[""00-Opening ~ Main Theme.spc"",""02-Stage 12.spc"",""03-Game Over.spc""]},{""value"":""Tetris Attack"",""type"":""str"",""trackCount"":48,""memberPaths"":[""05-Nintendo Logo.spc"",""06-Opening ~ Main Theme.spc"",""07-Main Theme (No Intro).spc"",""08-Game Select.spc"",""09-Demo.spc"",""10-Demo (Critical).spc"",""11-Overworld.spc"",""12-Yoshi's Stage.spc"",""13-Yoshi's Stage (Critical).spc"",""14-Victory.spc"",""15-Game Over.spc"",""16-Spell Lifted.spc"",""17-Breeze Stage.spc"",""18-Breeze Stage (Critical).spc"",""19-Glacial Stage.spc"",""20-Glacial Stage (Critical).spc"",""21-Forest Stage.spc"",""22-Forest Stage (Critical).spc"",""23-Flower Stage.spc"",""24-Flower Stage (Critical).spc"",""25-Water Stage.spc"",""26-Water Stage (Critical).spc"",""27-Blaze Stage.spc"",""28-Blaze Stage (Critical).spc"",""29-Sea Stage.spc"",""30-Sea Stage (Critical).spc"",""31-Lunar Stage.spc"",""32-Lunar Stage (Critical).spc"",""33-Inside Mt. Wickedness.spc"",""34-Boss Encounter.spc"",""35-Boss Stage.spc"",""36-Boss Stage (Critical).spc"",""37-Encounter with Bowser.spc"",""38-Bowser's Stage.spc"",""39-Bowser's Stage (Critical).spc"",""40-Staff Roll.spc"",""41-Major Victory.spc"",""42-Level Clear.spc"",""43-Special Ending 1.spc"",""44-Special Ending 2.spc"",""45-Special Ending 3.spc"",""46-Special Ending 4.spc"",""47-Fanfare 1.spc"",""48-Fanfare 1 (Puzzle Mode).spc"",""49-Fanfare 2.spc"",""50-Fanfare 2 (Puzzle Mode).spc"",""51-Fanfare 3.spc"",""52-Fanfare 3 (Puzzle Mode).spc""]}]"	48	0	5	0	[]	0	0
tamo.rsn	tamo.rsn	waratte iitomo tamolympic (JP)	20	"[{""value"":""Waratte Iitomo! Tamorinpic"",""type"":""str"",""trackCount"":20,""memberPaths"":[""00-Title.spc"",""01-Mode Select.spc"",""02-Game Select Slots.spc"",""03-Game Start.spc"",""04-Mini Game 1.spc"",""05-Mini Game 2.spc"",""06-Mini Game 3.spc"",""07-Mini Game 5.spc"",""08-Mini Game 6.spc"",""09-Mini Game 7.spc"",""10-Mini Game 8.spc"",""11-Mini Game 9.spc"",""12-Mini Game 10.spc"",""13-Mini Game 11.spc"",""14-Mini Game 15.spc"",""15-Mini Game 16.spc"",""16-Mini Game 17.spc"",""17-Mini Game 18.spc"",""18-Game Over.spc"",""19-End of Game.spc""]}]"	0	0	20	0	[]	0	0
tarm.rsn	tarm.rsn	Tarot Mystery (JP)	5	"[{""value"":""Tarot Mystery"",""type"":""str"",""trackCount"":5,""memberPaths"":[""00-Title Screen.spc"",""01-What is your birthday.spc"",""02-Your Horoscope Results.spc"",""03-Playing The Card Game Tarot.spc"",""04-Your Tarot Results.spc""]}]"	0	0	5	0	[]	0	0
tb2.rsn	tb2.rsn	Thoroughbred Breeder (JP)	17	"[{""value"":""Thoroughbred Breeder 2"",""type"":""str"",""trackCount"":17,""memberPaths"":[""00-Opening.spc"",""01-Farm.spc"",""02-Stable.spc"",""03-Hot Spring.spc"",""04-Quiz.spc"",""05-Battle.spc"",""06-Win 1.spc"",""07-Win 2.spc"",""08-Win 3.spc"",""09-Win 4.spc"",""10-Fanfare 1.spc"",""11-Fanfare 2.spc"",""12-Fanfare 3.spc"",""13-Fanfare 4.spc"",""14-Super Horse.spc"",""15-Bankruptcy.spc"",""16-Ending.spc""]}]"	0	0	17	0	[]	0	0
tbat.rsn	tbat.rsn	Tetris Battle Gaiden (JP)	31	"[{""value"":""Tetris Battle Gaiden"",""type"":""str"",""trackCount"":31,""memberPaths"":[""00-BPS Logo.spc"",""01-Title Screen.spc"",""02-Character Select.spc"",""03-Battle Start.spc"",""04-Haunted House.spc"",""05-Genial Sunshine.spc"",""06-Ritual Dance.spc"",""07-Wonderful Palace.spc"",""08-Spiritual Beauty.spc"",""09-Tiny Little Concert.spc"",""10-The Art of Ninja.spc"",""11-Samurai Temple.spc"",""12-The Dragon.spc"",""13-Battle against the Dragon.spc"",""14-Pompous Opponent.spc"",""15-The Last Battle.spc"",""16-Win.spc"",""17-Lose.spc"",""18-Game Over.spc"",""19-Credits.spc"",""20-Special Effects A.spc"",""21-Special Effects B.spc"",""22-Fake.spc"",""23-Darkness.spc"",""24-Vampire.spc"",""25-Curse.spc"",""26-Gang.spc"",""27-Fever.spc"",""28-Mambo.spc"",""29-Harden.spc"",""30-Facsimile.spc""]}]"	0	0	31	0	[]	0	0
tbnfz.rsn	tbnfz.rsn	Turn and Burn - No Fly Zone	28	"[{""value"":""Turn and Burn: No Fly Zone"",""type"":""str"",""trackCount"":28,""memberPaths"":[""00-Absolute Entertainment Logo.spc"",""01-Opening.spc"",""02-Main Theme.spc"",""03-Main Menu.spc"",""04-Mission Briefing.spc"",""05-Flight Music 1.spc"",""06-Flight Music 2.spc"",""07-Plane Crashed.spc"",""08-Game Over.spc"",""09-Mission Accomplished.spc"",""10-Mission Complete.spc"",""11-New Password.spc"",""12-Ending (part 1).spc"",""13-Ending (part 2).spc"",""14-Unknown Jingle 1.spc"",""15-Unknown Jingle 2.spc"",""16-Unknown Jingle 3.spc"",""17-Unknown Jingle 4.spc"",""18-Unknown Jingle 5.spc"",""19-Unknown Jingle 6.spc"",""20-Unknown Jingle 7.spc"",""21-Unknown Jingle 8.spc"",""22-Unknown Jingle 9.spc"",""23-Unknown Sound 1.spc"",""24-Unknown Sound 2.spc"",""25-Unknown Sound 3.spc"",""26-Unknown Sound 4.spc"",""27-Drumbeat.spc""]}]"	0	0	28	0	[]	0	0
tdl.rsn	tdl.rsn	Mickey no Tokyo Disneyland Daibouken	18	"[{""value"":[""Mickey no Tokyo Disneyland Daibo"",""Mickey no Tokyo Disneyland Daibouken""],""type"":""list"",""trackCount"":18,""memberPaths"":[""00-Title.spc"",""01-Prologue.spc"",""02-Stage Start.spc"",""03-Adventureland - Pirates of the Caribbean.spc"",""04-Westernland - Big Thunder Mountain.spc"",""05-Critter Country - Splash Mountain.spc"",""06-Fantasyland - Haunted Mansion.spc"",""07-Tomorrowland - Space Mountain.spc"",""08-Fantasyland - Cinderella Castle Mystery Tour.spc"",""09-Mini-boss Battle.spc"",""10-Boss Battle.spc"",""11-Last Battle.spc"",""12-Reunion.spc"",""13-Level Complete.spc"",""14-Game Over.spc"",""15-Continue.spc"",""16-Ending.spc"",""17-Credits.spc""]}]"	0	0	18	0	[]	0	0
tdm.rsn	tdm.rsn	tetris dr mario	44	"[{""value"":""Tetris & Dr. Mario"",""type"":""str"",""trackCount"":44,""memberPaths"":[""00-Main Title.spc"",""01-Game Select.spc"",""02-Tetris Theme.spc"",""03-Tetris Music 1.spc"",""04-Tetris Music 1 (Critical).spc"",""05-Tetris Music 2.spc"",""06-Tetris Music 2 (Critical).spc"",""07-Tetris Music 3.spc"",""08-Tetris Music 3 (Critical).spc"",""09-Tetris Game Over.spc"",""10-Tetris High Score.spc"",""11-Tetris 2-Player Mode Win.spc"",""12-Dr. Mario Theme.spc"",""13-Dr. Mario Config.spc"",""14-Fever.spc"",""15-Chill.spc"",""16-Dr. Mario Game Over.spc"",""17-Dr. Mario Stage Clear (Fever).spc"",""18-Dr. Mario Stage Clear (Chill).spc"",""19-Dr. Mario Win.spc"",""20-Dr. Mario Congratulations.spc"",""21-Mixed Match Theme.spc"",""22-Mixed Match Music 1.spc"",""23-Mixed Match Music 1 (Critical).spc"",""24-Mixed Match Music 2.spc"",""25-Mixed Match Music 2 (Critical).spc"",""26-Mixed Match Music 3.spc"",""27-Mixed Match Music 3 (Critical).spc"",""28-Mixed Match Time Up.spc"",""29-Mixed Match Total.spc"",""30-Dr. Mario Unused Jingle.spc"",""31-Unused Sound.spc"",""32-Tetris!.spc"",""33-Dr. Mario Jingle 1.spc"",""34-Dr. Mario Jingle 2.spc"",""35-Dr. Mario Jingle 3.spc"",""36-Mixed Match Game Over.spc"",""37-Mixed-Match Clear Game Jingle.spc"",""38-Virus Voice 1.spc"",""39-Virus Voice 2.spc"",""40-Virus Voice 3.spc"",""41-Virus Voice 4.spc"",""42-Virus Voice 5.spc"",""43-Virus Voice 6.spc""]}]"	0	0	44	0	[]	0	0
tdsp.rsn	tdsp.rsn	Thunder Spirits	25	"[{""value"":""Thunder Spirits"",""type"":""str"",""trackCount"":25,""memberPaths"":[""00-The Wind Blew All Day Long.spc"",""01-Back to the Fire.spc"",""02-Gargoyle.spc"",""03-Venus Fire.spc"",""04-Twin Vulcan.spc"",""05-The Grubby Dark Blue.spc"",""06-King Fish.spc"",""07-Truth.spc"",""08-G Lobster.spc"",""09-Final Take a Chance.spc"",""10-Mobile Fort.spc"",""11-His Behavior Inspired Us with Distrust.spc"",""12-Boss 6.spc"",""13-Hunger Made Them Desperate.spc"",""14-Off Luck.spc"",""15-Stage Clear.spc"",""16-Game Over.spc"",""17-Final Point.spc"",""18-Entry Hall.spc"",""19-Be Menaced by Orn.spc"",""20-Escape.spc"",""21-Victory.spc"",""22-A War without the End.spc"",""23-Present.spc"",""24-Top Score.spc""]}]"	25	0	0	0	"[{""value"":""Technosoft Game Music Collection Volume 03 ~ Thunder Force 3 (TCS-0003)"",""type"":""str"",""trackCount"":20,""memberPaths"":[""00-The Wind Blew All Day Long.spc"",""01-Back to the Fire.spc"",""02-Gargoyle.spc"",""03-Venus Fire.spc"",""04-Twin Vulcan.spc"",""05-The Grubby Dark Blue.spc"",""06-King Fish.spc"",""07-Truth.spc"",""08-G Lobster.spc"",""09-Final Take a Chance.spc"",""10-Mobile Fort.spc"",""11-His Behavior Inspired Us with Distrust.spc"",""13-Hunger Made Them Desperate.spc"",""14-Off Luck.spc"",""15-Stage Clear.spc"",""16-Game Over.spc"",""17-Final Point.spc"",""19-Be Menaced by Orn.spc"",""22-A War without the End.spc"",""23-Present.spc""]}]"	0	20
temu.rsn	temu.rsn	Tenchi Muyou! - Game Hen (JP)	29	"[{""value"":""Tenchi Muyo RPG"",""type"":""str"",""trackCount"":29,""memberPaths"":[""00-Banpresto Logo.spc"",""01-Opening.spc"",""02-Title ~ Main Theme.spc"",""03-Ryoko and Aeka.spc"",""04-Come On, Let's Go!.spc"",""05-Monster Battle.spc"",""06-Mizuki.spc"",""07-Tension.spc"",""08-Powerful Enemy.spc"",""09-Danger!.spc"",""10-Ready for Action!.spc"",""11-Tenchi's Home.spc"",""12-No Real Threat.spc"",""13-Mihoshi.spc"",""14-Could Be Trouble.spc"",""15-Disturbance.spc"",""16-Waterfalls.spc"",""17-Silence.spc"",""18-Inside the Spaceship.spc"",""19-Machinery.spc"",""20-Transform, Ryo-ohki!.spc"",""21-Launch!.spc"",""22-Get Ready, Everybody!.spc"",""23-Kusumi's Territory.spc"",""24-Mysterious.spc"",""25-Staff Roll.spc"",""26-The End.spc"",""27-Level Up!.spc"",""28-Game Over.spc""]}]"	0	0	29	0	[]	0	0
thg.rsn	thg.rsn	Treasure Hunter G	73	"[{""value"":""Treasure Hunter G"",""type"":""str"",""trackCount"":73,""memberPaths"":[""00-Gemini Wing.spc"",""01-[hamarira hahihi].spc"",""02-There Goes That Shameful Daizaburou.spc"",""03-My Rural Town.spc"",""04-Well, Let's Get Out There and Fight!.spc"",""05-The World's Cavern 1.spc"",""06-Somehow, Something Doesn't Look Quite Right.spc"",""07-The Absence of My Father from My Childhood (Preview).spc"",""08-Go! Go! Kids!.spc"",""09-A Drink to Victory.spc"",""10-An Enticing Town.spc"",""11-Hey You, What Time is It.spc"",""12-Piano Skill Level 1.spc"",""13-Piano Skill Level 2.spc"",""14-Piano Skill Level 3.spc"",""15-Piano Skill Level 4.spc"",""16-Theme From Mountain-San.spc"",""17-Urgently, Get There in a Hurry.spc"",""18-Come Here! I Defend You.spc"",""19-Ponga's Violin Performance.spc"",""20-Surrounded by Forest 1.spc"",""21-The Absence of My Father from My Childhood.spc"",""22-What Thoughts do You Have in the Treasure Room.spc"",""23-Conquer the World!.spc"",""24-The Teacher's Eulogy.spc"",""25-Just Like the Mountain, He Will Not Move.spc"",""26-This is Also Training.spc"",""27-I Memorized My Multiplication.spc"",""28-It Has Been a Long Time Since Someone Called Me a Magician.spc"",""29-Peaceful Sleep.spc"",""30-Yearning for Love (Preview).spc"",""31-Defeated Treasure Hunters.spc"",""32-Upscale Harbor Town.spc"",""33-Hey Darlin', Aren't You Gonna Come Any Closer.spc"",""34-Go Red Team! Go White Team! Rah Rah Rah!.spc"",""35-A Woman, Huh Remember It's Important to Set the Right 'Mood'!.spc"",""36-The World's Cavern 2.spc"",""37-Found an OOPART (Out-Of-Place-Artifact).spc"",""38-Surrounded By Forest 2.spc"",""39-Whose Cat is This.spc"",""40-Buddhist.spc"",""41-Haririririiiii.spc"",""42-Dance! Dance! Dance!.spc"",""43-Bossa Nova of Love.spc"",""44-Can't Screw Up the Order.spc"",""45-Of My Life, I Regret Nothing.spc"",""46-Mad Science.spc"",""47-Psycho Beasts.spc"",""48-The World's Cavern 3.spc"",""49-A Hearty Welcome to the Pyramid Investigation Group.spc"",""50-[mururowaan].spc"",""51-Demi Human Battle.spc"",""52-There is Nothing Else We Can Do Except Sing.spc"",""53-Relax, Relax.spc"",""54-The Queen Says Wait.spc"",""55-Wow, What a Story.spc"",""56-The Turtle Samurai Appears.spc"",""57-Heading West to Escape My Past.spc"",""58-Dead Town.spc"",""59-The Attack of Rising Water on Bichuu Takamatsu Castle.spc"",""60-The World's Cavern 4.spc"",""61-The Road to Survival.spc"",""62-Sad Freedom.spc"",""63-Winged Maiden.spc"",""64-Love's Escape.spc"",""65-An Illicit Fishing Boat and a Russian Patrol Ship.spc"",""66-A Position of Total Control.spc"",""67-A Former Kagonarl.spc"",""68-I Might Die.spc"",""69-Apprentice of Balladry.spc"",""70-Emperor of Balladry.spc"",""71-It is Raining on the Peninsula of Magahama.spc"",""72-Around the World.spc""]}]"	73	0	0	0	"[{""value"":""Treasure Hunter G Original Soundtrack (PSCN-5051~2)"",""type"":""str"",""trackCount"":73,""memberPaths"":[""00-Gemini Wing.spc"",""01-[hamarira hahihi].spc"",""02-There Goes That Shameful Daizaburou.spc"",""03-My Rural Town.spc"",""04-Well, Let's Get Out There and Fight!.spc"",""05-The World's Cavern 1.spc"",""06-Somehow, Something Doesn't Look Quite Right.spc"",""07-The Absence of My Father from My Childhood (Preview).spc"",""08-Go! Go! Kids!.spc"",""09-A Drink to Victory.spc"",""10-An Enticing Town.spc"",""11-Hey You, What Time is It.spc"",""12-Piano Skill Level 1.spc"",""13-Piano Skill Level 2.spc"",""14-Piano Skill Level 3.spc"",""15-Piano Skill Level 4.spc"",""16-Theme From Mountain-San.spc"",""17-Urgently, Get There in a Hurry.spc"",""18-Come Here! I Defend You.spc"",""19-Ponga's Violin Performance.spc"",""20-Surrounded by Forest 1.spc"",""21-The Absence of My Father from My Childhood.spc"",""22-What Thoughts do You Have in the Treasure Room.spc"",""23-Conquer the World!.spc"",""24-The Teacher's Eulogy.spc"",""25-Just Like the Mountain, He Will Not Move.spc"",""26-This is Also Training.spc"",""27-I Memorized My Multiplication.spc"",""28-It Has Been a Long Time Since Someone Called Me a Magician.spc"",""29-Peaceful Sleep.spc"",""30-Yearning for Love (Preview).spc"",""31-Defeated Treasure Hunters.spc"",""32-Upscale Harbor Town.spc"",""33-Hey Darlin', Aren't You Gonna Come Any Closer.spc"",""34-Go Red Team! Go White Team! Rah Rah Rah!.spc"",""35-A Woman, Huh Remember It's Important to Set the Right 'Mood'!.spc"",""36-The World's Cavern 2.spc"",""37-Found an OOPART (Out-Of-Place-Artifact).spc"",""38-Surrounded By Forest 2.spc"",""39-Whose Cat is This.spc"",""40-Buddhist.spc"",""41-Haririririiiii.spc"",""42-Dance! Dance! Dance!.spc"",""43-Bossa Nova of Love.spc"",""44-Can't Screw Up the Order.spc"",""45-Of My Life, I Regret Nothing.spc"",""46-Mad Science.spc"",""47-Psycho Beasts.spc"",""48-The World's Cavern 3.spc"",""49-A Hearty Welcome to the Pyramid Investigation Group.spc"",""50-[mururowaan].spc"",""51-Demi Human Battle.spc"",""52-There is Nothing Else We Can Do Except Sing.spc"",""53-Relax, Relax.spc"",""54-The Queen Says Wait.spc"",""55-Wow, What a Story.spc"",""56-The Turtle Samurai Appears.spc"",""57-Heading West to Escape My Past.spc"",""58-Dead Town.spc"",""59-The Attack of Rising Water on Bichuu Takamatsu Castle.spc"",""60-The World's Cavern 4.spc"",""61-The Road to Survival.spc"",""62-Sad Freedom.spc"",""63-Winged Maiden.spc"",""64-Love's Escape.spc"",""65-An Illicit Fishing Boat and a Russian Patrol Ship.spc"",""66-A Position of Total Control.spc"",""67-A Former Kagonarl.spc"",""68-I Might Die.spc"",""69-Apprentice of Balladry.spc"",""70-Emperor of Balladry.spc"",""71-It is Raining on the Peninsula of Magahama.spc"",""72-Around the World.spc""]}]"	0	73
tick.rsn	tick.rsn	Tick, The (US)	9	"[{""value"":""The Tick"",""type"":""str"",""trackCount"":9,""memberPaths"":[""00-Fox Fanfare.spc"",""01-Title.spc"",""02-Sneaky Trumpets.spc"",""03-Tension Bed.spc"",""04-Jumping.spc"",""05-Fear Bed.spc"",""06-Scat.spc"",""07-Fight.spc"",""08-Title (Vocal Version).spc""]}]"	0	0	9	0	[]	0	0
timec.rsn	timec.rsn	Timecop	9	"[{""value"":""Time Cop"",""type"":""str"",""trackCount"":9,""memberPaths"":[""00-Main Theme.spc"",""01-Washington.spc"",""02-San Andreas Fault.spc"",""03-New York.spc"",""04-Germany.spc"",""05-Los Angeles ~ Brainblast 2144.spc"",""06-Los Angeles ~ Factory 2117.spc"",""07-Los Angeles ~ Skyscraper 2144.spc"",""08-Evil Laugh.spc""]}]"	0	0	9	0	[]	0	0
tit.rsn	tit.rsn	Teenage Mutant Ninja Turtles IV - Turtles in Time	42	"[{""value"":[""Teenage Mutant Ninja Turtles IV:"",""Teenage Mutant Ninja Turtles IV: Turtles in Time""],""type"":""list"",""trackCount"":42,""memberPaths"":[""00-Turtle Power.spc"",""01-Turtle Select.spc"",""02-The Lady Liberty Vanishes.spc"",""03-Big Apple, 3 A.M.spc"",""04-Alleycat Blues.spc"",""05-Sewer Surfin'.spc"",""06-The Technodrome Appears.spc"",""07-Technodrome ~ Let's Kick Shell!.spc"",""08-Going Up.spc"",""09-Shredder's Trump Card.spc"",""10-Turning Back the Clock.spc"",""11-Prehistoric Turtlesaurus.spc"",""12-Let's Do the Time Warp Again.spc"",""13-Skull & Crossbones.spc"",""14-Bury My Shell at Wounded Knee.spc"",""15-Neon Night-Riders.spc"",""16-Star Base ~ Where No Turtle Has Gone Before.spc"",""17-Climactic Battle.spc"",""18-Technodrome ~ The Final Shell Shock.spc"",""19-Bouncing Back.spc"",""20-Bummer.spc"",""21-All Clear!.spc"",""22-Signing Off.spc"",""23-Try Harder.spc"",""24-Flying High.spc"",""25-Warming Up.spc"",""26-Under Pressure.spc"",""27-In the Nick of Time.spc"",""28-Sparring Match.spc"",""29-Eye of the Turtle.spc"",""30-Thanks For the Memories.spc"",""31-Cowabunga!.spc"",""32-Big Apple, 3 A.M.spc"",""33-Alleycat Blues.spc"",""34-Sewer Surfin'.spc"",""35-Technodrome ~ Let's Kick Shell!.spc"",""36-Prehistoric Turtlesaurus.spc"",""37-Skull & Crossbones.spc"",""38-Bury My Shell at Wounded Knee.spc"",""39-Neon Night-Riders.spc"",""40-Star Base ~ Where No Turtle Has Gone Before.spc"",""41-Technodrome ~ The Final Shell Shock.spc""]}]"	0	0	42	0	[]	0	0
tlb.rsn	tlb.rsn	Last Battle, The	35	"[{""value"":""The Last Battle"",""type"":""str"",""trackCount"":35,""memberPaths"":[""00-Prologue.spc"",""01-Menu.spc"",""02-City on Day.spc"",""03-Item Found.spc"",""04-School Chime.spc"",""05-Field at Night.spc"",""06-Battle.spc"",""07-Vicory.spc"",""08-Level Up.spc"",""09-Item Gained.spc"",""10-Camp.spc"",""11-Cave.spc"",""12-Good Night.spc"",""13-Tension.spc"",""14-Battle with Guld Army.spc"",""15-Victorious.spc"",""16-Solemnly.spc"",""17-Field on Day.spc"",""18-Castle.spc"",""19-City at Night.spc"",""20-Elven Village.spc"",""21-Litten Village.spc"",""22-Martial Law.spc"",""23-Yaak Village.spc"",""24-Boss Battle.spc"",""25-Retreat.spc"",""26-Aboard.spc"",""27-Wrecked Ship.spc"",""28-Cardinal Ketteli.spc"",""29-Palace of Ice and Fire.spc"",""30-Ishkar the Ice Queen.spc"",""31-Battle with Ishkar.spc"",""32-The Last Battle.spc"",""33-Ending.spc"",""34-Game Over.spc""]}]"	0	0	35	0	[]	0	0
tmkit.rsn	tmkit.rsn	Takemiya Masaki Kudan no Igo Taishou	10	"[{""value"":[""Takemiya Masaki Kudan no Igo Tai"",""Takemiya Masaki Kudan no Igo Taishou""],""type"":""list"",""trackCount"":10,""memberPaths"":[""00-KSS Logo.spc"",""01-Title Screen.spc"",""02-Main Menu.spc"",""03-Introduction.spc"",""04-Beginner.spc"",""05-Intermediate.spc"",""06-Advanced.spc"",""07-Challenge with the Leader.spc"",""08-Game Abandoned.spc"",""09-End of Game.spc""]}]"	0	0	10	0	[]	0	0
tmnt5.rsn	tmnt5.rsn	Teenage Mutant Ninja Turtles - Tournament Fighters	38	"[{""value"":[""Teenage Mutant Ninja Turtles: To"",""Teenage Mutant Ninja Turtles: Tounament Fighters""],""type"":""list"",""trackCount"":1,""memberPaths"":[""27-Karai's Letter.spc""]},{""value"":[""Teenage Mutant Ninja Turtles: To"",""Teenage Mutant Ninja Turtles: Tournament Fighters""],""type"":""list"",""trackCount"":37,""memberPaths"":[""00-Konami Fanfare.spc"",""01-Tournament Fighters (part 1).spc"",""02-Tournament Fighters (part 2).spc"",""03-Enter the Tournament.spc"",""04-Back Alley.spc"",""05-Cafeteria.spc"",""06-Sky Palace.spc"",""07-Scrapyard.spc"",""08-Noh Stage.spc"",""09-Thunder Dome.spc"",""10-Art Museum.spc"",""11-Pirate Ship.spc"",""12-Mt. Olympus.spc"",""13-Metal Works.spc"",""14-Studio 6.spc"",""15-Metro Train.spc"",""16-Safe Cracker.spc"",""17-Bragging Rights.spc"",""18-The Champion's Challenge.spc"",""19-Cowabunga!.spc"",""20-Rest and Relaxation.spc"",""21-Dreams to Reality.spc"",""22-Peaceful Days Ahead.spc"",""23-Hail the Villains.spc"",""24-Supreme Dominance.spc"",""25-Eternal Glory.spc"",""26-The Ten Champions.spc"",""28-Turtle Power!.spc"",""29-The Next Victim.spc"",""30-Small Talk.spc"",""31-All is Well! ~ Staff Roll.spc"",""32-You Win!!.spc"",""33-You Can't Beat Me!.spc"",""34-The Fighting's Over.spc"",""35-You Need More Training!.spc"",""36-Ten Second Decision.spc"",""37-Game Over.spc""]}]"	0	0	38	0	[]	0	0
tnd.rsn	tnd.rsn	Torneco no Daibouken - Fushigi no Dungeon	28	"[{""value"":""Torneco no Daibouken"",""type"":""str"",""trackCount"":28,""memberPaths"":[""00-Torneco Fanfare.spc"",""01-Torneco's Theme.spc"",""02-Treasure Hunt.spc"",""03-Master Hunter List.spc"",""04-Entering the Dungeon.spc"",""05-Sandy Caves.spc"",""06-Wooden Structure.spc"",""07-Limestone Quarry.spc"",""08-Muddy Tunnels.spc"",""09-Abandoned Mine.spc"",""10-Ancient Cave.spc"",""11-Desolate Ice Layer.spc"",""12-Volcanic Zone.spc"",""13-Lava Cavern.spc"",""14-Crystal Springs.spc"",""15-Level Up!.spc"",""16-Good Night.spc"",""17-Game Over!.spc"",""18-King Jewel Box.spc"",""19-Return Home.spc"",""20-Awakening.spc"",""21-Monster's Lair Discovered!.spc"",""22-Inside the Monster's Lair.spc"",""23-Cursed!.spc"",""24-Curse Solved.spc"",""25-Nene's Bar.spc"",""26-Box of Happiness.spc"",""27-Eternal Happiness.spc""]}]"	0	0	28	0	[]	0	0
tnu.rsn	tnu.rsn	Tenshi no Uta - Shiroki Tsubasa no Inori	42	"[{""value"":""Tenshi no Uta"",""type"":""str"",""trackCount"":42,""memberPaths"":[""00-Openning Title.spc"",""01-Continue.spc"",""02-Prologue.spc"",""03-Town 1.spc"",""04-Field.spc"",""05-Encounter.spc"",""06-Battle 1.spc"",""07-Bridge.spc"",""08-Meeting.spc"",""09-Circus.spc"",""10-Angel Song.spc"",""11-Night.spc"",""12-Love 1.spc"",""13-Evil.spc"",""14-Battle2.spc"",""15-Succeed.spc"",""16-Town 2.spc"",""17-Town 3.spc"",""18-Incident.spc"",""19-Love 2.spc"",""20-Underpass.spc"",""21-Forest.spc"",""22-Mountain.spc"",""23-Dark Town.spc"",""24-Babel Tower.spc"",""25-Rannel.spc"",""26-Shrine.spc"",""27-Ship.spc"",""28-Desert.spc"",""29-Ark.spc"",""30-Claimh-Solais.spc"",""31-Dark Cave.spc"",""32-Angel.spc"",""33-Evil World.spc"",""34-Dark Castle.spc"",""35-Battle3.spc"",""36-Satan Palace.spc"",""37-Last Battle.spc"",""38-Epilogue.spc"",""39-End Title.spc"",""40-Level Up.spc"",""41-Awaking.spc""]}]"	0	0	42	0	[]	0	0
tnw.rsn	tnw.rsn	ninjawarriors (US)	23	"[{""value"":""The Ninja Warriors"",""type"":""str"",""trackCount"":23,""memberPaths"":[""00-Opening.spc"",""01-Title.spc"",""02-Player Select.spc"",""03-Headquarter.spc"",""04-Boss 1.spc"",""05-Port.spc"",""06-Boss 2.spc"",""07-City Center.spc"",""08-Boss 3.spc"",""09-Parking Block.spc"",""10-Boss 4.spc"",""11-City.spc"",""12-Skyscraper.spc"",""13-Boss 5.spc"",""14-Best Room.spc"",""15-Boss 6.spc"",""16-Pursuit.spc"",""17-Boss 7.spc"",""18-Final Stage.spc"",""19-Last Boss.spc"",""20-Stage Clear.spc"",""21-Ending.spc"",""22-Game Over.spc""]}]"	0	0	23	0	[]	0	0
to.rsn	to.rsn	Tactics Ogre	49	"[{""value"":""Tactics Ogre"",""type"":""str"",""trackCount"":49,""memberPaths"":[""00-Overture.spc"",""01-Unit March.spc"",""02-Chaotic Island.spc"",""03-Fortune Teller 2.spc"",""04-Catastrophe.spc"",""05-Island Atlas.spc"",""06-Prepare to Take the Field.spc"",""07-Avilla Henya.spc"",""08-Glory.spc"",""09-War Situation.spc"",""10-Harvest Dance.spc"",""11-Restriction on Power.spc"",""12-Blasphemous Experiment.spc"",""13-A Cygnet.spc"",""14-VENDETTA!.spc"",""15-Theme of WLA.spc"",""16-Fog of Phantom.spc"",""17-Footsteps from Darkness.spc"",""18-Song of Tundra.spc"",""19-Religious Precepts.spc"",""20-Fight it Out!.spc"",""21-Retreat!.spc"",""22-A Color of Chaos.spc"",""23-Blessed Memory.spc"",""24-Warren Report.spc"",""25-Three Kings.spc"",""26-Insincerity.spc"",""27-Breath of the Earth.spc"",""28-Agitation.spc"",""29-Air Land.spc"",""30-Theme of the Priest.spc"",""31-Fact of Shock.spc"",""32-Chivalry and Savagery.spc"",""33-Notice of Death.spc"",""34-Limitation.spc"",""35-Prayer.spc"",""36-Theme of the Black Knights.spc"",""37-Box of Sentiment.spc"",""38-Emotion and Absense of Mind.spc"",""39-Deathrattle.spc"",""40-Unsealed.spc"",""41-Reminiscence.spc"",""42-Awakening.spc"",""43-Coronation.spc"",""44-Passing Moment.spc"",""45-Level Up!.spc"",""46-Hidden Treasure.spc"",""47-Class Change.spc"",""48-Fight it Out!.spc""]}]"	49	0	0	0	"[{""value"":""Tactics Ogre (DPCX-5052~4)"",""type"":""str"",""trackCount"":45,""memberPaths"":[""00-Overture.spc"",""01-Unit March.spc"",""02-Chaotic Island.spc"",""03-Fortune Teller 2.spc"",""04-Catastrophe.spc"",""05-Island Atlas.spc"",""06-Prepare to Take the Field.spc"",""07-Avilla Henya.spc"",""08-Glory.spc"",""09-War Situation.spc"",""10-Harvest Dance.spc"",""11-Restriction on Power.spc"",""12-Blasphemous Experiment.spc"",""13-A Cygnet.spc"",""14-VENDETTA!.spc"",""15-Theme of WLA.spc"",""16-Fog of Phantom.spc"",""17-Footsteps from Darkness.spc"",""18-Song of Tundra.spc"",""19-Religious Precepts.spc"",""20-Fight it Out!.spc"",""21-Retreat!.spc"",""22-A Color of Chaos.spc"",""23-Blessed Memory.spc"",""24-Warren Report.spc"",""25-Three Kings.spc"",""26-Insincerity.spc"",""27-Breath of the Earth.spc"",""28-Agitation.spc"",""29-Air Land.spc"",""30-Theme of the Priest.spc"",""31-Fact of Shock.spc"",""32-Chivalry and Savagery.spc"",""33-Notice of Death.spc"",""34-Limitation.spc"",""35-Prayer.spc"",""36-Theme of the Black Knights.spc"",""37-Box of Sentiment.spc"",""38-Emotion and Absense of Mind.spc"",""39-Deathrattle.spc"",""40-Unsealed.spc"",""41-Reminiscence.spc"",""42-Awakening.spc"",""43-Coronation.spc"",""44-Passing Moment.spc""]}]"	0	45
top.rsn	top.rsn	Tales of Phantasia	77	"[{""value"":""Tales of Phantasia"",""type"":""str"",""trackCount"":77,""memberPaths"":[""00-Decisive.spc"",""01-The Stream of Time.spc"",""02-Defiance.spc"",""03-Harmonious Moment.spc"",""04-Hydropolis.spc"",""05-Vigorous Town.spc"",""06-Serene Weather.spc"",""07-Mystic Forest.spc"",""08-Freeze.spc"",""09-Underground Way.spc"",""10-Mint.spc"",""11-Desolate Road.spc"",""12-Sylphis'.spc"",""13-Retaliation.spc"",""14-Morlia Gallery.spc"",""15-Field of Sunset (part 1).spc"",""16-Field of Sunset (part 2).spc"",""17-Martel.spc"",""18-Arche.spc"",""19-Tasteful.spc"",""20-Good Wine Makes Good Blood.spc"",""21-Lake on Ymir.spc"",""22-Triumph.spc"",""23-Abyss of Thor.spc"",""24-Open Fire.spc"",""25-Threatening Sky.spc"",""26-Aviators.spc"",""27-Burning Tower.spc"",""28-Perverse Religion.spc"",""29-Fulfill Mission.spc"",""30-Hurry Up.spc"",""31-Be Absentminded.spc"",""32-Take up the Cross.spc"",""33-Go a Step Further.spc"",""34-Overcome Difficulties.spc"",""35-Conclusion.spc"",""36-Who is Good or Evil.spc"",""37-Raising a Curtain.spc"",""38-The Second Act.spc"",""39-Final Act.spc"",""40-Olive Village.spc"",""41-Awakening.spc"",""42-Euclid.spc"",""43-Premonition.spc"",""44-As Time Goes On.spc"",""45-Penetrate.spc"",""46-Emergency.spc"",""47-Resurrection.spc"",""48-Dark Cave.spc"",""49-Bright Moonlit Night.spc"",""50-Oasis.spc"",""51-Mid Galds.spc"",""52-Ary.spc"",""53-Castle of the Dhaos.spc"",""54-Forest of the Treant.spc"",""55-Unicorn.spc"",""56-Cave of Illusion.spc"",""57-Biting Cold.spc"",""58-Mysterious Ja p on.spc"",""59-Go Over Adversity.spc"",""60-Fighting of the Spirit.spc"",""61-Contract.spc"",""62-Ah My God.spc"",""63-Tomorrow is a Holiday.spc"",""64-I Miss You.spc"",""65-Good-by Friends.spc"",""66-Recovery.spc"",""67-Lonely Twilight.spc"",""68-Harvest Festival.spc"",""69-Piano Lesson 6.spc"",""70-Rally X Round Start.spc"",""71-Rally X.spc"",""72-Rally X Round Clear.spc"",""73-Ridge Racer.spc"",""74-Yume wa Owaranai (instrumental).spc"",""75-Sakuraba Solo.spc"",""76-Credits.spc""]}]"	77	0	0	0	"[{""value"":""Tales of Phantasia Original Soundtrack (VICL-60369)"",""type"":""str"",""trackCount"":40,""memberPaths"":[""00-Decisive.spc"",""01-The Stream of Time.spc"",""02-Defiance.spc"",""03-Harmonious Moment.spc"",""04-Hydropolis.spc"",""05-Vigorous Town.spc"",""06-Serene Weather.spc"",""07-Mystic Forest.spc"",""08-Freeze.spc"",""09-Underground Way.spc"",""10-Mint.spc"",""11-Desolate Road.spc"",""12-Sylphis'.spc"",""13-Retaliation.spc"",""14-Morlia Gallery.spc"",""15-Field of Sunset (part 1).spc"",""16-Field of Sunset (part 2).spc"",""17-Martel.spc"",""18-Arche.spc"",""19-Tasteful.spc"",""20-Good Wine Makes Good Blood.spc"",""21-Lake on Ymir.spc"",""22-Triumph.spc"",""23-Abyss of Thor.spc"",""24-Open Fire.spc"",""25-Threatening Sky.spc"",""26-Aviators.spc"",""27-Burning Tower.spc"",""28-Perverse Religion.spc"",""29-Fulfill Mission.spc"",""30-Hurry Up.spc"",""31-Be Absentminded.spc"",""32-Take up the Cross.spc"",""33-Go a Step Further.spc"",""34-Overcome Difficulties.spc"",""35-Conclusion.spc"",""36-Who is Good or Evil.spc"",""37-Raising a Curtain.spc"",""38-The Second Act.spc"",""39-Final Act.spc""]},{""value"":""Tales of Phantasia Original Soundtrack (VICL-60370)"",""type"":""str"",""trackCount"":35,""memberPaths"":[""40-Olive Village.spc"",""41-Awakening.spc"",""42-Euclid.spc"",""43-Premonition.spc"",""44-As Time Goes On.spc"",""45-Penetrate.spc"",""46-Emergency.spc"",""47-Resurrection.spc"",""48-Dark Cave.spc"",""49-Bright Moonlit Night.spc"",""50-Oasis.spc"",""51-Mid Galds.spc"",""52-Ary.spc"",""53-Castle of the Dhaos.spc"",""54-Forest of the Treant.spc"",""55-Unicorn.spc"",""56-Cave of Illusion.spc"",""57-Biting Cold.spc"",""58-Mysterious Ja p on.spc"",""59-Go Over Adversity.spc"",""60-Fighting of the Spirit.spc"",""61-Contract.spc"",""62-Ah My God.spc"",""63-Tomorrow is a Holiday.spc"",""64-I Miss You.spc"",""65-Good-by Friends.spc"",""66-Recovery.spc"",""67-Lonely Twilight.spc"",""68-Harvest Festival.spc"",""69-Piano Lesson 6.spc"",""70-Rally X Round Start.spc"",""71-Rally X.spc"",""72-Rally X Round Clear.spc"",""73-Ridge Racer.spc"",""74-Yume wa Owaranai (instrumental).spc""]}]"	0	75
torsh.rsn	torsh.rsn	Tsuppari Oozumo Rissin Shusse Hen	37	"[{""value"":[""Tsuppari Oozumo Rissin Shusse He"",""Tsuppari Oozumo Rissin Shusse Hen""],""type"":""list"",""trackCount"":37,""memberPaths"":[""00-Let's Dosukoi!.spc"",""01-Feather Drum.spc"",""02-The Famous Sumo Wrestlers.spc"",""03-Story of Skill.spc"",""04-Today's Opponent.spc"",""05-The Slapping Sumo Wrestler.spc"",""06-Not Yet, Not Yet!.spc"",""07-Sumo Festival.spc"",""08-Lightly, Lightly.spc"",""09-It's Now or Never.spc"",""10-Yokozuna.spc"",""11-Support Waikiki.spc"",""12-Jazzy Sumo Slap.spc"",""13-White Star.spc"",""14-Black Star.spc"",""15-Sumo Coach's Feelings.spc"",""16-Heirloom Sword.spc"",""17-Shoushin Samba.spc"",""18-Bringing a Dream Closer.spc"",""19-I am Yokozuna!.spc"",""20-Surrounded by Reporters.spc"",""21-Tomorrow.spc"",""22-Teary Demotion.spc"",""23-Move the Manekineko.spc"",""24-I Did It!!.spc"",""25-Dammit!!.spc"",""26-Rag Rag Parade.spc"",""27-The Cha in the Cha-Cha-Cha.spc"",""28-Banzai! Banzai!.spc"",""29-House Maim Maim.spc"",""30-Buil Will Destroy!.spc"",""31-Little Girl Hyau.spc"",""32-Sumo Mambo.spc"",""33-What's in the Palm of Your Hand.spc"",""34-Big Sumo Blues.spc"",""35-Applause.spc"",""36-Buil Collapse.spc""]}]"	0	0	37	0	[]	0	0
tpjg.rsn	tpjg.rsn	Timon & Pumbaa's Jungle Games	8	"[{""value"":""Timon and Pumbaa's Jungle Games"",""type"":""str"",""trackCount"":8,""memberPaths"":[""00-Title Screen.spc"",""01-Burper.spc"",""02-Hippo Hop.spc"",""03-Jungle Pinball.spc"",""04-Sling Shooter.spc"",""05-Jungle Ambience.spc"",""06-Selected Game.spc"",""07-Select Option.spc""]}]"	0	0	8	0	[]	0	0
trba.rsn	trba.rsn	Twinbee - Rainbow Bell Adventure	34	"[{""value"":""Twinbee: Rainbow Bell Adventure"",""type"":""str"",""trackCount"":34,""memberPaths"":[""00-Konami Logo.spc"",""01-Princess Melora.spc"",""02-Dr. Warmon's Ambition.spc"",""03-Twinbee to the Rescue!.spc"",""04-Option Select Fanfare.spc"",""05-Character Select.spc"",""06-Next Destination.spc"",""07-Green Hills ~ Blue Skies.spc"",""08-Sunset Over the Hills.spc"",""09-Let's Move On!.spc"",""10-How Did We Do.spc"",""11-Crazy Attack!.spc"",""12-We're Done Here!.spc"",""13-All Clear!.spc"",""14-Prism Caverns.spc"",""15-Deeper Into the Caverns.spc"",""16-Pastel Forest.spc"",""17-Fast-Flowing Rivers.spc"",""18-Danger Approaches.spc"",""19-A Child's Fantasy Realm.spc"",""20-Distorted Fantasy.spc"",""21-World of Ice and Snow.spc"",""22-Rainbow Music Factory.spc"",""23-Run! Run!.spc"",""24-Evil Twin-bee.spc"",""25-Celebration.spc"",""26-Peace Has Returned.spc"",""27-Staff Roll.spc"",""28-Game Over.spc"",""29-Ten Seconds.spc"",""30-May the Best Bee Win.spc"",""31-Last Bee Standing.spc"",""32-Pause Sound.spc"",""33-Rainbow Bell Obtained.spc""]}]"	0	0	34	0	[]	0	0
trin.rsn	trin.rsn	Trinea (JP)	32	"[{""value"":""Trinea"",""type"":""str"",""trackCount"":32,""memberPaths"":[""00-Yanomonu ~ Yanomon Logo.spc"",""01-Japan Art Media Logo.spc"",""02-Prologue.spc"",""03-JAM'S Overture.spc"",""04-It's Time to Trinea.spc"",""05-Player Select.spc"",""06-Start on the Tour.spc"",""07-Shop.spc"",""08-Joy (Sara).spc"",""09-CB Four.spc"",""10-Fear Evening.spc"",""11-Sorrow.spc"",""12-Ready for Battle.spc"",""13-Winner.spc"",""14-Player's Delight.spc"",""15-Boss (Interlude #2).spc"",""16-Resistance.spc"",""17-Ghost Zone.spc"",""18-Summons Hero.spc"",""19-Crying Darkman.spc"",""20-Cyber Punk.spc"",""21-Epilogue.spc"",""22-Legend of Hero.spc"",""23-Egyptian Lover.spc"",""24-The Final Battle.spc"",""25-Next to the Last.spc"",""26-Running on Neo-Edo!.spc"",""27-Boss (Interlude #1).spc"",""28-Penta Dragon.spc"",""29-Penta of Revenge.spc"",""30-Don't Stop the Jam.spc"",""31-Yayoi's Laugh.spc""]}]"	0	0	32	0	[]	0	0
tsg.rsn	tsg.rsn	Shinri Game, The	6	"[{""value"":""The Shinri Game"",""type"":""str"",""trackCount"":6,""memberPaths"":[""00-Title Screen.spc"",""01-Self Monitoring.spc"",""02-Health Counseling.spc"",""03-What Would You Do if.spc"",""04-Other Questions.spc"",""05-Commentary.spc""]}]"	0	0	6	0	[]	0	0
tsg2.rsn	tsg2.rsn	Shinri Game 2 - Magical Trip, The	23	"[{""value"":""The Shinri Game 2: Magical Trip"",""type"":""str"",""trackCount"":23,""memberPaths"":[""00-Title Screen.spc"",""01-Main Menu.spc"",""02-In-game BGM 1.spc"",""03-In-game BGM 2.spc"",""04-In-game BGM 3.spc"",""05-In-game BGM 4.spc"",""06-In-game BGM 5.spc"",""07-In-game BGM 6.spc"",""08-In-game BGM 7.spc"",""09-In-game BGM 8.spc"",""10-In-game BGM 9.spc"",""11-In-game BGM 10.spc"",""12-In-game BGM 11.spc"",""13-In-game BGM 12.spc"",""14-In-game BGM 13.spc"",""15-SFX 1.spc"",""16-SFX 2.spc"",""17-SFX 3.spc"",""18-SFX 4.spc"",""19-SFX 5.spc"",""20-SFX 6.spc"",""21-SFX 7.spc"",""22-SFX 8.spc""]}]"	0	0	23	0	[]	0	0
tslip.rsn	tslip.rsn	Timeslip	10	"[{""value"":""Time Slip"",""type"":""str"",""trackCount"":10,""memberPaths"":[""00-Title Screen.spc"",""01-Level Intro.spc"",""02-Medieval Era.spc"",""03-Cretaceous Era.spc"",""04-Egyptian Era.spc"",""05-Roman Era.spc"",""06-The Invasion of 2147.spc"",""07-Tirmat.spc"",""08-Ending.spc"",""09-Game Over.spc""]}]"	0	0	10	0	[]	0	0
tsp.rsn	tsp.rsn	Traverse - Starlight and Prairie	83	"[{""value"":""Traverse: Starlight and Prairie"",""type"":""str"",""trackCount"":83,""memberPaths"":[""00-Pandora Box Logo.spc"",""01-Banpresto Logo.spc"",""02-Opening.spc"",""03-Title.spc"",""04-Starlight.spc"",""05-Strange World.spc"",""06-At the Bone-Covered Land.spc"",""07-Out to Sea.spc"",""08-Wrecked Ships.spc"",""09-Town ~ Peace-Loving Citizens.spc"",""10-The Sound of Hard Rock.spc"",""11-Village ~ Arabian Nights.spc"",""12-Religion ~ The Goddess Speaks.spc"",""13-Church ~ O True and Loving Mother.spc"",""14-Hidden Courage Comes Out.spc"",""15-Taking the Train.spc"",""16-Brave Adventurers.spc"",""17-Town ~ Falling Sakura.spc"",""18-Terror.spc"",""19-El Dorado.spc"",""20-The Museum.spc"",""21-Grand Waltz.spc"",""22-Joyous Sound.spc"",""23-Flying High in the Air.spc"",""24-Village ~ Snow and Ice.spc"",""25-Inspiration Seeping into My Soul.spc"",""26-Sadness ~ The Moon's Tears.spc"",""27-Fictitious Reality.spc"",""28-Jungle 1.spc"",""29-Jungle 2.spc"",""30-Matsuri ~ When I Think of Home.spc"",""31-An Intruder!.spc"",""32-Village ~ Log Cabins.spc"",""33-First Contact.spc"",""34-Town ~ Ships Returning Home.spc"",""35-Village ~ Grassland.spc"",""36-Bar.spc"",""37-Received an Item!.spc"",""38-Dark Dungeon.spc"",""39-Theme of the Twelve Goddesses.spc"",""40-The Battle.spc"",""41-My Home ~ Unhappy Memories.spc"",""42-Tense Situation.spc"",""43-Join the Party.spc"",""44-Comical.spc"",""45-Enter the Monster.spc"",""46-Grand Desert ~ Sound Laden Wind.spc"",""47-Fight Against Technology.spc"",""48-Dark Star ~ A Vicious Spirit.spc"",""49-Hell's Gate ~ Phantoms.spc"",""50-The Maze-Like Forest.spc"",""51-Theme of the Cooking Festival.spc"",""52-Fancy Restaurant.spc"",""53-Hold Her Tight ~ Romantic Dance.spc"",""54-Winner.spc"",""55-In the Castle.spc"",""56-Aliens Come to Visit.spc"",""57-The Tower.spc"",""58-Dark Labyrinth.spc"",""59-Orchestra of Toys 1.spc"",""60-Orchestra of Toys 2.spc"",""61-Welcome to the Casino.spc"",""62-A Snowy Mountain.spc"",""63-Good Night.spc"",""64-Orchestra of Toys 3.spc"",""65-Orchestra of Toys 4.spc"",""66-Kingdom of Fairies.spc"",""67-Hell House ~ Theme of Catherine.spc"",""68-Hell House ~ Fear.spc"",""69-Hell House ~ Cacophony.spc"",""70-Game Over.spc"",""71-Kokuhaku.spc"",""72-Wedding.spc"",""73-Wedding Song.spc"",""74-Staff Roll (Wedding Ending).spc"",""75-Staff Roll (10 Year Ending).spc"",""76-Staff Roll (True Ending).spc"",""77-Unknown Song.spc"",""78-Sounds of the Sea.spc"",""79-Baby Cry.spc"",""80-Drum Roll 1.spc"",""81-Drum Roll 2.spc"",""82-Wedding Bells.spc""]}]"	0	0	83	0	[]	0	0
tstar.rsn	tstar.rsn	Tin Star (US)	21	"[{""value"":""Tin Star"",""type"":""str"",""trackCount"":21,""memberPaths"":[""00-Title Screen.spc"",""01-Goin' Across Town.spc"",""02-Cleanin' Up the Town.spc"",""03-Out in the West.spc"",""04-Catching Criminals on the Run.spc"",""05-Current Status.spc"",""06-Boss Battle.spc"",""07-Prepare to Draw.spc"",""08-Staff Roll.spc"",""09-Unused Song.spc"",""10-Unused Jingle.spc"",""11-Good Stuff Hit.spc"",""12-Hit Object.spc"",""13-Ow!.spc"",""14-Cow.spc"",""15-Kill Enemy 1.spc"",""16-Kill Enemy 2.spc"",""17-Kill Small Enemy.spc"",""18-Kill Bird.spc"",""19-Kill Big Enemy.spc"",""20-You Shot a Good Guy!.spc""]}]"	0	0	21	0	[]	0	0
tstgb.rsn	tstgb.rsn	Toy Story (Super Gameboy)	3	"[{""value"":""Toy Story"",""type"":""str"",""trackCount"":3,""memberPaths"":[""00-Title Screen.spc"",""01-Storyline.spc"",""02-Playtime.spc""]}]"	0	0	3	0	[]	0	0
tstp.rsn	tstp.rsn	Tsuyoshi Shikkarishinasai Taisen Puzzle-Dama	20	"[{""value"":[""Tsuyoshi Shikkarishinasai Taisen"",""Tsuyoshi Shikkarishinasai Taisen Puzzle-Dama""],""type"":""list"",""trackCount"":20,""memberPaths"":[""00-Title.spc"",""01-Select.spc"",""02-Opening.spc"",""03-Challenger.spc"",""04-Vs.spc"",""05-BGM 1.spc"",""06-BGM 2.spc"",""07-BGM 3.spc"",""08-BGM 4.spc"",""09-Chance.spc"",""10-Pinch.spc"",""11-Victory.spc"",""12-Defeat.spc"",""13-Ending 1.spc"",""14-Ending 2.spc"",""15-Ending 3.spc"",""16-Staff Roll.spc"",""17-Continue.spc"",""18-Game Over.spc"",""19-Ranking.spc""]}]"	0	0	20	0	[]	0	0
tta.rsn	tta.rsn	Tiny Toon Adventures - Buster Busts Loose	29	"[{""value"":[""Tiny Toon Adventures: Buster Bus"",""Tiny Toon Adventures: Buster Busts Loose""],""type"":""list"",""trackCount"":29,""memberPaths"":[""00-Konami Logo.spc"",""01-Theme of Tiny Toon Adventures.spc"",""02-What's the Password.spc"",""03-Today's Episode.spc"",""04-Acme Looniversity.spc"",""05-Go, Buster! Go! Go! Go!.spc"",""06-Thanks, Buster!.spc"",""07-Well, That's Done.spc"",""08-Spin the Wheel!.spc"",""09-A Break in the Action.spc"",""10-You Need More Practice.spc"",""11-Wow! You're Good!.spc"",""12-The Western Movie.spc"",""13-Western Train Chase.spc"",""14-Out of Control Train.spc"",""15-Spook Mansion.spc"",""16-The Mad Scientist.spc"",""17-Big Football Game.spc"",""18-Touchdown!.spc"",""19-Buster Sky-Jinks.spc"",""20-Escape From the Sky Tower!.spc"",""21-Space Opera.spc"",""22-Duck Vader.spc"",""23-Princess Babs Rescued.spc"",""24-Cut! That's a Rap!.spc"",""25-Staff Roll ~ That's All Folks!.spc"",""26-Buster Busted.spc"",""27-Hold on a Second!.spc"",""28-Crumbling Sky Tower.spc""]}]"	0	0	29	0	[]	0	0
ttawsc.rsn	ttawsc.rsn	Tiny Toon Adventures - Wacky Sports Challenge (US)	27	"[{""value"":[""Tiny Toon Adventures: Wacky Spor"",""Tiny Toon Adventures: Wacky Sports Challenge""],""type"":""list"",""trackCount"":27,""memberPaths"":[""00-Konami Logo.spc"",""01-Title Screen.spc"",""02-Password.spc"",""03-Cinema.spc"",""04-Character & Event Select.spc"",""05-Event Info.spc"",""06-Ready.spc"",""07-Ice Cream Throw.spc"",""08-End of Event.spc"",""09-Event Results.spc"",""10-Game Over.spc"",""11-Chicken Dash.spc"",""12-Lost Event.spc"",""13-Win Event.spc"",""14-Weightlifting.spc"",""15-Saucer Throw.spc"",""16-Obstacle Course.spc"",""17-Birdman Contest.spc"",""18-Freestyle Skiing.spc"",""19-Pole Vault.spc"",""20-Foul!.spc"",""21-Bungee Jumping.spc"",""22-Log Cutting.spc"",""23-Swimming.spc"",""24-Hammer Bash.spc"",""25-Marathon.spc"",""26-Drum Roll.spc""]}]"	0	0	27	0	[]	0	0
ttsmf.rsn	ttsmf.rsn	Twisted Tales of Spike McFang, The	33	"[{""value"":[""The Twisted Tales of Spike McFan"",""The Twisted Tales of Spike McFang""],""type"":""list"",""trackCount"":33,""memberPaths"":[""00-Title Screen.spc"",""01-Von Hesler's Assault.spc"",""02-Choose a File.spc"",""03-Arrival at Fighter Island.spc"",""04-Fighter Island.spc"",""05-Fighter Island (Catapult).spc"",""06-Boss Battle.spc"",""07-Level Up!.spc"",""08-Victory!.spc"",""09-Victory! (Extended).spc"",""10-Batland.spc"",""11-Goin' Shopping.spc"",""12-Batland Castle.spc"",""13-Her Royal Majesty, Mom.spc"",""14-Ratville Mountain Range.spc"",""15-Camelia's Illness.spc"",""16-Kalala Desert.spc"",""17-Foreboding Desert Temple.spc"",""18-Land of Vampra.spc"",""19-Ice Palace Waltz.spc"",""20-Airship Ride to Von Hesler's.spc"",""21-Engine Trouble!.spc"",""22-Jungle of Mazes.spc"",""23-Von Hesler's Fortress.spc"",""24-Dark Metamorphosis.spc"",""25-Ozama, the True Evil.spc"",""26-Back to the Coffin With You!.spc"",""27-Catch That Dark Spirit!.spc"",""28-The Unstoppable Trio Triumphs!.spc"",""29-Family Reunion.spc"",""30-Staff Roll.spc"",""31-Unknown Song 1.spc"",""32-Unknown Song 2.spc""]}]"	0	0	33	0	[]	0	0
ttts.rsn	ttts.rsn	TinTin, Les Aventures de - Le Temple du Solei	29	"[{""value"":""TinTin: Le Temple du Solei"",""type"":""str"",""trackCount"":29,""memberPaths"":[""00-Main Theme.spc"",""01-Overture.spc"",""02-Rascar You!.spc"",""03-End Credits.spc"",""04-Cine Heroic.spc"",""05-Cine Happy.spc"",""06-Cine Tragic.spc"",""07-Museum.spc"",""08-Fireball.spc"",""09-Investigate.spc"",""10-Cartune.spc"",""11-La Rochelle Part I.spc"",""12-La Rochelle Part II.spc"",""13-Pachacamac.spc"",""14-Midnight Bathing.spc"",""15-They Broke the Break.spc"",""16-Jauga.spc"",""17-M. F. Jauga.spc"",""18-Bandits.spc"",""19-Lovebird.spc"",""20-Running on Snow.spc"",""21-Jungline.spc"",""22-Sweet Snake.spc"",""23-Crocos Do it Better.spc"",""24-Acrobatics Again!.spc"",""25-Incaved.spc"",""26-Food for Thought.spc"",""27-Under the Sungod.spc"",""28-The Eclipse.spc""]}]"	0	0	29	0	[]	0	0
tybo.rsn	tybo.rsn	Tadaima Yuusha Boshuuchuu Okawari (JP)	47	"[{""value"":""Tadaima Yusya Bosyutyu Okawari"",""type"":""str"",""trackCount"":47,""memberPaths"":[""00-Human Jingle.spc"",""01-Opening Demo (part 1).spc"",""02-Opening Demo (part 2).spc"",""03-Opening Demo (part 3).spc"",""04-Opening Demo (part 4).spc"",""05-Opening Demo (part 5).spc"",""06-Title.spc"",""07-Menu.spc"",""08-King.spc"",""09-Sylphy's Map Guide.spc"",""10-Gong.spc"",""11-Ardia District.spc"",""12-Ardia District (No Intro).spc"",""13-Fort Fortress.spc"",""14-Fort Fortress (No Intro).spc"",""15-Tashur Desert.spc"",""16-Tashur Desert (No Intro).spc"",""17-Tashur Ruin.spc"",""18-Peril Islands.spc"",""19-Seal Cave.spc"",""20-Arsengard.spc"",""21-Arsengard (No Intro).spc"",""22-Astron Temple.spc"",""23-Rostia Capital.spc"",""24-Rostia Capital (No Intro).spc"",""25-Rostia Castle.spc"",""26-Rostia Castle (No Intro).spc"",""27-Inn.spc"",""28-Picoco's Shop.spc"",""29-Encounter.spc"",""30-Battle 1.spc"",""31-Victory!.spc"",""32-Defeated.spc"",""33-Duel Intro.spc"",""34-Duel.spc"",""35-Dialogue 1.spc"",""36-Dialogue 2.spc"",""37-Dialogue 3.spc"",""38-Battle 2.spc"",""39-Quest Clear! 1.spc"",""40-Boss Battle.spc"",""41-Quest Clear! 2.spc"",""42-Last Battle.spc"",""43-Congratulations!.spc"",""44-Ending 1.spc"",""45-Ending 2.spc"",""46-Ending 3.spc""]}]"	0	0	47	0	[]	0	0
ukt.rsn	ukt.rsn	Ultima - Dinosaur Empire	8	"[{""value"":""Ultima: Kyouryuu Teikoku"",""type"":""str"",""trackCount"":8,""memberPaths"":[""00-Title.spc"",""01-Inside.spc"",""02-Roaming.spc"",""03-Powerful Enemy.spc"",""04-Cave.spc"",""05-Decisive Battle.spc"",""06-Within The Lost City.spc"",""07-Ending.spc""]}]"	0	0	8	0	[]	0	0
ult7.rsn	ult7.rsn	ultima vii the black gate	9	"[{""value"":""Ultima 7"",""type"":""str"",""trackCount"":9,""memberPaths"":[""00-A Warning.spc"",""01-The Black Gate.spc"",""02-Land of Britannia.spc"",""03-Lively Atmosphere.spc"",""04-Danger is Near!.spc"",""05-Dark Catacombs.spc"",""06-Lord British's Castle.spc"",""07-Mythical Beings.spc"",""08-The Avatar Has Failed.spc""]}]"	0	0	9	0	[]	0	0
um.rsn	um.rsn	Ultraman - Towards the Future	16	"[{""value"":""Ultraman: Towards the Future"",""type"":""str"",""trackCount"":16,""memberPaths"":[""00-Towards the Future.spc"",""01-Briefing.spc"",""02-Let's Start.spc"",""03-Gudis.spc"",""04-Bogun.spc"",""05-Degola.spc"",""06-Barrangas.spc"",""07-Gudis II.spc"",""08-Zebokon.spc"",""09-Majaba.spc"",""10-Kodalar.spc"",""11-Kilazee.spc"",""12-Break Through.spc"",""13-Flying to the Stars.spc"",""14-Staff Roll.spc"",""15-Hidden Song.spc""]}]"	0	0	16	0	[]	0	0
unt.rsn	unt.rsn	Untouchables, The	11	"[{""value"":""The Untouchables"",""type"":""str"",""trackCount"":11,""memberPaths"":[""00-Fanfare.spc"",""01-Main Theme.spc"",""02-Downtown Shootout.spc"",""03-Counterfeit Operation.spc"",""04-The Gun Run.spc"",""05-The Courthouse.spc"",""06-Alphonse Capone.spc"",""07-Assignment Completed.spc"",""08-The Chicago Post.spc"",""09-Ending Sequence, High Score Achievement.spc"",""10-Staff Roll.spc""]}]"	0	0	11	0	[]	0	0
urov2.rsn	urov2.rsn	Ultima - Runes of Virtue 2	25	"[{""value"":""Ultima: Runes of Virtue 2"",""type"":""str"",""trackCount"":25,""memberPaths"":[""00-Title Screen.spc"",""01-Black Knight.spc"",""02-Lord British.spc"",""03-Lord Tholden.spc"",""04-Lord Whitsaber.spc"",""05-Lady Lenora.spc"",""06-Lady Isabella.spc"",""07-Lord Aganar.spc"",""08-Lord Zellivan.spc"",""09-Lord Quentin.spc"",""10-Lord Antonio.spc"",""11-Dungeons.spc"",""12-Game Over.spc"",""13-Piano.spc"",""14-Tavern.spc"",""15-Cheese.spc"",""16-Pirates.spc"",""17-Pirate Ship.spc"",""18-Whirlpool.spc"",""19-Ending.spc"",""20-Hourglass.spc"",""21-Panpipes.spc"",""22-Horn.spc"",""23-Magic Top.spc"",""24-Error Jingle.spc""]}]"	0	0	25	0	[]	0	0
ut.rsn	ut.rsn	ushio to tora (JP)	19	"[{""value"":""Ushio and Tora"",""type"":""str"",""trackCount"":19,""memberPaths"":[""00-Select Player.spc"",""01-The Meeting of Destiny.spc"",""02-Boss Battle.spc"",""03-Clear Level.spc"",""04-Danger.spc"",""05-Demon in the Picture.spc"",""06-Ishikui.spc"",""07-Gamin-sama.spc"",""08-The Exorcizer Hyou.spc"",""09-The Legend.spc"",""10-Demon Attacks Plane.spc"",""11-The Guy is in the Sky.spc"",""12-Windstruck.spc"",""13-Battle with Hitotsuki (part 1).spc"",""14-Battle with Hitotsuki (part 2).spc"",""15-Ending.spc"",""16-Staff Roll.spc"",""17-Game Over.spc"",""18-Eeeeeeeee... Maken Dozou.spc""]}]"	0	0	19	0	[]	0	0
uw.rsn	uw.rsn	super daikoukai jidai (JP)	19	"[{""value"":""Super Dai Koukai Jidai"",""type"":""str"",""trackCount"":19,""memberPaths"":[""00-Overture.spc"",""01-Menu.spc"",""02-Prologue.spc"",""03-In Lisbon.spc"",""04-In Bars.spc"",""05-Aboard in the Temparate Area.spc"",""06-Occidental Port.spc"",""07-A Task Offered.spc"",""08-Royal Palace.spc"",""09-Meeting the Princess.spc"",""10-Aboard in the Polar Area.spc"",""11-Aboard in the Tropical Area.spc"",""12-Naval Battle.spc"",""13-Victory.spc"",""14-Other Port.spc"",""15-Arrested.spc"",""16-Ending 1.spc"",""17-Ending 2.spc"",""18-Game Over.spc""]}]"	0	0	19	0	[]	0	0
uw2.rsn	uw2.rsn	Dai Koukai Jidai 2 (Uncharted Waters - New Horizons)	25	"[{""value"":""Dai Koukai Jidai 2"",""type"":""str"",""trackCount"":25,""memberPaths"":[""00-Wind Ahead.spc"",""01-Opening Menu.spc"",""02-Mast in the Mist.spc"",""03-Caprice For Lute.spc"",""04-Theme of Otto.spc"",""05-Catalina.spc"",""06-Theme of Pietro.spc"",""07-Theme of Ali.spc"",""08-Theme of Ernest.spc"",""09-Fiddler's Green.spc"",""10-The Chase.spc"",""11-Victory in a Duel.spc"",""12-Victory in a Naval Battle.spc"",""13-Capturing Enemies' Ships.spc"",""14-Royal Palace.spc"",""15-Empty Eyes.spc"",""16-Storm.spc"",""17-Sleep.spc"",""18-Moslem Dance.spc"",""19-The Mahout.spc"",""20-Land of Luxury.spc"",""21-Supply Port.spc"",""22-Duke.spc"",""23-Close to Home.spc"",""24-Defeated.spc""]}]"	0	0	25	0	"[{""value"":""Uncharted Waters II Special Edition (KECH-1061)"",""type"":""str"",""trackCount"":11,""memberPaths"":[""00-Wind Ahead.spc"",""02-Mast in the Mist.spc"",""03-Caprice For Lute.spc"",""05-Catalina.spc"",""09-Fiddler's Green.spc"",""10-The Chase.spc"",""15-Empty Eyes.spc"",""18-Moslem Dance.spc"",""19-The Mahout.spc"",""20-Land of Luxury.spc"",""23-Close to Home.spc""]}]"	0	11
vill.rsn	vill.rsn	Kouryuu Densetsu Villgust	15	"[{""value"":""Villgust"",""type"":""str"",""trackCount"":15,""memberPaths"":[""00-Title.spc"",""01-School Bells.spc"",""02-Awakening.spc"",""03-Battle Theme.spc"",""04-New World.spc"",""05-Town.spc"",""06-Dungeon.spc"",""07-Goddess.spc"",""08-Shrine.spc"",""09-Gora Continent.spc"",""10-Island.spc"",""11-Baros.spc"",""12-Lucise.spc"",""13-Staff Roll.spc"",""14-Game Over.spc""]}]"	0	0	15	0	[]	0	0
vt.rsn	vt.rsn	Soukoukihei Votoms - The Battling Road	18	"[{""value"":""Soukoukihei Votoms"",""type"":""str"",""trackCount"":17,""memberPaths"":[""00-Menu.spc"",""01-Battling Stage.spc"",""02-Shooting Stage.spc"",""03-Battle.spc"",""04-Story 1.spc"",""05-Story 2.spc"",""06-Story 3.spc"",""07-Story 4.spc"",""08-Story 5.spc"",""09-Story 6.spc"",""10-Last Battle.spc"",""12-Panel Match.spc"",""13-Unused Song 1.spc"",""14-Unused Song 2.spc"",""15-Unused Song 3.spc"",""16-Stage Clear.spc"",""17-Game Over.spc""]},{""value"":[""Soukoukihei Votoms: The Battling"",""Soukoukihei Votoms: The Battling Road""],""type"":""list"",""trackCount"":1,""memberPaths"":[""11-Death Match.spc""]}]"	0	0	18	0	[]	0	0
w2410.rsn	w2410.rsn	War 2410 (US)	10	"[{""value"":""War 2410"",""type"":""str"",""trackCount"":10,""memberPaths"":[""00-Storyline.spc"",""01-Opening.spc"",""02-Player Turn 1.spc"",""03-Player Turn 2.spc"",""04-Player Turn 3.spc"",""05-Player Turn 4.spc"",""06-Enemy Turn.spc"",""07-Get Promotion or Campaign Medal.spc"",""08-Congratulations!.spc"",""09-Game Over.spc""]}]"	0	0	10	0	[]	0	0
w3010.rsn	w3010.rsn	War 3010 - The Revolution (US)	9	"[{""value"":""War 3010"",""type"":""str"",""trackCount"":9,""memberPaths"":[""00-Player Turn 1.spc"",""01-Player Turn 2.spc"",""02-Player Turn 3.spc"",""03-Player Turn 4.spc"",""04-Mission Complete.spc"",""05-You Beat the Kyllen!.spc"",""06-Game Over.spc"",""07-You Beat the Kyllen! (Variant).spc"",""08-Unknown Song.spc""]}]"	0	0	9	0	[]	0	0
wc.rsn	wc.rsn	Wing Commander	42	"[{""value"":""Wing Commander"",""type"":""str"",""trackCount"":37,""memberPaths"":[""04-Fanfare.spc"",""05-Rec Room.spc"",""07-Barracks.spc"",""08-Briefing (Intro).spc"",""09-Briefing.spc"",""10-Briefing (End).spc"",""11-Scramble.spc"",""12-Patrol Mission.spc"",""13-Escort Mission.spc"",""14-Strike Mission.spc"",""15-Defending the Claw.spc"",""16-Intense Combat.spc"",""17-Tailing an Enemy.spc"",""18-Being Tailed.spc"",""19-Severely Damaged.spc"",""20-Target Hit.spc"",""21-Wingman Hit.spc"",""22-Enemy Ace Killed.spc"",""23-Ally Killed.spc"",""24-Overall Victory.spc"",""25-Overall Defeat.spc"",""26-Returning (Triumphant).spc"",""27-Returning (Normal).spc"",""28-Returning (Defeated).spc"",""29-Landing.spc"",""30-Damage Assessment.spc"",""31-Debriefing (Successful).spc"",""32-Debriefing (Unsuccessful).spc"",""33-Ejecting.spc"",""34-Colonel Halcyon's Office.spc"",""35-Medal Ceremony.spc"",""36-Player Killed.spc"",""37-Funeral.spc"",""38-Arcade Theme.spc"",""39-Arcade (Victory).spc"",""40-Arcade (Death).spc"",""41-Unknown Tune.spc""]},{""value"":""Wing Commander: Secret Missions"",""type"":""str"",""trackCount"":5,""memberPaths"":[""00-Mindscape Presents.spc"",""01-Opening.spc"",""02-Title Screen.spc"",""03-Start.spc"",""06-Rec Room (Secret Missions).spc""]}]"	37	0	5	0	[]	0	0
wc98.rsn	wc98.rsn	Wrecking Crew '98 (JP)	47	"[{""value"":""Wrecking Crew '98"",""type"":""str"",""trackCount"":26,""memberPaths"":[""00-Nintendo Logo.spc"",""01-Title Screen.spc"",""02-Set Up.spc"",""03-Storyline.spc"",""04-Battling Someone.spc"",""05-We Have a Winner!.spc"",""06-Current Status.spc"",""07-Battle Against Foreman Spike and Oyaji.spc"",""08-Battle Against Dogu.spc"",""09-Battle Against Bowser.spc"",""10-Ending.spc"",""11-Staff Roll.spc"",""12-Continue.spc"",""13-Tournament Mode.spc"",""14-Win Tournament.spc"",""15-How to Play.spc"",""22-Unused Song.spc"",""27-Pause Game.spc"",""28-1... 2... 3... Start!.spc"",""29-She's Gonna Blow!.spc"",""30-Unused Sound.spc"",""42-Yyahh!.spc"",""43-A-laeo!.spc"",""44-Unused Voice 1.spc"",""45-Unused Voice 2.spc"",""46-Unused Voice 3.spc""]},{""value"":""Wrecking Crew"",""type"":""str"",""trackCount"":21,""memberPaths"":[""16-Begin Level.spc"",""17-In-Game Music.spc"",""18-Clear Level.spc"",""19-Bonus Level.spc"",""20-Golden Hammer.spc"",""21-Game Over.spc"",""23-Unused Song 1.spc"",""24-Unused Song 2.spc"",""25-Unused Sound 1.spc"",""26-Unused Sound 2.spc"",""31-Pause.spc"",""32-Death.spc"",""33-Fireball!.spc"",""34-Enemy Falls.spc"",""35-Squish!.spc"",""36-Fall!.spc"",""37-Bonus Coin.spc"",""38-Bonus Point.spc"",""39-Golden Hammer Appears.spc"",""40-Open Door.spc"",""41-Unused Sound 2.spc""]}]"	0	0	47	0	[]	0	0
wcup.rsn	wcup.rsn	World Cup '98 (Super Gameboy)	7	"[{""value"":""World Cup '98"",""type"":""str"",""trackCount"":7,""memberPaths"":[""00-Main Theme.spc"",""01-Main Menus.spc"",""02-Post-Game.spc"",""03-Ending.spc"",""04-Unknown Song 1.spc"",""05-Unknown Song 2.spc"",""06-Unknown Song 3.spc""]}]"	0	0	7	0	[]	0	0
wesas.rsn	wesas.rsn	Winter Extreme - Skiing and Snowboarding	7	"[{""value"":[""Winter Extreme: Skiing and Snowb"",""Winter Extreme: Skiing and Snowboarding""],""type"":""list"",""trackCount"":7,""memberPaths"":[""00-Title Screen.spc"",""01-Free Ride Map Screen.spc"",""02-Take a Free Ride ~ Let's Go!.spc"",""03-Getting Ready for the Competition.spc"",""04-Competition Results.spc"",""05-Win Challenge.spc"",""06-Training Map Screen.spc""]}]"	0	0	7	0	[]	0	0
wfdx.rsn	wfdx.rsn	Wheel of Fortune - Deluxe Edition (US)	12	"[{""value"":""Wheel of Fortune: Deluxe Edition"",""type"":""str"",""trackCount"":12,""memberPaths"":[""00-Main Theme.spc"",""01-Spin SFX.spc"",""02-Applause.spc"",""03-Buzzer.spc"",""04-Aww.spc"",""05-Letter.spc"",""06-How Many Players.spc"",""07-Play Against the CPU.spc"",""08-Please Enter Your Name.spc"",""09-Please Choose a Character.spc"",""10-Choose a Letter.spc"",""11-Use Your Free Spin.spc""]}]"	0	0	12	0	[]	0	0
wgnhl.rsn	wgnhl.rsn	Wayne Gretzky and the NHLPA All-Stars	22	"[{""value"":[""Wayne Gretzky and the NHLPA All-"",""Wayne Gretzky and the NHLPA All-Stars""],""type"":""list"",""trackCount"":22,""memberPaths"":[""00-Title Screen.spc"",""01-Main Menu.spc"",""02-Local Team Music 1.spc"",""03-Local Team Music 2.spc"",""04-Local Team Music 3.spc"",""05-Local Team Music 4.spc"",""06-Local Team Music 5.spc"",""07-Local Team Music 6.spc"",""08-Czechoslovakia.spc"",""09-Sweden.spc"",""10-Finland.spc"",""11-Russia.spc"",""12-Canada.spc"",""13-United States.spc"",""14-Organ Music 1.spc"",""15-Organ Music 2.spc"",""16-Organ Music 3.spc"",""17-Organ Music 4.spc"",""18-Organ Music 5.spc"",""19-Organ Music 6.spc"",""20-Fight!.spc"",""21-Current Status.spc""]}]"	0	0	22	0	[]	0	0
wiz123.rsn	wiz123.rsn	Wizardry 1-2-3	58	"[{""value"":""Wizardry I II III"",""type"":""str"",""trackCount"":8,""memberPaths"":[""00-Story of Llylgamyn.spc"",""51-Fanfare.spc"",""52-Murmur ~ Chant ~ Pray ~ Invoke.spc"",""53-Level Up.spc"",""54-Important Item 1.spc"",""55-Important Item 2.spc"",""56-Important Item 3.spc"",""57-Decapitated.spc""]},{""value"":""Wizardry I"",""type"":""str"",""trackCount"":16,""memberPaths"":[""01-Proving Grounds of the Mad Overlord.spc"",""02-Castle.spc"",""03-Tavern.spc"",""04-Inn.spc"",""05-Trading Post.spc"",""06-Temple.spc"",""07-Edge of Town.spc"",""08-Camp.spc"",""09-Maze 1.spc"",""10-Maze 2.spc"",""11-Battle Intro.spc"",""12-Battle.spc"",""13-Dead.spc"",""14-W E R D N A.spc"",""15-Amulet of Werdna.spc"",""16-Ending.spc""]},{""value"":""Wizardry II"",""type"":""str"",""trackCount"":19,""memberPaths"":[""17-Legacy of Llylgamyn.spc"",""18-Castle.spc"",""19-Tavern.spc"",""20-Inn.spc"",""21-Trading Post.spc"",""22-Temple.spc"",""23-Edge of Town.spc"",""24-Camp.spc"",""25-Maze 1.spc"",""26-Maze 2.spc"",""27-Battle Intro.spc"",""28-Battle.spc"",""29-Dead.spc"",""30-Crystal of Evil.spc"",""31-Crystal of Good.spc"",""32-Neutral Crystal.spc"",""33-L'kbreth.spc"",""34-Orb of Earithin.spc"",""35-Ending.spc""]},{""value"":""Wizardry III"",""type"":""str"",""trackCount"":15,""memberPaths"":[""36-The Knight of Diamonds.spc"",""37-Castle.spc"",""38-Tavern.spc"",""39-Inn.spc"",""40-Trading Post.spc"",""41-Temple.spc"",""42-Edge of Town.spc"",""43-Camp.spc"",""44-Maze 1.spc"",""45-Maze 2.spc"",""46-Battle Intro.spc"",""47-Battle.spc"",""48-Dead.spc"",""49-Staff of Gnilda.spc"",""50-Ending.spc""]}]"	0	0	58	0	[]	0	0
wiz5.rsn	wiz5.rsn	Wizardry 5 - Heart of the Maelstrom	29	"[{""value"":""Wizardry V"",""type"":""str"",""trackCount"":29,""memberPaths"":[""00-Heart of the Maelstrom.spc"",""01-Castle.spc"",""02-Gilgamesh's Tavern.spc"",""03-Adventurers' Inn.spc"",""04-Boltac's Trading Post.spc"",""05-Temple of Cant.spc"",""06-Murmur ~ Chant ~ Pray ~ Invoke.spc"",""07-Edge of Town.spc"",""08-Training Ground.spc"",""09-Camp.spc"",""10-Maze B1-B4.spc"",""11-Battle.spc"",""12-Fanfare.spc"",""13-Treasure.spc"",""14-NPCs 1.spc"",""15-Artifacts.spc"",""16-Fixed Battle.spc"",""17-NPCs 2.spc"",""18-Maze B5.spc"",""19-Oom Pah Pah.spc"",""20-Maze B6-B7.spc"",""21-Mannequin at the Ice Ferry.spc"",""22-Maze B777 (Hades).spc"",""23-Maze B8.spc"",""24-The S O R N.spc"",""25-Ending.spc"",""26-Staff Roll.spc"",""27-Dead.spc"",""28-Cemetery.spc""]}]"	0	0	29	0	"[{""value"":""APCG-4031"",""type"":""str"",""trackCount"":29,""memberPaths"":[""00-Heart of the Maelstrom.spc"",""01-Castle.spc"",""02-Gilgamesh's Tavern.spc"",""03-Adventurers' Inn.spc"",""04-Boltac's Trading Post.spc"",""05-Temple of Cant.spc"",""06-Murmur ~ Chant ~ Pray ~ Invoke.spc"",""07-Edge of Town.spc"",""08-Training Ground.spc"",""09-Camp.spc"",""10-Maze B1-B4.spc"",""11-Battle.spc"",""12-Fanfare.spc"",""13-Treasure.spc"",""14-NPCs 1.spc"",""15-Artifacts.spc"",""16-Fixed Battle.spc"",""17-NPCs 2.spc"",""18-Maze B5.spc"",""19-Oom Pah Pah.spc"",""20-Maze B6-B7.spc"",""21-Mannequin at the Ice Ferry.spc"",""22-Maze B777 (Hades).spc"",""23-Maze B8.spc"",""24-The S O R N.spc"",""25-Ending.spc"",""26-Staff Roll.spc"",""27-Dead.spc"",""28-Cemetery.spc""]}]"	0	29
wls.rsn	wls.rsn	World League Soccer (US)	11	"[{""value"":""World League Soccer"",""type"":""str"",""trackCount"":11,""memberPaths"":[""00-Title Screen.spc"",""01-Main Menu.spc"",""02-Begin Game.spc"",""03-Game Music 1.spc"",""04-Game Music 2.spc"",""05-Game Music 3.spc"",""06-Game Music 4.spc"",""07-Game Music 5.spc"",""08-You Lose!.spc"",""09-You Win!.spc"",""10-Staff Roll.spc""]}]"	0	0	11	0	[]	0	0
woar.rsn	woar.rsn	wolverine adamantium rage	21	"[{""value"":""Wolverine: Adamantium Rage"",""type"":""str"",""trackCount"":21,""memberPaths"":[""00-Title.spc"",""01-Cinema 1.spc"",""02-Cinema 2.spc"",""03-Weapon X-Lab.spc"",""04-Destroyer Program.spc"",""05-Japan.spc"",""06-Tri-Fusion.spc"",""07-Lady Deathstrike.spc"",""08-Tokyo.spc"",""09-Geist.spc"",""10-Nightmare World.spc"",""11-Cyber.spc"",""12-Shinobi Shaw's Mansion.spc"",""13-Dark Queen.spc"",""14-Fugue.spc"",""15-Under the Hellfire Club.spc"",""16-Great Beast.spc"",""17-Game Over.spc"",""18-Unused 1.spc"",""19-Unused 2.spc"",""20-Alarm.spc""]}]"	0	0	21	0	[]	0	0
wog.rsn	wog.rsn	Winter Olympic Games - Lillehammer '94 (US)	20	"[{""value"":""Winter Olympic Games"",""type"":""str"",""trackCount"":20,""memberPaths"":[""00-Main Theme.spc"",""01-Downhill.spc"",""02-Super G.spc"",""03-Giant Slalom.spc"",""04-Slalom.spc"",""05-Bobsled.spc"",""06-Luge.spc"",""07-Moguls.spc"",""08-Ski Jump (part 1).spc"",""09-Ski Jump (part 2).spc"",""10-Ski Jump (part 3).spc"",""11-Biathlon.spc"",""12-Short Track (part 1).spc"",""13-Short Track (part 2).spc"",""14-Gold Medal.spc"",""15-Unknown Song 1.spc"",""16-Unknown Song 2.spc"",""17-Ughh!.spc"",""18-Ohhh!.spc"",""19-Rooster.spc""]}]"	0	0	20	0	[]	0	0
wolf.rsn	wolf.rsn	genghis khan ii clan of the gray wolf (US)	10	"[{""value"":""Wolf Child"",""type"":""str"",""trackCount"":10,""memberPaths"":[""00-Opening.spc"",""01-Stage 1.spc"",""02-Stage 2.spc"",""03-Stage 3.spc"",""04-Stage 4.spc"",""05-Stage 5.spc"",""06-Map.spc"",""07-Boss.spc"",""08-Game Over.spc"",""09-Complete.spc""]}]"	0	0	10	0	[]	0	0
word.rsn	word.rsn	Wordtris (US)	13	"[{""value"":""Wordtris"",""type"":""str"",""trackCount"":13,""memberPaths"":[""00-Main Theme.spc"",""01-Stage A.spc"",""02-Stage B.spc"",""03-Stage C.spc"",""04-Stage D.spc"",""05-Stage E.spc"",""06-Stage F.spc"",""07-Stage G.spc"",""08-Stage H.spc"",""09-Stage I.spc"",""10-Stage J.spc"",""11-Game Over.spc"",""12-Huuh!.spc""]}]"	0	0	13	0	[]	0	0
worms.rsn	worms.rsn	Worms (EU)	1	"[{""value"":""Worms"",""type"":""str"",""trackCount"":1,""memberPaths"":[""00-Main Theme.spc""]}]"	0	0	1	0	[]	0	0
woz.rsn	woz.rsn	Wizard of Oz, The (US)	14	"[{""value"":""Wizard of Oz"",""type"":""str"",""trackCount"":14,""memberPaths"":[""00-Somewhere Over the Rainbow.spc"",""01-Peaceful Villages.spc"",""02-Barren Land.spc"",""03-Comrades.spc"",""04-Cities of Oz.spc"",""05-Border Crossing.spc"",""06-Scarlet Waters.spc"",""07-Poppy Fields.spc"",""08-Mysterious Waterfalls.spc"",""09-Crystalline Caverns.spc"",""10-Moonlight Garden.spc"",""11-Toto's Adventures.spc"",""12-Down the Yellow Brick Road.spc"",""13-The Wizard Appears.spc""]}]"	0	0	14	0	[]	0	0
wpj.rsn	wpj.rsn	Wonder Project J - Kikai no Shounen Pino (JP)	44	"[{""value"":""Wonder Project J"",""type"":""str"",""trackCount"":44,""memberPaths"":[""00-Eyecatch.spc"",""01-Opening.spc"",""02-Theme.spc"",""03-Menu.spc"",""04-Birth.spc"",""05-March.spc"",""06-House.spc"",""07-Hurry.spc"",""08-Field.spc"",""09-Piece.spc"",""10-Farm.spc"",""11-Shop.spc"",""12-J Circuit.spc"",""13-Sports.spc"",""14-Ceremony.spc"",""15-Ad.spc"",""16-Treasure.spc"",""17-Dungeon.spc"",""18-Messala.spc"",""19-Palace.spc"",""20-King.spc"",""21-Battle.spc"",""22-Mimi's House.spc"",""23-Song.spc"",""24-Pino's Song.spc"",""25-Circus.spc"",""26-Chorus.spc"",""27-Yamaneko's Theme.spc"",""28-Yamaneko.spc"",""29-Mimi.spc"",""30-Last Battle.spc"",""31-Tiffany.spc"",""32-Grafship.spc"",""33-Memories.spc"",""34-Ending.spc"",""35-Staff Roll.spc"",""36-Game Over.spc"",""37-Fanfare 1.spc"",""38-Fanfare 2.spc"",""39-Fanfare 3.spc"",""40-Good Night.spc"",""41-Save.spc"",""42-Yamaneko.spc"",""43-Last Voice.spc""]}]"	0	0	44	0	[]	0	0
wwfa.rsn	wwfa.rsn	WWF Wrestlemania - The Arcade Game	9	"[{""value"":[""WWF Wrestlemania: The Arcade Gam"",""WWF Wrestlemania: The Arcade Game""],""type"":""list"",""trackCount"":9,""memberPaths"":[""00-Choose Your Wrestler.spc"",""01-Let's Get Ready to Rumble!.spc"",""02-Doink the Clown.spc"",""03-Bret Hart.spc"",""04-The Undertaker.spc"",""05-Razor Ramon.spc"",""06-Shawn Michaels.spc"",""07-Lex Luger.spc"",""08-Unknown Jingle.spc""]}]"	0	0	9	0	[]	0	0
wws.rsn	wws.rsn	wakuwaku ski wonder spur (JP)	18	"[{""value"":""Waku Waku Ski Wonder Shoot"",""type"":""str"",""trackCount"":18,""memberPaths"":[""00-Human Logo.spc"",""01-Human.spc"",""02-Season In.spc"",""03-Funky Select.spc"",""04-Wind Control.spc"",""05-Hi Tension.spc"",""06-Flower Kiss.spc"",""07-Rainbow.spc"",""08-Yellow Kids.spc"",""09-My Pace.spc"",""10-Nary Dance.spc"",""11-Ready.spc"",""12-Goal In.spc"",""13-New Record.spc"",""14-Round Clear.spc"",""15-Special.spc"",""16-Muscle Item.spc"",""17-Technician.spc""]}]"	0	0	18	0	[]	0	0
xak.rsn	xak.rsn	Xak - The Art of Visual Stage	41	"[{""value"":""Xak"",""type"":""str"",""trackCount"":41,""memberPaths"":[""00-Xak.spc"",""01-Town of Fareres.spc"",""02-Church.spc"",""03-Messenger.spc"",""04-Shop.spc"",""05-Sadness.spc"",""06-Comfort.spc"",""07-Smile 1.spc"",""08-Smile 2.spc"",""09-Uneasiness.spc"",""10-To a Town.spc"",""11-Battle Field.spc"",""12-Verdant Land.spc"",""13-An Evil Tree.spc"",""14-Footpath to the Fort.spc"",""15-Fort.spc"",""16-Water Dragon.spc"",""17-Town of Nolmana.spc"",""18-Blue Sea.spc"",""19-Cave.spc"",""20-Rockbiters.spc"",""21-Fire and Water Elementals.spc"",""22-United Elementals.spc"",""23-Ending.spc"",""24-Eye Catch.spc"",""25-Town of Nenum.spc"",""26-Underground Tower.spc"",""27-Necromancer.spc"",""28-Fire Land.spc"",""29-Fort of Fire.spc"",""30-Upsky of Fire Land.spc"",""31-Salamander.spc"",""32-To the Sanctuary.spc"",""33-Sealed Place.spc"",""34-Wonder of Badoo.spc"",""35-Victorious.spc"",""36-Staff Roll.spc"",""37-Get Item.spc"",""38-Game Over 1.spc"",""39-Game Over 2.spc"",""40-Ring of Dragon.spc""]}]"	0	0	41	0	"[{""value"":""Xak Zenkyokushuu (Xak All Songs) (H24X-10003)"",""type"":""str"",""trackCount"":41,""memberPaths"":[""00-Xak.spc"",""01-Town of Fareres.spc"",""02-Church.spc"",""03-Messenger.spc"",""04-Shop.spc"",""05-Sadness.spc"",""06-Comfort.spc"",""07-Smile 1.spc"",""08-Smile 2.spc"",""09-Uneasiness.spc"",""10-To a Town.spc"",""11-Battle Field.spc"",""12-Verdant Land.spc"",""13-An Evil Tree.spc"",""14-Footpath to the Fort.spc"",""15-Fort.spc"",""16-Water Dragon.spc"",""17-Town of Nolmana.spc"",""18-Blue Sea.spc"",""19-Cave.spc"",""20-Rockbiters.spc"",""21-Fire and Water Elementals.spc"",""22-United Elementals.spc"",""23-Ending.spc"",""24-Eye Catch.spc"",""25-Town of Nenum.spc"",""26-Underground Tower.spc"",""27-Necromancer.spc"",""28-Fire Land.spc"",""29-Fort of Fire.spc"",""30-Upsky of Fire Land.spc"",""31-Salamander.spc"",""32-To the Sanctuary.spc"",""33-Sealed Place.spc"",""34-Wonder of Badoo.spc"",""35-Victorious.spc"",""36-Staff Roll.spc"",""37-Get Item.spc"",""38-Game Over 1.spc"",""39-Game Over 2.spc"",""40-Ring of Dragon.spc""]}]"	0	41
xkb.rsn	xkb.rsn	x kaliber 2097	11	"[{""value"":""X-Kaliber 2097"",""type"":""str"",""trackCount"":11,""memberPaths"":[""00-Silicon Jesus (Break the Screen Mix).spc"",""01-Krankphreak.spc"",""02-Welcome to My Mind.spc"",""03-Welcome to My Mind (Final Boss Version).spc"",""04-Teknojihad.spc"",""05-Shock on the Wire.spc"",""06-Krankphreak (Hi-Hat Version).spc"",""07-Unused Story.spc"",""08-Unused Stage Clear.spc"",""09-Unused Game Over.spc"",""10-Unused Vs. Select.spc""]}]"	0	0	11	0	[]	0	0
xma.rsn	xma.rsn	X-Men - Mutant Apocalypse	27	"[{""value"":""X-Men: Mutant Apocalypse"",""type"":""str"",""trackCount"":27,""memberPaths"":[""00-Opening (part 1).spc"",""01-Opening (part 2).spc"",""02-Main Theme.spc"",""03-Select Character.spc"",""04-Mission Briefing.spc"",""05-Theme of Beast.spc"",""06-Theme of Cyclops.spc"",""07-Theme of Gambit.spc"",""08-Theme of Psylocke.spc"",""09-Theme of Wolverine.spc"",""10-Mutant Insect Cave.spc"",""11-Mutant Prison and Tusk's Base.spc"",""12-Security Alert.spc"",""13-Apocalypse's Base.spc"",""14-Omega One & Juggernaut.spc"",""15-Magneto's Space Fortress.spc"",""16-Mission Complete.spc"",""17-Boss Battle.spc"",""18-Magneto's Evil Speech.spc"",""19-Final Battle ~ Magneto.spc"",""20-Ending (part 1).spc"",""21-Ending (part 2).spc"",""22-Capcom Logo.spc"",""23-Let's Go!.spc"",""24-Entering Password.spc"",""25-Game Over.spc"",""26-Transmission.spc""]}]"	0	0	27	0	[]	0	0
xmvsf.rsn	xmvsf.rsn	X-Men vs. Street Fighter (Pirate)	1	"[{""value"":""X-Men vs. Street Fighter"",""type"":""str"",""trackCount"":1,""memberPaths"":[""00-Title.spc""]}]"	0	0	1	0	[]	0	0
xrdn.rsn	xrdn.rsn	Xardion (US)	14	"[{""value"":""Xardion"",""type"":""str"",""trackCount"":14,""memberPaths"":[""00-Opening.spc"",""01-Oceansphere Base.spc"",""02-Oceansphere Surface.spc"",""03-Hollowsphere Jungle.spc"",""04-Hollowsphere Core.spc"",""05-Fiera Surface.spc"",""06-Fiera Orbital Elevator.spc"",""07-Ghost Space Ship.spc"",""08-NGC-1611.spc"",""09-Boss Battle.spc"",""10-Victory.spc"",""11-NGC-1611 Final.spc"",""12-Last Boss Battle.spc"",""13-Ending.spc""]}]"	0	0	14	0	[]	0	0
yc.rsn	yc.rsn	Yoshi's Cookie	33	"[{""value"":""Yoshi's Cookie (Prototype)"",""type"":""str"",""trackCount"":9,""memberPaths"":[""23-Where Have the Cookies Gone.spc"",""24-Bakery Bugle.spc"",""25-Check and Circle Groove.spc"",""26-Baking Blues.spc"",""27-Donut 'o Sailing.spc"",""28-Almost Done!.spc"",""29-Cookie-Boogie.spc"",""30-Weighin' and Stackin'.spc"",""31-Bake Sale.spc""]},{""value"":""Yoshi's Cookie"",""type"":""str"",""trackCount"":24,""memberPaths"":[""00-Bullet-Proof Software (International).spc"",""01-Bullet-Proof Software (Japanese).spc"",""02-Yoshi's Cookie.spc"",""03-Preparing the Cookie Factory.spc"",""04-The Great Cookie Puzzles.spc"",""05-Cookies Complete!.spc"",""06-Sugar-Coated Defeat.spc"",""07-Two-Player Bakeoff.spc"",""08-Counting the Cookies.spc"",""09-High-Speed Baking Action!.spc"",""10-Panic! Panic!.spc"",""11-Enslaved!.spc"",""12-Blinded!.spc"",""13-And the Winner.spc"",""14-Easygoing.spc"",""15-Frantic Factory.spc"",""16-Dance of Cookies.spc"",""17-Delicious Victory.spc"",""18-All Finished!.spc"",""19-Crazy Cookie Chase.spc"",""20-Dropped Out.spc"",""21-That's the Way the Cookie Crumbles.spc"",""22-Happy Ending.spc"",""32-Unused Song.spc""]}]"	24	0	9	0	[]	0	0
yi.rsn	yi.rsn	Super Mario World 2 - Yoshi's Island	48	"[{""value"":""Yoshi's Island"",""type"":""str"",""trackCount"":48,""memberPaths"":[""00-Nintendo Mark.spc"",""01-Story Music Box.spc"",""02-Yoshi's Island.spc"",""03-Yoshi's Island (World 6).spc"",""04-Yoshi Start Demo.spc"",""05-Training Course.spc"",""06-Game Start.spc"",""07-Flower Garden.spc"",""08-Flower Garden (Fuzzy 1).spc"",""09-Flower Garden (Fuzzy 2).spc"",""10-Goal.spc"",""11-Score.spc"",""12-Underground.spc"",""13-Castle & Fortress.spc"",""14-Kamek's Theme.spc"",""15-Mini-Boss.spc"",""16-Athletic.spc"",""17-Athletic (Fuzzy 1).spc"",""18-Athletic (Fuzzy 2).spc"",""19-Athletic (Fuzzy 3).spc"",""20-Overworld.spc"",""21-Overworld (Fuzzy).spc"",""22-Player Down.spc"",""23-Game Over.spc"",""24-Room Before Boss.spc"",""25-Big Boss.spc"",""26-Big Boss (No Intro).spc"",""27-Big Boss Clear.spc"",""28-Map (part 1).spc"",""29-Map (part 2).spc"",""30-Map (part 3).spc"",""31-Map (part 4).spc"",""32-Map (part 5).spc"",""33-Map (part 6).spc"",""34-Map (part 7).spc"",""35-Bonus Game.spc"",""36-Powerful Infant.spc"",""37-Bowser.spc"",""38-Bowser Clear.spc"",""39-Luigi is Rescued.spc"",""40-Ending (part 1).spc"",""41-Ending (part 2).spc"",""42-World Complete.spc"",""43-Bonus Fanfare.spc"",""44-Transform.spc"",""45-Boss Intro.spc"",""46-Extra Life.spc"",""47-Mario Kidnapped.spc""]}]"	0	0	48	0	"[{""value"":""Super Mario Yoshi Island Original Sound Version (PSCN-5040)"",""type"":""str"",""trackCount"":34,""memberPaths"":[""00-Nintendo Mark.spc"",""01-Story Music Box.spc"",""02-Yoshi's Island.spc"",""04-Yoshi Start Demo.spc"",""05-Training Course.spc"",""06-Game Start.spc"",""07-Flower Garden.spc"",""10-Goal.spc"",""11-Score.spc"",""12-Underground.spc"",""13-Castle & Fortress.spc"",""14-Kamek's Theme.spc"",""15-Mini-Boss.spc"",""16-Athletic.spc"",""20-Overworld.spc"",""22-Player Down.spc"",""23-Game Over.spc"",""24-Room Before Boss.spc"",""25-Big Boss.spc"",""27-Big Boss Clear.spc"",""28-Map (part 1).spc"",""29-Map (part 2).spc"",""30-Map (part 3).spc"",""31-Map (part 4).spc"",""32-Map (part 5).spc"",""33-Map (part 6).spc"",""34-Map (part 7).spc"",""35-Bonus Game.spc"",""36-Powerful Infant.spc"",""37-Bowser.spc"",""38-Bowser Clear.spc"",""39-Luigi is Rescued.spc"",""40-Ending (part 1).spc"",""41-Ending (part 2).spc""]}]"	0	34
ykb.rsn	ykb.rsn	Youkai Buster - Ruka no Daibouken	19	"[{""value"":""Youkai Buster"",""type"":""str"",""trackCount"":19,""memberPaths"":[""00-Title Screen.spc"",""01-Opening.spc"",""02-Stage 1.spc"",""03-Boss Battle.spc"",""04-Stage Clear.spc"",""05-Stage 2.spc"",""06-Bonus Stage.spc"",""07-Stage 3.spc"",""08-Stage 4.spc"",""09-Stage 5.spc"",""10-Stage 6.spc"",""11-Drowning!.spc"",""12-Final Stage.spc"",""13-Final Battle.spc"",""14-Credits.spc"",""15-Furoku Game.spc"",""16-Lost a Life.spc"",""17-Continue!.spc"",""18-Let's Try Nomal Game.spc""]}]"	0	0	19	0	[]	0	0
ys3.rsn	ys3.rsn	Ys 3 - Wanderers From Ys	35	"[{""value"":""Ys 3: Wanderers From Ys"",""type"":""str"",""trackCount"":35,""memberPaths"":[""00-Title Screen.spc"",""01-Lively Marketplace.spc"",""02-Ominous Fortune.spc"",""03-The Beginning.spc"",""04-Trading Village of Redmont.spc"",""05-Quiet Moments.spc"",""06-Welcome!!.spc"",""07-Prelude to the Adventure.spc"",""08-The Boy Who Had Wings.spc"",""09-Be Careful.spc"",""10-Beasts as Black as Night.spc"",""11-Shock of the Death God.spc"",""12-Quickening Dream.spc"",""13-Ilvern Ruins.spc"",""14-A Searing Struggle.spc"",""15-The Theme of Chester.spc"",""16-Snare of Darkness.spc"",""17-Steeling the Will to Fight.spc"",""18-Tearful Twilight.spc"",""19-Ballacetine Castle.spc"",""20-Prayer of Love.spc"",""21-Radiant Key.spc"",""22-Sealed Time.spc"",""23-Beloved Ellena.spc"",""24-Beat of Destruction.spc"",""25-Tower of Destiny.spc"",""26-Behold!!.spc"",""27-The Strongest Foe.spc"",""28-Dear My Brother.spc"",""29-Sinking Island.spc"",""30-Departure at Sunrise.spc"",""31-Adventure Calls!.spc"",""32-Staff Roll.spc"",""33-Ambush!.spc"",""34-Special Item.spc""]}]"	0	0	35	0	[]	0	0
ys4.rsn	ys4.rsn	Ys IV - Mask of the Sun	37	"[{""value"":""Ys IV: Mask of the Sun"",""type"":""str"",""trackCount"":37,""memberPaths"":[""00-The Dawn of Ys.spc"",""01-Mask of the Sun.spc"",""02-Minea Port.spc"",""03-Promarock.spc"",""04-The Syobainin.spc"",""05-Kasnan Fortress.spc"",""06-Field.spc"",""07-The Forest of Celceta.spc"",""08-Broken Hourglass.spc"",""09-Sanctuary of the Sun.spc"",""10-Battle #58.spc"",""11-Leeza.spc"",""12-Sadness.spc"",""13-Valley of Quicksand.spc"",""14-Temptation of the Harlequin.spc"",""15-Sacred District.spc"",""16-Crimson Wings.spc"",""17-Ancient Legend.spc"",""18-Beyond Reminiscence.spc"",""19-I Want to Be Gentle.spc"",""20-House.spc"",""21-Too Full with Love.spc"",""22-The Heat Inside the Fire.spc"",""23-Karna.spc"",""24-Blazing Sword.spc"",""25-Lefance.spc"",""26-Bronze District.spc"",""27-Theme of Adol 1993.spc"",""28-Wise Man.spc"",""29-Escape With Lilia.spc"",""30-Tower.spc"",""31-Lava Area ~ A Kiss to Eldeel.spc"",""32-Ritual Grounds.spc"",""33-A Great Ordeal.spc"",""34-Fantasy Horizon.spc"",""35-Game Over.spc"",""36-Lucky Treasure Chest.spc""]}]"	0	0	37	0	[]	0	0
ys5.rsn	ys5.rsn	Ys 5	58	"[{""value"":""Ys V"",""type"":""str"",""trackCount"":58,""memberPaths"":[""00-Lost Kingdom (part 1).spc"",""01-Lost Kingdom (part 2).spc"",""02-Digest.spc"",""03-Continue.spc"",""04-Peace in the Street.spc"",""05-In the Cradle.spc"",""06-Residence.spc"",""07-Shopping.spc"",""08-Field of Gale.spc"",""09-Foresta Village.spc"",""10-Sinister Shadow.spc"",""11-Treasure Box.spc"",""12-Freezing Shadow.spc"",""13-Bad Species.spc"",""14-Niena's Melody.spc"",""15-Warning!!.spc"",""16-Massea.spc"",""17-Woodside Village.spc"",""18-Misty Lake.spc"",""19-Thieves of Brotherhood.spc"",""20-Wind Knight.spc"",""21-Crimson Ruins.spc"",""22-Movement.spc"",""23-Primal Rave.spc"",""24-Theme of Lovers.spc"",""25-Charged Trial.spc"",""26-Stormy Town.spc"",""27-Desert Clime.spc"",""28-Oasis.spc"",""29-Traders.spc"",""30-Sand Castle.spc"",""31-Wilderness.spc"",""32-Night Sight.spc"",""33-Niena.spc"",""34-The Undercurrent.spc"",""35-Scheme the Madness I.spc"",""36-Scheme the Madness II.spc"",""37-Pain Maker.spc"",""38-Crumble.spc"",""39-Forgotten City.spc"",""40-Judgement Bells.spc"",""41-Partisan.spc"",""42-Break Into Territory.spc"",""43-Battle Against Fate.spc"",""44-Death Spiral.spc"",""45-Theme of Kefin I.spc"",""46-Theme of Kefin II.spc"",""47-Crime and Punishment.spc"",""48-Wicked Pleasure (intro).spc"",""49-Wicked Pleasure.spc"",""50-Vanishing World.spc"",""51-Theme of Adol.spc"",""52-Farewell.spc"",""53-Odds and Ends.spc"",""54-The Secret Experience.spc"",""55-The Extra Room.spc"",""56-Catch the Record!.spc"",""57-Unused.spc""]}]"	0	0	58	0	"[{""value"":""Music from Ys V (KICA-1175~6)"",""type"":""str"",""trackCount"":56,""memberPaths"":[""00-Lost Kingdom (part 1).spc"",""01-Lost Kingdom (part 2).spc"",""02-Digest.spc"",""03-Continue.spc"",""04-Peace in the Street.spc"",""05-In the Cradle.spc"",""06-Residence.spc"",""07-Shopping.spc"",""08-Field of Gale.spc"",""09-Foresta Village.spc"",""10-Sinister Shadow.spc"",""11-Treasure Box.spc"",""12-Freezing Shadow.spc"",""13-Bad Species.spc"",""15-Warning!!.spc"",""16-Massea.spc"",""17-Woodside Village.spc"",""18-Misty Lake.spc"",""19-Thieves of Brotherhood.spc"",""20-Wind Knight.spc"",""21-Crimson Ruins.spc"",""22-Movement.spc"",""23-Primal Rave.spc"",""24-Theme of Lovers.spc"",""25-Charged Trial.spc"",""26-Stormy Town.spc"",""27-Desert Clime.spc"",""28-Oasis.spc"",""29-Traders.spc"",""30-Sand Castle.spc"",""31-Wilderness.spc"",""32-Night Sight.spc"",""33-Niena.spc"",""34-The Undercurrent.spc"",""35-Scheme the Madness I.spc"",""36-Scheme the Madness II.spc"",""37-Pain Maker.spc"",""38-Crumble.spc"",""39-Forgotten City.spc"",""40-Judgement Bells.spc"",""41-Partisan.spc"",""42-Break Into Territory.spc"",""43-Battle Against Fate.spc"",""44-Death Spiral.spc"",""45-Theme of Kefin I.spc"",""46-Theme of Kefin II.spc"",""47-Crime and Punishment.spc"",""48-Wicked Pleasure (intro).spc"",""49-Wicked Pleasure.spc"",""50-Vanishing World.spc"",""51-Theme of Adol.spc"",""52-Farewell.spc"",""53-Odds and Ends.spc"",""54-The Secret Experience.spc"",""55-The Extra Room.spc"",""56-Catch the Record!.spc""]}]"	0	56
yyh.rsn	yyh.rsn	Yuu Yuu Hakusho	30	"[{""value"":""Yuu Yuu Hakusho"",""type"":""str"",""trackCount"":30,""memberPaths"":[""00-Run!.spc"",""01-Hiei's Theme.spc"",""02-Spirit Wind.spc"",""03-Danger.spc"",""04-Kurama's Theme.spc"",""05-Reminiscence.spc"",""06-Phantom.spc"",""07-Battle.spc"",""08-Uneasiness.spc"",""09-Now, to Suicide Island.spc"",""10-Hot Battle! Fierce Battle!! Suicide Island!!!.spc"",""11-Gal's Theme.spc"",""12-Dark Martial Arts Meeting.spc"",""13-Choice.spc"",""14-The First Arena.spc"",""15-Omen.spc"",""16-The Second Arena.spc"",""17-The Match Ends.spc"",""18-Fanfare.spc"",""19-Kuwabara's Theme.spc"",""20-Beautiful Demon Battler Suzuki's Theme.spc"",""21-Drunken Workman's Song.spc"",""22-Zukkoke Commander.spc"",""23-Eye-Catch.spc"",""24-Looks Like We Lost the Flagbearer.spc"",""25-Can You Still Fight.spc"",""26-Toguro 100%.spc"",""27-Sadness.spc"",""28-Reigan!.spc"",""29-We Shall Meet.spc""]}]"	30	0	0	0	"[{""value"":""Yuu Yuu Hakusho Game Music Ensemble [MRCA-20031]"",""type"":""str"",""trackCount"":29,""memberPaths"":[""00-Run!.spc"",""01-Hiei's Theme.spc"",""02-Spirit Wind.spc"",""03-Danger.spc"",""04-Kurama's Theme.spc"",""05-Reminiscence.spc"",""06-Phantom.spc"",""07-Battle.spc"",""08-Uneasiness.spc"",""09-Now, to Suicide Island.spc"",""10-Hot Battle! Fierce Battle!! Suicide Island!!!.spc"",""11-Gal's Theme.spc"",""12-Dark Martial Arts Meeting.spc"",""13-Choice.spc"",""14-The First Arena.spc"",""15-Omen.spc"",""16-The Second Arena.spc"",""17-The Match Ends.spc"",""18-Fanfare.spc"",""19-Kuwabara's Theme.spc"",""20-Beautiful Demon Battler Suzuki's Theme.spc"",""21-Drunken Workman's Song.spc"",""22-Zukkoke Commander.spc"",""23-Eye-Catch.spc"",""24-Looks Like We Lost the Flagbearer.spc"",""25-Can You Still Fight.spc"",""26-Toguro 100%.spc"",""27-Sadness.spc"",""29-We Shall Meet.spc""]}]"	0	29
yyht.rsn	yyht.rsn	Yuu Yuu Hakusho - Tokubetsu-hen	16	"[{""value"":""Yuu Yuu Hakusho: Tokubetsu Hen"",""type"":""str"",""trackCount"":16,""memberPaths"":[""00-Opening.spc"",""01-Main Menu.spc"",""02-Technique Introduction.spc"",""03-Forest.spc"",""04-Dark Dome.spc"",""05-Guillotine Hill.spc"",""06-Interstice of Dimensions.spc"",""07-Subspace.spc"",""08-End of Battle.spc"",""09-Current Status.spc"",""10-Won Tournament!.spc"",""11-That Was Terrible.spc"",""12-Good!.spc"",""13-Great!.spc"",""14-Tournament Results.spc"",""15-Staff Roll.spc""]}]"	0	0	16	0	"[{""value"":""Yu Yu Hakusho Special Edition ~ Game Music Ensemble Volume 3"",""type"":""str"",""trackCount"":16,""memberPaths"":[""00-Opening.spc"",""01-Main Menu.spc"",""02-Technique Introduction.spc"",""03-Forest.spc"",""04-Dark Dome.spc"",""05-Guillotine Hill.spc"",""06-Interstice of Dimensions.spc"",""07-Subspace.spc"",""08-End of Battle.spc"",""09-Current Status.spc"",""10-Won Tournament!.spc"",""11-That Was Terrible.spc"",""12-Good!.spc"",""13-Great!.spc"",""14-Tournament Results.spc"",""15-Staff Roll.spc""]}]"	0	16
z4cr.rsn	z4cr.rsn	Zero4 Champ RR (JP)	31	"[{""value"":""Zero 4 Champ RR"",""type"":""str"",""trackCount"":31,""memberPaths"":[""00-Energy.spc"",""01-Begin.spc"",""02-Hula Hoop.spc"",""03-Windy.spc"",""04-Night Circus.spc"",""05-Movement.spc"",""06-Function.spc"",""07-Max.spc"",""08-Ikitete Yokatta.spc"",""09-Bravo.spc"",""10-Good Condition.spc"",""11-Kachiuma.spc"",""12-Makeinu.spc"",""13-Moon Light.spc"",""14-Kiss Me.spc"",""15-Storm.spc"",""16-Heat.spc"",""17-Katsura Jinsei.spc"",""18-Angelic.spc"",""19-Shou Ron Pou.spc"",""20-Blue Sky.spc"",""21-Action.spc"",""22-Marronnier no Machikado.spc"",""23-Step.spc"",""24-Tornado.spc"",""25-Kyou mo Ii Tenki.spc"",""26-Darkness.spc"",""27-Hurry Up.spc"",""28-Victory.spc"",""29-Sainara.spc"",""30-Gunkan March.spc""]}]"	0	0	31	0	[]	0	0
zgd.rsn	zgd.rsn	Z-Gundam - Away to the Newtype	23	"[{""value"":""Z-Gundam: Away to the Newtype"",""type"":""str"",""trackCount"":23,""memberPaths"":[""00-Prelude.spc"",""01-Away to the Newtype.spc"",""02-Star Cruiser.spc"",""03-Land Exploration.spc"",""04-Level Up!!.spc"",""05-Consternation.spc"",""06-Space Battle.spc"",""07-Psycho Madness.spc"",""08-At Peace.spc"",""09-Flight with the Zeta Gundam.spc"",""10-Star Fields.spc"",""11-Floating through Space.spc"",""12-Sky Diving.spc"",""13-Messy Battle.spc"",""14-Dead Silence.spc"",""15-Showdown.spc"",""16-Continue.spc"",""17-Irony of Fate.spc"",""18-Zeon's Legacy.spc"",""19-Zeta Gundam's Last Fight.spc"",""20-Aftermath.spc"",""21-Char's Return.spc"",""22-Far Future.spc""]}]"	0	0	23	0	[]	0	0
zgts.rsn	zgts.rsn	zen nihon gt senshuken hyper battle game (JP)	9	"[{""value"":""Zen Nihon GT Sensyuken"",""type"":""str"",""trackCount"":9,""memberPaths"":[""00-Title Screen.spc"",""01-Mode Select.spc"",""02-Round Start.spc"",""03-Results.spc"",""04-Password.spc"",""05-Try Again.spc"",""06-Congratulations.spc"",""07-Game Over.spc"",""08-Unknown Jingle.spc""]}]"	0	0	9	0	[]	0	0
zkss.rsn	zkss.rsn	'96 Zenkoku Koukou Soccer Senshuken	18	"[{""value"":[""'96 Zenkoku Koukou Soccer Senshu"",""'96 Zenkoku Koukou Soccer Senshuken""],""type"":""list"",""trackCount"":18,""memberPaths"":[""00-Opening.spc"",""01-Title Screen.spc"",""02-Mode Select.spc"",""03-Division Select.spc"",""04-Play Menu.spc"",""05-Training.spc"",""06-Technical Training.spc"",""07-Training Results.spc"",""08-Edit.spc"",""09-Player Data.spc"",""10-Tournament.spc"",""11-Tournament Table.spc"",""12-Division Title.spc"",""13-National Athletic Competition.spc"",""14-Cannot Conquer.spc"",""15-National Conquest.spc"",""16-Graduation.spc"",""17-Staff Roll.spc""]}]"	0	0	18	0	[]	0	0
zkss2.rsn	zkss2.rsn	Zenkoku Koukou Soccer Senshuken 2	15	"[{""value"":[""Zenkoku Koukou Soccer Senshuken"",""Zenkoku Koukou Soccer Senshuken 2""],""type"":""list"",""trackCount"":15,""memberPaths"":[""00-Title Screen.spc"",""01-Main Menu.spc"",""02-Soccer Game.spc"",""03-Goal!.spc"",""04-Half Time.spc"",""05-PK Shootout.spc"",""06-You Won!.spc"",""07-You Lost.spc"",""08-Practice Makes Perfect.spc"",""09-Qualified for the Tournament Finals.spc"",""10-Soccer Game (Tournament Finals).spc"",""11-National High School Soccer Champions!.spc"",""12-Ending.spc"",""13-Unused Song.spc"",""14-Begin Soccer Game.spc""]}]"	0	0	15	0	[]	0	0
zkssh.rsn	zkssh.rsn	Zenkoku Koukou Soccer (JP)	15	"[{""value"":""Zenkoku Koukou Soccer Senshuken"",""type"":""str"",""trackCount"":15,""memberPaths"":[""00-Title Screen.spc"",""01-Main Menu.spc"",""02-Soccer Game 1.spc"",""03-Soccer Game 2.spc"",""04-PK Announcement.spc"",""05-PK Shootout.spc"",""06-Won a Match!.spc"",""07-Lost a Match.spc"",""08-Qualified for the Tournament Finals.spc"",""09-Tournament Finals 1.spc"",""10-Tournament Finals 2.spc"",""11-National High School Soccer Champions!.spc"",""12-Unused Song.spc"",""13-Unused Jingle 1.spc"",""14-Unused Jingle 2.spc""]}]"	0	0	15	0	[]	0	0
zna.rsn	zna.rsn	Zakuro no Aji	24	"[{""value"":""Zakuro no Aji"",""type"":""str"",""trackCount"":24,""memberPaths"":[""00-Prologue ~ Night of the Snow Storm.spc"",""01-Sad Music Box.spc"",""02-Appearance of Tada-san!.spc"",""03-Theme of Yuko-senpai.spc"",""04-Me and Yuko-senpai.spc"",""05-Quiet Atmosphere.spc"",""06-Panic!.spc"",""07-Search in the Darkness (part 1).spc"",""08-Search in the Darkness (part 2).spc"",""09-Into the Darkness.spc"",""10-Decision in Despair.spc"",""11-House House House.spc"",""12-Rest.spc"",""13-Resurrected Corpse.spc"",""14-Action!.spc"",""15-Human Weapon Katsumata.spc"",""16-Approaching Fear.spc"",""17-Unseen Tears.spc"",""18-Hope Within the Despair.spc"",""19-Living Person, Dying Person.spc"",""20-The Worst Scenario.spc"",""21-Despair.spc"",""22-Happy End.spc"",""23-Epilogue ~ What Lies Ahead.spc""]}]"	24	0	0	0	"[{""value"":""Zakuro no Aji GM-PROGRESS-3"",""type"":""str"",""trackCount"":24,""memberPaths"":[""00-Prologue ~ Night of the Snow Storm.spc"",""01-Sad Music Box.spc"",""02-Appearance of Tada-san!.spc"",""03-Theme of Yuko-senpai.spc"",""04-Me and Yuko-senpai.spc"",""05-Quiet Atmosphere.spc"",""06-Panic!.spc"",""07-Search in the Darkness (part 1).spc"",""08-Search in the Darkness (part 2).spc"",""09-Into the Darkness.spc"",""10-Decision in Despair.spc"",""11-House House House.spc"",""12-Rest.spc"",""13-Resurrected Corpse.spc"",""14-Action!.spc"",""15-Human Weapon Katsumata.spc"",""16-Approaching Fear.spc"",""17-Unseen Tears.spc"",""18-Hope Within the Despair.spc"",""19-Living Person, Dying Person.spc"",""20-The Worst Scenario.spc"",""21-Despair.spc"",""22-Happy End.spc"",""23-Epilogue ~ What Lies Ahead.spc""]}]"	0	24
znpw2.rsn	znpw2.rsn	Zennihon Pro Wrestling 2 - 3.4 Budoukan	22	"[{""value"":""Zennihon Pro Wrestling 2"",""type"":""str"",""trackCount"":22,""memberPaths"":[""00-Title.spc"",""01-Wrestler Profiles.spc"",""02-Player Select.spc"",""03-Theme of Giant Baba.spc"",""04-Theme of Jumbo Tsuruta.spc"",""05-Theme of Mitsuharu Misawa.spc"",""06-Theme of Toshiaki Kawada.spc"",""07-Theme of Akira Taue.spc"",""08-Theme of Kenta Kobashi.spc"",""09-Theme of Masanobu Fuchi.spc"",""10-Theme of Jun Akiyama.spc"",""11-Theme of Takao Oomori.spc"",""12-Theme of Joel Deaton.spc"",""13-Theme of Can-Am Express.spc"",""14-Theme of The Eagle & The Patriot.spc"",""15-Theme of Johnny Ace.spc"",""16-Theme of Dan Spivey.spc"",""17-Theme of M.V.C.spc"",""18-Theme of Stan Hansen.spc"",""19-Giant Baba's Evaluation.spc"",""20-Congratulations!.spc"",""21-Staff Roll.spc""]}]"	0	0	22	0	[]	0	0
znpwd.rsn	znpwd.rsn	Zennihon Pro Wrestling Dash - Sekai Saikyou Tag (Natsume Championship Wrestling)	20	"[{""value"":""Zennihon Pro Wrestling Dash"",""type"":""str"",""trackCount"":20,""memberPaths"":[""00-Title (JP Version).spc"",""01-Title (US Version).spc"",""02-Players Select.spc"",""03-Theme of Giant Baba.spc"",""04-Theme of Jumbo Tsuruta.spc"",""05-Theme of Mitsuharu Misawa.spc"",""06-Theme of Kenta Kobashi.spc"",""07-Theme of Akira Taue.spc"",""08-Theme of Toshiaki Kawada.spc"",""09-Theme of Stan Hansen.spc"",""10-Theme of Johnny Ace.spc"",""11-Theme of Terry Gordy.spc"",""12-Theme of Steve Williams.spc"",""13-Theme of The Patriot.spc"",""14-Theme of The Eagle.spc"",""15-Theme of Doug Furnas.spc"",""16-Theme of Dan Kroffat.spc"",""17-Theme of Dan Spivey.spc"",""18-Theme of Jun Akiyama.spc"",""19-Staff Roll.spc""]}]"	0	0	20	0	[]	0	0
zzc.rsn	zzc.rsn	Zig Zag Cat - Dachou Club mo Oosawagi da (JP)	40	"[{""value"":""Zig Zag Cat"",""type"":""str"",""trackCount"":40,""memberPaths"":[""00-Title Screen.spc"",""01-Storyline.spc"",""02-Episode Intro.spc"",""03-Welcome Home!.spc"",""04-Battle with the Ostrich Club.spc"",""05-Clear Level.spc"",""06-Inn.spc"",""07-Beginning Your Journey.spc"",""08-Encounter with the Ostrich Club.spc"",""09-The Nice Outdoors.spc"",""10-Stone Monster and Refrigerator.spc"",""11-Stage Clear.spc"",""12-Caves to New Areas.spc"",""13-More Paths to Go Down.spc"",""14-Inside a Tree.spc"",""15-Twin Spiders.spc"",""16-The Snowy Outdoors.spc"",""17-Let's Go in the Water!.spc"",""18-The Beachside.spc"",""19-Outside the Castle.spc"",""20-Castle Inn.spc"",""21-Inside the Castle.spc"",""22-Robot and Spinning Balls.spc"",""23-Rescued!.spc"",""24-Outside.spc"",""25-Extra Areas to Explore.spc"",""26-The Valley.spc"",""27-Three Deadly Eyes.spc"",""28-Bonus Round.spc"",""29-Game Over.spc"",""30-Unknown Song 1.spc"",""31-Unknown Song 2.spc"",""32-Unknown Song 3.spc"",""33-Zig Zag Cat!.spc"",""34-Oy oy!.spc"",""35-Hai.spc"",""36-Stop Pin Nu!.spc"",""37-Yaaaah!.spc"",""38-Mii Dala Geku Waki Ai Ai.spc"",""39-Duaah Zah.spc""]}]"	0	0	40	0	[]	0	0
