Package Path	Source RSN	Source .rsn Hashes
Nintendo SNES/'96 Zenkoku Koukou Soccer Senshuken.uac	zkss.rsn	"[{""Algorithm"":""BLAKE3-256"",""Digest"":""149aa6a8d33fcce1357ed7a9e4a2d85155e781ce93f7ec0c715c7e0c1dac13c2""},{""Algorithm"":""CRC32"",""Digest"":""6CAAA963""},{""Algorithm"":""SHA-1"",""Digest"":""7564078c3f4ec85774496cf33561994f37bc5b6e""},{""Algorithm"":""MD5"",""Digest"":""0566b4490f3222f02ce8a4878c42ec4d""}]"
Nintendo SNES/3 Ninjas Kick Back (US).uac	3nkb.rsn	"[{""Algorithm"":""BLAKE3-256"",""Digest"":""df0ef303044bd79fc070c0f122edf81f57027fd9504945de37fcb0e6a799d457""},{""Algorithm"":""CRC32"",""Digest"":""89557544""},{""Algorithm"":""SHA-1"",""Digest"":""0628aa57fa6a7d91450b353e53e5463165a59c24""},{""Algorithm"":""MD5"",""Digest"":""78e232ca7a7d9b827097f4bc06361bec""}]"
Nintendo SNES/3x3 Eyes - Juuma Houkan.uac	33ejh.rsn	"[{""Algorithm"":""BLAKE3-256"",""Digest"":""52db18c22a34d5deb89ad6a937aaf7a9b6dfb521b0599882d5bc592e724edaea""},{""Algorithm"":""CRC32"",""Digest"":""1A41C2CC""},{""Algorithm"":""SHA-1"",""Digest"":""31b2770230b630db422e3b003117be7ca6b4d6b6""},{""Algorithm"":""MD5"",""Digest"":""01a7117d8c513289964ae58a63b082b2""}]"
Nintendo SNES/3x3 Eyes - Seima Kourinden.uac	33esk.rsn	"[{""Algorithm"":""BLAKE3-256"",""Digest"":""f82e97a7241af0cdd269a8ce379190bc97a692f6bcfde671f95680f4f3c343db""},{""Algorithm"":""CRC32"",""Digest"":""04D87E76""},{""Algorithm"":""SHA-1"",""Digest"":""3cda5611d84aeb557f0c835d8a5f80d27ffc0108""},{""Algorithm"":""MD5"",""Digest"":""3a995e13c12a4e5a69bf9f318427721c""}]"
Nintendo SNES/4 Nin Shogi.uac	4ns.rsn	"[{""Algorithm"":""BLAKE3-256"",""Digest"":""dcdff40ac798f23a3836d232a42ac1eee334521a58a99f6d98616312c1f243c4""},{""Algorithm"":""CRC32"",""Digest"":""7297A255""},{""Algorithm"":""SHA-1"",""Digest"":""ae035fe164e113b7175d96279a7ea3c0ac737047""},{""Algorithm"":""MD5"",""Digest"":""762be2d951b546adda203e50f7104f37""}]"
Nintendo SNES/7th Saga 2 - Mystic Ark.uac	mark.rsn	"[{""Algorithm"":""BLAKE3-256"",""Digest"":""6f046def3ab2e793bb6e1fef39847d3669f8a1f8de7139c34a02be1646456d05""},{""Algorithm"":""CRC32"",""Digest"":""67108766""},{""Algorithm"":""SHA-1"",""Digest"":""ded83586a7da637c21ddaaa3d629ad8275da7123""},{""Algorithm"":""MD5"",""Digest"":""82e10377444fd23eb6df669ec72c9530""}]"
Nintendo SNES/7th Saga.uac	7sg.rsn	"[{""Algorithm"":""BLAKE3-256"",""Digest"":""031244bdbf603a4c08a003e3b720426addf155729550d025ec0aea2a52952f50""},{""Algorithm"":""CRC32"",""Digest"":""19F27FBA""},{""Algorithm"":""SHA-1"",""Digest"":""90f0c11438cde647e2bf54ca574378860be1a912""},{""Algorithm"":""MD5"",""Digest"":""2920b7607e436c3907e74f6397a231c2""}]"
Nintendo SNES/A Ressha de Ikou 3 Super Version.uac	ari3.rsn	"[{""Algorithm"":""BLAKE3-256"",""Digest"":""26954f21e14b3529e3ecef78b30bfecae1dc148f5935f25a58b81452905a5f10""},{""Algorithm"":""CRC32"",""Digest"":""D2757F53""},{""Algorithm"":""SHA-1"",""Digest"":""6a1afc6419730f0466536a5544602cc2fed547b4""},{""Algorithm"":""MD5"",""Digest"":""4a42b9ae226e15ffb7ffbad4de81a47f""}]"
Nintendo SNES/A.S.P. Air Strike Patrol.uac	asp.rsn	"[{""Algorithm"":""BLAKE3-256"",""Digest"":""b159d5c60d3b1ec8d2cfcdc6c3bf72737a7329fae81167adb17015c8de1cba77""},{""Algorithm"":""CRC32"",""Digest"":""A34F69A4""},{""Algorithm"":""SHA-1"",""Digest"":""ff6533d8f5a870d27e10242f336d80df126afc40""},{""Algorithm"":""MD5"",""Digest"":""011c34f0bfb3492b642abc156de80df9""}]"
Nintendo SNES/AAAHH!!! Real Monsters.uac	arm.rsn	"[{""Algorithm"":""BLAKE3-256"",""Digest"":""edbd11e95ee24b8f2ad3955a300c2e1c2fc3d4a0ad5bf7f75e0642d798a6a664""},{""Algorithm"":""CRC32"",""Digest"":""ADC8E699""},{""Algorithm"":""SHA-1"",""Digest"":""488d96c30d31dc8bcc66fff12cfa6ad541a4ee21""},{""Algorithm"":""MD5"",""Digest"":""1b398b58844a1c26443eebf7cbf1896e""}]"
Nintendo SNES/ABC Monday Night Football.uac	amnf.rsn	"[{""Algorithm"":""BLAKE3-256"",""Digest"":""d1b19fbc28fb0edf2375779f2ae4605386a93dc5f7fb8855c7af4574db6bf3ff""},{""Algorithm"":""CRC32"",""Digest"":""775BA02B""},{""Algorithm"":""SHA-1"",""Digest"":""d1936931d44154a1970019da78f77f1737fcbd2a""},{""Algorithm"":""MD5"",""Digest"":""f28359bf5b6df9d69174afc41cdfc295""}]"
Nintendo SNES/ACME Animation Factory.uac	acme.rsn	"[{""Algorithm"":""BLAKE3-256"",""Digest"":""bba4248bc5532370941aad3e0101e5c29e9ee835d60ad89e69a0aa28da73c0b4""},{""Algorithm"":""CRC32"",""Digest"":""34919F68""},{""Algorithm"":""SHA-1"",""Digest"":""a5e8a16f7c13529e7a95c97d5aae0fa452f0fd99""},{""Algorithm"":""MD5"",""Digest"":""d17cd6c57fe83f5afed13153158c84ed""}]"
Nintendo SNES/Accele Brid (JP).uac	accb.rsn	"[{""Algorithm"":""BLAKE3-256"",""Digest"":""b5b921d5da3122526b34c5166ecfc0da6ff26d6aec40c6a0f50ec0a421ed33e9""},{""Algorithm"":""CRC32"",""Digest"":""55E1849A""},{""Algorithm"":""SHA-1"",""Digest"":""3f60ac687bd484c22b9a31a81c4d28954af09aa0""},{""Algorithm"":""MD5"",""Digest"":""ef889475256802a2bc616e5df4978072""}]"
Nintendo SNES/Ace o Nerae!.uac	ace.rsn	"[{""Algorithm"":""BLAKE3-256"",""Digest"":""6b534592a1eaa897f0cca6230a3fea94ff61eb938894cba632fa79ea03ba0391""},{""Algorithm"":""CRC32"",""Digest"":""04DA01D0""},{""Algorithm"":""SHA-1"",""Digest"":""47fec1da25e040b6267345ee4cdcd1eefd1f69fa""},{""Algorithm"":""MD5"",""Digest"":""cfea171c442f8a1f3d6607ae8f03083f""}]"
Nintendo SNES/Acrobat Mission.uac	acrm.rsn	"[{""Algorithm"":""BLAKE3-256"",""Digest"":""d0594e58ec2f263e27f67bdd5a490d0d46c7ee5188f51e9f2c298520d41cd455""},{""Algorithm"":""CRC32"",""Digest"":""2FC0111F""},{""Algorithm"":""SHA-1"",""Digest"":""d2673dff72179435b23a23898266413b811e6f88""},{""Algorithm"":""MD5"",""Digest"":""260c1677afb7c487d3477e29a027d79c""}]"
Nintendo SNES/Action Pachio (JP).uac	actp.rsn	"[{""Algorithm"":""BLAKE3-256"",""Digest"":""06cf5c295113362b7646b3b9b52ed5faa08f428f0d53105cf3c7cb8b9ab58b9c""},{""Algorithm"":""CRC32"",""Digest"":""C3A67DB6""},{""Algorithm"":""SHA-1"",""Digest"":""c435450804c4ab83ebb68baea8f8136faccbbce1""},{""Algorithm"":""MD5"",""Digest"":""1983d6ad767590eb59cb342ab8418a73""}]"
Nintendo SNES/Actraiser 2.uac	actr2.rsn	"[{""Algorithm"":""BLAKE3-256"",""Digest"":""17568aaab8fb6e6738ffd2f8b940676aa0de76be2b6e9b60801e1a6e79e1d039""},{""Algorithm"":""CRC32"",""Digest"":""CAC4EFF6""},{""Algorithm"":""SHA-1"",""Digest"":""2e4b415bebb593c3e719f3ab44250b86001b4d7d""},{""Algorithm"":""MD5"",""Digest"":""147685033622321d0d65bbc03d7e28bd""}]"
Nintendo SNES/Actraiser.uac	actr.rsn	"[{""Algorithm"":""BLAKE3-256"",""Digest"":""0ab1ca4e00ad6b89631700bdff5e7e52cd6340d317244c14f0318b4c2435919f""},{""Algorithm"":""CRC32"",""Digest"":""50DA2821""},{""Algorithm"":""SHA-1"",""Digest"":""568a3d6a26fcb159a707505434751fd7f0dec0bd""},{""Algorithm"":""MD5"",""Digest"":""5723cf2a2f62cf41e657bf87387b8f19""}]"
Nintendo SNES/Addams Family Values.uac	afv.rsn	"[{""Algorithm"":""BLAKE3-256"",""Digest"":""21e87a29ee7cd3ff78ed929711900e96b55f3fde526c2e5b03acb8af611a5f7b""},{""Algorithm"":""CRC32"",""Digest"":""C3E50C33""},{""Algorithm"":""SHA-1"",""Digest"":""4b14724a7e9c0d20394a7758a92b82f6394a03ed""},{""Algorithm"":""MD5"",""Digest"":""81f5f3c38d7ecf40369ab01408038908""}]"
Nintendo SNES/Addams Family, The - Pugsley's Scavenger Hunt.uac	afam2.rsn	"[{""Algorithm"":""BLAKE3-256"",""Digest"":""8435e95444825f58f5a77d6c9cdb3b969e6a21ca4dcd598c5638415e80461f77""},{""Algorithm"":""CRC32"",""Digest"":""ECA14923""},{""Algorithm"":""SHA-1"",""Digest"":""404a5e984b84e52741c7e070cca846b63116c177""},{""Algorithm"":""MD5"",""Digest"":""f4ebb37949654418d73f8585f730e2e5""}]"
Nintendo SNES/Addams Family, The.uac	adf.rsn	"[{""Algorithm"":""BLAKE3-256"",""Digest"":""2694e3ce9462305ae4bb2b9bc3962a95da03f2f6f48288798b04bc7f1ab062d8""},{""Algorithm"":""CRC32"",""Digest"":""B9663740""},{""Algorithm"":""SHA-1"",""Digest"":""9fa1dd70f7cfb5874f457140cae2662660707874""},{""Algorithm"":""MD5"",""Digest"":""9d73ef34f8c38b3d66154d585bf4509e""}]"
Nintendo SNES/Adventures of Batman and Robin, The.uac	abr.rsn	"[{""Algorithm"":""BLAKE3-256"",""Digest"":""0fe8dd554cefd261323e58e0dffdaed9d804518b447730e6d73cb17eea58c6e5""},{""Algorithm"":""CRC32"",""Digest"":""62EE4AB2""},{""Algorithm"":""SHA-1"",""Digest"":""3c79710bd63aec5c54cfdd21342dcfd5220bf578""},{""Algorithm"":""MD5"",""Digest"":""43566e02fc69a334aff86b61d4c8d81c""}]"
Nintendo SNES/Adventures of Dr. Franken, The.uac	drf.rsn	"[{""Algorithm"":""BLAKE3-256"",""Digest"":""7250086ccfd7937337669918fe1f944a1ec8e2cd330052949be559ca85a48c78""},{""Algorithm"":""CRC32"",""Digest"":""72B3D365""},{""Algorithm"":""SHA-1"",""Digest"":""7ba7835a6d47c3792b8b6e9f292b12fc66894f8e""},{""Algorithm"":""MD5"",""Digest"":""6fd0f71423ebdb1477b5628c061b50b6""}]"
Nintendo SNES/Adventures of Rocky and Bullwinkle and Friends, The.uac	arbf.rsn	"[{""Algorithm"":""BLAKE3-256"",""Digest"":""d1d2bf1b1fa924bef35b0db8b8cb470bc5820d9401db9195043ceaad326caf92""},{""Algorithm"":""CRC32"",""Digest"":""C26C84CE""},{""Algorithm"":""SHA-1"",""Digest"":""88018625bc6e1cd670bf386c8046577af2c22f34""},{""Algorithm"":""MD5"",""Digest"":""439ff2945742b9ca114fdf8863a91802""}]"
Nintendo SNES/Aging Cassette.uac	aging.rsn	"[{""Algorithm"":""BLAKE3-256"",""Digest"":""34ae14238198812f96d7b9d87a986a28caeef46256087b138e844042c4d36c1e""},{""Algorithm"":""CRC32"",""Digest"":""48188CBC""},{""Algorithm"":""SHA-1"",""Digest"":""46f843feb6c7df2b9e183d9229dd390b7cdec211""},{""Algorithm"":""MD5"",""Digest"":""8917f9f9e12f4a3b25388490f7b6ec95""}]"
Nintendo SNES/Aguri Suzuki F-1 Super Driving.uac	asf1.rsn	"[{""Algorithm"":""BLAKE3-256"",""Digest"":""8f0ba84826ddf8092c08b772245401bedce7d4591917a53b02e530c11ec628e7""},{""Algorithm"":""CRC32"",""Digest"":""B52E291E""},{""Algorithm"":""SHA-1"",""Digest"":""d875d83bb4cbe240dccf311043857a6d4d93d666""},{""Algorithm"":""MD5"",""Digest"":""2f8d2bbbc0c5dbb8402c9d0bb1491b15""}]"
Nintendo SNES/Air Cavalry.uac	airc.rsn	"[{""Algorithm"":""BLAKE3-256"",""Digest"":""31b44e5cf79cc08dbc792815bf1846af84f04dede96135e8e2edb96a19befeba""},{""Algorithm"":""CRC32"",""Digest"":""4F9E4FD6""},{""Algorithm"":""SHA-1"",""Digest"":""2ac5c5ffdc50be8e968948beb5b1e2be697f215f""},{""Algorithm"":""MD5"",""Digest"":""621f36810f3c6d9b2ba9de689948d74b""}]"
Nintendo SNES/Akazukin Cha Cha.uac	acc.rsn	"[{""Algorithm"":""BLAKE3-256"",""Digest"":""1dcdde8fc23b15c96b4248bfa5955562d1e945c52da1cd756026117c5ed408d1""},{""Algorithm"":""CRC32"",""Digest"":""736B5A3F""},{""Algorithm"":""SHA-1"",""Digest"":""5bb17b5a543de5dcfa7263c27f96a9e93ecb2c08""},{""Algorithm"":""MD5"",""Digest"":""5d64941da3d2e028840bc83ed40a4824""}]"
Nintendo SNES/Al Unser Jr.'s Road to the Top.uac	aurt.rsn	"[{""Algorithm"":""BLAKE3-256"",""Digest"":""b0559a7226399eb8c7638f066dc93df041c698f42b8a0b41d38eaaa4ccb2f9f3""},{""Algorithm"":""CRC32"",""Digest"":""C5088214""},{""Algorithm"":""SHA-1"",""Digest"":""ce6fe3155fc417fc7dcaffee34f70dcbac7acf95""},{""Algorithm"":""MD5"",""Digest"":""9455e885eb3ddf9ca40a4e5f2c47fbed""}]"
Nintendo SNES/Aladdin.uac	ala.rsn	"[{""Algorithm"":""BLAKE3-256"",""Digest"":""ef252f594293973bc2694ff5814913e7af6134ae85227d695e0216dde4db68e0""},{""Algorithm"":""CRC32"",""Digest"":""23195BEA""},{""Algorithm"":""SHA-1"",""Digest"":""fc7fdcd7940a8a3148fdbadb54a40e9128c75e8d""},{""Algorithm"":""MD5"",""Digest"":""95d484bf443d749d99343298d5797268""}]"
Nintendo SNES/Albert Odyssey 2.uac	alod2.rsn	"[{""Algorithm"":""BLAKE3-256"",""Digest"":""ac5688dab1df730239ebb2ac5fd7913c70a639293927066d8bbe54a6a9980066""},{""Algorithm"":""CRC32"",""Digest"":""981D0234""},{""Algorithm"":""SHA-1"",""Digest"":""927f37e96948729f96933266b7a80db34cfcb774""},{""Algorithm"":""MD5"",""Digest"":""499c1f6a60ff7e71691a40c22067b3b7""}]"
Nintendo SNES/Albert Odyssey.uac	alod.rsn	"[{""Algorithm"":""BLAKE3-256"",""Digest"":""a6bf7bb5e937f4d1297f590e872554081ac27829e8e3a187e3422d16489a41bb""},{""Algorithm"":""CRC32"",""Digest"":""4A0D6C0D""},{""Algorithm"":""SHA-1"",""Digest"":""e00a2ed23741bc9c2322945580979cfad5f46520""},{""Algorithm"":""MD5"",""Digest"":""7ceee9aa012932cfeed98f729a030877""}]"
Nintendo SNES/Alcahest.uac	alca.rsn	"[{""Algorithm"":""BLAKE3-256"",""Digest"":""bc7bb0f3cf3537511f54da937d6dd1b6cb33b60377f38bb4aeca95f658580ed4""},{""Algorithm"":""CRC32"",""Digest"":""144194E4""},{""Algorithm"":""SHA-1"",""Digest"":""904de7d61ce572064fcd69c4414f1953cb83675f""},{""Algorithm"":""MD5"",""Digest"":""7b013ace5688c1fc0e4c8c8de3bba49f""}]"
Nintendo SNES/Alfred Chicken.uac	alch.rsn	"[{""Algorithm"":""BLAKE3-256"",""Digest"":""c771ed133782f16af01a818aeac6eedbe6178af1b00e5084de7c456fdb2d31b8""},{""Algorithm"":""CRC32"",""Digest"":""194A61A9""},{""Algorithm"":""SHA-1"",""Digest"":""71aea031fd41ba73b12efe2cb35e6a5a183a28c3""},{""Algorithm"":""MD5"",""Digest"":""bfd18c9c1cd5a168e43ac4f2d50990ae""}]"
Nintendo SNES/Alice's Paint Adventure.uac	alice.rsn	"[{""Algorithm"":""BLAKE3-256"",""Digest"":""4baec0e81fd80644e68e1952e5de2b278320aa8925deb64f5284991dd5b1a10f""},{""Algorithm"":""CRC32"",""Digest"":""09310796""},{""Algorithm"":""SHA-1"",""Digest"":""c4af2941dd5102008aa2849d3031fc092f45a1c4""},{""Algorithm"":""MD5"",""Digest"":""5532e2f15b56bcd4c0bfc415309e8ae1""}]"
Nintendo SNES/Alien 3.uac	al3.rsn	"[{""Algorithm"":""BLAKE3-256"",""Digest"":""7e5b966eaf45c91b864a669877bb1435e367cfbb13756d7521ba5d3a8da6d7fb""},{""Algorithm"":""CRC32"",""Digest"":""36660ACB""},{""Algorithm"":""SHA-1"",""Digest"":""b1cdaaea4c3a401deccf145241f9ce1a12d67107""},{""Algorithm"":""MD5"",""Digest"":""b0ef17eeadff779c2a327f63ce27cf7f""}]"
Nintendo SNES/Alien vs. Predator.uac	avsp.rsn	"[{""Algorithm"":""BLAKE3-256"",""Digest"":""669e46863a4b112249af41ae2a3ede3c411083f9cec49fb89e344141e615f0bb""},{""Algorithm"":""CRC32"",""Digest"":""9A6DE04D""},{""Algorithm"":""SHA-1"",""Digest"":""7d7eb778fbf36a0761b181a9546cb2742ab62240""},{""Algorithm"":""MD5"",""Digest"":""b64e6ed18d34b56b63a29b3bbfe6e816""}]"
Nintendo SNES/American Battle Dome (JP).uac	abd.rsn	"[{""Algorithm"":""BLAKE3-256"",""Digest"":""9b62bba4a5f8ea844415a943975b53370f8d3c2fa79bbabc502d20a33ae8cb5e""},{""Algorithm"":""CRC32"",""Digest"":""F8CF8F9B""},{""Algorithm"":""SHA-1"",""Digest"":""7c6df9f845be117d3da7c42b104b31947ff50f19""},{""Algorithm"":""MD5"",""Digest"":""60d5651843c4e16fc66c0a5cf0218313""}]"
Nintendo SNES/American Gladiators.uac	ag.rsn	"[{""Algorithm"":""BLAKE3-256"",""Digest"":""07c605be7cbc39b95d7910bae8a8f36cade0972f13b0f4657fb44bd142cc31d4""},{""Algorithm"":""CRC32"",""Digest"":""6DF14F1B""},{""Algorithm"":""SHA-1"",""Digest"":""35c30149e327c4233827bdaafe1808c54cb9b914""},{""Algorithm"":""MD5"",""Digest"":""245831678e40a820804b06819382b47f""}]"
Nintendo SNES/Andre Agassi Tennis.uac	aat.rsn	"[{""Algorithm"":""BLAKE3-256"",""Digest"":""7132e4c10df2d81fd599c54caea018689642b734e770441499697aed5e5de6f2""},{""Algorithm"":""CRC32"",""Digest"":""17BDEE46""},{""Algorithm"":""SHA-1"",""Digest"":""26ced991c461df98aba475932432be2948755081""},{""Algorithm"":""MD5"",""Digest"":""98ee8ac5ad76a292d48e358ea95428ed""}]"
Nintendo SNES/Animaniacs.uac	ani.rsn	"[{""Algorithm"":""BLAKE3-256"",""Digest"":""a50de0f677b5295b322a81dd6b7ad5ddccc3eef084ab3d931da21b22451b02e7""},{""Algorithm"":""CRC32"",""Digest"":""EC03135C""},{""Algorithm"":""SHA-1"",""Digest"":""161d7a2f9669447e20468ef841fe9fb0f83a7c39""},{""Algorithm"":""MD5"",""Digest"":""0b1fdb11457be0b8c2e79b8e2773b91d""}]"
Nintendo SNES/Aoki Densetsu Shoot!.uac	ads.rsn	"[{""Algorithm"":""BLAKE3-256"",""Digest"":""9eb8d38561e23539dbc067dfad3be57a398c055a5f847f9c23181862681670cf""},{""Algorithm"":""CRC32"",""Digest"":""4AF45EA2""},{""Algorithm"":""SHA-1"",""Digest"":""2d057760506108e1d539d9ed4849f7e68c4a4221""},{""Algorithm"":""MD5"",""Digest"":""19b6de73b07579da03211544b3d53dfe""}]"
Nintendo SNES/Apocalypse II (EU).uac	apii.rsn	"[{""Algorithm"":""BLAKE3-256"",""Digest"":""18d610b8d8e91826107c6c4675c6a92b12bc58d3667de446d60b357a170e9f6a""},{""Algorithm"":""CRC32"",""Digest"":""22EBDFB3""},{""Algorithm"":""SHA-1"",""Digest"":""a968b2203fa7cecd4f14b882bda050c985a99fbd""},{""Algorithm"":""MD5"",""Digest"":""c67ee6ad6930d6dd25bbc5d097c22f00""}]"
Nintendo SNES/Appleseed - Prometheus no Shintaku.uac	apple.rsn	"[{""Algorithm"":""BLAKE3-256"",""Digest"":""46c23bc8c85709860dba77ffb62c42338525c8c7a6cf43c70fbd460e9b85f055""},{""Algorithm"":""CRC32"",""Digest"":""08A7A5E9""},{""Algorithm"":""SHA-1"",""Digest"":""a973d44d49a5a61e5af40f60a46f14e2e4ff0aa5""},{""Algorithm"":""MD5"",""Digest"":""c585895d1cda5c7275d60dcc98c7da5f""}]"
Nintendo SNES/Arabian Nights.uac	an.rsn	"[{""Algorithm"":""BLAKE3-256"",""Digest"":""8ac57b161a36146f1a4627d7ba8c2f9d5f460678fbdbe4aea9299fb5e1b6d5fa""},{""Algorithm"":""CRC32"",""Digest"":""65FC4780""},{""Algorithm"":""SHA-1"",""Digest"":""aaad86c8604b314e1982ec1feac9558dbed56857""},{""Algorithm"":""MD5"",""Digest"":""1a9b793644166b4d15b10e65b6214d48""}]"
Nintendo SNES/Araiguma Rascal.uac	ar.rsn	"[{""Algorithm"":""BLAKE3-256"",""Digest"":""7c37bafc22ccba12392b6722d54f595e6395177c01c64208259fd677eecb8568""},{""Algorithm"":""CRC32"",""Digest"":""9BB474C6""},{""Algorithm"":""SHA-1"",""Digest"":""e682abcfb0ba33c7190c2c8391ab8945de105e0a""},{""Algorithm"":""MD5"",""Digest"":""5148740c68d78cc8bedd847a4d085215""}]"
Nintendo SNES/Arcus Spirits.uac	arc.rsn	"[{""Algorithm"":""BLAKE3-256"",""Digest"":""30cf9e76cc7ebd49ed6a7ecdaa773a6d32e0c98364aac19ec01ed516d8fb3e32""},{""Algorithm"":""CRC32"",""Digest"":""1DF460B5""},{""Algorithm"":""SHA-1"",""Digest"":""a4242af6518e0fc3d94e625afdf8b23964eaa7ba""},{""Algorithm"":""MD5"",""Digest"":""590e0958c03b714993dfe6b5c70711e7""}]"
Nintendo SNES/Ardy Lightfoot.uac	alft.rsn	"[{""Algorithm"":""BLAKE3-256"",""Digest"":""c550d3c455eeb011b4a1d7edcb8567dd823d278a72b1a3920bab8527a54efafd""},{""Algorithm"":""CRC32"",""Digest"":""754193C8""},{""Algorithm"":""SHA-1"",""Digest"":""c7d770f0fac2f480e7ed3acaeb4e0d9e0b5e1859""},{""Algorithm"":""MD5"",""Digest"":""abf7720231165c5b19c6553df08cc35f""}]"
Nintendo SNES/Aretha (JP).uac	are2.rsn	"[{""Algorithm"":""BLAKE3-256"",""Digest"":""9b30aad4771a49369e0bc17b2d11b3b8c186e40b7e4522d0595904ae857e5a5f""},{""Algorithm"":""CRC32"",""Digest"":""E38C26A9""},{""Algorithm"":""SHA-1"",""Digest"":""47aea605e2a6617aef53249c234fece532a1108c""},{""Algorithm"":""MD5"",""Digest"":""e2340199470662f4c24aee3a4fed11dd""}]"
Nintendo SNES/Aretha.uac	are.rsn	"[{""Algorithm"":""BLAKE3-256"",""Digest"":""2e0ec2e3dacac55fa61525f14f925717e508ac710631959ff3afa13fcb19fb10""},{""Algorithm"":""CRC32"",""Digest"":""3F1ADB3C""},{""Algorithm"":""SHA-1"",""Digest"":""f5fd778ae52f2663028fbf4e650b722dbb4b645d""},{""Algorithm"":""MD5"",""Digest"":""d5a0e56e8d4094243df327c37a35ed35""}]"
Nintendo SNES/Arkanoid - Doh it Again.uac	doh.rsn	"[{""Algorithm"":""BLAKE3-256"",""Digest"":""dca8bd78d93d2fae96f0fc6480320288a2791298e00172993a1564b803ed62e7""},{""Algorithm"":""CRC32"",""Digest"":""24287C95""},{""Algorithm"":""SHA-1"",""Digest"":""7172f552697ddb7de0854058636ad4d1c8e69739""},{""Algorithm"":""MD5"",""Digest"":""e97c00b7c1a61648470dd2aee3c97e9d""}]"
Nintendo SNES/Armor Police Metal Jack.uac	apmj.rsn	"[{""Algorithm"":""BLAKE3-256"",""Digest"":""8a9531982b04c4c17ca40a6f7d525160784fd661c33f33b59ddc2bc52914f89b""},{""Algorithm"":""CRC32"",""Digest"":""6F794F74""},{""Algorithm"":""SHA-1"",""Digest"":""844aba2c361346a4078bedc3ebe1cdc26e1e33c0""},{""Algorithm"":""MD5"",""Digest"":""8663cb97141090d0d2aa17abb1acdb05""}]"
Nintendo SNES/Art of Fighting.uac	rnk.rsn	"[{""Algorithm"":""BLAKE3-256"",""Digest"":""21700fb9a9c8390605e02f289fccab7202156886f77d67d310cfff655dfe73bb""},{""Algorithm"":""CRC32"",""Digest"":""F6654829""},{""Algorithm"":""SHA-1"",""Digest"":""898a81bb735e65cf1fee1fe52b912ef0f817cb5f""},{""Algorithm"":""MD5"",""Digest"":""0c0a45b60bf3f18133e4e982787903a2""}]"
Nintendo SNES/Asahi Shinbun Rensai.uac	asr.rsn	"[{""Algorithm"":""BLAKE3-256"",""Digest"":""5c5d2fccc75903d408f91180f694e044f9f4458544e7f3ecda41bd3113875603""},{""Algorithm"":""CRC32"",""Digest"":""E3034492""},{""Algorithm"":""SHA-1"",""Digest"":""89324cb86f865acb08cce2e1d3135d7ca598982d""},{""Algorithm"":""MD5"",""Digest"":""30843f8220bd3714a3c632f51fc84aba""}]"
Nintendo SNES/Asameshimae Nyanko (JP).uac	nnk.rsn	"[{""Algorithm"":""BLAKE3-256"",""Digest"":""bcdbf83d399cfe22a8eb2fd9152237f54a20ad28dec728338f7b626389abaf94""},{""Algorithm"":""CRC32"",""Digest"":""2FB25813""},{""Algorithm"":""SHA-1"",""Digest"":""b0020d78158f990f262c15158780fee69cf7c4c2""},{""Algorithm"":""MD5"",""Digest"":""cc646bfdc798e59e93baea433e0a3a7d""}]"
Nintendo SNES/Ashita no Joe (JP).uac	astj.rsn	"[{""Algorithm"":""BLAKE3-256"",""Digest"":""e9fb6523869b8cfb4b593c3e8edd671595eb9c1e4296e59e23a1e9eec05a359c""},{""Algorithm"":""CRC32"",""Digest"":""3FCE02FB""},{""Algorithm"":""SHA-1"",""Digest"":""29440fdf275e8fbe23444dbaf6393155c2213faa""},{""Algorithm"":""MD5"",""Digest"":""359cc436e38416c8af089caf0efcb108""}]"
Nintendo SNES/Asterix & Obelix (EU).uac	ast2.rsn	"[{""Algorithm"":""BLAKE3-256"",""Digest"":""5d6d959abb7da0d715664564a2dc5f57f1b88a481b5779a32b0e993a1b6d3da8""},{""Algorithm"":""CRC32"",""Digest"":""FC250275""},{""Algorithm"":""SHA-1"",""Digest"":""a82b5bd5019743096abc954d3c1399323a3105e3""},{""Algorithm"":""MD5"",""Digest"":""f918ee8674f98ec6beb5d06927070b5b""}]"
Nintendo SNES/Asterix.uac	ast.rsn	"[{""Algorithm"":""BLAKE3-256"",""Digest"":""30921850881ae6aee6679ed4251c9d49917d41156d261c94abc59e9e20bdf813""},{""Algorithm"":""CRC32"",""Digest"":""2F691C9B""},{""Algorithm"":""SHA-1"",""Digest"":""2dc3bede1b635da5f8643a642dbd8773d968cbb6""},{""Algorithm"":""MD5"",""Digest"":""a4f9c73d4ad7144a3920e9f266cef1af""}]"
Nintendo SNES/Astral Bout 3.uac	skab3.rsn	"[{""Algorithm"":""BLAKE3-256"",""Digest"":""6cc58450166afc9b4a294417791c94afbf03dfc8c618b25c71c295d201082768""},{""Algorithm"":""CRC32"",""Digest"":""0C916192""},{""Algorithm"":""SHA-1"",""Digest"":""385d937c575f035f7baf3bec1ed6515147cebe27""},{""Algorithm"":""MD5"",""Digest"":""af6c65de6bc25d4ab84046b630d817aa""}]"
Nintendo SNES/Astrohawk - May 2003 Version.uac	ahawk.rsn	"[{""Algorithm"":""BLAKE3-256"",""Digest"":""33e0ca5728e386815e5488917db9d736f0597004e081796de3da3e5f86c81551""},{""Algorithm"":""CRC32"",""Digest"":""0CF943F3""},{""Algorithm"":""SHA-1"",""Digest"":""c76165b0b5094ac80ed6eb7107262e23b4142140""},{""Algorithm"":""MD5"",""Digest"":""e698b8a33db8d2d1ea987f4fd1e1a966""}]"
Nintendo SNES/Axelay.uac	axe.rsn	"[{""Algorithm"":""BLAKE3-256"",""Digest"":""48be8f163212a33d34be38af5415b82508d30dc8940f89b53b528b6df3fdae43""},{""Algorithm"":""CRC32"",""Digest"":""A00D5E7D""},{""Algorithm"":""SHA-1"",""Digest"":""0d8cd847162570e13ac99add8e82ba2d0693e03b""},{""Algorithm"":""MD5"",""Digest"":""0f7e63542edef39ccaa875995e05425a""}]"
Nintendo SNES/B.O.B.uac	bob.rsn	"[{""Algorithm"":""BLAKE3-256"",""Digest"":""3dd3ecea56aba080274f9abe1d64194373b255206ecc0a5a0d9d4e63d929ab24""},{""Algorithm"":""CRC32"",""Digest"":""211C679B""},{""Algorithm"":""SHA-1"",""Digest"":""a81ec666c507b7370d4c03b31290ab03ad0cefa1""},{""Algorithm"":""MD5"",""Digest"":""04bf2852bcfd1c71aea3f522ebd47e31""}]"
Nintendo SNES/BS Bdash.uac	bdash.rsn	"[{""Algorithm"":""BLAKE3-256"",""Digest"":""6e05d05b4fcffbeae86029c3d92f085984a2ff1781f5ece653e263c5d6e8b7a2""},{""Algorithm"":""CRC32"",""Digest"":""B3D84014""},{""Algorithm"":""SHA-1"",""Digest"":""6cfe14b4fe5e93d1b2a594945c046d16c92889f5""},{""Algorithm"":""MD5"",""Digest"":""a7daeb82e030c3da9cbb369cee2fb1f2""}]"
Nintendo SNES/BS Buster's Digital Magazine.uac	bust.rsn	"[{""Algorithm"":""BLAKE3-256"",""Digest"":""3c493db770b438352c5926ebe000dd332dafd09e2dca89491929d2fc05659b14""},{""Algorithm"":""CRC32"",""Digest"":""6E1ABD47""},{""Algorithm"":""SHA-1"",""Digest"":""739af834760c791374b484ebb60f523847d68dd7""},{""Algorithm"":""MD5"",""Digest"":""421bb1079528950e8a71479cb4a5c5ca""}]"
Nintendo SNES/BS Cheap de Gorgeous.uac	cheap.rsn	"[{""Algorithm"":""BLAKE3-256"",""Digest"":""4624729dfe26a43443c82059caca7a987382d403b5801332dfeba242e88716d4""},{""Algorithm"":""CRC32"",""Digest"":""7BE1391D""},{""Algorithm"":""SHA-1"",""Digest"":""c880bc9d643ea6120eb89a042e48c43e900ed9a6""},{""Algorithm"":""MD5"",""Digest"":""7b8f82fdd2409181a306d626fb8092b5""}]"
Nintendo SNES/BS Columbus no Tamagoyaki.uac	colu.rsn	"[{""Algorithm"":""BLAKE3-256"",""Digest"":""44b25725e13f4857a9c6e251394b30fa6bb967e9eb3446086ddb125e4ba60361""},{""Algorithm"":""CRC32"",""Digest"":""8E4D4BB6""},{""Algorithm"":""SHA-1"",""Digest"":""e8d9b2ebd6304b28112e9eb31dc310332deb930d""},{""Algorithm"":""MD5"",""Digest"":""273343bf60bea67821eb950a53930cd3""}]"
Nintendo SNES/BS Dan Dan Belt Conveyor Milk no Maki.uac	milk.rsn	"[{""Algorithm"":""BLAKE3-256"",""Digest"":""330da7aff739eaf1bfe51f85a12639b057d2adf43cd5bcb40d8af35692840e23""},{""Algorithm"":""CRC32"",""Digest"":""14A819BA""},{""Algorithm"":""SHA-1"",""Digest"":""98d9027cbe99196394ac2166ba076c0656803e29""},{""Algorithm"":""MD5"",""Digest"":""762cec7745bcc1cb5b8a21378b411741""}]"
Nintendo SNES/BS Do-Re-Mi.uac	drm.rsn	"[{""Algorithm"":""BLAKE3-256"",""Digest"":""51242dd16386fc9757f9f6766314b3e5cc7ae9ceb3f2f9d0b8ec413bd413d74a""},{""Algorithm"":""CRC32"",""Digest"":""73DC35B3""},{""Algorithm"":""SHA-1"",""Digest"":""d05327192fa5a09ccfd1fb8377150dd6ddaf6a1b""},{""Algorithm"":""MD5"",""Digest"":""764fb5df848381212547a9537d591ff3""}]"
Nintendo SNES/BS Dragon Quest.uac	bsdq.rsn	"[{""Algorithm"":""BLAKE3-256"",""Digest"":""8b7fd27e8d5257e73d837a4aa149b783d15ef82c55b94f178c7e6c9532bf1f23""},{""Algorithm"":""CRC32"",""Digest"":""8DE6595C""},{""Algorithm"":""SHA-1"",""Digest"":""a3b9488faf020bc8c4ed2d5eae5ff0a586ecdbd4""},{""Algorithm"":""MD5"",""Digest"":""3dc14d02b5baa17746807b554016eb5d""}]"
Nintendo SNES/BS Furoito no Chousenjou.uac	furo.rsn	"[{""Algorithm"":""BLAKE3-256"",""Digest"":""eba57ef329599d1a0a9b913a066289f3f4008276a9bd9b13316ad73862de4182""},{""Algorithm"":""CRC32"",""Digest"":""C83A9DC4""},{""Algorithm"":""SHA-1"",""Digest"":""62044006e7b80ad07b9b52619ee068e5ed853176""},{""Algorithm"":""MD5"",""Digest"":""dacc22ac827055a8c837b9be10bbc5c8""}]"
Nintendo SNES/BS Gal Kan Bazooka Dai-5-Kan.uac	kan.rsn	"[{""Algorithm"":""BLAKE3-256"",""Digest"":""f3ba9960b6362f9a8a3ad2e976010492cb94615a1f63a558fe08127b1bf345b2""},{""Algorithm"":""CRC32"",""Digest"":""D4A23FDC""},{""Algorithm"":""SHA-1"",""Digest"":""723577aa8804684abc1b737653e37a38ebaac995""},{""Algorithm"":""MD5"",""Digest"":""84a74f030a75ecdebe02af22eb27b6e6""}]"
Nintendo SNES/BS Gekkan Coin Toss Deck.uac	gek.rsn	"[{""Algorithm"":""BLAKE3-256"",""Digest"":""75a1f1db0033d313f378ad8bf89444f7e7c33a3e413659f2ef23afbc1254fdbf""},{""Algorithm"":""CRC32"",""Digest"":""A8BA894C""},{""Algorithm"":""SHA-1"",""Digest"":""0e3e32c99fe4a8a143425dddce5c3f46461b3d01""},{""Algorithm"":""MD5"",""Digest"":""0dc5621ba1b6122fca8527c40fd35009""}]"
Nintendo SNES/BS Goods Press 3.uac	gpggs.rsn	"[{""Algorithm"":""BLAKE3-256"",""Digest"":""608c13723cd39e81e235a3f2c38a48a98c66c51f8ddfccea6aa6ede2e6ff60a9""},{""Algorithm"":""CRC32"",""Digest"":""D92DF5EE""},{""Algorithm"":""SHA-1"",""Digest"":""0652f16fc53c84aaa9c8b9928c489f1f6e26f975""},{""Algorithm"":""MD5"",""Digest"":""0440e271100ee239540bb72045ca0bb6""}]"
Nintendo SNES/BS Goods Press 7.uac	gpgg7.rsn	"[{""Algorithm"":""BLAKE3-256"",""Digest"":""96f1790cb3bed0c8615e11a108342899efb6ec1039e4df2855e9aad337f6c24a""},{""Algorithm"":""CRC32"",""Digest"":""C47FE007""},{""Algorithm"":""SHA-1"",""Digest"":""72bffd175c9e14a67e2041d9f4f7ece4d7becb05""},{""Algorithm"":""MD5"",""Digest"":""8a3f27bcc9af39b48139997d22161194""}]"
Nintendo SNES/BS Kirby no Omocha Hako - Baseball.uac	knoh.rsn	"[{""Algorithm"":""BLAKE3-256"",""Digest"":""8d4b03644131563764fb24b2d5f075bd9c9f312c71d493d855556e376a6f7173""},{""Algorithm"":""CRC32"",""Digest"":""B675E1F8""},{""Algorithm"":""SHA-1"",""Digest"":""a9f325bf3a4b88d069dc21bf817fda0630b1ddb7""},{""Algorithm"":""MD5"",""Digest"":""cf1a9a722be7ed2ad97f46cdd8c9b1f2""}]"
Nintendo SNES/BS Nichibutsu Mahjong.uac	bsnm.rsn	"[{""Algorithm"":""BLAKE3-256"",""Digest"":""2724f40c4db9846d2d92bd29cc54dfea6abe5c0df825ca04a66463876a585058""},{""Algorithm"":""CRC32"",""Digest"":""D77CCB71""},{""Algorithm"":""SHA-1"",""Digest"":""0672cbc80531077b372f37480ddca42cf17f0d19""},{""Algorithm"":""MD5"",""Digest"":""1430ee835574d2389334d22d48731ac6""}]"
Nintendo SNES/BS Nintendo HP 5-17.uac	n517.rsn	"[{""Algorithm"":""BLAKE3-256"",""Digest"":""0b0b99f82dff75f202903ab1b8ae9e3b290f9f663e1ef5ee058906367eb4e989""},{""Algorithm"":""CRC32"",""Digest"":""BAA4C1CA""},{""Algorithm"":""SHA-1"",""Digest"":""e199dc5c32d7ad16dfc1dca81064398a42eab9f8""},{""Algorithm"":""MD5"",""Digest"":""0fadb269014b7a50ce11c802b0336ce5""}]"
Nintendo SNES/BS Nintendo HP 5-31.uac	n531.rsn	"[{""Algorithm"":""BLAKE3-256"",""Digest"":""b739069d1a6ec66c7cdea778a46c0d7a83de603f852e5b737aab14c36f33cd3c""},{""Algorithm"":""CRC32"",""Digest"":""A0D8E338""},{""Algorithm"":""SHA-1"",""Digest"":""8bbacff4271c17cf357031d4850432082c63c401""},{""Algorithm"":""MD5"",""Digest"":""d6fdb77a9696d496d19d0e6ae7e0256a""}]"
Nintendo SNES/BS Pokekame Magajin.uac	poke.rsn	"[{""Algorithm"":""BLAKE3-256"",""Digest"":""0884352ac311589909bd744f3c9c46cc984512e1aa8862532d7f4ce83af9dae7""},{""Algorithm"":""CRC32"",""Digest"":""0AB53238""},{""Algorithm"":""SHA-1"",""Digest"":""fc2f3758474e08554114ca58149ed06960d5ba58""},{""Algorithm"":""MD5"",""Digest"":""0bcf9b68c9fa91b547c2db1780617860""}]"
Nintendo SNES/BS Saterawalker 2.uac	bssw2.rsn	"[{""Algorithm"":""BLAKE3-256"",""Digest"":""7d3c2b25efceaa1f91e6d228cb47e60bf2b1b58f1d939e765eeac034c5582be5""},{""Algorithm"":""CRC32"",""Digest"":""04E7DEBB""},{""Algorithm"":""SHA-1"",""Digest"":""867f7ddb3a8385faa5e4a49d76ac1710e1b160f9""},{""Algorithm"":""MD5"",""Digest"":""15e5ffe77d76ae92723d6f2ecf69c804""}]"
Nintendo SNES/BS SatesupuDX 4.uac	sate.rsn	"[{""Algorithm"":""BLAKE3-256"",""Digest"":""b7960e9c1d62ca819e1ae3e2e4e55438c6371a5af5e0f972a91436c26282e7e4""},{""Algorithm"":""CRC32"",""Digest"":""57862D91""},{""Algorithm"":""SHA-1"",""Digest"":""f03f983e13cfb45e3e3429ba22ecde741d53270c""},{""Algorithm"":""MD5"",""Digest"":""87a5d650aaf4fbf49fac675e5b7354a9""}]"
Nintendo SNES/BS Wapaaz Souryu Hen.uac	wapa.rsn	"[{""Algorithm"":""BLAKE3-256"",""Digest"":""b98fd365aef7f090d374510a6d6e127b553bd4130c0418aba42ae077d15a1c31""},{""Algorithm"":""CRC32"",""Digest"":""F9FF49CD""},{""Algorithm"":""SHA-1"",""Digest"":""25338116482d30de48e0ad3ecf1920549e9a257b""},{""Algorithm"":""MD5"",""Digest"":""99d944fa098c9c942614c00bfabb7025""}]"
Nintendo SNES/BS Zelda.uac	bsz.rsn	"[{""Algorithm"":""BLAKE3-256"",""Digest"":""21ed1c6145beb541048ea3a9d86b734a3e535cbc209fea6a9ab2cf2fb8bc3940""},{""Algorithm"":""CRC32"",""Digest"":""134B3135""},{""Algorithm"":""SHA-1"",""Digest"":""6fbea774569020dcac3da5571c12526a12b254c4""},{""Algorithm"":""MD5"",""Digest"":""d4364d2f35f44cad6ff4b15f1e45f4c6""}]"
Nintendo SNES/Baby T-Rex (US).uac	btrex.rsn	"[{""Algorithm"":""BLAKE3-256"",""Digest"":""7e024102c07f75c6dc4781c12c954d0b5fd8ac92bae53b6ddfdfc7eafa25cdec""},{""Algorithm"":""CRC32"",""Digest"":""25187AFB""},{""Algorithm"":""SHA-1"",""Digest"":""18d01a25762f5163984942881911637db1108598""},{""Algorithm"":""MD5"",""Digest"":""94dce9c7ba8d7dcdb321b59bae58706a""}]"
Nintendo SNES/Bahamut Lagoon.uac	bl.rsn	"[{""Algorithm"":""BLAKE3-256"",""Digest"":""de9f615e602f01a62acb2e4f8b0250bccfb6e048efb8c6e57df4a480ee7c566c""},{""Algorithm"":""CRC32"",""Digest"":""46905720""},{""Algorithm"":""SHA-1"",""Digest"":""2f4cc55f800c7a5b73254ff59e206ce1a76b3996""},{""Algorithm"":""MD5"",""Digest"":""d280c218604ef3ff42a2fbc79b03e2d4""}]"
Nintendo SNES/Ball Bullet Gun (JP).uac	bbg.rsn	"[{""Algorithm"":""BLAKE3-256"",""Digest"":""dbb3693e98f149cf4bb8d533846b330193b0c48801809b8d03d7eb943e40eda1""},{""Algorithm"":""CRC32"",""Digest"":""8C6EA0F5""},{""Algorithm"":""SHA-1"",""Digest"":""0e81839d48cde96d9e22c4b8b6b30671b2a8384c""},{""Algorithm"":""MD5"",""Digest"":""2b49a5bbd7614b2baff43207f58842d7""}]"
Nintendo SNES/Ballz 3D - Fighting at Its Ballziest (US).uac	ballz.rsn	"[{""Algorithm"":""BLAKE3-256"",""Digest"":""20fa3c255bd7faa21432e115bed861818507d5e38c479c9c86feef234625bc02""},{""Algorithm"":""CRC32"",""Digest"":""5B8C20E0""},{""Algorithm"":""SHA-1"",""Digest"":""fcf4bb41dc82b3720c3a9e185eb4dc6905022437""},{""Algorithm"":""MD5"",""Digest"":""2bb6a57a532af11b827226daf3835285""}]"
Nintendo SNES/Barbarossa.uac	brbr.rsn	"[{""Algorithm"":""BLAKE3-256"",""Digest"":""e1b6912fd8030964c5eff09cb9940dfdef7371b7022b69ea60db2af00b75f226""},{""Algorithm"":""CRC32"",""Digest"":""9B529EA6""},{""Algorithm"":""SHA-1"",""Digest"":""c87cf00e24be7e38e88eca77ccbc7539dd7eb1ad""},{""Algorithm"":""MD5"",""Digest"":""87d0c04a820ecaa30372eb1e115c8b54""}]"
Nintendo SNES/Barbie - Vacation Adventure (US).uac	bva.rsn	"[{""Algorithm"":""BLAKE3-256"",""Digest"":""a8cf4205a00ba9f3bb6c65cf9bd5b22dec02eec0b8803b4e6ea179700d603fd6""},{""Algorithm"":""CRC32"",""Digest"":""B88424AB""},{""Algorithm"":""SHA-1"",""Digest"":""d727ce3e857ad29e52db5461079f150193962254""},{""Algorithm"":""MD5"",""Digest"":""5991ebcc972f9dd2a4c59630e45dfeb0""}]"
Nintendo SNES/Barbie Super Model.uac	bsm.rsn	"[{""Algorithm"":""BLAKE3-256"",""Digest"":""f578c54304d384d6f3c1a268adf7176e3b6f4010ff609c2aebb3c4f1860c4a3d""},{""Algorithm"":""CRC32"",""Digest"":""7D8F8A86""},{""Algorithm"":""SHA-1"",""Digest"":""c9472a318f0d881a3626a6d97114c012a04a3821""},{""Algorithm"":""MD5"",""Digest"":""2df162a0d8909ee254ae26d49e79080f""}]"
Nintendo SNES/Barkley Shut Up and Jam!.uac	bsj.rsn	"[{""Algorithm"":""BLAKE3-256"",""Digest"":""8b295eaf4ed916ce449f63e061ff8524034832199a603fbdb89c7dfcc3a0ab4c""},{""Algorithm"":""CRC32"",""Digest"":""98F3A115""},{""Algorithm"":""SHA-1"",""Digest"":""4adbc998967415d53e6d3153f6765674b12e4f62""},{""Algorithm"":""MD5"",""Digest"":""e144f44724e1d558c95de0f0f6ed6b9a""}]"
Nintendo SNES/Bastard!! - Ankoku no Hakaishin (JP).uac	bast.rsn	"[{""Algorithm"":""BLAKE3-256"",""Digest"":""de482d69d382c5f3c27180546731b7561098a25b7e0ca987d7f7f9cf780fad98""},{""Algorithm"":""CRC32"",""Digest"":""B98B7840""},{""Algorithm"":""SHA-1"",""Digest"":""b3dd3f5e15f29b6655551bab1d4bc8e9811b0298""},{""Algorithm"":""MD5"",""Digest"":""01b180de2718e215f4fca7f0ea3628ca""}]"
Nintendo SNES/Batman - Revenge of the Joker.uac	brj.rsn	"[{""Algorithm"":""BLAKE3-256"",""Digest"":""53250fa8c5fd30955cf07d11f9de568c6b5eeecb9a36be9cd14a2c098d2ed1e0""},{""Algorithm"":""CRC32"",""Digest"":""A7C141D2""},{""Algorithm"":""SHA-1"",""Digest"":""fdec09e4b34bc8f75af91894d936254e57094099""},{""Algorithm"":""MD5"",""Digest"":""b89881f9871ca13b4f0b0b03fcc26cc4""}]"
Nintendo SNES/Batman Forever.uac	bf.rsn	"[{""Algorithm"":""BLAKE3-256"",""Digest"":""de7ee94023631b533dfd3c1e418afb568b52f8958823fd0ef6b5f6bc8a8b311e""},{""Algorithm"":""CRC32"",""Digest"":""9948077C""},{""Algorithm"":""SHA-1"",""Digest"":""33687be96d4e5a9611503a0894e5f55c49ea7c72""},{""Algorithm"":""MD5"",""Digest"":""f6b14bd54a187c1a63d4ca77e633c886""}]"
Nintendo SNES/Batman Returns.uac	br.rsn	"[{""Algorithm"":""BLAKE3-256"",""Digest"":""7d90061a299c971211088bed276564446fc3a7a600e05cb3e23e2fc784bdea54""},{""Algorithm"":""CRC32"",""Digest"":""A62C7F3E""},{""Algorithm"":""SHA-1"",""Digest"":""45f009554ef958ab6a11b9f850f6c8de0744bfd8""},{""Algorithm"":""MD5"",""Digest"":""056750ec6180e3b9161a4bd78874c53b""}]"
Nintendo SNES/Battle Blaze.uac	btbz.rsn	"[{""Algorithm"":""BLAKE3-256"",""Digest"":""b8491560f7466c93de4ceb42d202e2266dda4923388604592a9209490773101a""},{""Algorithm"":""CRC32"",""Digest"":""04D9D7C0""},{""Algorithm"":""SHA-1"",""Digest"":""34b5801b5dbd2d26e381be94fa37dea1737da8c2""},{""Algorithm"":""MD5"",""Digest"":""7b42177fcbc2944b6cc308840d014d16""}]"
Nintendo SNES/Battle Cars.uac	bcar.rsn	"[{""Algorithm"":""BLAKE3-256"",""Digest"":""7dfb2abc442b8551b1907110df4d7829ef80f2a852aa6243f74e807596a12615""},{""Algorithm"":""CRC32"",""Digest"":""C27A68EA""},{""Algorithm"":""SHA-1"",""Digest"":""d3f7688c92763de81f241d9629b9c9ff57d03808""},{""Algorithm"":""MD5"",""Digest"":""153337a26cacdff34eef1d4f14e720a0""}]"
Nintendo SNES/Battle Clash.uac	bc.rsn	"[{""Algorithm"":""BLAKE3-256"",""Digest"":""e6b400b9155e820e1cf90b19cbe1020671b61386dbb6fbabdbafc93f080f31e3""},{""Algorithm"":""CRC32"",""Digest"":""9DB1ADB4""},{""Algorithm"":""SHA-1"",""Digest"":""c49d2f24d36b81be31c4a04ce0cedac3753caff3""},{""Algorithm"":""MD5"",""Digest"":""62597afb1bb0e890b60cc25e04200267""}]"
Nintendo SNES/Battle Cross.uac	bcr.rsn	"[{""Algorithm"":""BLAKE3-256"",""Digest"":""4239fb993f24f3daed8bf04c84e5e8114fac277a52b5f8470f4eab5afaed538c""},{""Algorithm"":""CRC32"",""Digest"":""9EE6AF8A""},{""Algorithm"":""SHA-1"",""Digest"":""bb4b045b7cbe13104f9c565ec39c2e9915a1105a""},{""Algorithm"":""MD5"",""Digest"":""b07f832c0ad80974f3d2040b283fee33""}]"
Nintendo SNES/Battle Dodgeball 2.uac	bdb2.rsn	"[{""Algorithm"":""BLAKE3-256"",""Digest"":""c35e509e8f2ec85f09b5416928603e7adcd33af9a833caecad7a309e86fe50ec""},{""Algorithm"":""CRC32"",""Digest"":""A7B7F6CC""},{""Algorithm"":""SHA-1"",""Digest"":""2dd1778d4e942c1e836324d661f1c6215b9070e7""},{""Algorithm"":""MD5"",""Digest"":""a3be2b08e07d5dbb8cf1e5b51ede9219""}]"
Nintendo SNES/Battle Grand Prix.uac	btgp.rsn	"[{""Algorithm"":""BLAKE3-256"",""Digest"":""ea9c971c47af639573c7f4885ec46319896d686cc71da1197e177fe28f75157f""},{""Algorithm"":""CRC32"",""Digest"":""BA218F0F""},{""Algorithm"":""SHA-1"",""Digest"":""bcc2b5dba4f1818275e48b7d7d197ff42ca08de7""},{""Algorithm"":""MD5"",""Digest"":""e4c5eef6da281596a488ea26bcc57b39""}]"
Nintendo SNES/Battle Jockey.uac	bj.rsn	"[{""Algorithm"":""BLAKE3-256"",""Digest"":""e8040753d480e5717a54fcd9558f39348418c74d7750395f403abed730577d06""},{""Algorithm"":""CRC32"",""Digest"":""2F5925FE""},{""Algorithm"":""SHA-1"",""Digest"":""ab1500d6db64f2db77d4d6332584c74a22e84390""},{""Algorithm"":""MD5"",""Digest"":""29c50f9162d12cfc7f3a3e801ce526b9""}]"
Nintendo SNES/Battle Master.uac	bm.rsn	"[{""Algorithm"":""BLAKE3-256"",""Digest"":""ea6fa83c6ee7fc5c7584425bc287a6111d6607a3797c9107fb1dcba34956c1de""},{""Algorithm"":""CRC32"",""Digest"":""23CD29E5""},{""Algorithm"":""SHA-1"",""Digest"":""5669212ac1da6042f6e685cab4b5dde944492371""},{""Algorithm"":""MD5"",""Digest"":""f8ccc54d291b499a163275d0c745cb0d""}]"
Nintendo SNES/Battle Pinball.uac	btpb.rsn	"[{""Algorithm"":""BLAKE3-256"",""Digest"":""d257ed219696b8519bfe4b1eb42638d77a4d409c2de5a5922d18b088a5a35856""},{""Algorithm"":""CRC32"",""Digest"":""12C67587""},{""Algorithm"":""SHA-1"",""Digest"":""c9c3f05545fecd7437877449ddeac0d64670234e""},{""Algorithm"":""MD5"",""Digest"":""5c6ef8394afd385e5f6397c52123cf18""}]"
Nintendo SNES/Battle Racers.uac	brace.rsn	"[{""Algorithm"":""BLAKE3-256"",""Digest"":""7855bcda016c48654c5724fd6f53d6745fc527f84579120ef4904fd8d4518316""},{""Algorithm"":""CRC32"",""Digest"":""0FF8CD75""},{""Algorithm"":""SHA-1"",""Digest"":""04a48e0f969828a28eaff9f9fd85c79e06f4709b""},{""Algorithm"":""MD5"",""Digest"":""f27529a7052d113ce147ecbf67175855""}]"
Nintendo SNES/Battle Soccer - Field no Hasha (JP).uac	btsc.rsn	"[{""Algorithm"":""BLAKE3-256"",""Digest"":""ca6cf9dbaea67647e07e3f809431b3e107457d8398bebfb86ea1c29a6977d98e""},{""Algorithm"":""CRC32"",""Digest"":""0282D2B6""},{""Algorithm"":""SHA-1"",""Digest"":""b6b1fa858be6da368f1dfdf12ffd94c8917cf18b""},{""Algorithm"":""MD5"",""Digest"":""1b8207b5db420773e2b5ff6fb088a84f""}]"
Nintendo SNES/Battle Soccer 2.uac	btsc2.rsn	"[{""Algorithm"":""BLAKE3-256"",""Digest"":""1abe46fd29bcc5be86463018088ee903784a200920bdcc0a3ab86912047116a5""},{""Algorithm"":""CRC32"",""Digest"":""3D4A34E0""},{""Algorithm"":""SHA-1"",""Digest"":""334b40b7ce0a9cdbd035f1ba9791be235057051a""},{""Algorithm"":""MD5"",""Digest"":""e31282385e7b26a4dae08ef6086716c6""}]"
Nintendo SNES/Battle Submarine.uac	bsub.rsn	"[{""Algorithm"":""BLAKE3-256"",""Digest"":""99ad0445807cca443815b7fc7f829c435dcd200e9dbb025a3104f64c51e4d606""},{""Algorithm"":""CRC32"",""Digest"":""21FB8284""},{""Algorithm"":""SHA-1"",""Digest"":""3305157f42792f6dae1d193807c392e318e815a4""},{""Algorithm"":""MD5"",""Digest"":""3f8272b073e7578a8ff3d67703c65654""}]"
Nintendo SNES/Battle Tycoon - Flash Hiders SFX.uac	btfh.rsn	"[{""Algorithm"":""BLAKE3-256"",""Digest"":""591a3e46f9f368b21d0c8d38d8344ff3970bd4ca1666ccf76fd6c9aef9ab6ec7""},{""Algorithm"":""CRC32"",""Digest"":""C5650F77""},{""Algorithm"":""SHA-1"",""Digest"":""787eee2907aede01064fe03564afc3cdd7a730a6""},{""Algorithm"":""MD5"",""Digest"":""a90f0168a2a3fbd5ee8b76e3eed00d7c""}]"
Nintendo SNES/Battle Zeque Den.uac	bzd.rsn	"[{""Algorithm"":""BLAKE3-256"",""Digest"":""281dd958bc2dbc690b479842688439cfae8eff5011a647657a52a6e451ac6c1e""},{""Algorithm"":""CRC32"",""Digest"":""0401697F""},{""Algorithm"":""SHA-1"",""Digest"":""0cf6b72c203053bbad02d27be0dec8b075f70581""},{""Algorithm"":""MD5"",""Digest"":""da01dee39842555a8dedc8ec70de4df4""}]"
Nintendo SNES/Battletoads in Battlemaniacs.uac	btbm.rsn	"[{""Algorithm"":""BLAKE3-256"",""Digest"":""143eb04ac714fbea3bf7721564e9c2af12d0a184d30ed388716f4b53f35f27d7""},{""Algorithm"":""CRC32"",""Digest"":""C948B8A2""},{""Algorithm"":""SHA-1"",""Digest"":""cae5904222e44a4eb9f619b196b896ad16e3d6d5""},{""Algorithm"":""MD5"",""Digest"":""c3297bc85ae781d37d4ec3788c455851""}]"
Nintendo SNES/Battletoads-Double Dragon.uac	btdd.rsn	"[{""Algorithm"":""BLAKE3-256"",""Digest"":""3a830ba74aaa12400695e99e0f7a84acdea43c702cd1decaec198f38a776e519""},{""Algorithm"":""CRC32"",""Digest"":""D5CDD8E9""},{""Algorithm"":""SHA-1"",""Digest"":""11231c981ef6d47a79ca61988abee2dbee322a7d""},{""Algorithm"":""MD5"",""Digest"":""ea2f01ed5fe067c549bb0a838b055b09""}]"
Nintendo SNES/Bazoe! Mahou Sekai (Ancient Magic).uac	bms.rsn	"[{""Algorithm"":""BLAKE3-256"",""Digest"":""f58d0f141e1abd6aa00dc5184804ba16ecb775b66d1a4b65a3bdc005bf3d6364""},{""Algorithm"":""CRC32"",""Digest"":""8DCFB084""},{""Algorithm"":""SHA-1"",""Digest"":""89aae17aeb46877750ae6f710aad24c559dce861""},{""Algorithm"":""MD5"",""Digest"":""7071f667b9dcd5c07cf221b09c97b566""}]"
Nintendo SNES/Bazooka Blitzkrieg (US).uac	bazb.rsn	"[{""Algorithm"":""BLAKE3-256"",""Digest"":""045e81c25713181fd2dc4fdc9552404d25d99d55b1951e0c761dc859c06999f1""},{""Algorithm"":""CRC32"",""Digest"":""E122E055""},{""Algorithm"":""SHA-1"",""Digest"":""c63733a4ca6feb9da790b6d44ad9158776100514""},{""Algorithm"":""MD5"",""Digest"":""01a2639793d5c9c3b11981e7e433384c""}]"
Nintendo SNES/Beauty and the Beast.uac	batb.rsn	"[{""Algorithm"":""BLAKE3-256"",""Digest"":""4f9234b6afdfbb4e713fc3dfbb997a3660cb5f5529037b57f79bb91913f7d627""},{""Algorithm"":""CRC32"",""Digest"":""E0EFF29B""},{""Algorithm"":""SHA-1"",""Digest"":""b961097ccc95c503be0f5e783af771b00874cdc7""},{""Algorithm"":""MD5"",""Digest"":""861469e34627b2fc42cde0e389cde976""}]"
Nintendo SNES/Beavis and Butt-Head.uac	bbh.rsn	"[{""Algorithm"":""BLAKE3-256"",""Digest"":""2c4fc3055ae786e0aacda4bd17c39c70f169a476c5699cadab75f41801f8ef9b""},{""Algorithm"":""CRC32"",""Digest"":""19109C0E""},{""Algorithm"":""SHA-1"",""Digest"":""4eaffd46fb0ce34ce2d81634ea86515f8de1de23""},{""Algorithm"":""MD5"",""Digest"":""0e5c84b3890e4a370bbeb0e23cd39ac5""}]"
Nintendo SNES/Bebe's Kids.uac	bbk.rsn	"[{""Algorithm"":""BLAKE3-256"",""Digest"":""f7ce9b9ea9d7cbc58cced16245714e1a9dd213910fe0cfd8bcb5e087c1c994d6""},{""Algorithm"":""CRC32"",""Digest"":""69CD49BF""},{""Algorithm"":""SHA-1"",""Digest"":""80e24adfedf175ac7d53fbb9173c0e1a08bde950""},{""Algorithm"":""MD5"",""Digest"":""713dd77905a0f763957fc9fc59ac8a72""}]"
Nintendo SNES/Beethoven's 2nd.uac	bsec.rsn	"[{""Algorithm"":""BLAKE3-256"",""Digest"":""ebda14dd72cd103b1f733a5d503ffa1dcb7767676d9d0ce716b086b918f08cea""},{""Algorithm"":""CRC32"",""Digest"":""0800D33C""},{""Algorithm"":""SHA-1"",""Digest"":""81cf3d0084cdd1476ca2e641539a152e085cba5b""},{""Algorithm"":""MD5"",""Digest"":""4509971143656738a69e829de43c0ee7""}]"
Nintendo SNES/Benkei Gaiden.uac	bg.rsn	"[{""Algorithm"":""BLAKE3-256"",""Digest"":""73eb14fb1e1e3551817c4a116ee743a204b772d94416afb565adb63dd2e7925a""},{""Algorithm"":""CRC32"",""Digest"":""0750008C""},{""Algorithm"":""SHA-1"",""Digest"":""e46ade799f9b985ea5c916dedcd976c202120a07""},{""Algorithm"":""MD5"",""Digest"":""ccaf9fa3be6cb5ba5f84c38e7e0b4047""}]"
Nintendo SNES/Best of the Best - Championship Karate.uac	botb.rsn	"[{""Algorithm"":""BLAKE3-256"",""Digest"":""dc77e95492654cbd62e14743cd9f1ea0e97971fdb0827a21648a9c0976f80159""},{""Algorithm"":""CRC32"",""Digest"":""98E1841E""},{""Algorithm"":""SHA-1"",""Digest"":""c7573414acc4f9fe20ed9bae264f67db83a5e521""},{""Algorithm"":""MD5"",""Digest"":""eb9cf186dfb8d9dedc9a3771942a5170""}]"
Nintendo SNES/Big Sky Trooper.uac	bst.rsn	"[{""Algorithm"":""BLAKE3-256"",""Digest"":""49c05870d2ebc1dadae215dd9746352267a9ba431da06a8ad24e9b77f9e0f5f0""},{""Algorithm"":""CRC32"",""Digest"":""31F90328""},{""Algorithm"":""SHA-1"",""Digest"":""589320e9872e9c9674e4260048ca981fc2d98f10""},{""Algorithm"":""MD5"",""Digest"":""e83df02a1a6e8ce3919e09df4e4e2411""}]"
Nintendo SNES/Biker Mice From Mars.uac	bmfm.rsn	"[{""Algorithm"":""BLAKE3-256"",""Digest"":""604cc0222bba254d96d68cec9f36174867dea6b5a0e1192746fc35f6c948d0df""},{""Algorithm"":""CRC32"",""Digest"":""A5A74F0A""},{""Algorithm"":""SHA-1"",""Digest"":""c9dd594e1ee83180500f07387a4e20eb56345b42""},{""Algorithm"":""MD5"",""Digest"":""c1ac0f58d1842f1afc6edf6a5ca6a7ca""}]"
Nintendo SNES/Bill Laimbeer's Combat Basketball (US).uac	blcb.rsn	"[{""Algorithm"":""BLAKE3-256"",""Digest"":""8fc829a2a37c2b725bfd49414392e861bb9d5f291bdd987e749064b8e6b1accb""},{""Algorithm"":""CRC32"",""Digest"":""34F9F69A""},{""Algorithm"":""SHA-1"",""Digest"":""88b63bf067d702abc18cbff9fe831c5de30ae771""},{""Algorithm"":""MD5"",""Digest"":""95c929b690e4f91f04ba9a07f2e1181a""}]"
Nintendo SNES/Bill Walsh College Football.uac	bwcf.rsn	"[{""Algorithm"":""BLAKE3-256"",""Digest"":""0b8d9a0d6d0b6e9d289d9053ee84ff68934ca53b5bcdb05ae0df4957394a345b""},{""Algorithm"":""CRC32"",""Digest"":""E71B4F1C""},{""Algorithm"":""SHA-1"",""Digest"":""afa351a14301ea7f49d9e798fae8a9e2d5b9ef2a""},{""Algorithm"":""MD5"",""Digest"":""c65bdb5246cd6ab280b8e5a6674c188b""}]"
Nintendo SNES/Bing Bing! Bingo.uac	bbb.rsn	"[{""Algorithm"":""BLAKE3-256"",""Digest"":""99b41da181768efc5384fc69bbf963ab24b52b351b1c90f70e75ea0b10354a4c""},{""Algorithm"":""CRC32"",""Digest"":""C9516240""},{""Algorithm"":""SHA-1"",""Digest"":""43c68cb506ac6affd92461d36ee066a6a42b917f""},{""Algorithm"":""MD5"",""Digest"":""45dc88756efedb1573d0633b35ed1219""}]"
Nintendo SNES/Bio Metal.uac	bio.rsn	"[{""Algorithm"":""BLAKE3-256"",""Digest"":""3fe2da614fa89d093093d300ebdc82bb409e7e114cb8961d6ceec3d73892d8eb""},{""Algorithm"":""CRC32"",""Digest"":""CE9EFCBF""},{""Algorithm"":""SHA-1"",""Digest"":""2a46375ded4ba55814f8475be375e74f2212a977""},{""Algorithm"":""MD5"",""Digest"":""5dac30c9da2104445aab8c36c4f41ec9""}]"
Nintendo SNES/Bioworm.uac	biow.rsn	"[{""Algorithm"":""BLAKE3-256"",""Digest"":""3b6e207b53b4634969e1ab34749b1029d1c6f4e4737a8b5537719f4bd7e61204""},{""Algorithm"":""CRC32"",""Digest"":""E072E38B""},{""Algorithm"":""SHA-1"",""Digest"":""f51188b3b8b9ccde0696a852eedb7e498a22c246""},{""Algorithm"":""MD5"",""Digest"":""939c05bbd6d184db0acf7fb40a13c00e""}]"
Nintendo SNES/Bishin Densetsu Zoku (JP).uac	bdz.rsn	"[{""Algorithm"":""BLAKE3-256"",""Digest"":""5b63782685a8b0b64ef17e534e63dd6c93e3dfccafc92405573979359834aed3""},{""Algorithm"":""CRC32"",""Digest"":""A2CBF470""},{""Algorithm"":""SHA-1"",""Digest"":""6db880c0d32479f8d82d2e3d10408a5f5d27e210""},{""Algorithm"":""MD5"",""Digest"":""feb6122a67b4b9f7a86843edc26b515c""}]"
Nintendo SNES/Bishoujo Senshi Sailormoon S - Kondoha Puzzle de Oshiokiyo!.uac	smspo.rsn	"[{""Algorithm"":""BLAKE3-256"",""Digest"":""2777f2c4642be64e5e3db37239bd18966fbc5b3546e146b888303374c8ff4c2f""},{""Algorithm"":""CRC32"",""Digest"":""54AE1A76""},{""Algorithm"":""SHA-1"",""Digest"":""36de4a2e76c24d1c37b88a2360f5f13526494193""},{""Algorithm"":""MD5"",""Digest"":""6bd61e13c16fbae4afcc055b70b01db6""}]"
Nintendo SNES/Bishoujo Wrestlinger's History.uac	bwh.rsn	"[{""Algorithm"":""BLAKE3-256"",""Digest"":""30f04c99467e978888179710783a83d179c57a9d206da2855811cc2f70c4e658""},{""Algorithm"":""CRC32"",""Digest"":""2FA61A47""},{""Algorithm"":""SHA-1"",""Digest"":""a7210284595cb507c65d437541b5dd5d0caaf3ab""},{""Algorithm"":""MD5"",""Digest"":""8b5420487498072534102d6982fafb4c""}]"
Nintendo SNES/Blazeon.uac	blzn.rsn	"[{""Algorithm"":""BLAKE3-256"",""Digest"":""0f61b8a051305008044ef1d9e5252bb2f1e32f87758de5c97a66f3a841ee1c0f""},{""Algorithm"":""CRC32"",""Digest"":""23B576CF""},{""Algorithm"":""SHA-1"",""Digest"":""ae06186f3f5bc8ddfca7d970de714b6d4b8660b3""},{""Algorithm"":""MD5"",""Digest"":""19fa9431c181f52d41ee6c9fffa8f9ec""}]"
Nintendo SNES/Block Kuzushi (JP).uac	bkz.rsn	"[{""Algorithm"":""BLAKE3-256"",""Digest"":""dbc270dec6bb3f19acdaef613ef556d4a5095969d908dd3bab441d07553e187f""},{""Algorithm"":""CRC32"",""Digest"":""72522058""},{""Algorithm"":""SHA-1"",""Digest"":""580f9eff424504f0c80e039c3d39a1b1bc60483c""},{""Algorithm"":""MD5"",""Digest"":""9b579e72224ec8b8a3d38dc87eef58f7""}]"
Nintendo SNES/Blues Brothers, The.uac	blues.rsn	"[{""Algorithm"":""BLAKE3-256"",""Digest"":""d19291d6eacf2c22b89ae3361ce796516d3709f737a735a633799ffc151997cc""},{""Algorithm"":""CRC32"",""Digest"":""D2416719""},{""Algorithm"":""SHA-1"",""Digest"":""4134a26027640013e57f2d9ade8b50160bf3909a""},{""Algorithm"":""MD5"",""Digest"":""a73a5a7ed0911a054697a71ff94a1cac""}]"
Nintendo SNES/Bobby's World (US).uac	bobby.rsn	"[{""Algorithm"":""BLAKE3-256"",""Digest"":""4bdd1c8a94c8c600ed15dd0ee2389173f575a00dfcb4bb8d15c1c1d350347a75""},{""Algorithm"":""CRC32"",""Digest"":""CB81EB3A""},{""Algorithm"":""SHA-1"",""Digest"":""d0b7def14e8a7b2361b6dd72a739391918d778b8""},{""Algorithm"":""MD5"",""Digest"":""d9f210f27d886e77ba54b956621c58ec""}]"
Nintendo SNES/Bokujou Monogatari (JP).uac	bmg.rsn	"[{""Algorithm"":""BLAKE3-256"",""Digest"":""60de7b10265d8a777f3f0d20eb6eaff1d88f1095f9d62cf7ff890c5b268ce06e""},{""Algorithm"":""CRC32"",""Digest"":""0558852C""},{""Algorithm"":""SHA-1"",""Digest"":""8581f50f22919d06b4b1b6480e2ad89c993f515a""},{""Algorithm"":""MD5"",""Digest"":""0bce6ee9352606add31260c3d494f230""}]"
Nintendo SNES/Bomberman B-Daman (JP).uac	bbd.rsn	"[{""Algorithm"":""BLAKE3-256"",""Digest"":""7ce4e38c3d650a720e588808d4f8f52b82537a9cb40a7ab3b270e7877af5237b""},{""Algorithm"":""CRC32"",""Digest"":""9788A1BC""},{""Algorithm"":""SHA-1"",""Digest"":""e3f6f523b21a1c28b795494bdf4a240912d991af""},{""Algorithm"":""MD5"",""Digest"":""039406459a3b759eae86403e56450237""}]"
Nintendo SNES/Bonkers.uac	bnkr.rsn	"[{""Algorithm"":""BLAKE3-256"",""Digest"":""152e1aa06762c8f8ae77748c83fbaf49e32d84ec1df89909e9424f39068f812e""},{""Algorithm"":""CRC32"",""Digest"":""0EA3A70D""},{""Algorithm"":""SHA-1"",""Digest"":""5225a9113a2594c92cc0c02f1c77d087c414e91a""},{""Algorithm"":""MD5"",""Digest"":""97d7c39fbed978932221e2b9f6c6aa9c""}]"
Nintendo SNES/Boogerman.uac	boog.rsn	"[{""Algorithm"":""BLAKE3-256"",""Digest"":""938e56b4b1176cef9ded513b810e58ab126b115a04a1a14a2a7691fa8e45918b""},{""Algorithm"":""CRC32"",""Digest"":""0A9002DF""},{""Algorithm"":""SHA-1"",""Digest"":""666d076e779618386a8232fd577430374df06d5f""},{""Algorithm"":""MD5"",""Digest"":""8cdcd5b7645946a79be647760e8a900d""}]"
Nintendo SNES/Bouncing Ball Trainer.uac	bbt.rsn	"[{""Algorithm"":""BLAKE3-256"",""Digest"":""9675d05a92bb4ee924c2050fa86bdcc8947da2f9808f7bb53cbd42a6e0405c0e""},{""Algorithm"":""CRC32"",""Digest"":""0C28D099""},{""Algorithm"":""SHA-1"",""Digest"":""821ffbe1f821991b7c45f73da12e35fc58e8f9c2""},{""Algorithm"":""MD5"",""Digest"":""b8c65eac0ba70d789b70b7c60e9925a4""}]"
Nintendo SNES/Bounty Sword.uac	bnts.rsn	"[{""Algorithm"":""BLAKE3-256"",""Digest"":""cd33a0dd0d14c2f4b8308513d196438f1fb37c16018982f7424b17dcf439d8fe""},{""Algorithm"":""CRC32"",""Digest"":""5C750ECB""},{""Algorithm"":""SHA-1"",""Digest"":""cd6c6c7f95dc7c089933089d94b74fc447266de6""},{""Algorithm"":""MD5"",""Digest"":""915c22e6823b423924a6851fd30b66d3""}]"
Nintendo SNES/Boxing Legends of the Ring.uac	ring.rsn	"[{""Algorithm"":""BLAKE3-256"",""Digest"":""f8b2778ccc33f81e76068dacef775c5b6aa2c4358ad01ed3ae8970032b0d0399""},{""Algorithm"":""CRC32"",""Digest"":""B221BFAD""},{""Algorithm"":""SHA-1"",""Digest"":""f728440d5505814d0c4ab836fdb4d3ea955ae22a""},{""Algorithm"":""MD5"",""Digest"":""03183432bdf8bed4612703d0d6e9e6dd""}]"
Nintendo SNES/Brain Lord.uac	brld.rsn	"[{""Algorithm"":""BLAKE3-256"",""Digest"":""3e02aaabaabb3b8bac12f97258d1b6ef980a279d3556297368086e15b44fdb96""},{""Algorithm"":""CRC32"",""Digest"":""64A49D8F""},{""Algorithm"":""SHA-1"",""Digest"":""4b31af8fd1ffbd48ea0e33561f9eb72bab06379a""},{""Algorithm"":""MD5"",""Digest"":""ab168d9e637533a3e49d97bbe173500c""}]"
Nintendo SNES/Brainies, The.uac	brain.rsn	"[{""Algorithm"":""BLAKE3-256"",""Digest"":""48f56477288bf34fddc9313444b959233f7c8b4db2414467747e3aff9225b807""},{""Algorithm"":""CRC32"",""Digest"":""31F00D18""},{""Algorithm"":""SHA-1"",""Digest"":""81a997a4ae362ec7e3fdfc0c2100bb462505789d""},{""Algorithm"":""MD5"",""Digest"":""3349662ea5d99a377aa59972f6d3a618""}]"
Nintendo SNES/Bram Stoker's Dracula.uac	bsd.rsn	"[{""Algorithm"":""BLAKE3-256"",""Digest"":""a4f356dce482103722829c31d22545e4b113d6c6d4792d9948d038be5eb00211""},{""Algorithm"":""CRC32"",""Digest"":""1D79F327""},{""Algorithm"":""SHA-1"",""Digest"":""3ae60e6570b6f6685b6066b5ae055af78a765e03""},{""Algorithm"":""MD5"",""Digest"":""25c4a33f55253d7cea740c911ea78db3""}]"
Nintendo SNES/Brandish 2.uac	bdh2.rsn	"[{""Algorithm"":""BLAKE3-256"",""Digest"":""7b1fa7c117a551621b0ae7af81a726697148afa77e867560215a6453a7d12158""},{""Algorithm"":""CRC32"",""Digest"":""938386D6""},{""Algorithm"":""SHA-1"",""Digest"":""0673c912bef4bf7937a09da316c3c8a3672223dc""},{""Algorithm"":""MD5"",""Digest"":""4a1a9f2e84cb4e38d1dd86019813ae72""}]"
Nintendo SNES/Brandish.uac	bdh.rsn	"[{""Algorithm"":""BLAKE3-256"",""Digest"":""20935fba17e96677c4752ca363e895fb258dde851fd55fec70c8ecc4532e0116""},{""Algorithm"":""CRC32"",""Digest"":""A65BF115""},{""Algorithm"":""SHA-1"",""Digest"":""c5931151218808309451473205d1fe87ad1c69d0""},{""Algorithm"":""MD5"",""Digest"":""23f62493b3448043a50ee19cd6975309""}]"
Nintendo SNES/Brass Numbers.uac	brnr.rsn	"[{""Algorithm"":""BLAKE3-256"",""Digest"":""0afe91efc049b1728caffdda6d73689a7fdd00584921bf03f0e04d2c1d631077""},{""Algorithm"":""CRC32"",""Digest"":""C51F90D0""},{""Algorithm"":""SHA-1"",""Digest"":""85b178714437ec84589f03112e724b237862efe9""},{""Algorithm"":""MD5"",""Digest"":""e029aec3347c11ba0d3518aabd03c794""}]"
Nintendo SNES/Brawl Brothers.uac	brawl.rsn	"[{""Algorithm"":""BLAKE3-256"",""Digest"":""bc9f4f5bfe5d2763a46fef9d331de4f50d4af683bba6199a7d4a48e9482c63b0""},{""Algorithm"":""CRC32"",""Digest"":""A00EDCA4""},{""Algorithm"":""SHA-1"",""Digest"":""1c0156453ba75b9f2ef91f3a3e53f044c2568c1e""},{""Algorithm"":""MD5"",""Digest"":""541158269adb1d66fb84bb57291fdac6""}]"
Nintendo SNES/BreakThru!.uac	breakt.rsn	"[{""Algorithm"":""BLAKE3-256"",""Digest"":""58de426a29a7686d1eef1f599058df4d182f0ead983b9795fb3f8c4f39e2380f""},{""Algorithm"":""CRC32"",""Digest"":""3D698FCF""},{""Algorithm"":""SHA-1"",""Digest"":""67f32c59fe0e920dfa3c2f31296b8eea4fe2a904""},{""Algorithm"":""MD5"",""Digest"":""e2e16aa78cb249ce43367dd7cd37499d""}]"
Nintendo SNES/Breath of Fire 2.uac	bof2.rsn	"[{""Algorithm"":""BLAKE3-256"",""Digest"":""0f6e9aba9a1cdeb313c8b4b82574dac9888179461a3ba69f6b0dbee9c354ef6c""},{""Algorithm"":""CRC32"",""Digest"":""ADB72207""},{""Algorithm"":""SHA-1"",""Digest"":""36f9906424227bdd65c0731f0c48697d8ef85473""},{""Algorithm"":""MD5"",""Digest"":""baf76484c46262d1914f79fe0a8547f4""}]"
Nintendo SNES/Brett Hull Hockey '95.uac	bhh95.rsn	"[{""Algorithm"":""BLAKE3-256"",""Digest"":""1beb473da642a07731b5434c779a9ccbce3670d198c46a24d14703b7fed5c133""},{""Algorithm"":""CRC32"",""Digest"":""34CAA373""},{""Algorithm"":""SHA-1"",""Digest"":""8394630a888a12fe5e448d971af392131ffcc6c6""},{""Algorithm"":""MD5"",""Digest"":""8667b9ee01facb55bd035a1353454924""}]"
Nintendo SNES/Brett Hull Hockey.uac	bhh.rsn	"[{""Algorithm"":""BLAKE3-256"",""Digest"":""a4effc6fe00b011f0b4b75a16a0cebd386c856769a7c9a57751b293aec2ad9e1""},{""Algorithm"":""CRC32"",""Digest"":""A80EFF8E""},{""Algorithm"":""SHA-1"",""Digest"":""60084a5bd9a4464e3523587946043f68fad65453""},{""Algorithm"":""MD5"",""Digest"":""3ff7a63ba2b3b60ccb353b8f0663d25f""}]"
Nintendo SNES/Bronkie.uac	bronk.rsn	"[{""Algorithm"":""BLAKE3-256"",""Digest"":""0dd2ce5c9a88136e47fa0216dc50cfa82a920afc118afad68843d6119943b0d6""},{""Algorithm"":""CRC32"",""Digest"":""F8A3DADD""},{""Algorithm"":""SHA-1"",""Digest"":""9e4d472649debc951a683aa8760e10c4f5125cb8""},{""Algorithm"":""MD5"",""Digest"":""88344e589f8c51ade3fdc8e728f27d11""}]"
Nintendo SNES/Brunswick World Tournament of Champions.uac	bwtc.rsn	"[{""Algorithm"":""BLAKE3-256"",""Digest"":""13e36d5249441c35866f484828921118e09a7d8dda3c200e408152a2bd5492dc""},{""Algorithm"":""CRC32"",""Digest"":""B9B44874""},{""Algorithm"":""SHA-1"",""Digest"":""22ecba4172f15e85e4800d24ffee64a963c3b246""},{""Algorithm"":""MD5"",""Digest"":""935de7797666eee29774d27923c5671c""}]"
Nintendo SNES/Brutal - Paws of Fury.uac	brtl.rsn	"[{""Algorithm"":""BLAKE3-256"",""Digest"":""07e225c2917a0985fcf38c351bc14bcb11735d473dedf05c9821bedc0560b50d""},{""Algorithm"":""CRC32"",""Digest"":""3E9AEDEC""},{""Algorithm"":""SHA-1"",""Digest"":""345013e85311358926a237ecf2b87f87732c6c56""},{""Algorithm"":""MD5"",""Digest"":""92d2121d236516a7b07226c72d6a9a07""}]"
Nintendo SNES/Bubsy in - Claws Encounters of the Furred Kind.uac	bbs.rsn	"[{""Algorithm"":""BLAKE3-256"",""Digest"":""ec396366f69eea77a5267500b5870416211e6e4d10ac77fa16658e4cd8cbaa0a""},{""Algorithm"":""CRC32"",""Digest"":""E0F6A865""},{""Algorithm"":""SHA-1"",""Digest"":""c2495319b45bc1b2600cbc322015649af735a2d6""},{""Algorithm"":""MD5"",""Digest"":""e184090d692f68de96256c19ec8b7c3b""}]"
Nintendo SNES/Bugs Bunny - Rabbit Rampage.uac	bbr.rsn	"[{""Algorithm"":""BLAKE3-256"",""Digest"":""f57e275422b1bf02b38087a66e1bb2e3f8279922dc6e7a4eb085b71add2a454d""},{""Algorithm"":""CRC32"",""Digest"":""17E3D07C""},{""Algorithm"":""SHA-1"",""Digest"":""bd969af3cf7e7879ed045f65ba1ede204eba6874""},{""Algorithm"":""MD5"",""Digest"":""c164178f143a196b3f9bfcab9a7c5cba""}]"
Nintendo SNES/Bulls vs Blazers and the NBA Playoffs.uac	bvb.rsn	"[{""Algorithm"":""BLAKE3-256"",""Digest"":""79ad4f1537413fa3e8cdea68bc83d8305efe7c7d62a9b308fb3f9993549917c0""},{""Algorithm"":""CRC32"",""Digest"":""E891DFB7""},{""Algorithm"":""SHA-1"",""Digest"":""49f628c85a48e27e109d6c5427f6f6614f032d31""},{""Algorithm"":""MD5"",""Digest"":""89dc487f3f383097a9047c315f42f400""}]"
Nintendo SNES/Burai - Hachigyoku no Yuushi Densetsu.uac	burai.rsn	"[{""Algorithm"":""BLAKE3-256"",""Digest"":""1a20a4cc4b0bbf42011782a5e4cc80f07a8ed40da0965e1a6ecae42618051728""},{""Algorithm"":""CRC32"",""Digest"":""9FC3C508""},{""Algorithm"":""SHA-1"",""Digest"":""13130b8175779c76a0e3353857da9d4ec6d3c0b7""},{""Algorithm"":""MD5"",""Digest"":""81658f9da99a22c1d62ce2a0024bc78d""}]"
Nintendo SNES/Bushi Seiryuden.uac	bshs.rsn	"[{""Algorithm"":""BLAKE3-256"",""Digest"":""671dd10b05466ce96664618912493b6a5d32448d443eb3c99a8c7ee74b7d881b""},{""Algorithm"":""CRC32"",""Digest"":""C9D7EA07""},{""Algorithm"":""SHA-1"",""Digest"":""764158960f34d9a2053f1bd031fb4e3e2f9544e4""},{""Algorithm"":""MD5"",""Digest"":""43430577f6fcde7b3786fb2c3c592eec""}]"
Nintendo SNES/CB Chara Wars.uac	cbcw.rsn	"[{""Algorithm"":""BLAKE3-256"",""Digest"":""04ac8ed66eb58c4046ac4ba637af4e74532585a49e279e63850dfc84fa64bbde""},{""Algorithm"":""CRC32"",""Digest"":""6D25D5F4""},{""Algorithm"":""SHA-1"",""Digest"":""84cae57960f976dc90cff6a7db531ab05d13c6b4""},{""Algorithm"":""MD5"",""Digest"":""2594baa3a0732b74dbae306f8720eb40""}]"
Nintendo SNES/Cacoma Knight.uac	cakn.rsn	"[{""Algorithm"":""BLAKE3-256"",""Digest"":""5fe414193826dd53bb048577916232ca9c8feda967aa3db6e3e2d86a1cecf618""},{""Algorithm"":""CRC32"",""Digest"":""FCB623A6""},{""Algorithm"":""SHA-1"",""Digest"":""b34c5426d2dab6e6d0f4197b4ccebc3b8d7fac97""},{""Algorithm"":""MD5"",""Digest"":""2619a31e88c31dac8543c16370c0bea7""}]"
Nintendo SNES/Cal Ripken Jr. Baseball.uac	crjb.rsn	"[{""Algorithm"":""BLAKE3-256"",""Digest"":""976145b9106aeea6b3792018d64df2758fa8ccd972dffc80422195e41b50ce74""},{""Algorithm"":""CRC32"",""Digest"":""760D4D2C""},{""Algorithm"":""SHA-1"",""Digest"":""deb0ee58a5267d65c49aeeca3b0503e2f3d99601""},{""Algorithm"":""MD5"",""Digest"":""3a1d8103d64a3edb8ade32430ec3d370""}]"
Nintendo SNES/Cameltry (On the Ball).uac	cml.rsn	"[{""Algorithm"":""BLAKE3-256"",""Digest"":""f61ad2f300820e74b42f2ba01777a1dada4e635e5dd5fb9b5af2e0643c2d8fef""},{""Algorithm"":""CRC32"",""Digest"":""EDDB4A9D""},{""Algorithm"":""SHA-1"",""Digest"":""4e2584df6bf8fe2442035079d5e473dfe47ec9d6""},{""Algorithm"":""MD5"",""Digest"":""4811040619b39359963e6b3ecdd12136""}]"
Nintendo SNES/Cannon Fodder.uac	cf.rsn	"[{""Algorithm"":""BLAKE3-256"",""Digest"":""003b5f539320159cc03ce077a32708bd5e71b1675be0ee90d3695969a12be14c""},{""Algorithm"":""CRC32"",""Digest"":""4995EDA9""},{""Algorithm"":""SHA-1"",""Digest"":""1bd0d75f2fff5438475f2a7885a03f9d988e25e7""},{""Algorithm"":""MD5"",""Digest"":""bd1bab7011019b077cc78c7d7ad68d07""}]"
Nintendo SNES/Cannondale Cup (US).uac	ccup.rsn	"[{""Algorithm"":""BLAKE3-256"",""Digest"":""e9be1cac027e82ef3cadb0d162eefea9db4e1cb2eb491dff2e239928afcda0d8""},{""Algorithm"":""CRC32"",""Digest"":""5EB852F3""},{""Algorithm"":""SHA-1"",""Digest"":""bf97c0dfdddb0f9682304b363f4bd1cce418cebf""},{""Algorithm"":""MD5"",""Digest"":""e5fe0a27939226cf12d892421e471551""}]"
Nintendo SNES/Capcom's MVP Football (US).uac	cmf.rsn	"[{""Algorithm"":""BLAKE3-256"",""Digest"":""9fe0f692c578820a4327ea9a32485a3ad07c5534063d14164bb6a9599da2d45d""},{""Algorithm"":""CRC32"",""Digest"":""7C842D1A""},{""Algorithm"":""SHA-1"",""Digest"":""653132d06513aab2e5a1670107d677cfee141fea""},{""Algorithm"":""MD5"",""Digest"":""81751b08666602e5dc24a0f4582515f5""}]"
Nintendo SNES/Captain America and the Avengers.uac	capam.rsn	"[{""Algorithm"":""BLAKE3-256"",""Digest"":""c9e8b340cbf01b60edaebb30b812ed8ed73d700f233c94f937a2439f228f1707""},{""Algorithm"":""CRC32"",""Digest"":""0F3AE9E1""},{""Algorithm"":""SHA-1"",""Digest"":""b82aae041f135e079556bc743c354e26c35f4863""},{""Algorithm"":""MD5"",""Digest"":""63e5804897fdccc6feef943beb9e1230""}]"
Nintendo SNES/Captain Commando.uac	captc.rsn	"[{""Algorithm"":""BLAKE3-256"",""Digest"":""0da087f157fa642cb20f490a18b4cb4ba28d284c0b89c05fbfdead478b41ab19""},{""Algorithm"":""CRC32"",""Digest"":""460C0264""},{""Algorithm"":""SHA-1"",""Digest"":""8a863236049bbe2142a4bb20b4d7ed8bc45a806e""},{""Algorithm"":""MD5"",""Digest"":""cf9473988964c2bae351f3b11b8eef5e""}]"
Nintendo SNES/Captain Novolin.uac	cano.rsn	"[{""Algorithm"":""BLAKE3-256"",""Digest"":""758ee35d544ceccfc9761801885b625584d15d00dd4c2a96e3016f1bba75e65a""},{""Algorithm"":""CRC32"",""Digest"":""B26CB4B0""},{""Algorithm"":""SHA-1"",""Digest"":""a2791e0c9398cc8d4f969cda2ee65cf8f3e4d627""},{""Algorithm"":""MD5"",""Digest"":""7fb0dbbc6fe8246f6f9bc6d289374ce5""}]"
Nintendo SNES/Captain Tsubasa 3.uac	ct3.rsn	"[{""Algorithm"":""BLAKE3-256"",""Digest"":""30a24d89b37390426dd5680e0f64d2cc1abbfc7200e5eebf9d4db299e2b360e7""},{""Algorithm"":""CRC32"",""Digest"":""041D0B73""},{""Algorithm"":""SHA-1"",""Digest"":""ea2a2cb95021395280f86aef6b342276ae41607d""},{""Algorithm"":""MD5"",""Digest"":""ecbe8c120f0ba20585ad00a8b8be6573""}]"
Nintendo SNES/Captain Tsubasa 4.uac	ct4.rsn	"[{""Algorithm"":""BLAKE3-256"",""Digest"":""a1b1842eebc5a06e8d2ce530df8a63270be04264bc4e69788a03daa9c929534a""},{""Algorithm"":""CRC32"",""Digest"":""561D613D""},{""Algorithm"":""SHA-1"",""Digest"":""c633d6ec211915ad5079805be5d4ae3eca81c8d1""},{""Algorithm"":""MD5"",""Digest"":""03505c3434ddaff8cae7deb56988cdb1""}]"
Nintendo SNES/Captain Tsubasa 5.uac	ct5.rsn	"[{""Algorithm"":""BLAKE3-256"",""Digest"":""a76c7ea7c27e8a8ba7ae31e4d1741b7bc7cd6c2f6e1444aba1bddc2570c75633""},{""Algorithm"":""CRC32"",""Digest"":""2C771FAC""},{""Algorithm"":""SHA-1"",""Digest"":""1abccbd2c45c2fc6d24b6057f51e4e39a2828fe6""},{""Algorithm"":""MD5"",""Digest"":""c264228bda57f21ae6a8da0aece21bed""}]"
Nintendo SNES/Captain Tsubasa J.uac	ctj.rsn	"[{""Algorithm"":""BLAKE3-256"",""Digest"":""dc319a7bb88f75b5cf24d4cd034feba38dd3f0f1a582cd06f9ce58ac8e141ddb""},{""Algorithm"":""CRC32"",""Digest"":""D06BFCA8""},{""Algorithm"":""SHA-1"",""Digest"":""4d7cf7d515b204e0938ccadcf30d7eabf98d2337""},{""Algorithm"":""MD5"",""Digest"":""ba69d53be9309c4ff6735c70495a1636""}]"
Nintendo SNES/Caravan Shooting Collection.uac	csc.rsn	"[{""Algorithm"":""BLAKE3-256"",""Digest"":""69b0fb88ee249a9e8ca0472202fa844d1b66ff6c207b6f2bcec17353c3365a3d""},{""Algorithm"":""CRC32"",""Digest"":""436F4B6E""},{""Algorithm"":""SHA-1"",""Digest"":""9aa6160c36144b23fb13c3dd36626f90c03899fa""},{""Algorithm"":""MD5"",""Digest"":""040561c10f6d2eb35e13e8b1121b7fa8""}]"
Nintendo SNES/Cardmaster (Arcana).uac	card.rsn	"[{""Algorithm"":""BLAKE3-256"",""Digest"":""4058230d7f9110b42bf61eab8ec5b1eef7b70f7291371a3dda7c67d63a55acf5""},{""Algorithm"":""CRC32"",""Digest"":""3C931A1E""},{""Algorithm"":""SHA-1"",""Digest"":""07194cefa81c99b9f6e0d6b948757dfdd2bf2870""},{""Algorithm"":""MD5"",""Digest"":""ad17fb64a1cb2a9ccd8352f4c1365e2e""}]"
Nintendo SNES/Carrier Aces.uac	cace.rsn	"[{""Algorithm"":""BLAKE3-256"",""Digest"":""a3ce76c4716a1ebcc81d8e25a08986c3f11d9c090143625904a3b13cff0b86c4""},{""Algorithm"":""CRC32"",""Digest"":""D6E650F4""},{""Algorithm"":""SHA-1"",""Digest"":""b2401ebf97cb9148fd7759915c85b65414f8bfdb""},{""Algorithm"":""MD5"",""Digest"":""92f8818cda5b43df06c00d004c7bc67b""}]"
Nintendo SNES/Casper (Japanese Version).uac	cas.rsn	"[{""Algorithm"":""BLAKE3-256"",""Digest"":""f9078f8ad117449c95cc5c70ad782549da3da155925b8e5b72d75cfaf1645392""},{""Algorithm"":""CRC32"",""Digest"":""A6052ADE""},{""Algorithm"":""SHA-1"",""Digest"":""2f7a321e34c4ad409d332e2894e6d27a35e7577f""},{""Algorithm"":""MD5"",""Digest"":""fe813d62310c5fe618b464b31358fff3""}]"
Nintendo SNES/Casper (US).uac	casp.rsn	"[{""Algorithm"":""BLAKE3-256"",""Digest"":""a925485ba3abbc79c2c1f2cf396235016e72b65e4f87de40750e0e8892d4a594""},{""Algorithm"":""CRC32"",""Digest"":""D3963978""},{""Algorithm"":""SHA-1"",""Digest"":""ddcbe5c524839cdb3df8c47c6eb6b924bdcde2a4""},{""Algorithm"":""MD5"",""Digest"":""6e53fe546251e508e086e52f3a0f91f1""}]"
Nintendo SNES/Champions - World Class Soccer.uac	cwcs.rsn	"[{""Algorithm"":""BLAKE3-256"",""Digest"":""cf03456a25f183b5e74e0dced84c3a1690842ca45c4a85acb45c1b5d5225aae0""},{""Algorithm"":""CRC32"",""Digest"":""E3D74139""},{""Algorithm"":""SHA-1"",""Digest"":""deb63355eaad5edafa37f30e09c09a77573eed4b""},{""Algorithm"":""MD5"",""Digest"":""01e9d80b822a58d4fc2e7210a1ad9a98""}]"
Nintendo SNES/Championship Pool.uac	cp.rsn	"[{""Algorithm"":""BLAKE3-256"",""Digest"":""9e0683ebdaa8221432c180cd38993c56752b63c17883ae99e5c9d3c3f6e59da2""},{""Algorithm"":""CRC32"",""Digest"":""E989A7E1""},{""Algorithm"":""SHA-1"",""Digest"":""e3dfeae6bd8970b2453d9c671b7c61f5801b25ce""},{""Algorithm"":""MD5"",""Digest"":""bb0a2a2327a16f1d1afb3807d9b27c3c""}]"
Nintendo SNES/Chaos Seed.uac	cs.rsn	"[{""Algorithm"":""BLAKE3-256"",""Digest"":""47a8e70a91fa7d244e7595caea8d6269ffeb701687dbc95496806e2ba600052f""},{""Algorithm"":""CRC32"",""Digest"":""8E983C46""},{""Algorithm"":""SHA-1"",""Digest"":""71cc70c75405421f63ad567af09a3f0561e5feea""},{""Algorithm"":""MD5"",""Digest"":""c72779351b99b916d6b2c512f3b5891b""}]"
Nintendo SNES/Chester Cheetah - Too Cool to Fool.uac	cctcf.rsn	"[{""Algorithm"":""BLAKE3-256"",""Digest"":""00f5558fbc3486dc1067808d1093240200e800ff74c98ea31b6a953a9c882c04""},{""Algorithm"":""CRC32"",""Digest"":""83AE9F2C""},{""Algorithm"":""SHA-1"",""Digest"":""229cc2ec27eee7a7621880dab2a5e94252c598e8""},{""Algorithm"":""MD5"",""Digest"":""734a06993687e48aeeb543da8277de17""}]"
Nintendo SNES/Chester Cheetah - Wild Wild Quest (US).uac	ccwwq.rsn	"[{""Algorithm"":""BLAKE3-256"",""Digest"":""bca5d3fed52a88aa0ade1e624c7c38c5d50969b1268cd2565347ce798dc8222e""},{""Algorithm"":""CRC32"",""Digest"":""6DC0ABAB""},{""Algorithm"":""SHA-1"",""Digest"":""0a5e4cec2f4d3268ac052d2db3b78710af5fb6aa""},{""Algorithm"":""MD5"",""Digest"":""73e6e1290741e35ef577825220428078""}]"
Nintendo SNES/Chinhai.uac	chinh.rsn	"[{""Algorithm"":""BLAKE3-256"",""Digest"":""8ccbd530471e8a3bfe7e3c9fdf035a366927ed37224f2a207c3ca417bc25c7a0""},{""Algorithm"":""CRC32"",""Digest"":""99D71CD0""},{""Algorithm"":""SHA-1"",""Digest"":""b184bf2609549f6f0b442001fb28d2dcc9f9abe3""},{""Algorithm"":""MD5"",""Digest"":""d3c395f38e9685734a5ec43407875743""}]"
Nintendo SNES/Chou Aniki - Bakuretsu Rantou Hen.uac	cho.rsn	"[{""Algorithm"":""BLAKE3-256"",""Digest"":""2fc916211b4d03025306680620167305686ffb3b7843ab425ef274978fa0d24e""},{""Algorithm"":""CRC32"",""Digest"":""E996DD5D""},{""Algorithm"":""SHA-1"",""Digest"":""6deb3194f0514790766ae81488899fc5736a4f72""},{""Algorithm"":""MD5"",""Digest"":""fb1c0661937fb6ebb58c09a7d7e235f7""}]"
Nintendo SNES/Chou Mahou Tairiku Wozz.uac	wozz.rsn	"[{""Algorithm"":""BLAKE3-256"",""Digest"":""7ea13dd66fbf2f8ccff4a3c90232fd7a350da1e69073b29f17aae01e9b5cfbc7""},{""Algorithm"":""CRC32"",""Digest"":""523016F9""},{""Algorithm"":""SHA-1"",""Digest"":""2bae64dc59301d8b44681d02d98309223df45b80""},{""Algorithm"":""MD5"",""Digest"":""2f5fa7472cc7df28ba93ed7cc2fc1042""}]"
Nintendo SNES/Christmas Craze.uac	xmas.rsn	"[{""Algorithm"":""BLAKE3-256"",""Digest"":""2eebefab902e076dfe9ec7581b01f28f05013b4d37dd0d7ffa8239e2567f571a""},{""Algorithm"":""CRC32"",""Digest"":""987D2C27""},{""Algorithm"":""SHA-1"",""Digest"":""176bb0386f28ef6360adf18c0bcbbf9e5de0b853""},{""Algorithm"":""MD5"",""Digest"":""b45b428c550f7b4aefc40e4bf7cffce0""}]"
Nintendo SNES/Christmas Demo.uac	acd.rsn	"[{""Algorithm"":""BLAKE3-256"",""Digest"":""9d458041f71ac2ddb9bd5feb9fa0f0505ab37d203088096da923867da82683b9""},{""Algorithm"":""CRC32"",""Digest"":""B0B991FF""},{""Algorithm"":""SHA-1"",""Digest"":""4e86af23f8c47456c12ff240e82abacd04d93077""},{""Algorithm"":""MD5"",""Digest"":""7b2d04ca54407e73ab81aef507118947""}]"
Nintendo SNES/Chrono Trigger Pre-Release.uac	ctp.rsn	"[{""Algorithm"":""BLAKE3-256"",""Digest"":""25a0a0a7c5f1fc3fdccd9e554e5ab740033da461e96ee44d0fc53d26f821369b""},{""Algorithm"":""CRC32"",""Digest"":""8B02BFFB""},{""Algorithm"":""SHA-1"",""Digest"":""c697f04e4a7203d6014cf1679aa1571a32b9fea1""},{""Algorithm"":""MD5"",""Digest"":""29d72b834bec5b37cafb029d2c084617""}]"
Nintendo SNES/Chrono Trigger.uac	ct.rsn	"[{""Algorithm"":""BLAKE3-256"",""Digest"":""e2b328acc17e62788f58ece7bd747a41956715feec26bffa489e229c29467912""},{""Algorithm"":""CRC32"",""Digest"":""4BE8E7C4""},{""Algorithm"":""SHA-1"",""Digest"":""c37ab7e1c88ffc6e272a89fa3ae49c008a2b9614""},{""Algorithm"":""MD5"",""Digest"":""189bb899be800772b9c79594393474cc""}]"
Nintendo SNES/Chuck Rock.uac	crock.rsn	"[{""Algorithm"":""BLAKE3-256"",""Digest"":""2714568571a3a707c4534401ccf3c4437ac2b21dba31adfcb11fbfc0025bbf28""},{""Algorithm"":""CRC32"",""Digest"":""987CFF6C""},{""Algorithm"":""SHA-1"",""Digest"":""5cd004f437a795e041233f2a05e09d7b16884b52""},{""Algorithm"":""MD5"",""Digest"":""1b877561c07a5f76cab6806cffd4b320""}]"
Nintendo SNES/Civilization.uac	civ.rsn	"[{""Algorithm"":""BLAKE3-256"",""Digest"":""7686acb1ef3ccbcb6f850129c456376259af0b91febe77ed1810673953cb7a3b""},{""Algorithm"":""CRC32"",""Digest"":""FDB328AE""},{""Algorithm"":""SHA-1"",""Digest"":""fcafe0db87821200ffb57990b49bdfce7ad72776""},{""Algorithm"":""MD5"",""Digest"":""6eada46eba5170b0bebae6ddffdf9a83""}]"
Nintendo SNES/Classic Kong Complete.uac	ckc.rsn	"[{""Algorithm"":""BLAKE3-256"",""Digest"":""d15b68ba05d2b13fedd8e818be68075026e19302fcb8d1c692214171204acb06""},{""Algorithm"":""CRC32"",""Digest"":""7F27BFDA""},{""Algorithm"":""SHA-1"",""Digest"":""e1acdcf7c619a1229996913582904a0add0a7e64""},{""Algorithm"":""MD5"",""Digest"":""2efa1859231fe908fab1f78b6fd5f04b""}]"
Nintendo SNES/Clay Fighter.uac	clay.rsn	"[{""Algorithm"":""BLAKE3-256"",""Digest"":""e4772b7512f75bf317b84107316b3f45c6590351abc85827f28785aadb7107cb""},{""Algorithm"":""CRC32"",""Digest"":""941CB7F7""},{""Algorithm"":""SHA-1"",""Digest"":""4348af3f3f9fde4d539458d8ebd67a05f7b6f742""},{""Algorithm"":""MD5"",""Digest"":""4537a8b158179951fd113e1d5707233d""}]"
Nintendo SNES/Cliffhanger.uac	cliff.rsn	"[{""Algorithm"":""BLAKE3-256"",""Digest"":""91adf51a56763c916cd8947fefcbe843d2c7106ba50f72b9d244b39bb65d0678""},{""Algorithm"":""CRC32"",""Digest"":""D42F5549""},{""Algorithm"":""SHA-1"",""Digest"":""a94538be60819fbbde1eee2c5d8ea5f3947a4e3c""},{""Algorithm"":""MD5"",""Digest"":""0a792d9c8a344a6dd0b50c342f2be750""}]"
Nintendo SNES/Clock Tower.uac	ctow.rsn	"[{""Algorithm"":""BLAKE3-256"",""Digest"":""c94aefd4840fe3f79d020c4d986f8c0dd99bf7fe4f3b64c91a38cf9baec5c763""},{""Algorithm"":""CRC32"",""Digest"":""B86201FB""},{""Algorithm"":""SHA-1"",""Digest"":""ae7f1b229b3fb615ef110e5e6a950554a6addef0""},{""Algorithm"":""MD5"",""Digest"":""25bd1f1a4ade9a3d8714cc813179f813""}]"
Nintendo SNES/Clue (US).uac	clue.rsn	"[{""Algorithm"":""BLAKE3-256"",""Digest"":""b1815bd5e68a742ce3a9e950b9305624fe79c7f09538bc39bc6e16710fbe1bd2""},{""Algorithm"":""CRC32"",""Digest"":""6BECF65E""},{""Algorithm"":""SHA-1"",""Digest"":""8726aca6ae64b45cc6448c10236e92971c34ca86""},{""Algorithm"":""MD5"",""Digest"":""174702cf75080a20ffe2ff8a7f642d0c""}]"
Nintendo SNES/College Football USA '97.uac	cfu97.rsn	"[{""Algorithm"":""BLAKE3-256"",""Digest"":""2eaa3f4699d1400b5b9e44cc61bfeb374a4582deffd79d398b620363aa045d1f""},{""Algorithm"":""CRC32"",""Digest"":""4F609C89""},{""Algorithm"":""SHA-1"",""Digest"":""1b956a807d9386c7806854cb2b89a50548dca1eb""},{""Algorithm"":""MD5"",""Digest"":""10def8d3262066aed0b6ad139c3c08e9""}]"
Nintendo SNES/College Slam Basketball.uac	csb.rsn	"[{""Algorithm"":""BLAKE3-256"",""Digest"":""526179e4311e8faca9c723cc3552ed5c7fe2e4720ce8e6eb33462bcd10753193""},{""Algorithm"":""CRC32"",""Digest"":""5C327FF5""},{""Algorithm"":""SHA-1"",""Digest"":""916c382ad3aa1e1d86dff1c3354090e9fa33b8c6""},{""Algorithm"":""MD5"",""Digest"":""3e53af3bfc76fb9f001af03d5bdce331""}]"
Nintendo SNES/Columns.uac	col.rsn	"[{""Algorithm"":""BLAKE3-256"",""Digest"":""8ba6cac6b1cb96cc6ad4c1ac756af178c0bd2372560e4e09adafbc413ef98a8f""},{""Algorithm"":""CRC32"",""Digest"":""D58BBF00""},{""Algorithm"":""SHA-1"",""Digest"":""53c14d955ce1c9c0fa46aaced64e0b305bcf6c02""},{""Algorithm"":""MD5"",""Digest"":""d8ad45b43de66093e267ffacdb9b73bd""}]"
Nintendo SNES/Combatribes.uac	cbtr.rsn	"[{""Algorithm"":""BLAKE3-256"",""Digest"":""42cfcb12bdbd0b6954fac883d5097801aa68e500cf2b55f7b5ecc7d957c5c895""},{""Algorithm"":""CRC32"",""Digest"":""D5048DCC""},{""Algorithm"":""SHA-1"",""Digest"":""cb7195648fab871d74c194e89c3cab2a4a64177c""},{""Algorithm"":""MD5"",""Digest"":""dbd7b5f0562570ee11f586a3fad1bca6""}]"
Nintendo SNES/Computer Nouryoku Kaiseki Ultra Baken.uac	cnkub.rsn	"[{""Algorithm"":""BLAKE3-256"",""Digest"":""4c13b6413bc763e351539281d33451dae09a9f9eaf16f8aa35f91961b2eb319b""},{""Algorithm"":""CRC32"",""Digest"":""30557D51""},{""Algorithm"":""SHA-1"",""Digest"":""61b1bd8a72ae100c603c44ce9d6f1e6145cbdf90""},{""Algorithm"":""MD5"",""Digest"":""847821a4449788fd41894d4577fcffd2""}]"
Nintendo SNES/Congo the Movie - The Secret of Zinj.uac	csz.rsn	"[{""Algorithm"":""BLAKE3-256"",""Digest"":""fdc49e39f903410c46aed635da5dbc78f9b596cd38c35565a3c363a569d744ef""},{""Algorithm"":""CRC32"",""Digest"":""0C57E395""},{""Algorithm"":""SHA-1"",""Digest"":""96a35e02ee9049f193b56ec346fe164cb80fdde7""},{""Algorithm"":""MD5"",""Digest"":""3665301160935c539bfb58f70121fb41""}]"
Nintendo SNES/Congo's Caper.uac	cngc.rsn	"[{""Algorithm"":""BLAKE3-256"",""Digest"":""fb064bce1ed7ad0ebe7b82f8cc403052b0d13a7a8db80272c6c34c2488349b92""},{""Algorithm"":""CRC32"",""Digest"":""667C25BD""},{""Algorithm"":""SHA-1"",""Digest"":""dfb2dbfdab2a81c926d4f52ecc832ed7d0effbec""},{""Algorithm"":""MD5"",""Digest"":""9ac726ae198e2dc3bb24e7d148fdaeeb""}]"
Nintendo SNES/Contra 3.uac	cntr3.rsn	"[{""Algorithm"":""BLAKE3-256"",""Digest"":""e53caf74d8d104f9f761f25b1a2dddb81f266badbe69bfb457a8d0f2584f5c99""},{""Algorithm"":""CRC32"",""Digest"":""159E72E5""},{""Algorithm"":""SHA-1"",""Digest"":""f388d5468dc2537acb89d3e0006c170e3cba48d0""},{""Algorithm"":""MD5"",""Digest"":""304868a716bf53c484a0bf4fc3ccda8b""}]"
Nintendo SNES/Controller Test Cartridge.uac	ctc.rsn	"[{""Algorithm"":""BLAKE3-256"",""Digest"":""63753f78320b14064e73d749c7088591d4dc30a0feda6c32234bf20ecf47d121""},{""Algorithm"":""CRC32"",""Digest"":""E295ACFF""},{""Algorithm"":""SHA-1"",""Digest"":""d1023ac4f3536529b139f3ec5fc7806a5541f18d""},{""Algorithm"":""MD5"",""Digest"":""a03e0c8f05a52d453fc65a0bb5b95cd4""}]"
Nintendo SNES/Cool Spot.uac	cspot.rsn	"[{""Algorithm"":""BLAKE3-256"",""Digest"":""8aef424768635e91199a3aaf20aead121be7bb4968c5fbc0388b3aa840afbc7b""},{""Algorithm"":""CRC32"",""Digest"":""38D1D2E4""},{""Algorithm"":""SHA-1"",""Digest"":""d007555d1e1b137bd86a4ce9b7b2fd41c176c4c8""},{""Algorithm"":""MD5"",""Digest"":""c86c857f7242e190cf6b2fc053d44c3c""}]"
Nintendo SNES/Cool World.uac	coolw.rsn	"[{""Algorithm"":""BLAKE3-256"",""Digest"":""1df7d90791816c930b4031af062489bc61d991ff16d9ef4e5415021da4d80020""},{""Algorithm"":""CRC32"",""Digest"":""AC07F5EB""},{""Algorithm"":""SHA-1"",""Digest"":""2ba8b26e442f5d18d41adf15707333e94eda4f78""},{""Algorithm"":""MD5"",""Digest"":""63ec8562a27efea5c64860897e9ccd4d""}]"
Nintendo SNES/Corn Buster.uac	cornb.rsn	"[{""Algorithm"":""BLAKE3-256"",""Digest"":""6e257b3a03524e7bf44256f5990c44e098fcf2e602859e7c0e453547b0757171""},{""Algorithm"":""CRC32"",""Digest"":""D30A5B0B""},{""Algorithm"":""SHA-1"",""Digest"":""cebfdf5060941b88a99967efd99c148495966be6""},{""Algorithm"":""MD5"",""Digest"":""24d1112f182c64bc478564490a585185""}]"
Nintendo SNES/Coron Land.uac	corl.rsn	"[{""Algorithm"":""BLAKE3-256"",""Digest"":""96ce196a7411e4cb0af6c5151b6350838e89380509bdd67c5283e311079da200""},{""Algorithm"":""CRC32"",""Digest"":""B44DFA7E""},{""Algorithm"":""SHA-1"",""Digest"":""115f2a3a0a5324bdef3007a0e2b13a5866f7cbef""},{""Algorithm"":""MD5"",""Digest"":""e03d8874edc0fc3084c65f95af41fa6d""}]"
Nintendo SNES/Cosmo Gang - The Puzzle (JP).uac	cgp.rsn	"[{""Algorithm"":""BLAKE3-256"",""Digest"":""f45d663556a55144c9368e27fef6077075c9c50464118c16de8111674d8fa97e""},{""Algorithm"":""CRC32"",""Digest"":""18BFA5C5""},{""Algorithm"":""SHA-1"",""Digest"":""9891e67a83a99c4c2a7bad6d54a73f586b66c78a""},{""Algorithm"":""MD5"",""Digest"":""1aba83295ac487945e0b1809f0b2f1ff""}]"
Nintendo SNES/Cosmo Gang the Video.uac	cgv.rsn	"[{""Algorithm"":""BLAKE3-256"",""Digest"":""30631a3c0c4ba22a50530a82d609c3328b723bd566e38e9fd9f85165ff273905""},{""Algorithm"":""CRC32"",""Digest"":""536A42C4""},{""Algorithm"":""SHA-1"",""Digest"":""82c9b47e8065fd8da7d09e1c2f0ed1abdda5b8e3""},{""Algorithm"":""MD5"",""Digest"":""88edf3845f769aad6a45470fb9fb08fc""}]"
Nintendo SNES/Cosmo Police Galivan 2.uac	cpg2.rsn	"[{""Algorithm"":""BLAKE3-256"",""Digest"":""36b195768372f032eeac6c60513f9b67d54ab34aa7aaaa2969fd4fda039c0553""},{""Algorithm"":""CRC32"",""Digest"":""DE671AA1""},{""Algorithm"":""SHA-1"",""Digest"":""387dbf6139ff31993688b23ceafa4f696f4ca77e""},{""Algorithm"":""MD5"",""Digest"":""b9ac80d94b78d35b73ee1e5e0af67f97""}]"
Nintendo SNES/Crayon Shin-chan - Arashi wo yobu Enji.uac	crs.rsn	"[{""Algorithm"":""BLAKE3-256"",""Digest"":""1cb27a801fc729b07d8d435a7a19706cd59c354f61b53321b146aef8aeb2fc2f""},{""Algorithm"":""CRC32"",""Digest"":""166BA2DA""},{""Algorithm"":""SHA-1"",""Digest"":""c820e0b7916e2b45046f1ffd23c3843fe53712db""},{""Algorithm"":""MD5"",""Digest"":""0d7f7508f68dda75c410e161e6b67eb0""}]"
Nintendo SNES/Crayon Shin-chan - Nagagutsu Dobon!!.uac	crsnd.rsn	"[{""Algorithm"":""BLAKE3-256"",""Digest"":""5e9aadde66ae68561f27ffa7d871f895b866d012fd21033987f3a28735600c4a""},{""Algorithm"":""CRC32"",""Digest"":""FED7D8F0""},{""Algorithm"":""SHA-1"",""Digest"":""cda0c6a3a4ade8e8df4f5a0f471f56dbd1d229d8""},{""Algorithm"":""MD5"",""Digest"":""7ca0bf48a3f89f496cbb0d20c420d1b5""}]"
Nintendo SNES/Crayon Shin-chan 2.uac	crs2.rsn	"[{""Algorithm"":""BLAKE3-256"",""Digest"":""c17af25c60ab0d1762da5c694371a99ab9cda2ad6c9dfa974528d4014603d360""},{""Algorithm"":""CRC32"",""Digest"":""6F2B4C03""},{""Algorithm"":""SHA-1"",""Digest"":""549a0b3c1987631fa5450f51684ecfbcd0ef439d""},{""Algorithm"":""MD5"",""Digest"":""eb6cb2bb5e3a4b885fa1c88a06b980fa""}]"
Nintendo SNES/Crystal Beans - From Dungeon Explorer.uac	cb.rsn	"[{""Algorithm"":""BLAKE3-256"",""Digest"":""4dd8ca0205a8b623729a8914ad56d011743b6aac850524a11003f5115889ff7f""},{""Algorithm"":""CRC32"",""Digest"":""71320744""},{""Algorithm"":""SHA-1"",""Digest"":""cfe8a3f38018456a8bc3a7d6994b66038cc726eb""},{""Algorithm"":""MD5"",""Digest"":""3063ae95e88c24efb08007def2c4d26a""}]"
Nintendo SNES/Cu-On-Pa.uac	cop.rsn	"[{""Algorithm"":""BLAKE3-256"",""Digest"":""7da39972f57da0290ba0665fbfcdb0cf2799b9be7d1f9282841a6a718d29ba0e""},{""Algorithm"":""CRC32"",""Digest"":""287B5BE0""},{""Algorithm"":""SHA-1"",""Digest"":""b5ce6e6d8244393f08de74edc2dc40cd1e6dd185""},{""Algorithm"":""MD5"",""Digest"":""6896235ef49c5ebb47581c8d5b056faf""}]"
Nintendo SNES/Cute Angela - Great Journey.uac	cagj.rsn	"[{""Algorithm"":""BLAKE3-256"",""Digest"":""e2434121fd05650a4fb5788e7e7e6f2a980621d6a7f4c6fbe2f151ad9eb2ad91""},{""Algorithm"":""CRC32"",""Digest"":""B73C74B2""},{""Algorithm"":""SHA-1"",""Digest"":""af45f6a0848f4aa42587b398b1acac0aeae8dd53""},{""Algorithm"":""MD5"",""Digest"":""bd24f016821d4bf2172138e0322887b6""}]"
Nintendo SNES/Cutthroat Island.uac	cti.rsn	"[{""Algorithm"":""BLAKE3-256"",""Digest"":""2ffac8f54a1c9f9aad4fe368594ebc9426bdd79b5c78a79e9439b1e259d1edad""},{""Algorithm"":""CRC32"",""Digest"":""1B067672""},{""Algorithm"":""SHA-1"",""Digest"":""1867da6e89cc821444d8ee329bb25872efcb2c13""},{""Algorithm"":""MD5"",""Digest"":""daae44516c37d849575e73246509b1ed""}]"
Nintendo SNES/Cyber Knight 2.uac	ck2.rsn	"[{""Algorithm"":""BLAKE3-256"",""Digest"":""bbd0df1c1ae7f99c8e1ff2b38fce6fa4cbec904f5165a1a430db02026e5d52e9""},{""Algorithm"":""CRC32"",""Digest"":""C1745EE0""},{""Algorithm"":""SHA-1"",""Digest"":""37db0989d593f1b5aebdb302d975a9ddc0aa28de""},{""Algorithm"":""MD5"",""Digest"":""7385dafd9885d647a0ab46af2dcad0c4""}]"
Nintendo SNES/Cyber Knight.uac	ck.rsn	"[{""Algorithm"":""BLAKE3-256"",""Digest"":""4045c5ad58edc39d6fc9bc1d080db388ab9dc67dd41b63ab4e290830baf9fff2""},{""Algorithm"":""CRC32"",""Digest"":""4BF8E757""},{""Algorithm"":""SHA-1"",""Digest"":""573808f4185235d14691bfbef7164d4828d137f5""},{""Algorithm"":""MD5"",""Digest"":""51d7729707079e7b02ff29f96d4ad510""}]"
Nintendo SNES/Cybernator.uac	cn.rsn	"[{""Algorithm"":""BLAKE3-256"",""Digest"":""d2e5a3262e28c575ef494ecc07a732aba29a90ef6be69b5fcc5c53f085c88f5c""},{""Algorithm"":""CRC32"",""Digest"":""A8242FEC""},{""Algorithm"":""SHA-1"",""Digest"":""55b173784cd6c8ff86a9a87aa4f77569cf5b50ee""},{""Algorithm"":""MD5"",""Digest"":""381e311e7b50d2bb830745d82372c3ea""}]"
Nintendo SNES/Cyborg 009.uac	cb9.rsn	"[{""Algorithm"":""BLAKE3-256"",""Digest"":""2810278b69d502a46d047ae99c7ce3224401e6ec0de1e42f2d752e9b1f5101c8""},{""Algorithm"":""CRC32"",""Digest"":""4EC11009""},{""Algorithm"":""SHA-1"",""Digest"":""0b5e55fac437136fe919a20b309d2c33a4e62f2e""},{""Algorithm"":""MD5"",""Digest"":""59178c5cee8360b9a4d29b28fc130fbf""}]"
Nintendo SNES/Daffy Duck - The Marvin Missions.uac	marv.rsn	"[{""Algorithm"":""BLAKE3-256"",""Digest"":""c13c21c81d159f845da67f06d8a93e829474d07fe8c3d925c47cb42f537547b3""},{""Algorithm"":""CRC32"",""Digest"":""72F97099""},{""Algorithm"":""SHA-1"",""Digest"":""8b3e7849f1e105c65cd6e56bd36551214443247c""},{""Algorithm"":""MD5"",""Digest"":""bd2212aec39fef7c35a129bf89a2b0c0""}]"
Nintendo SNES/Dai Kaiju Monogatari.uac	dkm.rsn	"[{""Algorithm"":""BLAKE3-256"",""Digest"":""005452badded8819bde3ed2d5db7a4ee2bd65759e73dcf0f866c23d616ef4fe6""},{""Algorithm"":""CRC32"",""Digest"":""86040D0E""},{""Algorithm"":""SHA-1"",""Digest"":""06074e3f0cc111705dab82d749570c76e3e23a2d""},{""Algorithm"":""MD5"",""Digest"":""da4b7b453f16ca33c1cca31b119f1f23""}]"
Nintendo SNES/Dai Koukai Jidai 2 (Uncharted Waters - New Horizons).uac	uw2.rsn	"[{""Algorithm"":""BLAKE3-256"",""Digest"":""b0753b0d28eb2be7b642632d6d59d185f220a56308f7ee3af2e31603623fe3a9""},{""Algorithm"":""CRC32"",""Digest"":""2DC57DCE""},{""Algorithm"":""SHA-1"",""Digest"":""047dfa6e1fc40718277b7c890d269018beef7092""},{""Algorithm"":""MD5"",""Digest"":""fc8165372a644e08df8bfab06f46f542""}]"
Nintendo SNES/Daisenryaku Expert WWII.uac	de2.rsn	"[{""Algorithm"":""BLAKE3-256"",""Digest"":""431f36fe16b8ec3c66eb5f8208825589b5f8d8cf39576e321f2e4e615b107f54""},{""Algorithm"":""CRC32"",""Digest"":""B515CA75""},{""Algorithm"":""SHA-1"",""Digest"":""f6dcd1938a4524fed87cebe12e94f32f13bf7e35""},{""Algorithm"":""MD5"",""Digest"":""23c7808d14685f09636c9758f8d2d10a""}]"
Nintendo SNES/Daisenryaku Expert.uac	de.rsn	"[{""Algorithm"":""BLAKE3-256"",""Digest"":""f2e7658de3ded4b3aca09819ced35789fbd56c84b2c3b03f07a745c5e9bd9817""},{""Algorithm"":""CRC32"",""Digest"":""4AD280C4""},{""Algorithm"":""SHA-1"",""Digest"":""0f097790a8524b80012880dc888b63f90a3b7f7a""},{""Algorithm"":""MD5"",""Digest"":""18052ccd7b10ef59ec2aa6e2bd01c398""}]"
Nintendo SNES/Darius Force (Super Nova).uac	df.rsn	"[{""Algorithm"":""BLAKE3-256"",""Digest"":""6b16fae89e8e0186b1f108997612e77dee84550457213c2588b382ac6c54c3ef""},{""Algorithm"":""CRC32"",""Digest"":""EBD90303""},{""Algorithm"":""SHA-1"",""Digest"":""a191af0415e2b0c04d30638c640b19388f786992""},{""Algorithm"":""MD5"",""Digest"":""b4cdcbd3f1470d39efddaf7c3cbdc025""}]"
Nintendo SNES/Darius Twin.uac	dtwin.rsn	"[{""Algorithm"":""BLAKE3-256"",""Digest"":""b2e02416bf30b4f25a206b394b3c292c2a4110f1597dee803bde392643893228""},{""Algorithm"":""CRC32"",""Digest"":""77BB25B7""},{""Algorithm"":""SHA-1"",""Digest"":""0053172e3d43c9f6339736f826b189fa40b1ffe8""},{""Algorithm"":""MD5"",""Digest"":""d4515d8f705526a034e58e8d4bfe49b9""}]"
Nintendo SNES/Dark Half.uac	daha.rsn	"[{""Algorithm"":""BLAKE3-256"",""Digest"":""c259ed099c145d0f26f1cbe10f14b6f4da465305b1389ef466e783d644f38ed7""},{""Algorithm"":""CRC32"",""Digest"":""1CB73AED""},{""Algorithm"":""SHA-1"",""Digest"":""9bbd79ed1f995c624c7f848d682a35febad31b7b""},{""Algorithm"":""MD5"",""Digest"":""3ba095de27ae157a10ba5bcc12bed1cb""}]"
Nintendo SNES/Dark Kingdom.uac	dark.rsn	"[{""Algorithm"":""BLAKE3-256"",""Digest"":""e8f65e6758d281b1a41786d594e1d34fd20cec8358459485c4a63df3bd1d39e5""},{""Algorithm"":""CRC32"",""Digest"":""F53A5872""},{""Algorithm"":""SHA-1"",""Digest"":""22ac42426fffa6f8bb6203c4586b6c73b6dc7266""},{""Algorithm"":""MD5"",""Digest"":""40a64fb6d87486d172ce7a9e99038631""}]"
Nintendo SNES/Dark Law - Meaning of Death (JP).uac	dala.rsn	"[{""Algorithm"":""BLAKE3-256"",""Digest"":""f3284c6450de5f4c5e198d8989285b2882890114716a39beae2287b346049de8""},{""Algorithm"":""CRC32"",""Digest"":""AF996B40""},{""Algorithm"":""SHA-1"",""Digest"":""c0385b1cf896b8979d5b42005e9671a4eb5255d2""},{""Algorithm"":""MD5"",""Digest"":""ea607e3327127e75af216b916233a083""}]"
Nintendo SNES/Date Kimiko no Virtual Tennis.uac	dkvt.rsn	"[{""Algorithm"":""BLAKE3-256"",""Digest"":""2492c51aa293f31940d1e58db7f110dada40058d479e804073d7e038d58697b8""},{""Algorithm"":""CRC32"",""Digest"":""75028123""},{""Algorithm"":""SHA-1"",""Digest"":""ea1d913f88c56cc8574a80c2fa170d0f6a8dc2f0""},{""Algorithm"":""MD5"",""Digest"":""f65c05da5c0ee9e2bd0984d52e04d9d5""}]"
Nintendo SNES/David Crane's Amazing Tennis.uac	dcat.rsn	"[{""Algorithm"":""BLAKE3-256"",""Digest"":""572bdc1a9cd1b86eb458244cd7784a8d96725da5f0e8b61c1b284b6c218326cf""},{""Algorithm"":""CRC32"",""Digest"":""A9CA98E4""},{""Algorithm"":""SHA-1"",""Digest"":""1ec8b4b38bc3f61a3f456faa3731fd1b32a6a250""},{""Algorithm"":""MD5"",""Digest"":""337b253f2faa90e75943e1736d4ebde3""}]"
Nintendo SNES/Daze Before Christmas.uac	dbc.rsn	"[{""Algorithm"":""BLAKE3-256"",""Digest"":""62897841dd1f86573924fd1b1b0a8214128574dc93676c08f4c6bdaed77a6b51""},{""Algorithm"":""CRC32"",""Digest"":""D50FD463""},{""Algorithm"":""SHA-1"",""Digest"":""3f0e06084d4467502337f6d6eb38d3581ffaf0e2""},{""Algorithm"":""MD5"",""Digest"":""50b7e0a032495e22620e82352d562f21""}]"
Nintendo SNES/Deae Tonosama Appare Ichiban (JP).uac	dtai.rsn	"[{""Algorithm"":""BLAKE3-256"",""Digest"":""4b66282fe3a30791d27de631ddc15472386cb1e083e6f892318c3e2427d63e74""},{""Algorithm"":""CRC32"",""Digest"":""4F0D35B1""},{""Algorithm"":""SHA-1"",""Digest"":""31c7e4c17566778d72057d20f32f5bb25d08e9c7""},{""Algorithm"":""MD5"",""Digest"":""dc833eee4e621fb62bf7dc8bb04ec837""}]"
Nintendo SNES/Dear Boys.uac	dboys.rsn	"[{""Algorithm"":""BLAKE3-256"",""Digest"":""8b36bb9821f862762561aea4981beb4256cbba98d58c3ac6936684afb9ee7beb""},{""Algorithm"":""CRC32"",""Digest"":""E0342903""},{""Algorithm"":""SHA-1"",""Digest"":""19d3a57f7b44bbbdbd69fd2cc15c9de21ac4c01b""},{""Algorithm"":""MD5"",""Digest"":""5e1e9fc83fbd6c145351c48b162d33e4""}]"
Nintendo SNES/Death Brade.uac	dbra.rsn	"[{""Algorithm"":""BLAKE3-256"",""Digest"":""9cf59e1d37a58486c887c116eb48021685206f3b7e19092740fd794292884b22""},{""Algorithm"":""CRC32"",""Digest"":""02AAA147""},{""Algorithm"":""SHA-1"",""Digest"":""65fe6f1ed80df48a9ad6e171d22c3ddace6fe7c0""},{""Algorithm"":""MD5"",""Digest"":""08bb16380585c48f50c9b9d99d51666f""}]"
Nintendo SNES/Death and Return of Superman, The.uac	dars.rsn	"[{""Algorithm"":""BLAKE3-256"",""Digest"":""60e03005c6749967b8a7ee54c49fc0154358cacac5a2aed16a004613fce330bc""},{""Algorithm"":""CRC32"",""Digest"":""D10263AE""},{""Algorithm"":""SHA-1"",""Digest"":""0a295e5539f6f0be7365f18dfc52f0a7da206c97""},{""Algorithm"":""MD5"",""Digest"":""5d018857c4485daca0227462f600b8c4""}]"
Nintendo SNES/Demolition Man.uac	deman.rsn	"[{""Algorithm"":""BLAKE3-256"",""Digest"":""b070a0cb075680809fb7896d025ce8f13c36b745031b34e8f7f00ebf5a1cebf2""},{""Algorithm"":""CRC32"",""Digest"":""02227F20""},{""Algorithm"":""SHA-1"",""Digest"":""262cfeb574da9ce11654d069574f217e3eb6084f""},{""Algorithm"":""MD5"",""Digest"":""96a01a84571b66a6fb103aa19794e725""}]"
Nintendo SNES/Demon of Laplace.uac	dlp.rsn	"[{""Algorithm"":""BLAKE3-256"",""Digest"":""7f67f7e40d51eed0a60efd18993db13c228f9411f3cc0880e86e44267fd29c4a""},{""Algorithm"":""CRC32"",""Digest"":""68EE2EED""},{""Algorithm"":""SHA-1"",""Digest"":""0933a7284c162c1ea2eab66b9d62b13bdadcc23c""},{""Algorithm"":""MD5"",""Digest"":""4ca219d752522374b26023f899c5fd50""}]"
Nintendo SNES/Demon's Crest.uac	dc.rsn	"[{""Algorithm"":""BLAKE3-256"",""Digest"":""4811e0ad82d473d185031268ce61edf956106e611bfd74f7fb066fa91af269c4""},{""Algorithm"":""CRC32"",""Digest"":""CE88136B""},{""Algorithm"":""SHA-1"",""Digest"":""46c8f3900aa79ac42e84e90ce13341e3c03819ae""},{""Algorithm"":""MD5"",""Digest"":""79914fb153d0c8c2bce3f89cbc73ffe5""}]"
Nintendo SNES/Dennis the Menace.uac	dtm.rsn	"[{""Algorithm"":""BLAKE3-256"",""Digest"":""d7bcd3238326c9b549aaf1a4a655814b5d924d57c67b0126aef02bb5d44cd452""},{""Algorithm"":""CRC32"",""Digest"":""D96C8D5A""},{""Algorithm"":""SHA-1"",""Digest"":""b01412d77d82b40fe00a1aa59e293aa8914236b7""},{""Algorithm"":""MD5"",""Digest"":""925e2d40847245e08253de8ff1ad2bea""}]"
Nintendo SNES/Der Langrisser.uac	dl.rsn	"[{""Algorithm"":""BLAKE3-256"",""Digest"":""df5031896d0e861eb8039117c28f36a9f1374b68c413ee70bc1070d48d340c66""},{""Algorithm"":""CRC32"",""Digest"":""1FE555FB""},{""Algorithm"":""SHA-1"",""Digest"":""68f472711b2a7d0cab9739b94fadd7373f693cb5""},{""Algorithm"":""MD5"",""Digest"":""f8c4731f58e7096894e29e06c79f03be""}]"
Nintendo SNES/Derby Jockey 2.uac	dj2.rsn	"[{""Algorithm"":""BLAKE3-256"",""Digest"":""0386ee4e296fcc4c83cec76d8cb3f7872e11f5f58a87ab4fc3ad05a650cc4354""},{""Algorithm"":""CRC32"",""Digest"":""86892ABF""},{""Algorithm"":""SHA-1"",""Digest"":""b60704ccacbb2b9208b3824f9d807120e2417cee""},{""Algorithm"":""MD5"",""Digest"":""b57842b75a38226466db243f358e5446""}]"
Nintendo SNES/Derby Jockey.uac	dj.rsn	"[{""Algorithm"":""BLAKE3-256"",""Digest"":""f1bd161985282a5117c29a6ecdcfe9fbdeb1a14a734e94da51d3c89c0ee3a157""},{""Algorithm"":""CRC32"",""Digest"":""5390D5EE""},{""Algorithm"":""SHA-1"",""Digest"":""ed9ead315be41c3e460ee65c229e32a24c4a96b9""},{""Algorithm"":""MD5"",""Digest"":""c011242dc9caf9a3cdf80814acb30e50""}]"
Nintendo SNES/Desert Strike - Return to the Gulf.uac	dsrg.rsn	"[{""Algorithm"":""BLAKE3-256"",""Digest"":""b11ff142a19983a795936d70276384676600fb0b9fb9c113ca2dcf7d35c03fb3""},{""Algorithm"":""CRC32"",""Digest"":""4E832451""},{""Algorithm"":""SHA-1"",""Digest"":""66a3509970accc601935fc421997a47c6e1553ec""},{""Algorithm"":""MD5"",""Digest"":""88bbe20a5b917f64988c86ebc441af39""}]"
Nintendo SNES/Dharma Doujou.uac	dhdo.rsn	"[{""Algorithm"":""BLAKE3-256"",""Digest"":""5d8d103259add129bb36eb3bdd03228eec4b31f750faf0fb96b5423a29b2432b""},{""Algorithm"":""CRC32"",""Digest"":""35E90131""},{""Algorithm"":""SHA-1"",""Digest"":""544ce1f44590c84947987ad298b19e02cb4b7a2c""},{""Algorithm"":""MD5"",""Digest"":""5fb0833cebe679f6206791f17bb75f48""}]"
Nintendo SNES/Dimension Force.uac	difo.rsn	"[{""Algorithm"":""BLAKE3-256"",""Digest"":""e5638ced6d3870184c2949dbb7c93737306e96199390145b2da0618fbfcdb8b9""},{""Algorithm"":""CRC32"",""Digest"":""B651C3BD""},{""Algorithm"":""SHA-1"",""Digest"":""4a0b1bf75539164cc9d9d83b05abfdc74ac269be""},{""Algorithm"":""MD5"",""Digest"":""d040678ec1551f05646bbd5c409b555e""}]"
Nintendo SNES/Dino Dini's Soccer.uac	dds.rsn	"[{""Algorithm"":""BLAKE3-256"",""Digest"":""91b24424a714b39a7dff602b61619cf3e14d887f7ce4ccc00f94b18de764018b""},{""Algorithm"":""CRC32"",""Digest"":""B426660B""},{""Algorithm"":""SHA-1"",""Digest"":""76568b70b0bc31002e2eaaa1e87d27ef416734a9""},{""Algorithm"":""MD5"",""Digest"":""64f686fbfe92e4f2588548056c47db85""}]"
Nintendo SNES/Dirt Racer.uac	dirt.rsn	"[{""Algorithm"":""BLAKE3-256"",""Digest"":""ce9bd1a16c0ab053da52198ddde82cb40ec2bfcf6d1686e99bd06d9d292df974""},{""Algorithm"":""CRC32"",""Digest"":""C9A3A610""},{""Algorithm"":""SHA-1"",""Digest"":""fe4c41517be264cc91896df109222f46034667d5""},{""Algorithm"":""MD5"",""Digest"":""f5b32718c08cd59b69daf1fc31d5da35""}]"
Nintendo SNES/Dirt Trax FX.uac	dtfx.rsn	"[{""Algorithm"":""BLAKE3-256"",""Digest"":""1c0e648754ef840509820572cb3ed6199f69d246476958ae98ad4b2403b9888a""},{""Algorithm"":""CRC32"",""Digest"":""1274A914""},{""Algorithm"":""SHA-1"",""Digest"":""bbce8557804e069653fa4d24758885986ef7fb2f""},{""Algorithm"":""MD5"",""Digest"":""81e0a9ae95bab6ae0ff94715eaea0bd1""}]"
Nintendo SNES/Do-Re-Mi Fantasy - Milon no DokiDoki Daibouken.uac	drmf.rsn	"[{""Algorithm"":""BLAKE3-256"",""Digest"":""3d98ad6748a8fab65d16a61483915396b238d17492956f6aaa78ec526c71f768""},{""Algorithm"":""CRC32"",""Digest"":""3206666D""},{""Algorithm"":""SHA-1"",""Digest"":""1fbd6dca51b9426ca226f3fabf009ed766d221a2""},{""Algorithm"":""MD5"",""Digest"":""521cd42437ebf1e127d5f76d10a4e8af""}]"
Nintendo SNES/Dokapon 321.uac	doka.rsn	"[{""Algorithm"":""BLAKE3-256"",""Digest"":""b584f3a15703798513405f7143bcb26918c837331743151605aa82658c02affa""},{""Algorithm"":""CRC32"",""Digest"":""C8E13A41""},{""Algorithm"":""SHA-1"",""Digest"":""253b9bc74091c7ffa487c77c7c7ee38505e93a82""},{""Algorithm"":""MD5"",""Digest"":""4dcfef90d7d093d7f05f26daa7f3e198""}]"
Nintendo SNES/Dolucky no Puzzle Tour '94.uac	dlpt.rsn	"[{""Algorithm"":""BLAKE3-256"",""Digest"":""6069fc39543f1494271c7f7e2606ad44789dccd1d0ad1c1cbdc237ff8a1d0e78""},{""Algorithm"":""CRC32"",""Digest"":""EC604027""},{""Algorithm"":""SHA-1"",""Digest"":""b5725d6f1ed6f9a993b9f038850ed90c1ef835ca""},{""Algorithm"":""MD5"",""Digest"":""b2b6ac3a43c15b1a95596bec14271b39""}]"
Nintendo SNES/Dolucky's A-League Soccer.uac	dals.rsn	"[{""Algorithm"":""BLAKE3-256"",""Digest"":""93ec70e396bebff2f1a9f4867056b46a799d79c173d019372bf5cbcc2e1f3e03""},{""Algorithm"":""CRC32"",""Digest"":""C460F57F""},{""Algorithm"":""SHA-1"",""Digest"":""f735260f4dc854dd4e591e0dca3540cbd825af83""},{""Algorithm"":""MD5"",""Digest"":""19d76a36a429cda85e916420a0af5dcc""}]"
Nintendo SNES/Dolucky's Kusa Yakyu.uac	dky.rsn	"[{""Algorithm"":""BLAKE3-256"",""Digest"":""33bd263b35cbb0629678459a8e92e90f2e646133b57b4ab4c7f9d24c740a9dce""},{""Algorithm"":""CRC32"",""Digest"":""3B1B5A08""},{""Algorithm"":""SHA-1"",""Digest"":""37b9ab1a9adf7ce46f40234f7bc53aab85cc27e2""},{""Algorithm"":""MD5"",""Digest"":""b37463611f8d6279ef762e354d4e7e81""}]"
Nintendo SNES/Donald Duck - Mahou no Boushi.uac	ddmb.rsn	"[{""Algorithm"":""BLAKE3-256"",""Digest"":""c82de50f9091bbdbcc533f3b90e3862566431ba5a379efd92dd762497a889320""},{""Algorithm"":""CRC32"",""Digest"":""355051EB""},{""Algorithm"":""SHA-1"",""Digest"":""03723f8dab792a7dc3e0ffd230e4077b851c5a97""},{""Algorithm"":""MD5"",""Digest"":""37fe804674ada1b6056d52761173df7d""}]"
Nintendo SNES/Donkey Kong Country 2.uac	dkq.rsn	"[{""Algorithm"":""BLAKE3-256"",""Digest"":""3bd3df986440843b2bff6d3fe48217ecbc22884a6f51c3b62f20f0e5d61ca64f""},{""Algorithm"":""CRC32"",""Digest"":""B9025D7B""},{""Algorithm"":""SHA-1"",""Digest"":""8ce9da9640d6d4c2d588906fb8011dcbd1c3ce4b""},{""Algorithm"":""MD5"",""Digest"":""ea30b14fb078d159715f34e7a66c0392""}]"
Nintendo SNES/Donkey Kong Country 3.uac	dkdt.rsn	"[{""Algorithm"":""BLAKE3-256"",""Digest"":""4cf55706b4f5023a65c3ce7d334f09d918289cc46be86a2c046e68a5c1529c6b""},{""Algorithm"":""CRC32"",""Digest"":""E3D1217E""},{""Algorithm"":""SHA-1"",""Digest"":""7bd5c95a7a7a6c8a2939dc0e7bea2a0ab65100d4""},{""Algorithm"":""MD5"",""Digest"":""356d56875ff8840eb542e3ec527c7a5a""}]"
Nintendo SNES/Donkey Kong Country.uac	dkc.rsn	"[{""Algorithm"":""BLAKE3-256"",""Digest"":""b52ce78559366dde732259bf2ed4c65c98d9c8740631016aa2142aff3cb35e93""},{""Algorithm"":""CRC32"",""Digest"":""9A2A3B81""},{""Algorithm"":""SHA-1"",""Digest"":""84a770970c0ca762ec85169449935d2055425e7f""},{""Algorithm"":""MD5"",""Digest"":""5bbf09a697d6e99ee7f17de0968d1875""}]"
Nintendo SNES/Doom Troopers (US).uac	dtr.rsn	"[{""Algorithm"":""BLAKE3-256"",""Digest"":""c42462172ca6ed41d1ec055c53c8e71d1ea6cf317eb78e6c138ce77df546d88b""},{""Algorithm"":""CRC32"",""Digest"":""BC9A00CF""},{""Algorithm"":""SHA-1"",""Digest"":""449290abfe29ec7ae669f4c545e03ac0b1d69d2e""},{""Algorithm"":""MD5"",""Digest"":""73c7a68cb718e4a76057618a596d038d""}]"
Nintendo SNES/Doom.uac	doom.rsn	"[{""Algorithm"":""BLAKE3-256"",""Digest"":""a03c970f885675b462719a94aba0cc4b21ebf8aee157bf23533da6d9a19f1df8""},{""Algorithm"":""CRC32"",""Digest"":""45392CEF""},{""Algorithm"":""SHA-1"",""Digest"":""10b75607fa8220f3504ec1ff1ab892dc08cc557a""},{""Algorithm"":""MD5"",""Digest"":""3d5c226e0cd1d0ed06101ad482cb3c28""}]"
Nintendo SNES/Doraemon 2 - Nobita no Toys Land Daibouken (JP).uac	dor2.rsn	"[{""Algorithm"":""BLAKE3-256"",""Digest"":""2bcff44625de82c49fcf8d9a7e7e8a2f62258a727eade8f5ecebd8441fd25582""},{""Algorithm"":""CRC32"",""Digest"":""64B78534""},{""Algorithm"":""SHA-1"",""Digest"":""f5bb08139a61008bee5c347e64c5424421241352""},{""Algorithm"":""MD5"",""Digest"":""2e6af8f69375937e53972188f04e0532""}]"
Nintendo SNES/Doraemon 3.uac	dor3.rsn	"[{""Algorithm"":""BLAKE3-256"",""Digest"":""001faf2f5cb383efab4f629ec5f580ebc47e319001bb9dd7be0033c1d179b2b8""},{""Algorithm"":""CRC32"",""Digest"":""7899F628""},{""Algorithm"":""SHA-1"",""Digest"":""d4b65e5ece5cfbd201298002c25437eab86c3677""},{""Algorithm"":""MD5"",""Digest"":""505bc32c49eb0bb7de9ef545e257bf5c""}]"
Nintendo SNES/Doraemon 4.uac	dor4.rsn	"[{""Algorithm"":""BLAKE3-256"",""Digest"":""be9e097059233edecedcd781873feeac98c227f214db269ecd30ef2f8789b034""},{""Algorithm"":""CRC32"",""Digest"":""F0BFF0B1""},{""Algorithm"":""SHA-1"",""Digest"":""b555d467bc2cf3ff37db34e4e2fe42e84dee7abd""},{""Algorithm"":""MD5"",""Digest"":""4f5e7ebcfc391323365369303965f9b9""}]"
Nintendo SNES/Doraemon.uac	dor.rsn	"[{""Algorithm"":""BLAKE3-256"",""Digest"":""0ca03a5f5abeb39fe74dcc0119de16b175dd361b83cf9ab926c13dd04dbac915""},{""Algorithm"":""CRC32"",""Digest"":""90A73690""},{""Algorithm"":""SHA-1"",""Digest"":""6fbecca180bc8eda30c5cf5ef3c88c6bd45e9a77""},{""Algorithm"":""MD5"",""Digest"":""d446b81be57cbf8218f32051b7e8d2db""}]"
Nintendo SNES/Dorque and Imp.uac	dqai.rsn	"[{""Algorithm"":""BLAKE3-256"",""Digest"":""b59de0225b9074801e43643751c7643abc10b944bb5cfc359be1e22864ca54ba""},{""Algorithm"":""CRC32"",""Digest"":""7B7B8FAA""},{""Algorithm"":""SHA-1"",""Digest"":""86c3f1f350e03d514979edf863f19cc1975f8b80""},{""Algorithm"":""MD5"",""Digest"":""882b92a5f2453832abbd9b939728c19d""}]"
Nintendo SNES/Dossun! Ganseki Battle (JP).uac	dgb.rsn	"[{""Algorithm"":""BLAKE3-256"",""Digest"":""86e0400a3dceefca88e91e85b4e6e79156f6e91b178ab02cec4f4204c683c877""},{""Algorithm"":""CRC32"",""Digest"":""1A37CED2""},{""Algorithm"":""SHA-1"",""Digest"":""86badfa7d198ce5f5345a10babec00a20b112550""},{""Algorithm"":""MD5"",""Digest"":""e3829561f697dcfc708a2c0f162bd93d""}]"
Nintendo SNES/Double Dragon 5.uac	dd5.rsn	"[{""Algorithm"":""BLAKE3-256"",""Digest"":""b8ae4a1f2fe2e58bdbe6390459e681d4931c3f32940e1fe6720c9ce485a468e1""},{""Algorithm"":""CRC32"",""Digest"":""80ABDA4A""},{""Algorithm"":""SHA-1"",""Digest"":""fd889a871f2c2d4643665f9be0f3568e7114d5ec""},{""Algorithm"":""MD5"",""Digest"":""7b30be66c82fb7cb1f247a424aaad503""}]"
Nintendo SNES/Doukyuusei 2.uac	dks2.rsn	"[{""Algorithm"":""BLAKE3-256"",""Digest"":""a3349fe301707b10e26dca90e0d776f2a6faeae033558270b8ce95d03d597fed""},{""Algorithm"":""CRC32"",""Digest"":""9646F7BE""},{""Algorithm"":""SHA-1"",""Digest"":""c9276c335714efec08d74c8eb6f72653940455e3""},{""Algorithm"":""MD5"",""Digest"":""958a5bee52be397de1c3f23446ac58f6""}]"
Nintendo SNES/Down the World.uac	dtw.rsn	"[{""Algorithm"":""BLAKE3-256"",""Digest"":""1c3ae57b83deab9e46700aa26197363a94a7f02c9862ba44f35fd620d0e64777""},{""Algorithm"":""CRC32"",""Digest"":""96780B13""},{""Algorithm"":""SHA-1"",""Digest"":""f3078c03a5d3de38670551145d61bab5f8cb1c86""},{""Algorithm"":""MD5"",""Digest"":""51ade7c6ef799d963e896442290ff822""}]"
Nintendo SNES/Downtown Nekketsu Baseball Monogatari.uac	dnbm.rsn	"[{""Algorithm"":""BLAKE3-256"",""Digest"":""6383b7599cc1d4f3e6459d8937970f48a186dc52963df8ca79a014a19cb1fda3""},{""Algorithm"":""CRC32"",""Digest"":""A0C62FF9""},{""Algorithm"":""SHA-1"",""Digest"":""9188fbc437204afc002a2c34be4380029f6c5465""},{""Algorithm"":""MD5"",""Digest"":""cad9845d79a0d0e86f6b0c0647837976""}]"
Nintendo SNES/Dracula X (Castlevania V - Vampire's Kiss).uac	dx.rsn	"[{""Algorithm"":""BLAKE3-256"",""Digest"":""456f74468d96136fca42c9f187990728eb4b21761a1de4eecaa8940a3ed01e02""},{""Algorithm"":""CRC32"",""Digest"":""54DEC76C""},{""Algorithm"":""SHA-1"",""Digest"":""c7d9c3c88ab342872abe36dfe38b4312b8e1da44""},{""Algorithm"":""MD5"",""Digest"":""3a631f568a24021ba45fb697e821d122""}]"
Nintendo SNES/Dragon - The Bruce Lee Story.uac	dbls.rsn	"[{""Algorithm"":""BLAKE3-256"",""Digest"":""3cb1f2d375ec2a219ee718baad6c3af46a526f91034366ff76154e834e576da7""},{""Algorithm"":""CRC32"",""Digest"":""B27E521F""},{""Algorithm"":""SHA-1"",""Digest"":""0f3a6484e9c6ec8f886f71725dbd5a9fff8aabb4""},{""Algorithm"":""MD5"",""Digest"":""03000d3a234c90e318a97b900101e530""}]"
Nintendo SNES/Dragon Ball Z - Hyper Dimension.uac	dbhd.rsn	"[{""Algorithm"":""BLAKE3-256"",""Digest"":""80576472c7389a027682e7c27d520624a27db6a1377fe4f68513e38537b8b76e""},{""Algorithm"":""CRC32"",""Digest"":""005A4CCD""},{""Algorithm"":""SHA-1"",""Digest"":""606bcccba33a9ac71310fa736ecba81b5a662e31""},{""Algorithm"":""MD5"",""Digest"":""92a3d4ce0e3be12c58d00c7e4528f100""}]"
Nintendo SNES/Dragon Ball Z - Super Butouden 3.uac	dbzb3.rsn	"[{""Algorithm"":""BLAKE3-256"",""Digest"":""91dcfb0462100018cd270f5b2893d31ab668c45d63c22251eabc71bf79785d19""},{""Algorithm"":""CRC32"",""Digest"":""0DA7027D""},{""Algorithm"":""SHA-1"",""Digest"":""9d4f763cef6ad743eb3f5b0365d53f357a3e3a30""},{""Algorithm"":""MD5"",""Digest"":""5ea2afaf1cc2a3984b68be1d5d4968e4""}]"
Nintendo SNES/Dragon Ball Z - Super Butouden.uac	dbzb.rsn	"[{""Algorithm"":""BLAKE3-256"",""Digest"":""6c1dcb9db9fcd470e49def115bb3071925d32cc089db004f7fea72723454905f""},{""Algorithm"":""CRC32"",""Digest"":""2330BF83""},{""Algorithm"":""SHA-1"",""Digest"":""cd22502d321211da5be3edd0bbf8124fc6957702""},{""Algorithm"":""MD5"",""Digest"":""171cd6831c4eb08c4c7602f65bd2c6e4""}]"
Nintendo SNES/Dragon Ball Z RPG - Legend of the Super Saiya-jin.uac	dbzr.rsn	"[{""Algorithm"":""BLAKE3-256"",""Digest"":""b92e54dca047ceb6ba9685fa19f16716c6b98196042a55526b97d89e3abe5938""},{""Algorithm"":""CRC32"",""Digest"":""8134C840""},{""Algorithm"":""SHA-1"",""Digest"":""79e04d3bba65a1e45a2640c833206d8d968cca43""},{""Algorithm"":""MD5"",""Digest"":""d10485992c9fdb4943e812a6728f8c54""}]"
Nintendo SNES/Dragon Ball Z Super Gokuden - Totsugeki-Hen.uac	dbth.rsn	"[{""Algorithm"":""BLAKE3-256"",""Digest"":""90dd9459a4644a309cdb281c045773bcc3d9691f35c8e1ee393105af1c91a298""},{""Algorithm"":""CRC32"",""Digest"":""5FF7C529""},{""Algorithm"":""SHA-1"",""Digest"":""a9a7143f454b89cf29f41a9f2f4283c5a14cfd3e""},{""Algorithm"":""MD5"",""Digest"":""46ab19b3ed3e8ba9549382e989ca96d9""}]"
Nintendo SNES/Dragon Knight 4.uac	dk4.rsn	"[{""Algorithm"":""BLAKE3-256"",""Digest"":""7d188cc98badc87f6604d41b0d27f3bfb4329433e9eade28f039a286f5c5b065""},{""Algorithm"":""CRC32"",""Digest"":""B5A90FBA""},{""Algorithm"":""SHA-1"",""Digest"":""6a54346bee7749282c54e1a870e8a6b25d7f35f6""},{""Algorithm"":""MD5"",""Digest"":""642614903ca73448d3f14806bbfe7c2c""}]"
Nintendo SNES/Dragon Quest 1 & 2.uac	dq12.rsn	"[{""Algorithm"":""BLAKE3-256"",""Digest"":""ab3040e4c6e6d080acbd0c12110a473a92642ecce4b3c161b68bc6bed0f605e1""},{""Algorithm"":""CRC32"",""Digest"":""3863669D""},{""Algorithm"":""SHA-1"",""Digest"":""781e74c00a3b8893f0241fa005bbb37b27ff7259""},{""Algorithm"":""MD5"",""Digest"":""422e0e69da0ffb0685098f1a7e0b5d97""}]"
Nintendo SNES/Dragon Quest 3.uac	dq3.rsn	"[{""Algorithm"":""BLAKE3-256"",""Digest"":""13075addb6bbb8cc168de3531c349c07804cc102a5f6f5967a38d9d0ab3d62ed""},{""Algorithm"":""CRC32"",""Digest"":""A89FF571""},{""Algorithm"":""SHA-1"",""Digest"":""c0d1db4d81c6e660b99e1b07c93ab0d74f1f0d8a""},{""Algorithm"":""MD5"",""Digest"":""fd98742b3b4698a9007690a26f23873a""}]"
Nintendo SNES/Dragon Quest 5.uac	dq5.rsn	"[{""Algorithm"":""BLAKE3-256"",""Digest"":""131bf00e79b15c068be7dc9fe62b1caf3dc25ae3febee275772b76901be2eb4c""},{""Algorithm"":""CRC32"",""Digest"":""FCA27FD4""},{""Algorithm"":""SHA-1"",""Digest"":""bab3c60a166877fd3cf4fc91bcf2ef2f1e2bdad9""},{""Algorithm"":""MD5"",""Digest"":""7a100d9a694668df10fb67c36b0c20ea""}]"
Nintendo SNES/Dragon Quest 6.uac	dq6.rsn	"[{""Algorithm"":""BLAKE3-256"",""Digest"":""3c280df04154c05c67019cab8085dd69273315bf72c5d0bc1a0a36cb370d2014""},{""Algorithm"":""CRC32"",""Digest"":""E0C34F6F""},{""Algorithm"":""SHA-1"",""Digest"":""5bf1e4d39327d2f8d008f6d2c520396e1e5f4559""},{""Algorithm"":""MD5"",""Digest"":""24ea525fc58d025dac8430f8eb2fb5cb""}]"
Nintendo SNES/Dragon Slayer - The Legend of Heroes.uac	dslh.rsn	"[{""Algorithm"":""BLAKE3-256"",""Digest"":""145f9b0b44d7a127a1f448064f05a40cc46089b11abc750a23ad445ce9cd1ca6""},{""Algorithm"":""CRC32"",""Digest"":""5D63869F""},{""Algorithm"":""SHA-1"",""Digest"":""1dd21dbd9d1be375ad294d8c370b5ab877a8f0d2""},{""Algorithm"":""MD5"",""Digest"":""f3d07ec9cc558b31f3a2c8f84ca75513""}]"
Nintendo SNES/Dragon View (Drakkhen 2).uac	dv.rsn	"[{""Algorithm"":""BLAKE3-256"",""Digest"":""f7120996d2408bf5d4ff2e829f1a6f8d577c67555b507b3ac47173bd29cb4210""},{""Algorithm"":""CRC32"",""Digest"":""B22A0072""},{""Algorithm"":""SHA-1"",""Digest"":""6369b02435df31c6a5d932f645cc380e2798718f""},{""Algorithm"":""MD5"",""Digest"":""94949d67246244dceeabec97562dbec9""}]"
Nintendo SNES/Dragon's Earth (JP).uac	drea.rsn	"[{""Algorithm"":""BLAKE3-256"",""Digest"":""a4b08e4eec4a69548d8d491c10a440363af9a6e4ee3049e3be689981baae503a""},{""Algorithm"":""CRC32"",""Digest"":""47BD5254""},{""Algorithm"":""SHA-1"",""Digest"":""7a7b4ef67a7aa7538cee7fba5eb43b76bbcc0835""},{""Algorithm"":""MD5"",""Digest"":""4303f421ec5197099c770f4387ace0e8""}]"
Nintendo SNES/Dragon's Lair.uac	drla.rsn	"[{""Algorithm"":""BLAKE3-256"",""Digest"":""bbaa370ea968daa9beca458904dc5f07d4ce7c302f69d058349aa5390f8962af""},{""Algorithm"":""CRC32"",""Digest"":""66E24023""},{""Algorithm"":""SHA-1"",""Digest"":""e0d0cd13e933643f468ced46b011bf8be16b489d""},{""Algorithm"":""MD5"",""Digest"":""2588b19f311bef1b2f1813c86bed812c""}]"
Nintendo SNES/Drakkhen.uac	drk.rsn	"[{""Algorithm"":""BLAKE3-256"",""Digest"":""0d5f933a21fb5c13919efb577d67d12ca9828d2d2ca0b4b6e0841f41a0053d6d""},{""Algorithm"":""CRC32"",""Digest"":""2F2D9168""},{""Algorithm"":""SHA-1"",""Digest"":""de5e85e34883c0d5016aa7f2a07fb55dbbaad6a1""},{""Algorithm"":""MD5"",""Digest"":""8f61fc248b8b099748df3e0750929226""}]"
Nintendo SNES/Dream Maze - Kigurumi Daibouken.uac	dmkd.rsn	"[{""Algorithm"":""BLAKE3-256"",""Digest"":""3f248313ead78576358266898c231590ad2c9d591153ec1f86603efde6ddfffa""},{""Algorithm"":""CRC32"",""Digest"":""26E5DB2B""},{""Algorithm"":""SHA-1"",""Digest"":""5cb18579022a5aa85df27a3a90a545b3bea94631""},{""Algorithm"":""MD5"",""Digest"":""4b93f4ac194f788f5cdcb27a8ec99dcf""}]"
Nintendo SNES/Dream TV.uac	dtv.rsn	"[{""Algorithm"":""BLAKE3-256"",""Digest"":""28e31ab54ce04b55cb93de425d221064a069d5e84b19702e307b2bb9bd014752""},{""Algorithm"":""CRC32"",""Digest"":""13579FE7""},{""Algorithm"":""SHA-1"",""Digest"":""75be7c858daa407bbb18c494f1eea04709210fca""},{""Algorithm"":""MD5"",""Digest"":""2dbdd3c7bd95ee5bad4ba61fb27f52b1""}]"
Nintendo SNES/Dual Orb 2.uac	do2.rsn	"[{""Algorithm"":""BLAKE3-256"",""Digest"":""abd21d2102079b997e02b2a12c67f11b4ca76ed85bacc52fd97c4992b16cf2fe""},{""Algorithm"":""CRC32"",""Digest"":""8931424F""},{""Algorithm"":""SHA-1"",""Digest"":""ecb63d866f59634f93afcf4fe9d39d5364df490c""},{""Algorithm"":""MD5"",""Digest"":""8d49be866ea19009ba0bc55a8e549353""}]"
Nintendo SNES/Dual Orb.uac	do.rsn	"[{""Algorithm"":""BLAKE3-256"",""Digest"":""c7bd18b5654a08ff278b751a97192733cb87e96d9742a4e7c745ab8e1c83775a""},{""Algorithm"":""CRC32"",""Digest"":""98CA8239""},{""Algorithm"":""SHA-1"",""Digest"":""a480d99bb85f6a28890b5967c7a92f34b58945ac""},{""Algorithm"":""MD5"",""Digest"":""340cf5df3da23ca287102e9c2c03cce5""}]"
Nintendo SNES/Dun Quest.uac	dunq.rsn	"[{""Algorithm"":""BLAKE3-256"",""Digest"":""ed716ce3df28f9646f2c5f5f596dc47c76c8145b4677625c5910edd396d2e7d2""},{""Algorithm"":""CRC32"",""Digest"":""4ABADADE""},{""Algorithm"":""SHA-1"",""Digest"":""22603094874534187456703c3a469a4e630f75c8""},{""Algorithm"":""MD5"",""Digest"":""04233aabe8e57d5a6c347449e7df6851""}]"
Nintendo SNES/Dungeon Master.uac	dm.rsn	"[{""Algorithm"":""BLAKE3-256"",""Digest"":""260a3de2f563eeca05c72a28037216f4964b1999e81dde0e34e53fb692e88c79""},{""Algorithm"":""CRC32"",""Digest"":""9AFDA05D""},{""Algorithm"":""SHA-1"",""Digest"":""bb0ea1d83ec752632a79a9618e6d9d0829f3ffeb""},{""Algorithm"":""MD5"",""Digest"":""f26aa5032b0a6668d5395bb819362d2a""}]"
Nintendo SNES/Dynamaite - The LasVegas.uac	dtlv.rsn	"[{""Algorithm"":""BLAKE3-256"",""Digest"":""6cc7d179380f2d0f3796a164c80511a1a564d564c6835d0ebfe1076d0971fa25""},{""Algorithm"":""CRC32"",""Digest"":""6810FD58""},{""Algorithm"":""SHA-1"",""Digest"":""15008d742b7768e1f954b6e8ae6eb60af680b383""},{""Algorithm"":""MD5"",""Digest"":""5c3e95464eeb777f33fd3f89256c5e02""}]"
Nintendo SNES/DynamiTracer.uac	dt.rsn	"[{""Algorithm"":""BLAKE3-256"",""Digest"":""a69e16afaa359b097794fb269aec0752a6b96862555b5b83607174a25e60f0d7""},{""Algorithm"":""CRC32"",""Digest"":""6E34CC77""},{""Algorithm"":""SHA-1"",""Digest"":""b960a4a015c171f423217bb591f0b629798bfb88""},{""Algorithm"":""MD5"",""Digest"":""2bb46afd3ad6a6b90a7c7462a32ee0ad""}]"
Nintendo SNES/E.V.O. - Search for Eden.uac	evo.rsn	"[{""Algorithm"":""BLAKE3-256"",""Digest"":""72a25077c4d3b94f9738f77a878bd7f650d864863eaa142a0c618366aefb52b3""},{""Algorithm"":""CRC32"",""Digest"":""15AC385E""},{""Algorithm"":""SHA-1"",""Digest"":""38fe4efa4889027a4f00f6f279e9326ac7248873""},{""Algorithm"":""MD5"",""Digest"":""2a8f1f8f15b7fb370e834f2025e676b8""}]"
Nintendo SNES/EEK! The Cat.uac	etc.rsn	"[{""Algorithm"":""BLAKE3-256"",""Digest"":""30f4e21bd326cbbc2c1fc71c29002b48b8270d8a17faf1a820f9c24f9f8d5842""},{""Algorithm"":""CRC32"",""Digest"":""722EBD29""},{""Algorithm"":""SHA-1"",""Digest"":""c624a5856360d2a4d9e2cf7ab85016a820ea24d0""},{""Algorithm"":""MD5"",""Digest"":""4c9cd28cf736f9b37772989486229596""}]"
Nintendo SNES/ESPN Baseball Tonight.uac	ebt.rsn	"[{""Algorithm"":""BLAKE3-256"",""Digest"":""b833b70448be2c30fcff4aafd844eb44514f42cef419449ca1a72c123cff843e""},{""Algorithm"":""CRC32"",""Digest"":""75AB2892""},{""Algorithm"":""SHA-1"",""Digest"":""354018821cc90cb82722ae6877c9160244ba9df8""},{""Algorithm"":""MD5"",""Digest"":""1a3e0cbabf24f420ad01a2200c5ac7ee""}]"
Nintendo SNES/ESPN National Hockey Night.uac	ehn.rsn	"[{""Algorithm"":""BLAKE3-256"",""Digest"":""335344e46406b7af73a7bd3b62862ff630c7d72a56552d7d323288187fa73685""},{""Algorithm"":""CRC32"",""Digest"":""319E3A9A""},{""Algorithm"":""SHA-1"",""Digest"":""94c7d1e6cdcafbd71267756deeb330d6a19fd849""},{""Algorithm"":""MD5"",""Digest"":""7ce7ffd819dd78bdbd7558771544713b""}]"
Nintendo SNES/ESPN Speedworld (US).uac	espw.rsn	"[{""Algorithm"":""BLAKE3-256"",""Digest"":""efd349c3c8e826b919cb094482bae85bbafd562071000c5d9916733bf2c9f898""},{""Algorithm"":""CRC32"",""Digest"":""BA8FCBF2""},{""Algorithm"":""SHA-1"",""Digest"":""fac3b1b30714f06703d61d46f65968d80c56f23e""},{""Algorithm"":""MD5"",""Digest"":""3b6f746c5cc43dd8dbb7aec1656eea2b""}]"
Nintendo SNES/ESPN Sunday Night NFL.uac	espns.rsn	"[{""Algorithm"":""BLAKE3-256"",""Digest"":""dea49400e2f2e54e305d9a4cc951a9959292fe4e1ae717c4a0a2408b8ac9bd93""},{""Algorithm"":""CRC32"",""Digest"":""FB018E4A""},{""Algorithm"":""SHA-1"",""Digest"":""3f4336a551fd80845ebcf70a9b545cb61b9c0cc9""},{""Algorithm"":""MD5"",""Digest"":""089f512938bd8de84b91cad6e72b3a58""}]"
Nintendo SNES/Earth Light.uac	earl.rsn	"[{""Algorithm"":""BLAKE3-256"",""Digest"":""e7c8bad277738e6ec5a36d933ec8098836c261dae8ac5cfe03f200e1356c40d1""},{""Algorithm"":""CRC32"",""Digest"":""58032850""},{""Algorithm"":""SHA-1"",""Digest"":""08cca02d52c6778dca010a7b8b42bfab672f95ab""},{""Algorithm"":""MD5"",""Digest"":""34ad1c8dfe55b70e1d5cc5171ca2232b""}]"
Nintendo SNES/Earthbound (Mother 2).uac	mo2.rsn	"[{""Algorithm"":""BLAKE3-256"",""Digest"":""1164e3e2d9330ef5cbf0c31311d65158df66f44c60fd451a820ad0943429a762""},{""Algorithm"":""CRC32"",""Digest"":""35E1F5E1""},{""Algorithm"":""SHA-1"",""Digest"":""f4d9fae58bf67ffabba98674e5eb986816105bc0""},{""Algorithm"":""MD5"",""Digest"":""68892c6ad91dd1ed90bd4720f6c92890""}]"
Nintendo SNES/Earthworm Jim 2.uac	ewj2.rsn	"[{""Algorithm"":""BLAKE3-256"",""Digest"":""cae5a692d41c1562968537e78027320e016335046370acdd31e041d0cbbeffe5""},{""Algorithm"":""CRC32"",""Digest"":""EA523478""},{""Algorithm"":""SHA-1"",""Digest"":""0c6e3935fee6491b8ebe102ec2469c39878efff1""},{""Algorithm"":""MD5"",""Digest"":""cff143bd3d2600b72403a832624d4676""}]"
Nintendo SNES/Earthworm Jim.uac	ewj.rsn	"[{""Algorithm"":""BLAKE3-256"",""Digest"":""646279157cd639b7e6962eed3f122e660291f3f9b3b702afebc006c490cdbb8a""},{""Algorithm"":""CRC32"",""Digest"":""59336AFF""},{""Algorithm"":""SHA-1"",""Digest"":""3325f05fda670826525c006aa041e0c0ed6beeee""},{""Algorithm"":""MD5"",""Digest"":""cd57c38009e5c4eb9fc33895cc16f9c6""}]"
Nintendo SNES/Edo no Kiba.uac	edk.rsn	"[{""Algorithm"":""BLAKE3-256"",""Digest"":""222ae4c23f04db581de9673eae3e6b2543bfc7be61aba5e3a5e1b6798c91db10""},{""Algorithm"":""CRC32"",""Digest"":""BFD77734""},{""Algorithm"":""SHA-1"",""Digest"":""74d6d76b210f7f3252475513692cb2212561da17""},{""Algorithm"":""MD5"",""Digest"":""fde006b2766bbace14a0ba85954a185e""}]"
Nintendo SNES/Eien no Filena.uac	enf.rsn	"[{""Algorithm"":""BLAKE3-256"",""Digest"":""fd4c10717ac03f2facd97aa5afcc9614b9b010fe66d6aea451d29dbd2bd912ca""},{""Algorithm"":""CRC32"",""Digest"":""0703C059""},{""Algorithm"":""SHA-1"",""Digest"":""b44ec153c456fe16bbb831186d0ac49cdc870402""},{""Algorithm"":""MD5"",""Digest"":""093bff6749b78eddf54cac6bb0a4627d""}]"
Nintendo SNES/Elfaria 2.uac	elf2.rsn	"[{""Algorithm"":""BLAKE3-256"",""Digest"":""8e54be563c2a851ca9b6f2b1160ed929250438673e3033ff78f4751795d48c1d""},{""Algorithm"":""CRC32"",""Digest"":""58EA99CA""},{""Algorithm"":""SHA-1"",""Digest"":""9e6c5116f08115d9336c756bf721dd1bba51b1c9""},{""Algorithm"":""MD5"",""Digest"":""e279851300e70bda683159467b03e7f9""}]"
Nintendo SNES/Elite Soccer.uac	esc.rsn	"[{""Algorithm"":""BLAKE3-256"",""Digest"":""73085878e65970a91aeb649f0df2a19d76ea3d31ccf5c1b7f086a8d9dafc4435""},{""Algorithm"":""CRC32"",""Digest"":""7F36C483""},{""Algorithm"":""SHA-1"",""Digest"":""9aa456ea72db24c7d4d1cf07b1a08ea089a20a6b""},{""Algorithm"":""MD5"",""Digest"":""42e2b37ec5dcec9538830f055688dad6""}]"
Nintendo SNES/Emerald Dragon (JP).uac	emd.rsn	"[{""Algorithm"":""BLAKE3-256"",""Digest"":""fb8537efa62aa3d0df9644d41e828ce43267eaaeb5bde8cde497f143b3d28695""},{""Algorithm"":""CRC32"",""Digest"":""47197B8B""},{""Algorithm"":""SHA-1"",""Digest"":""adf8b27018a6d5ed924b13027236a18dc68c8c13""},{""Algorithm"":""MD5"",""Digest"":""905f3083d589e14398f6a2d4ef7f4391""}]"
Nintendo SNES/Emmitt Smith Football (US).uac	esf.rsn	"[{""Algorithm"":""BLAKE3-256"",""Digest"":""af3b690840bc9a503d439de3c4a85133dec6341158ddcbecbfb204e7fe628411""},{""Algorithm"":""CRC32"",""Digest"":""EB36C765""},{""Algorithm"":""SHA-1"",""Digest"":""d14d47143c7f72ff3ebbeae560cca19fa389e501""},{""Algorithm"":""MD5"",""Digest"":""37713cd6f72a43039820a4d5fcf6a489""}]"
Nintendo SNES/Energy Breaker.uac	eb.rsn	"[{""Algorithm"":""BLAKE3-256"",""Digest"":""fe03bba5cfefc5d72adcbaf08c414566a60bd544fafcc1c215ad059a2083c99e""},{""Algorithm"":""CRC32"",""Digest"":""F6D0860F""},{""Algorithm"":""SHA-1"",""Digest"":""371646528d1fcc237c346746abecd1c463778a81""},{""Algorithm"":""MD5"",""Digest"":""a583e14a08aff834d62a8289f9bb8a3c""}]"
Nintendo SNES/Equinox.uac	eq.rsn	"[{""Algorithm"":""BLAKE3-256"",""Digest"":""cb4c754d4bb63432defba6d1cd596790ec31d5d3f84aa25b71745563a2efad05""},{""Algorithm"":""CRC32"",""Digest"":""809BB79A""},{""Algorithm"":""SHA-1"",""Digest"":""43302359db369b12a775175d7bfa96ca6295e879""},{""Algorithm"":""MD5"",""Digest"":""dc2f7bebfe841a9843fbf503c96764cb""}]"
Nintendo SNES/Esparks - Ijikuu kara no Raihousha (JP).uac	esprk.rsn	"[{""Algorithm"":""BLAKE3-256"",""Digest"":""aead1d12ea088c2efc8b964cf8c562c1d2b8287f7ab8dd6b3bc7e983d7168cdf""},{""Algorithm"":""CRC32"",""Digest"":""E92A0F85""},{""Algorithm"":""SHA-1"",""Digest"":""7312d15d071c1bb05f80b8edf10dde34f1299199""},{""Algorithm"":""MD5"",""Digest"":""cd004b8103e9a389d80883c6d7014de1""}]"
Nintendo SNES/Estpolis Denki (Lufia and the Fortress of Doom).uac	ed.rsn	"[{""Algorithm"":""BLAKE3-256"",""Digest"":""c115d5f9d6adf6a4d54afbb92caf88328ec61fe690259564eb1623a9cf05fbdc""},{""Algorithm"":""CRC32"",""Digest"":""EED99300""},{""Algorithm"":""SHA-1"",""Digest"":""06fa2af908566af68b2a20bbfb73d2e0544bbb35""},{""Algorithm"":""MD5"",""Digest"":""c8674a0e74aa381cd3220203336fd0ab""}]"
Nintendo SNES/Estpolis Denki 2 (Lufia 2) Prototype.uac	est2p.rsn	"[{""Algorithm"":""BLAKE3-256"",""Digest"":""dae5cc2060399737ccf0a75e1e48d091e59b7afa75c365fba6acc9df02f20475""},{""Algorithm"":""CRC32"",""Digest"":""82E8BDB9""},{""Algorithm"":""SHA-1"",""Digest"":""ef8a8441b7a57f0dac5659fadc14650855e4584e""},{""Algorithm"":""MD5"",""Digest"":""c97182b02e59dce69b456f2321aefc47""}]"
Nintendo SNES/Eurit.uac	eurit.rsn	"[{""Algorithm"":""BLAKE3-256"",""Digest"":""b404a958060b842c36d48f6c3a63761627dcad3aecde8f6fab70690aa8cd281c""},{""Algorithm"":""CRC32"",""Digest"":""D4AC9D93""},{""Algorithm"":""SHA-1"",""Digest"":""4338510a2ad045764581691d2f84a2eb5430ce8a""},{""Algorithm"":""MD5"",""Digest"":""e2633cd9013a04a79900608a5f3c91d1""}]"
Nintendo SNES/Exhaust Heat 2.uac	eh2.rsn	"[{""Algorithm"":""BLAKE3-256"",""Digest"":""e1ce380342654d7e5f9ba1a7de90f35965c309e9d7daa1bce022baeb5c8c34fb""},{""Algorithm"":""CRC32"",""Digest"":""304D83C0""},{""Algorithm"":""SHA-1"",""Digest"":""3ba09dbc9bf70e5de570deceb2a19a8778b4f82d""},{""Algorithm"":""MD5"",""Digest"":""d8e4968a7d098cd8ca912a35881f40af""}]"
Nintendo SNES/Exhaust Heat.uac	eh.rsn	"[{""Algorithm"":""BLAKE3-256"",""Digest"":""712a57c14c371508480c0f93e073e2c4d52cecc3f9d5f665bfce27556850cc77""},{""Algorithm"":""CRC32"",""Digest"":""29BFD840""},{""Algorithm"":""SHA-1"",""Digest"":""5035b296fb00187a05e1248fb81d6e9774c7854d""},{""Algorithm"":""MD5"",""Digest"":""94389fb455fcd773f205d920de6d9c38""}]"
Nintendo SNES/Eye of the Beholder.uac	eotb.rsn	"[{""Algorithm"":""BLAKE3-256"",""Digest"":""57796c3f734cc1fa44ef1ec97d7e00ee370afe50d02ed266af34c863c401f40e""},{""Algorithm"":""CRC32"",""Digest"":""774C0E44""},{""Algorithm"":""SHA-1"",""Digest"":""aa87475a0296c321c457e24ca102bf9ab715371d""},{""Algorithm"":""MD5"",""Digest"":""da6cd412c18667c7f6470990b348faea""}]"
Nintendo SNES/F-1 Grand Prix (JP).uac	f1gp.rsn	"[{""Algorithm"":""BLAKE3-256"",""Digest"":""2d8a6a78492ccba86f8840c612cc206e14c2be83a9748712ec35108e7463c919""},{""Algorithm"":""CRC32"",""Digest"":""0B9C7B25""},{""Algorithm"":""SHA-1"",""Digest"":""d0f987c5042082f00d0463e30feb64cfd5e1ccdb""},{""Algorithm"":""MD5"",""Digest"":""8acc37dd7ecf082682aaef2127f28d3f""}]"
Nintendo SNES/F-1 Grand Prix - Part II (JP).uac	f1gp2.rsn	"[{""Algorithm"":""BLAKE3-256"",""Digest"":""37c4130bf7ad9b813d754354c0410baef904a0d1093d90e167d0101fa88f1102""},{""Algorithm"":""CRC32"",""Digest"":""AFD2F04C""},{""Algorithm"":""SHA-1"",""Digest"":""6cee410745859c773e4b4deec57b66b3f6c22f2a""},{""Algorithm"":""MD5"",""Digest"":""4b7eab5287f8658641a45e116a4ce4d3""}]"
Nintendo SNES/F-1 Grand Prix - Part III (JP).uac	f1gp3.rsn	"[{""Algorithm"":""BLAKE3-256"",""Digest"":""2508f6e8ad5ae80964e57c3bf22ded3bfda6a9c536203fbb0015e7045bb7d345""},{""Algorithm"":""CRC32"",""Digest"":""6B34BD89""},{""Algorithm"":""SHA-1"",""Digest"":""82a7810e4826210078f34b086e84b269b8a7e6c6""},{""Algorithm"":""MD5"",""Digest"":""add60ca752f1a183ebeecd7117e3b677""}]"
Nintendo SNES/F-Zero.uac	fz.rsn	"[{""Algorithm"":""BLAKE3-256"",""Digest"":""a8e6d6d175d861947be60ee3a23ae80d6090b5b10ff2261ab435f10d7beda7aa""},{""Algorithm"":""CRC32"",""Digest"":""9278B20E""},{""Algorithm"":""SHA-1"",""Digest"":""f1cf1520bc94bf83f5d4c6606e04c9d27482587f""},{""Algorithm"":""MD5"",""Digest"":""98f77f211cb09ce92cd4c2a4b8fa4a96""}]"
Nintendo SNES/F1 World Championship Edition.uac	f1wc.rsn	"[{""Algorithm"":""BLAKE3-256"",""Digest"":""e5d695fce67bdb1fdd7a973393c98002aef24b5967e7b8b07e90278b3eaefa2a""},{""Algorithm"":""CRC32"",""Digest"":""ADE0095E""},{""Algorithm"":""SHA-1"",""Digest"":""5086abe2b8a252459075f5c7680de39502c914f9""},{""Algorithm"":""MD5"",""Digest"":""5fad55f2a7f2c891c57d210605763196""}]"
Nintendo SNES/FIFA 97 (EU).uac	fs97.rsn	"[{""Algorithm"":""BLAKE3-256"",""Digest"":""80c752392ece677e1c45889e935cbff5d0d73bb96f3224c516c6de75e0e7286e""},{""Algorithm"":""CRC32"",""Digest"":""3F6D72C9""},{""Algorithm"":""SHA-1"",""Digest"":""8be0aae67daa98e46c5b90b45d462f04c30fa916""},{""Algorithm"":""MD5"",""Digest"":""3395879addec4a9611b483004cb94ecf""}]"
Nintendo SNES/FIFA Soccer 96.uac	fs96.rsn	"[{""Algorithm"":""BLAKE3-256"",""Digest"":""ca99ec5a9bac58dcf71c0c096aab4adadae7c114acaed0cc97992b0ce4a459ff""},{""Algorithm"":""CRC32"",""Digest"":""5B49A71E""},{""Algorithm"":""SHA-1"",""Digest"":""340ee3d84c04d14c53656ebc2a9777de9a569837""},{""Algorithm"":""MD5"",""Digest"":""4c86025035a45b606ccb32646466f73b""}]"
Nintendo SNES/Faceball 2000 (US).uac	fb.rsn	"[{""Algorithm"":""BLAKE3-256"",""Digest"":""aa9282673db0e4dd9313744c7655c36a91723789e7f963123bf0406e36883ee0""},{""Algorithm"":""CRC32"",""Digest"":""7D689B46""},{""Algorithm"":""SHA-1"",""Digest"":""e0e0a571a3fdced659253b2017f6bfa0a20a5b37""},{""Algorithm"":""MD5"",""Digest"":""3f8dd3ca41a2b3f8d4240b28c5a93ef9""}]"
Nintendo SNES/Famicom Tantei Club Part II - Ushiro ni Tatsu Shoujo (JP).uac	ftc2.rsn	"[{""Algorithm"":""BLAKE3-256"",""Digest"":""aba30fe0426df40b6fd41d969fedbe866ece544df28ba47d7243d93eb0aee89a""},{""Algorithm"":""CRC32"",""Digest"":""0AB69618""},{""Algorithm"":""SHA-1"",""Digest"":""7c35e6e7e40b22af71943ed24f5eeb4ee4418024""},{""Algorithm"":""MD5"",""Digest"":""6c731a130f021435a248bd5bb3aaab50""}]"
Nintendo SNES/Family Dog.uac	famd.rsn	"[{""Algorithm"":""BLAKE3-256"",""Digest"":""188ffc5d82fbd156567dc5762a65c7861c0932f4dd64092e3d33d029d68b6147""},{""Algorithm"":""CRC32"",""Digest"":""766E477D""},{""Algorithm"":""SHA-1"",""Digest"":""2966e5cb3f5d2c92b31565b3dcd05c903fa0dd38""},{""Algorithm"":""MD5"",""Digest"":""b03e4f6dc12ad36b1cc94bec80ea9fbe""}]"
Nintendo SNES/Family Feud (US).uac	feud.rsn	"[{""Algorithm"":""BLAKE3-256"",""Digest"":""55a3e7f4c6b7e2ea82b95ac0ad71b3454147ad99ef8c28357e035bd39d54e300""},{""Algorithm"":""CRC32"",""Digest"":""B21B1607""},{""Algorithm"":""SHA-1"",""Digest"":""6dcdba2887966a973eb6a3362c9021439d992b35""},{""Algorithm"":""MD5"",""Digest"":""d376b72316359da52cef95285b646009""}]"
Nintendo SNES/Farland Story 2 (JP).uac	fs2.rsn	"[{""Algorithm"":""BLAKE3-256"",""Digest"":""967c296099c690122dcca12a576cf2b21215aa261714577431a3d28082cc4058""},{""Algorithm"":""CRC32"",""Digest"":""FF0985F1""},{""Algorithm"":""SHA-1"",""Digest"":""a8948ebb9cc684858b042eeb7f827a1350a82089""},{""Algorithm"":""MD5"",""Digest"":""0c8374f2f3ca3be6b3d4437445cf8d23""}]"
Nintendo SNES/Farland Story.uac	fs.rsn	"[{""Algorithm"":""BLAKE3-256"",""Digest"":""cf2c0c84fea4adae126f529249a73263f82e6a316b52d0b440cb562cca99a874""},{""Algorithm"":""CRC32"",""Digest"":""5B077EEA""},{""Algorithm"":""SHA-1"",""Digest"":""f714ec3ec249e02325f546dbcf00c0cef1111d7a""},{""Algorithm"":""MD5"",""Digest"":""a97d4f57e69d015cf802df9fcb89e576""}]"
Nintendo SNES/Fatal Fury 2.uac	ffu2.rsn	"[{""Algorithm"":""BLAKE3-256"",""Digest"":""23d11f65317a5d04b994f48787d311a839fa9911870e8c57814f745ac2d504a6""},{""Algorithm"":""CRC32"",""Digest"":""DC0C41BC""},{""Algorithm"":""SHA-1"",""Digest"":""6437778be143dd306d2f00fa210ac62cfc669156""},{""Algorithm"":""MD5"",""Digest"":""b389d000ba4e82df0c5ea4a142068815""}]"
Nintendo SNES/Fatal Fury Special.uac	ffus.rsn	"[{""Algorithm"":""BLAKE3-256"",""Digest"":""584d69f8ddca5230fdaca1c9ffdba3ed0580b35eb899403cfde99bc3e980df32""},{""Algorithm"":""CRC32"",""Digest"":""06F675C1""},{""Algorithm"":""SHA-1"",""Digest"":""6cf223c4a82b4c19b98fd06be8b1fe0224fc797d""},{""Algorithm"":""MD5"",""Digest"":""0c406b80d63efcc3fb8c4009f4d7024b""}]"
Nintendo SNES/Fatal Fury.uac	ffu.rsn	"[{""Algorithm"":""BLAKE3-256"",""Digest"":""261b6265317939a6f7036e3a85b243ea5a4a00a597d8efca8d6f45cb42cae0e0""},{""Algorithm"":""CRC32"",""Digest"":""34699881""},{""Algorithm"":""SHA-1"",""Digest"":""490e6bf30d10083b43d8d67d45ae47c8762a2032""},{""Algorithm"":""MD5"",""Digest"":""aa87981a7d5df0b6000d76fbb4e253bd""}]"
Nintendo SNES/Fight da Pon!.uac	fdp.rsn	"[{""Algorithm"":""BLAKE3-256"",""Digest"":""fa3d8de677c973466f7699615399fc83d5db16bfea64e7aa6632692b9da7b93c""},{""Algorithm"":""CRC32"",""Digest"":""6445307C""},{""Algorithm"":""SHA-1"",""Digest"":""290ee3e3a9fe574a851ebd86e5c20f1aa7fa0b76""},{""Algorithm"":""MD5"",""Digest"":""a933daf9ba50ae4950d966134b4151a9""}]"
Nintendo SNES/Fighter's History 2.uac	fh2.rsn	"[{""Algorithm"":""BLAKE3-256"",""Digest"":""edc1f2fcd4e48d22812c70f81e65125aae1d657a2e14f87d25eeba5d57fe53eb""},{""Algorithm"":""CRC32"",""Digest"":""10E3F3DB""},{""Algorithm"":""SHA-1"",""Digest"":""5e30d8a993368d4e0cd587a4070925b20d2ff6df""},{""Algorithm"":""MD5"",""Digest"":""c21baa9ddc832f9e9d9422b1d7fbd907""}]"
Nintendo SNES/Fighter's History.uac	fh.rsn	"[{""Algorithm"":""BLAKE3-256"",""Digest"":""4a7965de3f51176312e0b1f18ce7ae25ed26f97cb592af31842167027698b858""},{""Algorithm"":""CRC32"",""Digest"":""5976449F""},{""Algorithm"":""SHA-1"",""Digest"":""4f2c217075e2f080a72a7ae6915487a9911b9c88""},{""Algorithm"":""MD5"",""Digest"":""1a2b27ad21334df7c0cf472c075b55be""}]"
Nintendo SNES/Final Fantasy 4.uac	ff4.rsn	"[{""Algorithm"":""BLAKE3-256"",""Digest"":""8fc50cde982b7e7129ef57c427d2ef296efc6cdc9809ed89a06419ea5032e429""},{""Algorithm"":""CRC32"",""Digest"":""FA40B322""},{""Algorithm"":""SHA-1"",""Digest"":""7018c9277e2a8755d7ae302ce9206121548f5388""},{""Algorithm"":""MD5"",""Digest"":""4e812ae0bd2c5589e0e98759b34d1493""}]"
Nintendo SNES/Final Fantasy 6.uac	ff6.rsn	"[{""Algorithm"":""BLAKE3-256"",""Digest"":""79407d4ba8c8a7e7dffe4817f136e7d4c5b410fa459eca84d1663008d1db7bc4""},{""Algorithm"":""CRC32"",""Digest"":""4BF31F34""},{""Algorithm"":""SHA-1"",""Digest"":""5c6e14bcc4ab7be852e75f914eeea924230fff9a""},{""Algorithm"":""MD5"",""Digest"":""1d40a983b305fbcf9c392433f78c5a22""}]"
Nintendo SNES/Final Fantasy USA - Mystic Quest.uac	ffmq.rsn	"[{""Algorithm"":""BLAKE3-256"",""Digest"":""176809a69b107da73d90f47e4006de1a0d4318140777307264c9fb61ee083012""},{""Algorithm"":""CRC32"",""Digest"":""4DE71E16""},{""Algorithm"":""SHA-1"",""Digest"":""c3b21b663805c9fc4b072e4e4788bfbf108b5a93""},{""Algorithm"":""MD5"",""Digest"":""c0ba437fef440eaaef85d844181431a6""}]"
Nintendo SNES/Final Fantasy V.uac	ff5.rsn	"[{""Algorithm"":""BLAKE3-256"",""Digest"":""56ba7709bcf9e904c772f62dc2ecd602c1886450c96dba2456bf1d752688bee2""},{""Algorithm"":""CRC32"",""Digest"":""CD2850C0""},{""Algorithm"":""SHA-1"",""Digest"":""45e3aac8f61b98b92cfbea1d0b4ccb0487b5eb78""},{""Algorithm"":""MD5"",""Digest"":""92a92c22b7c694170a845301bddc6e80""}]"
Nintendo SNES/Final Fight 2.uac	ffi2.rsn	"[{""Algorithm"":""BLAKE3-256"",""Digest"":""f615d8c3f9c00b97d65054207b52d9edfaaf431bc82ebf7a85ebff619fc2ff63""},{""Algorithm"":""CRC32"",""Digest"":""2F621B2D""},{""Algorithm"":""SHA-1"",""Digest"":""d4cf6449a50b5fb22499655f1bea6168a817699b""},{""Algorithm"":""MD5"",""Digest"":""0ad6a56c3a26e164da80a03a4e7a2587""}]"
Nintendo SNES/Final Fight 3.uac	ffi3.rsn	"[{""Algorithm"":""BLAKE3-256"",""Digest"":""df7883a0e2a25747389fe7cf6478c8f353c1efc0a117bd9d87326367a03c23e5""},{""Algorithm"":""CRC32"",""Digest"":""17FC3B48""},{""Algorithm"":""SHA-1"",""Digest"":""702528f03f8a6a82ba41eb6057025736bc644ad9""},{""Algorithm"":""MD5"",""Digest"":""1a13b264c87c4a6ab48b0d174953948a""}]"
Nintendo SNES/Final Fight.uac	ffi.rsn	"[{""Algorithm"":""BLAKE3-256"",""Digest"":""900f7ae7fe0e282c9b249988821855c934a77dc764a09dca28648aa22bef6169""},{""Algorithm"":""CRC32"",""Digest"":""9D7BAFA4""},{""Algorithm"":""SHA-1"",""Digest"":""957a2c1b2bee03b44668506df3a0f3ea9b3d23e6""},{""Algorithm"":""MD5"",""Digest"":""6df4d0aba84537b15aaa00327a4d8134""}]"
Nintendo SNES/Final Stretch (JP).uac	fstr.rsn	"[{""Algorithm"":""BLAKE3-256"",""Digest"":""6727f1d6fe6ff2d4f9ccad5e6c60475136c6c969169071ae21c32852ac60de37""},{""Algorithm"":""CRC32"",""Digest"":""D3EA7A77""},{""Algorithm"":""SHA-1"",""Digest"":""0b0bce32ab583abe9d11410261087bebea0d056f""},{""Algorithm"":""MD5"",""Digest"":""3a5559801d0b7f6aec434c51da665cd4""}]"
Nintendo SNES/Finalset Tennis.uac	fst.rsn	"[{""Algorithm"":""BLAKE3-256"",""Digest"":""b247ee8f6a87c79d7a63f95cd478e39519f5e25bdd0713a286f923f8fa66332f""},{""Algorithm"":""CRC32"",""Digest"":""3B2C502E""},{""Algorithm"":""SHA-1"",""Digest"":""e4a1f97b7866f1cc742de7004cfd87956a6abd5c""},{""Algorithm"":""MD5"",""Digest"":""7fa3e3df479aca1958e29de30944ad50""}]"
Nintendo SNES/Fire Emblem - Genealogy of Holy-War.uac	fe4.rsn	"[{""Algorithm"":""BLAKE3-256"",""Digest"":""a4b41e6a34635f337c9cfe249253259ba3e8e721fb4da6fe5f47889153369371""},{""Algorithm"":""CRC32"",""Digest"":""6CAC67C6""},{""Algorithm"":""SHA-1"",""Digest"":""03a443f3f26d103e5b4f565d44bd68366bf7244e""},{""Algorithm"":""MD5"",""Digest"":""9e5e8b889930565eff754fd791e4dae6""}]"
Nintendo SNES/Fire Emblem - Monshou no Nazo (JP).uac	fe3.rsn	"[{""Algorithm"":""BLAKE3-256"",""Digest"":""2b37dd13518080c6a35107963e9a8ba10f235f2addda122a78e09d72a1613703""},{""Algorithm"":""CRC32"",""Digest"":""8D3AEF42""},{""Algorithm"":""SHA-1"",""Digest"":""2efba18748fc55d2a4088b69dc4355d9f485b38d""},{""Algorithm"":""MD5"",""Digest"":""1d5e430a5141440eef0f257aaa96217b""}]"
Nintendo SNES/Fire Emblem Thracia 776.uac	fet.rsn	"[{""Algorithm"":""BLAKE3-256"",""Digest"":""f93a050a28e0e7de2a46bee73b407418cf2d21e1cb99f205856439ca1958c098""},{""Algorithm"":""CRC32"",""Digest"":""265FAAE3""},{""Algorithm"":""SHA-1"",""Digest"":""dec78f93ca8003c71d945609094c72468121947b""},{""Algorithm"":""MD5"",""Digest"":""e60ac2c0ce8508a381a005c901cf5053""}]"
Nintendo SNES/Fire Striker.uac	fsr.rsn	"[{""Algorithm"":""BLAKE3-256"",""Digest"":""ec66db47bac4be1b4766885232705599cdd1553a5e7704f03a55ba152f7b74ef""},{""Algorithm"":""CRC32"",""Digest"":""9C779954""},{""Algorithm"":""SHA-1"",""Digest"":""e321847267829691bd5a8ec67165f8e7b678bf1a""},{""Algorithm"":""MD5"",""Digest"":""8c33adacae8d8bdfd048af3d5ff1333d""}]"
Nintendo SNES/Firearm.uac	firea.rsn	"[{""Algorithm"":""BLAKE3-256"",""Digest"":""934a93c766ad60ddd23081f2f2b1d10f93182a00440691ab6b09a7cf6f4a6b6b""},{""Algorithm"":""CRC32"",""Digest"":""8BA326DB""},{""Algorithm"":""SHA-1"",""Digest"":""773a61994678555b0b54533af5c072966dfa2b30""},{""Algorithm"":""MD5"",""Digest"":""6c8740490ac38888a4f7c4bfef43b96d""}]"
Nintendo SNES/Firemen, The.uac	fir.rsn	"[{""Algorithm"":""BLAKE3-256"",""Digest"":""ddb837e1be3f3d84e46b1948f2fa98c437722bb1a44613da2b0be8c6cca03d47""},{""Algorithm"":""CRC32"",""Digest"":""7DA786E6""},{""Algorithm"":""SHA-1"",""Digest"":""f5842c9d67fc5eb1bb1f4db11546c37506215cc1""},{""Algorithm"":""MD5"",""Digest"":""cb85d9c0ead0ebc34c9a53a4a565d38d""}]"
Nintendo SNES/Fireteam Rogue.uac	ftm.rsn	"[{""Algorithm"":""BLAKE3-256"",""Digest"":""d70fcf067944f5a42fbbf8aefc3dfbcc872ae0e6de89befd3dff9239e27e6127""},{""Algorithm"":""CRC32"",""Digest"":""130B1DEE""},{""Algorithm"":""SHA-1"",""Digest"":""1d4eb8b517fa0ec65adc45a604c6b15e341800b8""},{""Algorithm"":""MD5"",""Digest"":""e12f2b2592627f5003f301e498c8f49a""}]"
Nintendo SNES/First Queen.uac	fq.rsn	"[{""Algorithm"":""BLAKE3-256"",""Digest"":""7fba8564cdf068c4e8284e9f52ed71c06e9f619627bfe5b35d3c61ee833fbb9c""},{""Algorithm"":""CRC32"",""Digest"":""ECD60B64""},{""Algorithm"":""SHA-1"",""Digest"":""7de2066f8f3b8e4ca71ae8ee962dc471b56a08d0""},{""Algorithm"":""MD5"",""Digest"":""137b1b699218a3c82a03e81eb9fe44e9""}]"
Nintendo SNES/First Samurai.uac	frsa.rsn	"[{""Algorithm"":""BLAKE3-256"",""Digest"":""3560e7b46f0e683314c100b455bb28ff60f4bf46394619ef64393918747b8f33""},{""Algorithm"":""CRC32"",""Digest"":""7CA566DF""},{""Algorithm"":""SHA-1"",""Digest"":""d6bc1e9269c91f936211a447f0c864993bb379df""},{""Algorithm"":""MD5"",""Digest"":""8d1b3e3069880f6391053362b6669e63""}]"
Nintendo SNES/Flashback.uac	fls.rsn	"[{""Algorithm"":""BLAKE3-256"",""Digest"":""9ef56c2215c037ab4d017a6fd7e9cb5a59a6bb41750c4fd0219f1f6057aa4137""},{""Algorithm"":""CRC32"",""Digest"":""51090840""},{""Algorithm"":""SHA-1"",""Digest"":""19a62fa936e2aa89e8d466378ff4475461dfbd88""},{""Algorithm"":""MD5"",""Digest"":""ca952017a08183ec4f4fe85815a64f18""}]"
Nintendo SNES/Flintstones - Treasure of Sierra Madrock.uac	ftsm.rsn	"[{""Algorithm"":""BLAKE3-256"",""Digest"":""918da040a3849fc5dcc901eb51cddcb1d4b64f5f640a596f36f8c10ba8b1d51e""},{""Algorithm"":""CRC32"",""Digest"":""43BF677C""},{""Algorithm"":""SHA-1"",""Digest"":""b0a6b22ba45c20ad5a3f12d41d5c202f290dd635""},{""Algorithm"":""MD5"",""Digest"":""209c1967cc250b814112dbbf903fbf4d""}]"
Nintendo SNES/Flintstones.uac	flint.rsn	"[{""Algorithm"":""BLAKE3-256"",""Digest"":""98449f6a859b02593c67886c60504729eb9f545fba99d01639f8aa39834bd4d3""},{""Algorithm"":""CRC32"",""Digest"":""FF4A63CE""},{""Algorithm"":""SHA-1"",""Digest"":""a9d962efd82f3d5f5f180f8523d82b9d53b17c3c""},{""Algorithm"":""MD5"",""Digest"":""1cb8971244a75dc8198d996ea7eba660""}]"
Nintendo SNES/Flying Hero - Bugyuru no Daibouken.uac	fhbd.rsn	"[{""Algorithm"":""BLAKE3-256"",""Digest"":""a8fdadc7a4e050e9aa1bc3335d10565f2311d3165bd4ea1fdda9c0f4a8730330""},{""Algorithm"":""CRC32"",""Digest"":""ACB59198""},{""Algorithm"":""SHA-1"",""Digest"":""0dbe61e612cf3dd698157e8517911006595956bc""},{""Algorithm"":""MD5"",""Digest"":""29489a3ab01405d30616eb0121456d71""}]"
Nintendo SNES/Football Fury (US).uac	footf.rsn	"[{""Algorithm"":""BLAKE3-256"",""Digest"":""828ace87945beb7d74e6e0bbf94fbefa72ba39b7a8e43d23bc2ccf7eb3182fac""},{""Algorithm"":""CRC32"",""Digest"":""DD32CBFF""},{""Algorithm"":""SHA-1"",""Digest"":""df826304ffd55b95dea3657123570d6aeda2129b""},{""Algorithm"":""MD5"",""Digest"":""7999afcd50763828fdbccc3a0eed962b""}]"
Nintendo SNES/Foreman For Real.uac	ffr.rsn	"[{""Algorithm"":""BLAKE3-256"",""Digest"":""3353a137bad89328894fbff13f6cb61798d987377834e61955341188f7e7c2e1""},{""Algorithm"":""CRC32"",""Digest"":""F0DE9D4E""},{""Algorithm"":""SHA-1"",""Digest"":""b7bd66af606eb33782f44af1c1ae3cf455028129""},{""Algorithm"":""MD5"",""Digest"":""3b78a1bb2134eb0336f9eaad942567d7""}]"
Nintendo SNES/Frantic Flea.uac	fflea.rsn	"[{""Algorithm"":""BLAKE3-256"",""Digest"":""a96f8c6cf0095bf63b749f39b1bb1069615f846db58d2a40b2607def6b43bfb9""},{""Algorithm"":""CRC32"",""Digest"":""662269EB""},{""Algorithm"":""SHA-1"",""Digest"":""ce6e1be99696e58391bdd4d4f7992ef9cd01a638""},{""Algorithm"":""MD5"",""Digest"":""76014b2f6425fc494217a25d90dc5009""}]"
Nintendo SNES/FrogNES.uac	frog.rsn	"[{""Algorithm"":""BLAKE3-256"",""Digest"":""cb9bd42de14bc84766634d582ac1852e36a7275e0ff65fa99ceb583c3ff0dada""},{""Algorithm"":""CRC32"",""Digest"":""CA28F92B""},{""Algorithm"":""SHA-1"",""Digest"":""b4e5f71d88ba30df9e734ae7317bcf13a07c1585""},{""Algorithm"":""MD5"",""Digest"":""cd20c78a60de24fdb559dda654c6bebf""}]"
Nintendo SNES/Frogger.uac	frgr.rsn	"[{""Algorithm"":""BLAKE3-256"",""Digest"":""be6d6a70dcad6173ecf8da4184c79279c199782fec99cda2adbcab4711c14c91""},{""Algorithm"":""CRC32"",""Digest"":""515AAD2F""},{""Algorithm"":""SHA-1"",""Digest"":""4ce55a9db95622e4016ccc98ac13d7c8e66b2824""},{""Algorithm"":""MD5"",""Digest"":""2c18f1eaa8a09392631ad997e6df8317""}]"
Nintendo SNES/From TV Animation Slam Dunk - SD Heat Up!.uac	ftsdh.rsn	"[{""Algorithm"":""BLAKE3-256"",""Digest"":""d77a9f00e167645957b2eb0806d9d2201be41e03c9c5867f45964db2e2777d08""},{""Algorithm"":""CRC32"",""Digest"":""2626D551""},{""Algorithm"":""SHA-1"",""Digest"":""ba218f4870950abc371f65d3c445c6e7850efdf2""},{""Algorithm"":""MD5"",""Digest"":""176c6907fe8ab923a2fa681b7e87390a""}]"
Nintendo SNES/From TV Animation Slam Dunk 2.uac	ftsd2.rsn	"[{""Algorithm"":""BLAKE3-256"",""Digest"":""c7707a82d845319109b24517a024dc68ac70d3b26f0838acf6b86fe96beb6664""},{""Algorithm"":""CRC32"",""Digest"":""494E1409""},{""Algorithm"":""SHA-1"",""Digest"":""1b16c1f8c0e20efdf7b0868c8928199186bc7994""},{""Algorithm"":""MD5"",""Digest"":""fa6f65a1ecc66e6e30a361b0458ada54""}]"
Nintendo SNES/From TV Animation Slam Dunk.uac	ftsd.rsn	"[{""Algorithm"":""BLAKE3-256"",""Digest"":""4bbfb12a7b1f1367b7b37cc489de1c7b7498aee7227903ac9c2821be24544919""},{""Algorithm"":""CRC32"",""Digest"":""FBD5F83D""},{""Algorithm"":""SHA-1"",""Digest"":""75c5b9ca979b207eab5720587eed327f77ebfa03""},{""Algorithm"":""MD5"",""Digest"":""5cdc5f55bbdf9992efacaf0932e65a66""}]"
Nintendo SNES/Front Mission - Gun Hazard.uac	gh.rsn	"[{""Algorithm"":""BLAKE3-256"",""Digest"":""c7de63dd5586babef67e048e990529567a77d882d928e24a82e79589ff307766""},{""Algorithm"":""CRC32"",""Digest"":""30F40953""},{""Algorithm"":""SHA-1"",""Digest"":""30bc4167615585a95ef412dd78aa8a7c2e386f18""},{""Algorithm"":""MD5"",""Digest"":""d3cd09642511b87b45e49293c4043b6d""}]"
Nintendo SNES/Front Mission.uac	fm.rsn	"[{""Algorithm"":""BLAKE3-256"",""Digest"":""d5392da1ceb19583ab0f1ebff1477d2633a2228002e094771857f341b8de515e""},{""Algorithm"":""CRC32"",""Digest"":""7FA53A68""},{""Algorithm"":""SHA-1"",""Digest"":""a0d6a60bb7d7285d554bb8891bdebb643ea95a9c""},{""Algorithm"":""MD5"",""Digest"":""f15ef879829b9e22cf388a9ecb1f9ed2""}]"
Nintendo SNES/Full Throttle Racing.uac	ftr.rsn	"[{""Algorithm"":""BLAKE3-256"",""Digest"":""afa21562237dc938a6b46df8a9d68b3e6826b44690329c078a549cac5d5e66c7""},{""Algorithm"":""CRC32"",""Digest"":""CB81EBEE""},{""Algorithm"":""SHA-1"",""Digest"":""0150e6b90a220dcc9c2388c406fdf092b6647723""},{""Algorithm"":""MD5"",""Digest"":""e30ad105215b350914cb7d4b5e5c7487""}]"
Nintendo SNES/Fun 'N Games.uac	fng.rsn	"[{""Algorithm"":""BLAKE3-256"",""Digest"":""dfbc4d04b2e61b95e692902c9fd535c106ac1df43d4f7e5f16e254fea66c7c04""},{""Algorithm"":""CRC32"",""Digest"":""41057367""},{""Algorithm"":""SHA-1"",""Digest"":""06749777a2c2ea1438f0bdbaff82cae6ada5cb4f""},{""Algorithm"":""MD5"",""Digest"":""f81b79f7bf29c3f8463462358aa13bf6""}]"
Nintendo SNES/Future GPX - Cyber Formula.uac	fgpx.rsn	"[{""Algorithm"":""BLAKE3-256"",""Digest"":""6a2382d20d6065d5dafeff4d1a73aa6115b0dc08370d2adb644aa0432c453c58""},{""Algorithm"":""CRC32"",""Digest"":""B44D9263""},{""Algorithm"":""SHA-1"",""Digest"":""f04e45926db8536936eb296a996ad7588ddcab6c""},{""Algorithm"":""MD5"",""Digest"":""08100c1df0c6379754c327a7974d8017""}]"
Nintendo SNES/G.O.D. - Mezameyo to Yobu Koe ha Kikoe.uac	god.rsn	"[{""Algorithm"":""BLAKE3-256"",""Digest"":""bd48ee2e58b02f34adf6fa887d0cb172df8b30bf75cfd29686f0d5b38ed80208""},{""Algorithm"":""CRC32"",""Digest"":""68465F0E""},{""Algorithm"":""SHA-1"",""Digest"":""695232f93111089b4f48ed3f8d14cd60bb2c9402""},{""Algorithm"":""MD5"",""Digest"":""5ba457d774931716a05a1b26a24f4d68""}]"
Nintendo SNES/GP-1 Part II.uac	gp1p2.rsn	"[{""Algorithm"":""BLAKE3-256"",""Digest"":""d338caf7dae2227367666cddc41c3dfa2be022d586eae2bd35a266ec9508a05d""},{""Algorithm"":""CRC32"",""Digest"":""EEFC83EB""},{""Algorithm"":""SHA-1"",""Digest"":""702381088e64881b58f8e0985cbd9dd83e3846be""},{""Algorithm"":""MD5"",""Digest"":""24f4e815f433ae102ca9e695b0656905""}]"
Nintendo SNES/GT Racing (JP).uac	gtr.rsn	"[{""Algorithm"":""BLAKE3-256"",""Digest"":""06c6e2ae6d8ad26a276e44fd1988a921ac9268b13947006fae7c2535662cbbdf""},{""Algorithm"":""CRC32"",""Digest"":""ACC04B9E""},{""Algorithm"":""SHA-1"",""Digest"":""b51686499d5f7f5697e61018cc767f2efeba03ba""},{""Algorithm"":""MD5"",""Digest"":""43b31b1a0fe6d8260302792b5d9daa08""}]"
Nintendo SNES/Gakko de atta Kowai Hanashi.uac	gkh.rsn	"[{""Algorithm"":""BLAKE3-256"",""Digest"":""36b6bd519f40ad8a0f28ce80cf6d1fb002edea9666b39d2cce80833f28f33111""},{""Algorithm"":""CRC32"",""Digest"":""29D387A6""},{""Algorithm"":""SHA-1"",""Digest"":""26e7b990ef29d2a30cdc129110dd30a95784c224""},{""Algorithm"":""MD5"",""Digest"":""fc3bd1d2af46dfd18c3e102d18d21ab3""}]"
Nintendo SNES/Galaxy Robo.uac	grobo.rsn	"[{""Algorithm"":""BLAKE3-256"",""Digest"":""99373bd9b97bc951bdd46aa699488310f409e8b19ac6a586bce6cd56be132502""},{""Algorithm"":""CRC32"",""Digest"":""309D9067""},{""Algorithm"":""SHA-1"",""Digest"":""037ab2c765025e6bc6c0096b53609df78da3bb5e""},{""Algorithm"":""MD5"",""Digest"":""4cdc54196726dc0e7d1d9acbbc261c9b""}]"
Nintendo SNES/Galaxy Wars (JP).uac	gw.rsn	"[{""Algorithm"":""BLAKE3-256"",""Digest"":""c67cab51820c52c3951c0ad97ab8cced7ef2acf9a5fa95c19602a3cfef960415""},{""Algorithm"":""CRC32"",""Digest"":""67997653""},{""Algorithm"":""SHA-1"",""Digest"":""63ef50c414c5f0a1300bc29723e2c5c4269f7f38""},{""Algorithm"":""MD5"",""Digest"":""490c87c15a5d9c3a7685e3693b3d788e""}]"
Nintendo SNES/Gamars Copier.uac	gam.rsn	"[{""Algorithm"":""BLAKE3-256"",""Digest"":""e86a22e1bcbf7ce3b5cefa2e36c27c95ee97b550cde654a85124c302736d5fb8""},{""Algorithm"":""CRC32"",""Digest"":""DCFBC784""},{""Algorithm"":""SHA-1"",""Digest"":""6230a9091982e5a66efc572257baebef6ecd5857""},{""Algorithm"":""MD5"",""Digest"":""1544f7f74131ade8ba64532583ec2cb9""}]"
Nintendo SNES/Gamble Hourouki.uac	gambh.rsn	"[{""Algorithm"":""BLAKE3-256"",""Digest"":""2931768d6647ba031a90f8076a16630549bd6ae43801fa3de7061e87ea5be7ee""},{""Algorithm"":""CRC32"",""Digest"":""0D3E1D17""},{""Algorithm"":""SHA-1"",""Digest"":""fdfa292bcc0caf6e43c8926b3eca6e9bee884c32""},{""Algorithm"":""MD5"",""Digest"":""6500e197b698fe136bf452a72aaef781""}]"
Nintendo SNES/Gambler Jiko Chuushinha 2 - Dorapon Quest.uac	gjc2.rsn	"[{""Algorithm"":""BLAKE3-256"",""Digest"":""ea805c3ea9703808f5be79c3db3a0a7a9f920725c492e295415fb976b7787a98""},{""Algorithm"":""CRC32"",""Digest"":""B2478E77""},{""Algorithm"":""SHA-1"",""Digest"":""a6b0150bcebdf775e6c62ae6a7387e0d3f5558d6""},{""Algorithm"":""MD5"",""Digest"":""8eab29fa0381892f00ced2bc428415fb""}]"
Nintendo SNES/Game Genie.uac	gage.rsn	"[{""Algorithm"":""BLAKE3-256"",""Digest"":""e1a1784481d87dc39c9c908187d95e0490d6ee345f8d22c7e9a4c21ede50dea7""},{""Algorithm"":""CRC32"",""Digest"":""B8748CE3""},{""Algorithm"":""SHA-1"",""Digest"":""d20296dd4b5a6c68fef43bf5a63b1f71bddf98e9""},{""Algorithm"":""MD5"",""Digest"":""72f229cd5c0ccf51b3782cbe1b62a0f3""}]"
Nintendo SNES/Gamera - Gyaosu Gekimetsu Sakusen.uac	gggs.rsn	"[{""Algorithm"":""BLAKE3-256"",""Digest"":""b3a400817857b3eee89e55eca7dd0d711276bdf6143e961080d9c54609c930d4""},{""Algorithm"":""CRC32"",""Digest"":""CD575AC3""},{""Algorithm"":""SHA-1"",""Digest"":""b0d3a8a2f72c29fcf5a5cc4ad9511443776a46c1""},{""Algorithm"":""MD5"",""Digest"":""ec298f69cc58d05fea1c1285371004fd""}]"
Nintendo SNES/Ganbare Goemon 2 - Kiteretsu Shogun Magginesu!.uac	gg2.rsn	"[{""Algorithm"":""BLAKE3-256"",""Digest"":""396eb156192f44cdd94ec065918049539225bb31919c16035471d4b7b11ee494""},{""Algorithm"":""CRC32"",""Digest"":""E539F934""},{""Algorithm"":""SHA-1"",""Digest"":""46dcd0c39eb771f80539a15c5897d613ddfba4fa""},{""Algorithm"":""MD5"",""Digest"":""80e66dea7eb7d65ca96ac1ed6df722c0""}]"
Nintendo SNES/Ganbare Goemon 4 - Kirakira Douchuu.uac	gg4.rsn	"[{""Algorithm"":""BLAKE3-256"",""Digest"":""61701d88429af17daec058ef3a856d1cbe48960502e0029ff00ece72714d228c""},{""Algorithm"":""CRC32"",""Digest"":""4B7F1BF5""},{""Algorithm"":""SHA-1"",""Digest"":""a4622f49944bca09fe4b7e6f70a874a1251a4e8c""},{""Algorithm"":""MD5"",""Digest"":""621513e5e4be5497977a5851a1a89053""}]"
Nintendo SNES/Gangan Gan-chan (JP).uac	ggg.rsn	"[{""Algorithm"":""BLAKE3-256"",""Digest"":""2d7a2c7f457ac8d6656f9905b57e7217818dd3940a5a9552a80475e1169fad45""},{""Algorithm"":""CRC32"",""Digest"":""3B2F35D4""},{""Algorithm"":""SHA-1"",""Digest"":""e6a16ab0b4142b05f6f4329b0f52687372a62c0f""},{""Algorithm"":""MD5"",""Digest"":""a5acc40a6fe2db36251dc8b2b9cf1bf5""}]"
Nintendo SNES/Ganso Pachinko Ou.uac	gpo.rsn	"[{""Algorithm"":""BLAKE3-256"",""Digest"":""52efa78d9f97f7eff015d11c810618f53e1c6ebe652ad7466e8315b2129b4090""},{""Algorithm"":""CRC32"",""Digest"":""3F8E23EC""},{""Algorithm"":""SHA-1"",""Digest"":""6c3d1cdb3802a383fe91362e23e57f134e1dffb3""},{""Algorithm"":""MD5"",""Digest"":""4c1480167ce98122dba719b5ce754426""}]"
Nintendo SNES/Gegege no Kitarou - Fukkatsu! Tenma Daiou (JP).uac	gnk.rsn	"[{""Algorithm"":""BLAKE3-256"",""Digest"":""60d462036addf3bf9675e96cb15b17aeb79f6d7cec96fd41e001ff990ccae27b""},{""Algorithm"":""CRC32"",""Digest"":""77E42176""},{""Algorithm"":""SHA-1"",""Digest"":""513ce81f1efcb27b151a11f2bb597555f68ef1fb""},{""Algorithm"":""MD5"",""Digest"":""b1a29a455f034decfe3243184fe7d421""}]"
Nintendo SNES/Gekisou Sentai Car Rangers.uac	car.rsn	"[{""Algorithm"":""BLAKE3-256"",""Digest"":""68f79e013c2e43fb4310ce9c30dc42dd0cdf39e175ce7103380e5731983ba6e2""},{""Algorithm"":""CRC32"",""Digest"":""45B4274C""},{""Algorithm"":""SHA-1"",""Digest"":""4fb3c144af5a7504fc61cfd368661bd35afbe64d""},{""Algorithm"":""MD5"",""Digest"":""bae15c66b4b4bd2400ac97e2fe83c45e""}]"
Nintendo SNES/Gekitotsu Dangan Jidousha Kessen - Battle Mobile (JP).uac	btmb.rsn	"[{""Algorithm"":""BLAKE3-256"",""Digest"":""8241c2b3ebc5b4362222ce29f84d8f4e6a8c545b6802ca8e5c4ade9cba88802b""},{""Algorithm"":""CRC32"",""Digest"":""ADFF8A73""},{""Algorithm"":""SHA-1"",""Digest"":""ddc63d28a541b45e1465abcf930d11e55964b96e""},{""Algorithm"":""MD5"",""Digest"":""f04f24aa81b068419103cfdd747f361a""}]"
Nintendo SNES/Genjuu Ryodan.uac	genjr.rsn	"[{""Algorithm"":""BLAKE3-256"",""Digest"":""ecdebaa3ae5fcc77fb6c459119f6aff9053e2d442f6e77f37d1a0d5dd10ed641""},{""Algorithm"":""CRC32"",""Digest"":""BA36E1F6""},{""Algorithm"":""SHA-1"",""Digest"":""3bd5f4cbef1d480d0957be8523509b63c9e242ae""},{""Algorithm"":""MD5"",""Digest"":""0bc01e00959a47f0b14a0b6d1494bdd6""}]"
Nintendo SNES/Genocide 2 (JP).uac	gen2.rsn	"[{""Algorithm"":""BLAKE3-256"",""Digest"":""e7fbd614e9c57ca7c4fb771025bf267c72e1996f91c57124efdce72157aece6f""},{""Algorithm"":""CRC32"",""Digest"":""A6766DD5""},{""Algorithm"":""SHA-1"",""Digest"":""13bcdff1ccc61e1189839d12dc62d1d80c07b2ed""},{""Algorithm"":""MD5"",""Digest"":""0a660a729fdb973d62c956088cdd9185""}]"
Nintendo SNES/George Foreman's KO Boxing.uac	gfko.rsn	"[{""Algorithm"":""BLAKE3-256"",""Digest"":""b2454728b61fcf3085e898090088efad34193e6064c7abbf82a085d93ad98399""},{""Algorithm"":""CRC32"",""Digest"":""CC99B545""},{""Algorithm"":""SHA-1"",""Digest"":""20ef289722ec3d258e27870c773da4b32cbd189a""},{""Algorithm"":""MD5"",""Digest"":""6656ce2b62deac7c0080918f74b50843""}]"
Nintendo SNES/Getsumen no Anubis.uac	gna.rsn	"[{""Algorithm"":""BLAKE3-256"",""Digest"":""c7935502428b68df99dabee98a74cfb59cb5ac1524ee5c40ea446b9513697457""},{""Algorithm"":""CRC32"",""Digest"":""760EC7F7""},{""Algorithm"":""SHA-1"",""Digest"":""6b6074f0d16cbc20df0f3635f5f1c59b4850971a""},{""Algorithm"":""MD5"",""Digest"":""87968348d382a5c8f76baeedb26f8d77""}]"
Nintendo SNES/Ghost Chaser Densei.uac	gcd.rsn	"[{""Algorithm"":""BLAKE3-256"",""Digest"":""818607d27c886597cd71ba4ea2193a6ce372bcf44b9794f65dbab9ccd856f00f""},{""Algorithm"":""CRC32"",""Digest"":""1D037842""},{""Algorithm"":""SHA-1"",""Digest"":""7ed929609d449ef298b74134809e5a31a88c34f9""},{""Algorithm"":""MD5"",""Digest"":""8d0644c9ba08be2dba3f817d08f03f62""}]"
Nintendo SNES/Ghost Sweeper Mikami - Gokuraku Daisakusen.uac	gsm.rsn	"[{""Algorithm"":""BLAKE3-256"",""Digest"":""60b281f00329e6808d0a14f5d20d461e3d0d9e1340289afe3570e7b0401c8e06""},{""Algorithm"":""CRC32"",""Digest"":""BFB5C942""},{""Algorithm"":""SHA-1"",""Digest"":""f98802a62472a34d33c5af5e1175163e0363c1d7""},{""Algorithm"":""MD5"",""Digest"":""0adf3e2b3ccaf5a1b54e9663a0a2889a""}]"
Nintendo SNES/Ghoul Patrol.uac	ghoul.rsn	"[{""Algorithm"":""BLAKE3-256"",""Digest"":""d9a36f8ebd15ceef198ec4711184f092af6217bd2a3f7d0033c3d97246ce550f""},{""Algorithm"":""CRC32"",""Digest"":""03F0894A""},{""Algorithm"":""SHA-1"",""Digest"":""87dc9ba7cb76a9bb2b31c0f6c57d79dc909b8b95""},{""Algorithm"":""MD5"",""Digest"":""fa46fadd4b936a14fe6d8a8cde813e94""}]"
Nintendo SNES/Ginga Eiyuu Densetsu.uac	ged.rsn	"[{""Algorithm"":""BLAKE3-256"",""Digest"":""5d569a9273edd5acbfd6ad607fa2e139e29db318e837ed279b3c1f8da62353cd""},{""Algorithm"":""CRC32"",""Digest"":""0EC86BB6""},{""Algorithm"":""SHA-1"",""Digest"":""37e3090241581e60d529dcd01d94c2195fd0005f""},{""Algorithm"":""MD5"",""Digest"":""048d9596c45863c720bd01930b2896d8""}]"
Nintendo SNES/Ginga Sengoku Gunyuuden Rai.uac	gsgr.rsn	"[{""Algorithm"":""BLAKE3-256"",""Digest"":""676ccae53babb48180128c7a030250d0dc9d1fc9e867e60ce2042f069ada3718""},{""Algorithm"":""CRC32"",""Digest"":""A02A7272""},{""Algorithm"":""SHA-1"",""Digest"":""fa0c0dc1410ad81c83f9f3e73893ee7a954154e1""},{""Algorithm"":""MD5"",""Digest"":""cb7de79371098ecd0929aa634dade029""}]"
Nintendo SNES/Gionbana.uac	gion.rsn	"[{""Algorithm"":""BLAKE3-256"",""Digest"":""b407cefa423d49b365e4d93d5ac1853e837dca22ec3e0ec444027fa42acfc6b5""},{""Algorithm"":""CRC32"",""Digest"":""14F9E280""},{""Algorithm"":""SHA-1"",""Digest"":""70298dfcea466528dbfb4997eded59c421c85e95""},{""Algorithm"":""MD5"",""Digest"":""8d28897c429bec6bd07370f268c3f8c6""}]"
Nintendo SNES/Go Go Ackman 2.uac	gga2.rsn	"[{""Algorithm"":""BLAKE3-256"",""Digest"":""38ef1244b029a257cb5a3725885e929ff9b422b0dc4ad7e1a936df130fce55e2""},{""Algorithm"":""CRC32"",""Digest"":""5A228241""},{""Algorithm"":""SHA-1"",""Digest"":""79295a21af2ae615f09c8e0fc19b3d69f3a39930""},{""Algorithm"":""MD5"",""Digest"":""6badb17a1ff2a8565446c9cb9264a16e""}]"
Nintendo SNES/Go Go Ackman 3.uac	gga3.rsn	"[{""Algorithm"":""BLAKE3-256"",""Digest"":""329b0910721c1be86cdc9197f3913ab1bc2fafc5ef5f06b5add75d2f2270420a""},{""Algorithm"":""CRC32"",""Digest"":""6F6FFF78""},{""Algorithm"":""SHA-1"",""Digest"":""5fe5261d15c659df23aadf99cc798d2869d4254d""},{""Algorithm"":""MD5"",""Digest"":""d9ef31733bd9c560159faf0a5c9857e9""}]"
Nintendo SNES/Go Go Ackman.uac	gga.rsn	"[{""Algorithm"":""BLAKE3-256"",""Digest"":""e86a23c97ef37ee9273ecc6c3ceb330138100d2f5e1425bd6ed227a613e73d0f""},{""Algorithm"":""CRC32"",""Digest"":""3CD2424C""},{""Algorithm"":""SHA-1"",""Digest"":""05e835d4d3c24a414079ba5f682e770cabbc87bc""},{""Algorithm"":""MD5"",""Digest"":""acfb16a52c52b888297c6aa4930774a1""}]"
Nintendo SNES/Go! Go! Dodge League.uac	ggdl.rsn	"[{""Algorithm"":""BLAKE3-256"",""Digest"":""0fd035a0ab8549b0637717922a803d35ba45e48be9414826196ce24eeffbf17a""},{""Algorithm"":""CRC32"",""Digest"":""AB60007E""},{""Algorithm"":""SHA-1"",""Digest"":""c2661772eb9578a8eb77cf401a8681ac072a014a""},{""Algorithm"":""MD5"",""Digest"":""5f8c69240236b42beb53bb1305314272""}]"
Nintendo SNES/Gods.uac	gods.rsn	"[{""Algorithm"":""BLAKE3-256"",""Digest"":""f8f157779901f2e85a5e40a2ba59cc3de762e7f69aa23e065de4151159bd8f27""},{""Algorithm"":""CRC32"",""Digest"":""845C262D""},{""Algorithm"":""SHA-1"",""Digest"":""e8948918b9b166e83cd45b526b2b0fabb56037c8""},{""Algorithm"":""MD5"",""Digest"":""1cc6316180c94f44897897054ac6d2c4""}]"
Nintendo SNES/Godzilla - Kaijuu Daikessen.uac	gkd.rsn	"[{""Algorithm"":""BLAKE3-256"",""Digest"":""d5be7f694e79692bd7fadbc33a035d2893721d55b52e093996cc5c06e8813bbd""},{""Algorithm"":""CRC32"",""Digest"":""32A4E045""},{""Algorithm"":""SHA-1"",""Digest"":""0435afbd647370b838a8462c0db8ad9f1f9efdc3""},{""Algorithm"":""MD5"",""Digest"":""1346729d7d8e97bce2c8a87e29fbad1b""}]"
Nintendo SNES/Gokinjo Bouken Tai.uac	gbt.rsn	"[{""Algorithm"":""BLAKE3-256"",""Digest"":""1a3e7162ad39de47ba1650445fe469045e9f677101e51799f13169bd6457a04b""},{""Algorithm"":""CRC32"",""Digest"":""22EF9865""},{""Algorithm"":""SHA-1"",""Digest"":""2a1421549399d4e8f37cdb7e76da2b8ebd95fbc6""},{""Algorithm"":""MD5"",""Digest"":""7fa391d5d914cf305eae1ecad69a7c5d""}]"
Nintendo SNES/Gokujyo Parodius (Parodius 2).uac	gp.rsn	"[{""Algorithm"":""BLAKE3-256"",""Digest"":""a5f63090a8fc149611b1c98212be5d26bda4f5a3dfb89f479a9224090b443f58""},{""Algorithm"":""CRC32"",""Digest"":""AE27EF55""},{""Algorithm"":""SHA-1"",""Digest"":""ab802a833c7d8c164de8aca839f1d9865ab30ad2""},{""Algorithm"":""MD5"",""Digest"":""fe45112be79f7c5d6a4f19209d7fb140""}]"
Nintendo SNES/Goof Troop.uac	gt.rsn	"[{""Algorithm"":""BLAKE3-256"",""Digest"":""17e620736754cfd89c01282efe79df0e44f4835fcb36fb0cb269f2d41f2f4104""},{""Algorithm"":""CRC32"",""Digest"":""F509422C""},{""Algorithm"":""SHA-1"",""Digest"":""1ddca3237b623df4f2688f952af3763f53a1e08f""},{""Algorithm"":""MD5"",""Digest"":""7867f2e02e7c79c3e00d397057a25dfa""}]"
Nintendo SNES/Gourmet Sentai Bara Yarou.uac	gsby.rsn	"[{""Algorithm"":""BLAKE3-256"",""Digest"":""d7381e42eb86d8b0324af84edcd029202b7dbde553bb3fb8acc0fef71ebb8ec2""},{""Algorithm"":""CRC32"",""Digest"":""163B97CD""},{""Algorithm"":""SHA-1"",""Digest"":""941acf506e09e5da4cbb8916718a87b9bf48d3df""},{""Algorithm"":""MD5"",""Digest"":""319fd0824acf4d94d3e313b9ae435d61""}]"
Nintendo SNES/Gousou Jinrai Densetsu Musya (Musya - Imoto's Saga).uac	musya.rsn	"[{""Algorithm"":""BLAKE3-256"",""Digest"":""01fc86c2b300d803dec269da3ef5fe3e5f5568598c1f3b7b3b59fd2dad28cde4""},{""Algorithm"":""CRC32"",""Digest"":""3B478CEC""},{""Algorithm"":""SHA-1"",""Digest"":""7b8ebb2f94ee576111d477e4102039ffcfbe2313""},{""Algorithm"":""MD5"",""Digest"":""531ee9aced9ef6a3eb07cf23ac387c11""}]"
Nintendo SNES/Gradius 3.uac	gd3.rsn	"[{""Algorithm"":""BLAKE3-256"",""Digest"":""7b4c6fa61b1a154b7d8d5d663a7933c3b352f0392496c5d9d3f870add739f3ef""},{""Algorithm"":""CRC32"",""Digest"":""00649FE0""},{""Algorithm"":""SHA-1"",""Digest"":""c72a08934c93d0c81a9116dd49508b1e5c034db1""},{""Algorithm"":""MD5"",""Digest"":""21d9b31006804e0a88e2639b7e8fb0d6""}]"
Nintendo SNES/Granhistoria - Genshi Sekaiki (JP).uac	ghis.rsn	"[{""Algorithm"":""BLAKE3-256"",""Digest"":""6894d4076734d1fee5a29890a933600a08081640e397f4a2182e1c961780f476""},{""Algorithm"":""CRC32"",""Digest"":""D14C81BA""},{""Algorithm"":""SHA-1"",""Digest"":""adc3b6d7be99e5901d4ca60b989ab43a4455a7a5""},{""Algorithm"":""MD5"",""Digest"":""3e50897dd9fd210c57e23d017808712d""}]"
Nintendo SNES/Great Battle 3.uac	gb3.rsn	"[{""Algorithm"":""BLAKE3-256"",""Digest"":""bb10aa5b29164326256c5d4473b5c96d5efddb00484a1adc7232e88903982d35""},{""Algorithm"":""CRC32"",""Digest"":""6F1ADF1A""},{""Algorithm"":""SHA-1"",""Digest"":""3be3d4898dadf216b191ef84ddeb78de6d4370cb""},{""Algorithm"":""MD5"",""Digest"":""e9c73e7ef1ae4a0f5a86f31425fe6500""}]"
Nintendo SNES/Great Battle 5.uac	gb5.rsn	"[{""Algorithm"":""BLAKE3-256"",""Digest"":""95bcebbfce134c3ff8b714f7118e6b1eecac050a236304d1e6fdc74d16a2d663""},{""Algorithm"":""CRC32"",""Digest"":""7105DE20""},{""Algorithm"":""SHA-1"",""Digest"":""540f1e8494daa3989f44f1208f2ff1255698eaa2""},{""Algorithm"":""MD5"",""Digest"":""06b774bf1454218529fafdf18e1cdd2b""}]"
Nintendo SNES/Great Battle Gaiden 2.uac	gbg2.rsn	"[{""Algorithm"":""BLAKE3-256"",""Digest"":""01de1d3cd7a04868cbc9d165f1fde4400d11647bfa62170290deaafd20c4ba44""},{""Algorithm"":""CRC32"",""Digest"":""8E03B9B3""},{""Algorithm"":""SHA-1"",""Digest"":""1d7b8e163688ea61bc94e98a003c373aaac50eef""},{""Algorithm"":""MD5"",""Digest"":""81aba82fc2ad27364a5e48a354d91db6""}]"
Nintendo SNES/Great Battle IV, The (JP).uac	gb4.rsn	"[{""Algorithm"":""BLAKE3-256"",""Digest"":""a0a41e1863cd1cfbb523613553dff6fcb03e690aef1cf61acf5968e28e958029""},{""Algorithm"":""CRC32"",""Digest"":""CDCC12C8""},{""Algorithm"":""SHA-1"",""Digest"":""76efc1d6519614d34c9d7bd664ee0edaa3a13ad4""},{""Algorithm"":""MD5"",""Digest"":""686473258578d65e3c7b269bedc8e0bd""}]"
Nintendo SNES/Gun Force.uac	gunf.rsn	"[{""Algorithm"":""BLAKE3-256"",""Digest"":""e2f816159d8b9fa6b817ee226a632392ec13278a2398870a5056c2a09a9202d0""},{""Algorithm"":""CRC32"",""Digest"":""F4D1EBC7""},{""Algorithm"":""SHA-1"",""Digest"":""05afee3390a60a16a49de493c6bac7403fcd3eb6""},{""Algorithm"":""MD5"",""Digest"":""2965a78204d5559b5026d20a61e604a5""}]"
Nintendo SNES/Gundam F-91.uac	f91.rsn	"[{""Algorithm"":""BLAKE3-256"",""Digest"":""ce2fecea35b13377b37fb6685d8d81b905b1ca15238a1614b42f0baeab47aaa0""},{""Algorithm"":""CRC32"",""Digest"":""D29AD1AA""},{""Algorithm"":""SHA-1"",""Digest"":""882b1a9b7a60d2813b3dcb2430ab5028bf0bff65""},{""Algorithm"":""MD5"",""Digest"":""9b6aa0fd51e7c271c97621ce8262762c""}]"
Nintendo SNES/Gundam Wing - Endless Duel.uac	gwed.rsn	"[{""Algorithm"":""BLAKE3-256"",""Digest"":""c1cd4adff93e57db9bb4bdea2ac5178c3472e3f9623aa4c739b27e481ebaf6d2""},{""Algorithm"":""CRC32"",""Digest"":""843C5B6B""},{""Algorithm"":""SHA-1"",""Digest"":""828310d77053d2324c550debe419cb76cbe5a6d1""},{""Algorithm"":""MD5"",""Digest"":""a2057507cf935ff81ff7af97c8fb5a38""}]"
Nintendo SNES/Gunple - Gunman's Proof.uac	gnpl.rsn	"[{""Algorithm"":""BLAKE3-256"",""Digest"":""6901b6f34f28f42d0e973bdb99560defbebfc17ad2b6344e006334152d59087b""},{""Algorithm"":""CRC32"",""Digest"":""DD28261C""},{""Algorithm"":""SHA-1"",""Digest"":""e227b4d7bacfdbf4a5b0b29c6dfe080d7f53d20c""},{""Algorithm"":""MD5"",""Digest"":""0d3a83351d768a18fef7e73e122f73a3""}]"
Nintendo SNES/HAL's Hole in One Golf.uac	joho.rsn	"[{""Algorithm"":""BLAKE3-256"",""Digest"":""0498d610f92122c278a6e5cffa3805a424750c188418d3d5691be77067434122""},{""Algorithm"":""CRC32"",""Digest"":""90C21287""},{""Algorithm"":""SHA-1"",""Digest"":""5d6e88f7d7500aa32c81221ba68c42ce449dcb33""},{""Algorithm"":""MD5"",""Digest"":""daa7cd334130e189de4e68bf90d3d2fa""}]"
Nintendo SNES/Habu Meijin no Omoshiro Shougi.uac	hmos.rsn	"[{""Algorithm"":""BLAKE3-256"",""Digest"":""cb554a060cc815d900d8b11f2434503288aa87101889dfa218cf1cf707451d2c""},{""Algorithm"":""CRC32"",""Digest"":""20FB062E""},{""Algorithm"":""SHA-1"",""Digest"":""dc31bcf082d3dd3250cf0bcfc1ffbb5571ac4221""},{""Algorithm"":""MD5"",""Digest"":""abb89826a67930f1bf4a5009a12a7a80""}]"
Nintendo SNES/Hagane.uac	hag.rsn	"[{""Algorithm"":""BLAKE3-256"",""Digest"":""c512f69cdd9973fc1dc011b6f1b3fcd5caaa082529fe57d64d2691bfdfb2503f""},{""Algorithm"":""CRC32"",""Digest"":""65299BEA""},{""Algorithm"":""SHA-1"",""Digest"":""4fac7004ad3cdb14e688de22e35a003e97629262""},{""Algorithm"":""MD5"",""Digest"":""311fcb7ba57b3dac7b9470947a53eec6""}]"
Nintendo SNES/Haisei Mahjong Ryouga.uac	hmr.rsn	"[{""Algorithm"":""BLAKE3-256"",""Digest"":""2a45ff463c2a996570d7cd163a9df07b9646f89cceab2b942a80266d5261f752""},{""Algorithm"":""CRC32"",""Digest"":""C06A7311""},{""Algorithm"":""SHA-1"",""Digest"":""9847506424b66a57190f10d0e5fc5e46c272a5e9""},{""Algorithm"":""MD5"",""Digest"":""44c59dbb8ec9f350a86b45cea8bde616""}]"
Nintendo SNES/Hajimari no Mori (The Forest of Beginnings).uac	haji.rsn	"[{""Algorithm"":""BLAKE3-256"",""Digest"":""e5994dcae85cc44611af06c9188813904bc6b63f0b20adf19fd4128f7cded15e""},{""Algorithm"":""CRC32"",""Digest"":""FCE37988""},{""Algorithm"":""SHA-1"",""Digest"":""424c549831ac023ea1959420e664c313a18a1e06""},{""Algorithm"":""MD5"",""Digest"":""4b6935cda9b90d4362d948b6143b30ff""}]"
Nintendo SNES/Hakunetsu Pro Yakyuu '93 - Ganba League (JP).uac	hp93.rsn	"[{""Algorithm"":""BLAKE3-256"",""Digest"":""bfef5c5e382043e0b1be794f2731337d15beb2a3bc0e3f1ebac7b6c51b9d0da1""},{""Algorithm"":""CRC32"",""Digest"":""FD2ADFE1""},{""Algorithm"":""SHA-1"",""Digest"":""114b4af8b9386152a32edfca9aa093b140f4bc3e""},{""Algorithm"":""MD5"",""Digest"":""129f0602cdc050eb20a84bdc84dae2c8""}]"
Nintendo SNES/Hakunetsu Pro Yakyuu '94 - Ganba League 3.uac	hp94.rsn	"[{""Algorithm"":""BLAKE3-256"",""Digest"":""72d827fd64b0b45804bd92be62492ebb7a217b7a1fe988839cac2413a41bfca7""},{""Algorithm"":""CRC32"",""Digest"":""1768D592""},{""Algorithm"":""SHA-1"",""Digest"":""504f44a38dd74f7eff583710053a4b9f3157827f""},{""Algorithm"":""MD5"",""Digest"":""a02f76e137f2d59a7156727d6a6693db""}]"
Nintendo SNES/Hakunetsu Pro Yakyuu - Ganba League (JP).uac	hpgl.rsn	"[{""Algorithm"":""BLAKE3-256"",""Digest"":""a3d94bc4105dbe6a1584d3ac7e5409c6d58546e459683147637a06475c7daeee""},{""Algorithm"":""CRC32"",""Digest"":""22461FB7""},{""Algorithm"":""SHA-1"",""Digest"":""78e2bf083a67925f6a4fce14ce2063bc8cba851d""},{""Algorithm"":""MD5"",""Digest"":""f7d0a7ded37d7af5a2c3b361ad5a0787""}]"
Nintendo SNES/Hanafuda Ou (JP).uac	hf.rsn	"[{""Algorithm"":""BLAKE3-256"",""Digest"":""b9f2e0e3ec123f9719ad6ba0d0a8365a78dcd1180c5ca171b926e5c3ca46b99c""},{""Algorithm"":""CRC32"",""Digest"":""B3230425""},{""Algorithm"":""SHA-1"",""Digest"":""30464ed8a92b9b51bbce901fb7e4fb3256799a82""},{""Algorithm"":""MD5"",""Digest"":""56d31d0db0e0a6a3bbb653c7a53a9686""}]"
Nintendo SNES/Hanafuda Ou.uac	hfo.rsn	"[{""Algorithm"":""BLAKE3-256"",""Digest"":""9b3afe07aa7a5a410ebbd8152dd795f75700983577eac247dfc0c33d45f26732""},{""Algorithm"":""CRC32"",""Digest"":""5687C254""},{""Algorithm"":""SHA-1"",""Digest"":""651b75550a80a5dac6743c89b9cadb3902fb189c""},{""Algorithm"":""MD5"",""Digest"":""24b44fc7578555b6190b0e0f8dd3c214""}]"
Nintendo SNES/Hanjuku Hero.uac	hahe.rsn	"[{""Algorithm"":""BLAKE3-256"",""Digest"":""cee3d163030b13619e9b5a0020d37d49c06a7b1243c7f335108a60ebfe5258ec""},{""Algorithm"":""CRC32"",""Digest"":""0FD4F111""},{""Algorithm"":""SHA-1"",""Digest"":""374a81a484dd575a7b0a74471d782c1383ad335d""},{""Algorithm"":""MD5"",""Digest"":""43182c13faa553550faaf4e9e84fac31""}]"
Nintendo SNES/Hanna Barbera's Turbo Toons.uac	hbtt.rsn	"[{""Algorithm"":""BLAKE3-256"",""Digest"":""3887dab2661ac1b2cd168b751618089a9331260520e6c7df45f3763cc54ea2b8""},{""Algorithm"":""CRC32"",""Digest"":""CBE88104""},{""Algorithm"":""SHA-1"",""Digest"":""181040fba3f1edbefe04eb6dd11ae2d5cecc8bea""},{""Algorithm"":""MD5"",""Digest"":""c9c7fb0e2f2c1e83bfe7337025dc5e79""}]"
Nintendo SNES/Hansei Zaru Jiro-kun no Daibouken (JP).uac	hzkd.rsn	"[{""Algorithm"":""BLAKE3-256"",""Digest"":""7d4764133c842b1cb495dc94f226dc4151e4f1a160a6dce26d2b00615ae68244""},{""Algorithm"":""CRC32"",""Digest"":""E0B12E40""},{""Algorithm"":""SHA-1"",""Digest"":""a3f41aebc42fb62de664fb971365cbe14ae1b2d2""},{""Algorithm"":""MD5"",""Digest"":""d630156def1e8e5f1d423893814fe0f3""}]"
Nintendo SNES/Harapeko Bakka (JP).uac	hb.rsn	"[{""Algorithm"":""BLAKE3-256"",""Digest"":""5319164a0c39b7b76b45f99bbd9074435769e470de2d19ad911a3f23bef8019f""},{""Algorithm"":""CRC32"",""Digest"":""03588B78""},{""Algorithm"":""SHA-1"",""Digest"":""29f21c80e8bd214c4d6c87ad094094a65ffa3d95""},{""Algorithm"":""MD5"",""Digest"":""94d17eefd263ba6af0f0e0fd2a66d6ed""}]"
Nintendo SNES/Hardball 3.uac	hb3.rsn	"[{""Algorithm"":""BLAKE3-256"",""Digest"":""3d840d97934d306a332446fbef51b25f29226017473e17dd5859d575bbda6af1""},{""Algorithm"":""CRC32"",""Digest"":""FDDC093E""},{""Algorithm"":""SHA-1"",""Digest"":""fed93e7f6b7dec22a67602d6ea109e546a1ffbb0""},{""Algorithm"":""MD5"",""Digest"":""12568747300b25d9b7f5a43c385a484c""}]"
Nintendo SNES/Harley's Humongous Adventure.uac	hha.rsn	"[{""Algorithm"":""BLAKE3-256"",""Digest"":""85ddb390215117bce25a065afbfb60c3290957d864512602f724ce1d8ff25eff""},{""Algorithm"":""CRC32"",""Digest"":""CE9E7E8B""},{""Algorithm"":""SHA-1"",""Digest"":""bd498c36618129d804420d320d5bc70a86075359""},{""Algorithm"":""MD5"",""Digest"":""69a05e223ed16e1b830c6e98851d2116""}]"
Nintendo SNES/Hashire Hebereke (JP).uac	hsh.rsn	"[{""Algorithm"":""BLAKE3-256"",""Digest"":""4c5fd9ff7b9176a5a90306251f232600e1abb7e628e264a2bba49b44203d819e""},{""Algorithm"":""CRC32"",""Digest"":""4627AF62""},{""Algorithm"":""SHA-1"",""Digest"":""546d5cacfe3ff32fafdbe5597b1306fd1bf5d504""},{""Algorithm"":""MD5"",""Digest"":""873d216dc94de0c0f4164830b98ab30d""}]"
Nintendo SNES/Hat Trick Hero 2.uac	hth2.rsn	"[{""Algorithm"":""BLAKE3-256"",""Digest"":""0216f376cfcebf84bb51bd8aa494501e0b1aa2d60fd0aa48a70427fc6d9ec9e1""},{""Algorithm"":""CRC32"",""Digest"":""DBD45046""},{""Algorithm"":""SHA-1"",""Digest"":""e2410c0f7de6ddc2b0e6dfeec762dbc42acf9812""},{""Algorithm"":""MD5"",""Digest"":""4b7f11382e809cf6034e3da3cbb5cee6""}]"
Nintendo SNES/Hayazashi Nidan - Morita Shogi.uac	hnms.rsn	"[{""Algorithm"":""BLAKE3-256"",""Digest"":""88fb9f6aaf70105c03723820e2cbf4fd25980557f17f0a7df9faa203279f3c00""},{""Algorithm"":""CRC32"",""Digest"":""EA40A2CC""},{""Algorithm"":""SHA-1"",""Digest"":""3c125e17c4c5cdc2f30ca9ad520a9bace3d7206a""},{""Algorithm"":""MD5"",""Digest"":""c6841cf3f6be710a65e3345bdbaa1329""}]"
Nintendo SNES/Head-On Soccer.uac	hos.rsn	"[{""Algorithm"":""BLAKE3-256"",""Digest"":""f80b2ebe558b352828112a68819fb3ec3000f0011c095d1459d11fa5c9ee24d9""},{""Algorithm"":""CRC32"",""Digest"":""7081CE04""},{""Algorithm"":""SHA-1"",""Digest"":""28265b46860561415aef9a58bc1e45cc949782c2""},{""Algorithm"":""MD5"",""Digest"":""a1a0fd8d202f2c4fff31ce106217def2""}]"
Nintendo SNES/Hebereke no Oishii Puzzle wa Irimasekna.uac	hopi.rsn	"[{""Algorithm"":""BLAKE3-256"",""Digest"":""1b96d2d7d2c3ed7fce851b816dd31f91827b52aa135e935454b37d1a1d616412""},{""Algorithm"":""CRC32"",""Digest"":""B4A0B67E""},{""Algorithm"":""SHA-1"",""Digest"":""77bc8f65190b3833f3f35f0fb60e7703f8460810""},{""Algorithm"":""MD5"",""Digest"":""2f99fc44c49140aa190bba8d0cdc01e9""}]"
Nintendo SNES/Heian Huunden.uac	hhu.rsn	"[{""Algorithm"":""BLAKE3-256"",""Digest"":""3d92247a7784057a7bac47b1d301f5c877f08dd5ddf6f2253cfda5236cdaf5d2""},{""Algorithm"":""CRC32"",""Digest"":""8DCF1D70""},{""Algorithm"":""SHA-1"",""Digest"":""27120d8522d08ed79244e97a82e54c12bc4a4800""},{""Algorithm"":""MD5"",""Digest"":""87340223c9620a3e182e5f2e48401ede""}]"
Nintendo SNES/Heisei Gunjin Shougi.uac	hgs.rsn	"[{""Algorithm"":""BLAKE3-256"",""Digest"":""eb6cf06d3623a7774809f636980628cec50c6ce883185b24c7ae34e6910bd901""},{""Algorithm"":""CRC32"",""Digest"":""8888C921""},{""Algorithm"":""SHA-1"",""Digest"":""34c53e0de47f11fb9b392f2545a6696acc579496""},{""Algorithm"":""MD5"",""Digest"":""ba9711ffe7a115c15ce46a4b4828894a""}]"
Nintendo SNES/Heisei Shin Onigashima.uac	son.rsn	"[{""Algorithm"":""BLAKE3-256"",""Digest"":""17b76d16fde83105522d905169c0d592dc60f7741a9edfde4aa8af87bd27bd17""},{""Algorithm"":""CRC32"",""Digest"":""81A58BF7""},{""Algorithm"":""SHA-1"",""Digest"":""23316429351f1dfe66317eff610ad336bc6b1887""},{""Algorithm"":""MD5"",""Digest"":""9106a208f6ab408fe118bf00d326815c""}]"
Nintendo SNES/Heracles no Eikou III.uac	he3.rsn	"[{""Algorithm"":""BLAKE3-256"",""Digest"":""2448e1393931ac9653f3763ee2d02776cc6b28d7954a8134987cdb6a242ae94e""},{""Algorithm"":""CRC32"",""Digest"":""F0E3F083""},{""Algorithm"":""SHA-1"",""Digest"":""07277a028eaaa4f2b86afcd0fe10afee55c6e963""},{""Algorithm"":""MD5"",""Digest"":""a639d62da8a5da3d89052d4009bc9ccb""}]"
Nintendo SNES/Heracles no Eikou IV - Kamigami kara no Okurimono.uac	he4.rsn	"[{""Algorithm"":""BLAKE3-256"",""Digest"":""9175c0097036b4b7c36ffe82b957013b66e9c778e9a4dfd1f3b6214fd350ea58""},{""Algorithm"":""CRC32"",""Digest"":""627B53EF""},{""Algorithm"":""SHA-1"",""Digest"":""f292f7db4d4009e56b6adb3f7a3879142830f684""},{""Algorithm"":""MD5"",""Digest"":""d04862bad63c1bcac49d51f4d6fd174e""}]"
Nintendo SNES/Hero Senki.uac	hs.rsn	"[{""Algorithm"":""BLAKE3-256"",""Digest"":""7b6f63aa8463d3b28ad3fc2ea8591f9a7922e1fae778caf3ba76c3ae8bc995f0""},{""Algorithm"":""CRC32"",""Digest"":""CC49B453""},{""Algorithm"":""SHA-1"",""Digest"":""a5a33cd53d1e0fe3d034e190d73fcfa6a623c5d3""},{""Algorithm"":""MD5"",""Digest"":""d8249400ff9d52ada3a54c8c13d0dd6c""}]"
Nintendo SNES/Hiouden - Mamono Tachi Tono Chikai.uac	hdn.rsn	"[{""Algorithm"":""BLAKE3-256"",""Digest"":""11d7b594ea8904d260e5a161778e284246c9150df2bdee4c04805541e8b40dc5""},{""Algorithm"":""CRC32"",""Digest"":""3FA57117""},{""Algorithm"":""SHA-1"",""Digest"":""7a13c138df0f365a368e0fa3a581c425b0d6d7cc""},{""Algorithm"":""MD5"",""Digest"":""64d941c1a52266a96cbb6dea2c069e5f""}]"
Nintendo SNES/Hiryu no Ken S - Golden Fighter.uac	hkgf.rsn	"[{""Algorithm"":""BLAKE3-256"",""Digest"":""ffc15157b23e5ed573714c0d47556c57f765bf87ed1e3588961392a46188fc2f""},{""Algorithm"":""CRC32"",""Digest"":""74BE74B5""},{""Algorithm"":""SHA-1"",""Digest"":""f250b88d9df3a047a963ce86d4b9244ea17a1e39""},{""Algorithm"":""MD5"",""Digest"":""81495a02e2f006c7acc29cb6c4ca7194""}]"
Nintendo SNES/Hisshou 777 Fighter II.uac	h7f2.rsn	"[{""Algorithm"":""BLAKE3-256"",""Digest"":""21a4c58148701bef08daf186e49690ce7aee4826b8443af78949d512089a2a84""},{""Algorithm"":""CRC32"",""Digest"":""A74BE1B2""},{""Algorithm"":""SHA-1"",""Digest"":""58e859a603029252dc9e77763c4c8f20b47dbe6d""},{""Algorithm"":""MD5"",""Digest"":""2ce25f35af534ed6796306438803e9a1""}]"
Nintendo SNES/Hisshou 777 Fighter III.uac	h7f3.rsn	"[{""Algorithm"":""BLAKE3-256"",""Digest"":""2abb111240c3d4fcefdafb3cb7d8216e0bc8809f1944d9a729716433b4b572fb""},{""Algorithm"":""CRC32"",""Digest"":""003D1DA0""},{""Algorithm"":""SHA-1"",""Digest"":""27ef0f04ec2697f099bb82d64cfc2f4fb7306a65""},{""Algorithm"":""MD5"",""Digest"":""35034a954b13ec158cbec5a54b8b8268""}]"
Nintendo SNES/Hisshou 777 Fighter.uac	h7f.rsn	"[{""Algorithm"":""BLAKE3-256"",""Digest"":""8b3e48cbb9f92cd20a23213e8ba436959c2992ca5c48f9f759c135058ba73106""},{""Algorithm"":""CRC32"",""Digest"":""B3FE7820""},{""Algorithm"":""SHA-1"",""Digest"":""9a7165ad3ca321647659d30304063e3a1e264970""},{""Algorithm"":""MD5"",""Digest"":""e06b8b194d43fdd4c1ed74b9f19021ad""}]"
Nintendo SNES/Hit the Ice - VHL - The Official Video Hockey League (US).uac	hti.rsn	"[{""Algorithm"":""BLAKE3-256"",""Digest"":""a7f5fbfbed87575526e1b5d16fd64ac0bbfd373c264bcfce327d4484006281f6""},{""Algorithm"":""CRC32"",""Digest"":""34218065""},{""Algorithm"":""SHA-1"",""Digest"":""515a4327c75c8902efda5af1c7568fb05d970095""},{""Algorithm"":""MD5"",""Digest"":""aa0cd6a5801ec8ed5f14140ec01255ca""}]"
Nintendo SNES/Hokuto no Ken 5 - Tenma Ryuuseiden Ai Zetsu Shou (JP).uac	hk5.rsn	"[{""Algorithm"":""BLAKE3-256"",""Digest"":""76e9c44983263fa29968cdfbaead9b6f4307eeb7ecf0f14ed69097305a6e89cd""},{""Algorithm"":""CRC32"",""Digest"":""9C140D60""},{""Algorithm"":""SHA-1"",""Digest"":""2d9c09571eed7789734b451dca0f2ad1a929b6fc""},{""Algorithm"":""MD5"",""Digest"":""cc4b37f0baf23e9681be136252480e74""}]"
Nintendo SNES/Hokuto no Ken 6.uac	hk6.rsn	"[{""Algorithm"":""BLAKE3-256"",""Digest"":""9a11ed88a796ede232fa30acd8718bdd772f34d3a35a48b02a3493112fb906a6""},{""Algorithm"":""CRC32"",""Digest"":""651585FA""},{""Algorithm"":""SHA-1"",""Digest"":""8bc7ba7f845c055a31fb55e2071027bcf21e9bc9""},{""Algorithm"":""MD5"",""Digest"":""4f835abc2dcf83e0965c34e1151e5cec""}]"
Nintendo SNES/Hokuto no Ken 7.uac	hk7.rsn	"[{""Algorithm"":""BLAKE3-256"",""Digest"":""b0491eb88f45957a696b3ee0b4f404b63e7595305b97d74e79466fb8389dca99""},{""Algorithm"":""CRC32"",""Digest"":""23A83877""},{""Algorithm"":""SHA-1"",""Digest"":""dd726ccbe272cdc92c4df4691cc3c5b60a0f7228""},{""Algorithm"":""MD5"",""Digest"":""2ffd22379b518f44d127c8b3e2108d2e""}]"
Nintendo SNES/Holy Umbrella.uac	hu.rsn	"[{""Algorithm"":""BLAKE3-256"",""Digest"":""981b8c001870342d9a4f22c9f8717d72531b9131f03be81114782d0b3b0443de""},{""Algorithm"":""CRC32"",""Digest"":""7E42772D""},{""Algorithm"":""SHA-1"",""Digest"":""560334dd41a7864a38354a336c2c94aa3f90106c""},{""Algorithm"":""MD5"",""Digest"":""e637187e3a7248523f15279d0d20d25f""}]"
Nintendo SNES/Home Alone 2.uac	ha2.rsn	"[{""Algorithm"":""BLAKE3-256"",""Digest"":""0454ced7284b3ebcd2c45c1c2a6ddcd3e77d80075adba7aa24eb18a9cb32ce2f""},{""Algorithm"":""CRC32"",""Digest"":""A3307F64""},{""Algorithm"":""SHA-1"",""Digest"":""4ab4b1dc7bcd6fa7af51108cbbb2bf6eabe37a9f""},{""Algorithm"":""MD5"",""Digest"":""c8ab2781c1ab187367241812579bde1f""}]"
Nintendo SNES/Home Alone.uac	ha.rsn	"[{""Algorithm"":""BLAKE3-256"",""Digest"":""897d4e9b4198241f43d2f5efa1aaac61cd65f4c4f4ae9f866618b67f81910350""},{""Algorithm"":""CRC32"",""Digest"":""461416F5""},{""Algorithm"":""SHA-1"",""Digest"":""dc146522a7dcee813ba456cdc227137e591fe2cb""},{""Algorithm"":""MD5"",""Digest"":""e754d5c40e7215fe8e720e9b5eebcb42""}]"
Nintendo SNES/Home Improvement.uac	himp.rsn	"[{""Algorithm"":""BLAKE3-256"",""Digest"":""8848c1111f3b76b4312c9eb31d4277e86d7942bda6453340fbb63a2e843a6460""},{""Algorithm"":""CRC32"",""Digest"":""6B7668BF""},{""Algorithm"":""SHA-1"",""Digest"":""1458dd5a7abfdaee117decdb429366cbf724eb9c""},{""Algorithm"":""MD5"",""Digest"":""6f7ccf1b27707b61e2c9adac1429e884""}]"
Nintendo SNES/Hong Kong 97.uac	hk97.rsn	"[{""Algorithm"":""BLAKE3-256"",""Digest"":""f9271962c56e21212a7d8eb2e52ae1c39c370823d06ec6e1a0c667070db40acd""},{""Algorithm"":""CRC32"",""Digest"":""E0D9944A""},{""Algorithm"":""SHA-1"",""Digest"":""32cd505a0a83474f54b1fc196f1144ead92ce34d""},{""Algorithm"":""MD5"",""Digest"":""f8c99868d377e7450bac361d3a0efde3""}]"
Nintendo SNES/Honkaku Mahjong - Tetsuman (JP).uac	hmat.rsn	"[{""Algorithm"":""BLAKE3-256"",""Digest"":""5e0f5dcff56e10e3c7d4160476a416a3cc95ef926bfcc25d1958cd573cba3c61""},{""Algorithm"":""CRC32"",""Digest"":""AFC25711""},{""Algorithm"":""SHA-1"",""Digest"":""27fd61856571b8393354e913d08c1eeed3a1a017""},{""Algorithm"":""MD5"",""Digest"":""de082e98654bd15d5182dfc25dfa651c""}]"
Nintendo SNES/Honkaku Shougi - Fuuunji Ryuuou (JP).uac	hsfr.rsn	"[{""Algorithm"":""BLAKE3-256"",""Digest"":""b1d0011b1fc8d87575ad3c269262e192888c90a714ca397abcefa3402e85289f""},{""Algorithm"":""CRC32"",""Digest"":""94223B0B""},{""Algorithm"":""SHA-1"",""Digest"":""1c98d9d008c447f717298ab3216f17b09d682401""},{""Algorithm"":""MD5"",""Digest"":""bf09c2d11fde0539ff107f194080ecdc""}]"
Nintendo SNES/Honkakuha Igo - Gosei.uac	higo.rsn	"[{""Algorithm"":""BLAKE3-256"",""Digest"":""cebf22d1423a15b19256e7bdc6514f22c44875f19836f2ac9fd570a7eca5d88a""},{""Algorithm"":""CRC32"",""Digest"":""950408C5""},{""Algorithm"":""SHA-1"",""Digest"":""d414274d456ef6c5c2386cb80dea7f04b448c5b6""},{""Algorithm"":""MD5"",""Digest"":""3bac5a73fefeca4d87dbe308512314d7""}]"
Nintendo SNES/Honoo no Toukyuuji - Dodge Danpei.uac	hndd.rsn	"[{""Algorithm"":""BLAKE3-256"",""Digest"":""bf90dfde294552d02338edfd50f8a527b992abd311761491ada4159ac982a932""},{""Algorithm"":""CRC32"",""Digest"":""4278532E""},{""Algorithm"":""SHA-1"",""Digest"":""00970750a3b9f8f16f5d6d3c1f6ea19346417f76""},{""Algorithm"":""MD5"",""Digest"":""fd4dcc0be5707af61a5754f032a2e037""}]"
Nintendo SNES/Hook.uac	hook.rsn	"[{""Algorithm"":""BLAKE3-256"",""Digest"":""f87288919b723d76a64ab9452c9db701079be23d278e4d5bb5f87bff74e9f47c""},{""Algorithm"":""CRC32"",""Digest"":""5D18DC39""},{""Algorithm"":""SHA-1"",""Digest"":""45d13968bdefe545aac66885fbe7511669a004df""},{""Algorithm"":""MD5"",""Digest"":""92f53ba334b41922d1e9726f68d9b0b8""}]"
Nintendo SNES/Hourai Gakuen no Bouken.uac	hgb.rsn	"[{""Algorithm"":""BLAKE3-256"",""Digest"":""1e28fdc0b8362c51b6f775d29ff6f01b78368bd83653b3f39ac684eadd1d2fde""},{""Algorithm"":""CRC32"",""Digest"":""860B29CD""},{""Algorithm"":""SHA-1"",""Digest"":""cee471a604a5567144f5e55e0a6f3a2d96f9f66a""},{""Algorithm"":""MD5"",""Digest"":""d9221d28f2bca0b7dbd67f673720b042""}]"
Nintendo SNES/Human Grand Prix 2.uac	hgp2.rsn	"[{""Algorithm"":""BLAKE3-256"",""Digest"":""a48f9333d4204dad5e0e8d04819fa4ed2661d769a411ff57d33b18e950fb39bd""},{""Algorithm"":""CRC32"",""Digest"":""8E2C42D0""},{""Algorithm"":""SHA-1"",""Digest"":""ac596fb6fa50586ec780b837a086e5cc773b13f2""},{""Algorithm"":""MD5"",""Digest"":""b935b6d55cd09414adf75abaa6d3306f""}]"
Nintendo SNES/Human Grand Prix 3.uac	hgp3.rsn	"[{""Algorithm"":""BLAKE3-256"",""Digest"":""762d1fb4641bcbd06a0a9af37f98459982025b78e81f6e637ac14373871c3150""},{""Algorithm"":""CRC32"",""Digest"":""EF094EFC""},{""Algorithm"":""SHA-1"",""Digest"":""1a2e688935725f497683c8a47a500fc65f96fd27""},{""Algorithm"":""MD5"",""Digest"":""7320b39e1f2b030d647f6672d6ec160b""}]"
Nintendo SNES/Human Grand Prix 4.uac	hgp4.rsn	"[{""Algorithm"":""BLAKE3-256"",""Digest"":""d381aec11273ee70f51ee8968a3033e1d5521c2d5469510cf16fb70313f8aee8""},{""Algorithm"":""CRC32"",""Digest"":""40062A53""},{""Algorithm"":""SHA-1"",""Digest"":""bd6fb3e4de1cba035848745cafb3888cc5ee5f2b""},{""Algorithm"":""MD5"",""Digest"":""c0b85c39d696f7cf50c7394a37aa36cb""}]"
Nintendo SNES/Human Grand Prix.uac	hgp.rsn	"[{""Algorithm"":""BLAKE3-256"",""Digest"":""db2a05433de9ad25430076b926c5e4e77ec43c3372ca97d7b1a7617c9ba13b45""},{""Algorithm"":""CRC32"",""Digest"":""28080242""},{""Algorithm"":""SHA-1"",""Digest"":""d752941184b439e1231c8002ed4482fc370a3600""},{""Algorithm"":""MD5"",""Digest"":""47f537e481dcd9a8b8095c53e404bf29""}]"
Nintendo SNES/Humans, The.uac	human.rsn	"[{""Algorithm"":""BLAKE3-256"",""Digest"":""1b9a0a795af6e6fc22138b9b10af72495f2cc6b3e9e8af1ecf005d3dc8e7d8a8""},{""Algorithm"":""CRC32"",""Digest"":""2442EDE1""},{""Algorithm"":""SHA-1"",""Digest"":""7c27e9282489cc7456a0b01bbc39cfb7be939d6c""},{""Algorithm"":""MD5"",""Digest"":""c6f6ade3b4ea61b7cdc1e8485e08a835""}]"
Nintendo SNES/Hunt for Red October.uac	hro.rsn	"[{""Algorithm"":""BLAKE3-256"",""Digest"":""61ca45e9a8b0d0ca72794db2035c24711995d8e9d00f4a9c2f41d8bd5b54f4fb""},{""Algorithm"":""CRC32"",""Digest"":""275E91D9""},{""Algorithm"":""SHA-1"",""Digest"":""48f1ffd5f4714918a4de3b22011df47e3f044c13""},{""Algorithm"":""MD5"",""Digest"":""f25baed9dfe11cfdde5ced162b2b57ef""}]"
Nintendo SNES/Hurricanes Trainer.uac	ht.rsn	"[{""Algorithm"":""BLAKE3-256"",""Digest"":""980b67409ee81fbbe8542ef636cb2c36b85ca5ec6e5288d3cf24e662c7e0c06f""},{""Algorithm"":""CRC32"",""Digest"":""66C64021""},{""Algorithm"":""SHA-1"",""Digest"":""b83b98ca4862e937c78e65dca9b4e4a976087004""},{""Algorithm"":""MD5"",""Digest"":""f0409c9522e984b3260a1a8b8d32d550""}]"
Nintendo SNES/Hurricanes.uac	hurr.rsn	"[{""Algorithm"":""BLAKE3-256"",""Digest"":""1a343996d5c77329e92f0bdb2e2cd02074afc7d5dea4d8e15fb4c549c8ffaf56""},{""Algorithm"":""CRC32"",""Digest"":""E134CE76""},{""Algorithm"":""SHA-1"",""Digest"":""e10603430cbc43f71febfebf504ba800fc18de57""},{""Algorithm"":""MD5"",""Digest"":""681b2f15cce5e149c37d057f9f385199""}]"
Nintendo SNES/Hyper Iria.uac	hyir.rsn	"[{""Algorithm"":""BLAKE3-256"",""Digest"":""a895a344b2c78c548dd226adb60470caa68e78cfc6dc6b22e5adb5b19c1acad4""},{""Algorithm"":""CRC32"",""Digest"":""D639DB84""},{""Algorithm"":""SHA-1"",""Digest"":""0d9289cafb08ed081ce302ef469a3f29419821d3""},{""Algorithm"":""MD5"",""Digest"":""3bf6e0e3629c5fc4fed35cc832a87a1b""}]"
Nintendo SNES/Hyper V-Ball.uac	hvbsv.rsn	"[{""Algorithm"":""BLAKE3-256"",""Digest"":""57b9775f6e635b1fcc6979404a839f674283cba58071f2a3e4de50910bb9f4a7""},{""Algorithm"":""CRC32"",""Digest"":""624321F1""},{""Algorithm"":""SHA-1"",""Digest"":""47ae0fffe3b4034495af312a508d5080b59dcc69""},{""Algorithm"":""MD5"",""Digest"":""f33dfe21c42c3710ede52c7f947eb8ff""}]"
Nintendo SNES/Hyper Zone.uac	hzone.rsn	"[{""Algorithm"":""BLAKE3-256"",""Digest"":""3583e05382e7e1db446df6a4576d724d2e236a839a985a13a02696c9d6869aae""},{""Algorithm"":""CRC32"",""Digest"":""1A1F6635""},{""Algorithm"":""SHA-1"",""Digest"":""84f5d112f7191c44a623ec1798fff90cab7963fd""},{""Algorithm"":""MD5"",""Digest"":""1654f6b3c693459dd34f19434acb2c34""}]"
Nintendo SNES/Hysteria.uac	hyst.rsn	"[{""Algorithm"":""BLAKE3-256"",""Digest"":""e54773b640400ae043d289828dfe7a44409333cede64afdfab675f836626c166""},{""Algorithm"":""CRC32"",""Digest"":""1162C505""},{""Algorithm"":""SHA-1"",""Digest"":""8b5d2be906f3a3c79e82f3c1948fd28eb12f042b""},{""Algorithm"":""MD5"",""Digest"":""0e72670902468fc331a9676eb683ed33""}]"
Nintendo SNES/Idea no Hi.uac	idea.rsn	"[{""Algorithm"":""BLAKE3-256"",""Digest"":""5997a5dc696d463e45443c4a33303acb8a25a7ae3a7114b4ff5d6b3e3ab6f055""},{""Algorithm"":""CRC32"",""Digest"":""FEA4A8DF""},{""Algorithm"":""SHA-1"",""Digest"":""da838713556c9c5fb64f5f44301b1ac0ea506a01""},{""Algorithm"":""MD5"",""Digest"":""ce07e0f28a5eaa5ee688917a1cd314df""}]"
Nintendo SNES/Ignition Factor.uac	igf.rsn	"[{""Algorithm"":""BLAKE3-256"",""Digest"":""7599c33be172bd73764de233961ca88756c9b398247def3418f8bdae3baa5474""},{""Algorithm"":""CRC32"",""Digest"":""E24C2153""},{""Algorithm"":""SHA-1"",""Digest"":""aaece8fb4598091aafaa47ff2053273749b3a109""},{""Algorithm"":""MD5"",""Digest"":""3b28fc33604b2b601bbfd845e986aa4b""}]"
Nintendo SNES/Igo Club (JP).uac	igoc.rsn	"[{""Algorithm"":""BLAKE3-256"",""Digest"":""e8246a0925772f1a47b0025af9ed6b569fef559cc07209a5e2964ff90232c6db""},{""Algorithm"":""CRC32"",""Digest"":""0C464C83""},{""Algorithm"":""SHA-1"",""Digest"":""242b04ac0303a1bee7145402959fb57b25f6f655""},{""Algorithm"":""MD5"",""Digest"":""059ed1107f6312c6384e57e1abf36562""}]"
Nintendo SNES/Ihatovo Monogatari.uac	im.rsn	"[{""Algorithm"":""BLAKE3-256"",""Digest"":""59dbb8d58d52240fb3b602c3bb557ea2267d732f5649303192ed90b7d6a14731""},{""Algorithm"":""CRC32"",""Digest"":""ADB70263""},{""Algorithm"":""SHA-1"",""Digest"":""b0694238d970cb828b4d9960a1761fb9cfc2d32b""},{""Algorithm"":""MD5"",""Digest"":""4b743b9ddce431dc67106bc0be801bb9""}]"
Nintendo SNES/Illusion of Gaia.uac	iog.rsn	"[{""Algorithm"":""BLAKE3-256"",""Digest"":""913f68a4cadaf5be10c90c350748072115d3cabccf5031065147ad7392af4160""},{""Algorithm"":""CRC32"",""Digest"":""C86F4075""},{""Algorithm"":""SHA-1"",""Digest"":""eb836530bdba2def81c028693f3f891763520f5f""},{""Algorithm"":""MD5"",""Digest"":""f09e6aa8759e47e904211be611179c82""}]"
Nintendo SNES/Illvanian no Shiro.uac	ins.rsn	"[{""Algorithm"":""BLAKE3-256"",""Digest"":""bbc484a0a63bcc0bd8c9748668a61f73606aca5af56523d62a4dc5208d8df63f""},{""Algorithm"":""CRC32"",""Digest"":""879BBE59""},{""Algorithm"":""SHA-1"",""Digest"":""7b9bc822b6accddac11a484c713d7c162ef97bcb""},{""Algorithm"":""MD5"",""Digest"":""56a7f4a0b2d24c86ce854bcc60db2911""}]"
Nintendo SNES/Imperium.uac	imp.rsn	"[{""Algorithm"":""BLAKE3-256"",""Digest"":""2a59a6055ce3e4bb06ded1eb09b82b554f74ec057d619490d9cfaefc553efbdd""},{""Algorithm"":""CRC32"",""Digest"":""09FCDF52""},{""Algorithm"":""SHA-1"",""Digest"":""dee824a39735ab3b7576ab7fae7d70a3fc895f56""},{""Algorithm"":""MD5"",""Digest"":""783e52ff81307e283d60d7bc267e7cf1""}]"
Nintendo SNES/Inazuma Serve da!!.uac	isbv.rsn	"[{""Algorithm"":""BLAKE3-256"",""Digest"":""8bc5a1e9cb7b76843c012225d4b0ab28c57e6d75ffe7a29528827e9ebd295b9d""},{""Algorithm"":""CRC32"",""Digest"":""65FB765D""},{""Algorithm"":""SHA-1"",""Digest"":""8de379cf6016086f22232840b06d34161c71b7bd""},{""Algorithm"":""MD5"",""Digest"":""fbd3cf83ad5d214b617da0e1d9c81d59""}]"
Nintendo SNES/Incantation.uac	inca.rsn	"[{""Algorithm"":""BLAKE3-256"",""Digest"":""7dfff3e10a320b4df5fa02413a9f8ec86933ec1261144f8823de17652ce4ec63""},{""Algorithm"":""CRC32"",""Digest"":""C88C7AA2""},{""Algorithm"":""SHA-1"",""Digest"":""52653c65e3433a6e38eb16b1a8bdfddb725f31fd""},{""Algorithm"":""MD5"",""Digest"":""e227da31b0d4c774963c0d0887ee06a5""}]"
Nintendo SNES/Incredible Hulk, The.uac	hulk.rsn	"[{""Algorithm"":""BLAKE3-256"",""Digest"":""d80f5a0d5b3d16d40322ae5a8f2f4741f7ef56be7097e1bb67515b8b5fefda85""},{""Algorithm"":""CRC32"",""Digest"":""E1D4A17E""},{""Algorithm"":""SHA-1"",""Digest"":""eff4b2bec17118e51d8479fddf0ef769c4ff77fb""},{""Algorithm"":""MD5"",""Digest"":""fcb93a52ac70f6e41b775e9e363049c6""}]"
Nintendo SNES/Indiana Jones' Greatest Adventures.uac	ijga.rsn	"[{""Algorithm"":""BLAKE3-256"",""Digest"":""9eaaedad85571f92352321025d04ac071aedb34cdc79ed6c0743ca5ce512a20f""},{""Algorithm"":""CRC32"",""Digest"":""F17FA110""},{""Algorithm"":""SHA-1"",""Digest"":""74740bf5d47e6eebfe31292a49115ec785e8ddcc""},{""Algorithm"":""MD5"",""Digest"":""b9fb4005bf0579571435b800789bb8ed""}]"
Nintendo SNES/Inindo - Way of the Ninja (Super Inindo - Datou Nobunaga).uac	ini.rsn	"[{""Algorithm"":""BLAKE3-256"",""Digest"":""0a691e1c1051320c228a21a292014866c28bdb97661563ceb690a89da7c54607""},{""Algorithm"":""CRC32"",""Digest"":""CCC96F85""},{""Algorithm"":""SHA-1"",""Digest"":""ef48ffc3bfda828b88523a2029753b588e205842""},{""Algorithm"":""MD5"",""Digest"":""81b21726257730e1200d6c0332b5ea03""}]"
Nintendo SNES/Inspector Gadget (US).uac	gadg.rsn	"[{""Algorithm"":""BLAKE3-256"",""Digest"":""94812e3faa807ed5225864ea797c9cd454059bea0b95442042f54e1fc0577519""},{""Algorithm"":""CRC32"",""Digest"":""5FCEBB04""},{""Algorithm"":""SHA-1"",""Digest"":""a82e0b019e6640042867b9240fbd20937b9695ad""},{""Algorithm"":""MD5"",""Digest"":""e6c113d4152a6cfafa6fec3cc27e801c""}]"
Nintendo SNES/International Superstar Soccer Deluxe.uac	issdx.rsn	"[{""Algorithm"":""BLAKE3-256"",""Digest"":""89e65b8ead8aad11b93b7c371df65d22e5641fe95854e46c9b555af0ee03c3f0""},{""Algorithm"":""CRC32"",""Digest"":""F450DFF3""},{""Algorithm"":""SHA-1"",""Digest"":""cb4e1821145cec0e4b37bacbc7bee89486abf65b""},{""Algorithm"":""MD5"",""Digest"":""d3782b597bca92ed2ac0e967849248c1""}]"
Nintendo SNES/International Superstar Soccer.uac	iss.rsn	"[{""Algorithm"":""BLAKE3-256"",""Digest"":""ff3442baea263bf2228de578da4c4bb47713dd86ccf30ef3b21d3b90f0b26068""},{""Algorithm"":""CRC32"",""Digest"":""E919DCCB""},{""Algorithm"":""SHA-1"",""Digest"":""002dc90ec31775777cebc69ee69fee301f5ec1ed""},{""Algorithm"":""MD5"",""Digest"":""103ffa8720596800a74ebfff65ce9667""}]"
Nintendo SNES/International Tennis Tour.uac	itt.rsn	"[{""Algorithm"":""BLAKE3-256"",""Digest"":""8ab2e385ffea83f5f59c70438e60c0c8394311ddd41886c8b68cb02fbb6bed9e""},{""Algorithm"":""CRC32"",""Digest"":""18CB2D3B""},{""Algorithm"":""SHA-1"",""Digest"":""9573b1a252c56da0e6e54922e90de645095dc984""},{""Algorithm"":""MD5"",""Digest"":""b55b32754eaf76d547b0616200c1d642""}]"
Nintendo SNES/Ippatsu Gyakuten (JP).uac	ipgt.rsn	"[{""Algorithm"":""BLAKE3-256"",""Digest"":""ecb39f4473b3417d33d90326516e8055fa976f773165f0ac134a8009586375fb""},{""Algorithm"":""CRC32"",""Digest"":""B0FCF42C""},{""Algorithm"":""SHA-1"",""Digest"":""3bca6b32bf6c93022027914c4df4de322bcf7b8c""},{""Algorithm"":""MD5"",""Digest"":""0eb448b2932035bb55f81664f5bcc016""}]"
Nintendo SNES/Iron Commando.uac	icom.rsn	"[{""Algorithm"":""BLAKE3-256"",""Digest"":""f8a8ea0f578c5c1904d8787dacdd5b64199a48733eccb80ef01edc5a15a3cdf9""},{""Algorithm"":""CRC32"",""Digest"":""95A39634""},{""Algorithm"":""SHA-1"",""Digest"":""f0f462f2dfbaef788d48ef2cd803731514e65c0b""},{""Algorithm"":""MD5"",""Digest"":""0bb7d9d0c1958a8bee5b3852c9080cb8""}]"
Nintendo SNES/Itadaki Street 2.uac	is2.rsn	"[{""Algorithm"":""BLAKE3-256"",""Digest"":""5ed8609ea214cb26b3066a4534823118961280c9b60edffe4cf8158e62f82063""},{""Algorithm"":""CRC32"",""Digest"":""0371B95E""},{""Algorithm"":""SHA-1"",""Digest"":""1e2533e3a2b7325dbb0683744884c23eea579e4c""},{""Algorithm"":""MD5"",""Digest"":""5b5ec8e295c602b0d97fe8df8cd33143""}]"
Nintendo SNES/Itchy and Scratchy Game.uac	isg.rsn	"[{""Algorithm"":""BLAKE3-256"",""Digest"":""5f412d4c11772bf455150ee9ade2033b42022050e80923c724163476b730b405""},{""Algorithm"":""CRC32"",""Digest"":""BAAEF3E4""},{""Algorithm"":""SHA-1"",""Digest"":""2c38f89ef91a94ecbd29e96c3849b9db59f769d9""},{""Algorithm"":""MD5"",""Digest"":""2aef7d599a570d6a5be78d41338a2aac""}]"
Nintendo SNES/Itoi Shigesato no Bass Tsuri No.1 (Shigesato Itoi's Bass Fishing No.1).uac	bfn1.rsn	"[{""Algorithm"":""BLAKE3-256"",""Digest"":""909f26de065af331644d12ccdaea9261a6a24959d8cfa6fc84d8bc028e78431c""},{""Algorithm"":""CRC32"",""Digest"":""90AC3AA7""},{""Algorithm"":""SHA-1"",""Digest"":""475224db821dfc718f269b617feb054b43aff66b""},{""Algorithm"":""MD5"",""Digest"":""2824d40876bd098579bd7278b8d12a05""}]"
Nintendo SNES/Itou Hatasu Rokudan no Shougi Dojo.uac	ihrsd.rsn	"[{""Algorithm"":""BLAKE3-256"",""Digest"":""37a7b8f0fe3061c9911e53546f3d86274160f17e95fabf0d2b6559e95163f764""},{""Algorithm"":""CRC32"",""Digest"":""1500CF34""},{""Algorithm"":""SHA-1"",""Digest"":""3247aeeab4e6f59f63bf749ed57265ef558dc66b""},{""Algorithm"":""MD5"",""Digest"":""5a03d3d907b9437c4252c59b43e0a9e2""}]"
Nintendo SNES/Izzy's Quest for the Olympic Rings.uac	izzy.rsn	"[{""Algorithm"":""BLAKE3-256"",""Digest"":""65481f13051a062dc819f2561d2a2091dbb8e507488b239681cfdd26146cc235""},{""Algorithm"":""CRC32"",""Digest"":""00785C74""},{""Algorithm"":""SHA-1"",""Digest"":""59e9d175672bd2872f1d71afc07646266f248d1a""},{""Algorithm"":""MD5"",""Digest"":""72192bcdf0011a1ec308aedef8147b13""}]"
Nintendo SNES/J League Excite Stage '94.uac	jle94.rsn	"[{""Algorithm"":""BLAKE3-256"",""Digest"":""71834129b04c4eb60ee5473acb515d7013074958d3dd3725a9a906d235e84b05""},{""Algorithm"":""CRC32"",""Digest"":""F0BB06F6""},{""Algorithm"":""SHA-1"",""Digest"":""549ffd2cb7c4dbfbcc76fa45b3a2649c93e134a4""},{""Algorithm"":""MD5"",""Digest"":""a074b5e5c98b43bb67b003bd898f94b1""}]"
Nintendo SNES/J-League Excite Stage '95.uac	jle95.rsn	"[{""Algorithm"":""BLAKE3-256"",""Digest"":""339c90cbfa2e348ca31f4d15343e07f032f0937d2f9c2ce2ea43890d7430c605""},{""Algorithm"":""CRC32"",""Digest"":""C00F7235""},{""Algorithm"":""SHA-1"",""Digest"":""5d040088b1003fcd8285266eec23062117c11abe""},{""Algorithm"":""MD5"",""Digest"":""9987b685bfbaec6da2a85c864d4a0f93""}]"
Nintendo SNES/J-League Soccer Prime Goal 3.uac	jlpg3.rsn	"[{""Algorithm"":""BLAKE3-256"",""Digest"":""62cc87b6617d443fd61ed4957aa034112624784f6abfbc4be48cae438774827c""},{""Algorithm"":""CRC32"",""Digest"":""238B9195""},{""Algorithm"":""SHA-1"",""Digest"":""42d659d94786ca4d12b68e40be8c720699cf75e6""},{""Algorithm"":""MD5"",""Digest"":""d8b1ed5ce9db188159496e549566ee0d""}]"
Nintendo SNES/J-League Soccer Prime Goal.uac	jlpg.rsn	"[{""Algorithm"":""BLAKE3-256"",""Digest"":""d37a302f5e349e80018467d3567a6169330dd40d93c867598cde56508c4d633f""},{""Algorithm"":""CRC32"",""Digest"":""E160BF83""},{""Algorithm"":""SHA-1"",""Digest"":""86494232fe83a080c6824edf5fa098be430bdbd8""},{""Algorithm"":""MD5"",""Digest"":""59006fe6f8211932f6cedd57867ff93a""}]"
Nintendo SNES/J-League Super Soccer '95.uac	jls95.rsn	"[{""Algorithm"":""BLAKE3-256"",""Digest"":""4c1ae2686821ea16b960a3b6ca887f751adc0a2d038a72616ff36f820f9c59bb""},{""Algorithm"":""CRC32"",""Digest"":""61EDEBE4""},{""Algorithm"":""SHA-1"",""Digest"":""2d77830b05799fe2da5c303845aaeebe1f53e7b2""},{""Algorithm"":""MD5"",""Digest"":""0990e7e61b769012535f10cd02c9eb52""}]"
Nintendo SNES/J-League Super Soccer (Virtual Soccer).uac	jlss.rsn	"[{""Algorithm"":""BLAKE3-256"",""Digest"":""97cc7230fdc99b7f32576cca62943422472fd6a6a63a9dd7b847bee8d47993d6""},{""Algorithm"":""CRC32"",""Digest"":""26B4741F""},{""Algorithm"":""SHA-1"",""Digest"":""89bdb225db512dcd4a8cfcb816c7ff55cb7e742b""},{""Algorithm"":""MD5"",""Digest"":""917d73a3d79d0c674111ea4ec6f1f5eb""}]"
Nintendo SNES/J.League Soccer - Prime Goal 2 (JP).uac	jlpg2.rsn	"[{""Algorithm"":""BLAKE3-256"",""Digest"":""e405983821ab9136eb6ac12c7108ca22d808d1c6e1afba1c66f81680c9c78925""},{""Algorithm"":""CRC32"",""Digest"":""6C0431E6""},{""Algorithm"":""SHA-1"",""Digest"":""565372141e5d8a42f9b223a618cabbc91fa88ae7""},{""Algorithm"":""MD5"",""Digest"":""958a97d70ad065783579851f0d446883""}]"
Nintendo SNES/Jack Nicklaus Golf.uac	jng.rsn	"[{""Algorithm"":""BLAKE3-256"",""Digest"":""cadeae322026677a0759355c2ad9e6272710b292d2f11500ce38273be2f8a92a""},{""Algorithm"":""CRC32"",""Digest"":""91C23E3F""},{""Algorithm"":""SHA-1"",""Digest"":""98dee45da89cd8d21d020f487778fe6c2ef2edde""},{""Algorithm"":""MD5"",""Digest"":""3a3225f072453994cbd11a3464aa4510""}]"
Nintendo SNES/Jaleco Rally Big Run - The Supreme 4WD Challenge.uac	jbrr.rsn	"[{""Algorithm"":""BLAKE3-256"",""Digest"":""09dd6cb6f19254f54564c23fdeb8a40fa0d79119c934b9dc8da8bf21e1865da2""},{""Algorithm"":""CRC32"",""Digest"":""AB329D28""},{""Algorithm"":""SHA-1"",""Digest"":""8edd123d3b288636bf648f817cf12840ed294615""},{""Algorithm"":""MD5"",""Digest"":""5fe65a4a2ee2f2e09870c716160731ac""}]"
Nintendo SNES/Jammes.uac	jms.rsn	"[{""Algorithm"":""BLAKE3-256"",""Digest"":""377904c1a13f9bf28b166a8b9d2b435fd2739955931bf2a25e2601338920ade4""},{""Algorithm"":""CRC32"",""Digest"":""7E6BC161""},{""Algorithm"":""SHA-1"",""Digest"":""17dd5ce28bc68a5dd5c13e31fec7e1014182cc34""},{""Algorithm"":""MD5"",""Digest"":""9c1ddfed389049a30600f3ecaed0c67f""}]"
Nintendo SNES/Jammit.uac	jamit.rsn	"[{""Algorithm"":""BLAKE3-256"",""Digest"":""347b8232cd47aea1dd356dca301fe67af7c9e859455f61dc3d58300d81ad31ba""},{""Algorithm"":""CRC32"",""Digest"":""DC270018""},{""Algorithm"":""SHA-1"",""Digest"":""2476d123520ce7c1399e8e10176660a0be68f292""},{""Algorithm"":""MD5"",""Digest"":""5ae6452153e70a327c6fdc800ffc975d""}]"
Nintendo SNES/Janyuuki Gokuu Randa.uac	jgk.rsn	"[{""Algorithm"":""BLAKE3-256"",""Digest"":""8fc860dad6a04dd27b70493664768e607e9b7ed49d2a2f93cefd3a2459f459b8""},{""Algorithm"":""CRC32"",""Digest"":""0EFE1B9D""},{""Algorithm"":""SHA-1"",""Digest"":""d04d21e0b65ee27ce12dbeb07aeb6e408888ed28""},{""Algorithm"":""MD5"",""Digest"":""4bfa3c631f95fc5eeb47a5e35d3374aa""}]"
Nintendo SNES/Jelly Boy 2.uac	jboy2.rsn	"[{""Algorithm"":""BLAKE3-256"",""Digest"":""78ec27031781bd487e7ccaaa0c51b071709c8e8608c33ab408c2aaaf464020d5""},{""Algorithm"":""CRC32"",""Digest"":""777831AF""},{""Algorithm"":""SHA-1"",""Digest"":""5274cec4a17a16efc7cbcb23235d90eee076f447""},{""Algorithm"":""MD5"",""Digest"":""b490d3c6f531d6f893ab248e1006dd80""}]"
Nintendo SNES/Jelly Boy.uac	jboy.rsn	"[{""Algorithm"":""BLAKE3-256"",""Digest"":""4d92964d4450b5e41ec3520a37447c88e431fb06c69a551f61e7a731a5a4a86d""},{""Algorithm"":""CRC32"",""Digest"":""E293397F""},{""Algorithm"":""SHA-1"",""Digest"":""bb8d8407821d59d3b0e49779af07afed7a5fba39""},{""Algorithm"":""MD5"",""Digest"":""b9aec15bb9275957ea3a8fe3c32b32b6""}]"
Nintendo SNES/Jeopardy! (US).uac	jeop.rsn	"[{""Algorithm"":""BLAKE3-256"",""Digest"":""ce5bf89a48a5f54a494c8639e90f1487f6e088739cc084d345ef773608b5190c""},{""Algorithm"":""CRC32"",""Digest"":""E68866EB""},{""Algorithm"":""SHA-1"",""Digest"":""81660f2aadc1b357465506693e5b7601bc62d3c4""},{""Algorithm"":""MD5"",""Digest"":""3758af1523fbb6a7052935441f6a6bbf""}]"
Nintendo SNES/Jerry Boy (Smartball).uac	jerry.rsn	"[{""Algorithm"":""BLAKE3-256"",""Digest"":""be51d7e7463e479da3cccde7c1f24d3930186ef5f6268e881fc1d8153cb78819""},{""Algorithm"":""CRC32"",""Digest"":""385F92E9""},{""Algorithm"":""SHA-1"",""Digest"":""67a8126e6363f638a01fcd0b16f5cf2222bef6eb""},{""Algorithm"":""MD5"",""Digest"":""7e9752d970ac818285fd96aa011fe52b""}]"
Nintendo SNES/Jetsons - Invasion of the Planet Pirates.uac	jets.rsn	"[{""Algorithm"":""BLAKE3-256"",""Digest"":""fc6070e8b7f28e29a33ddb0b0fb6e4d9c6ce1c3dc154363bae84156cb4348d20""},{""Algorithm"":""CRC32"",""Digest"":""98915A20""},{""Algorithm"":""SHA-1"",""Digest"":""6f5c221cf92d543facccb5f9d3aa804d9927e1b4""},{""Algorithm"":""MD5"",""Digest"":""b4f7cee33396cce567932a1a055ffa73""}]"
Nintendo SNES/Jikkyou Oshaberi Parodius (JP).uac	jop.rsn	"[{""Algorithm"":""BLAKE3-256"",""Digest"":""9e91935f1ed1802e818cc0b1f348e67d11990ae193ba451a50e59ef6944d28f2""},{""Algorithm"":""CRC32"",""Digest"":""559EB837""},{""Algorithm"":""SHA-1"",""Digest"":""4d4cda588fc8eb83ec9da0b3130478ef39400f9d""},{""Algorithm"":""MD5"",""Digest"":""2ae6686eedc6ec6e78d0db453cbd9d50""}]"
Nintendo SNES/Jikkyou Powerful Pro Yakyuu '94 (JP).uac	pow94.rsn	"[{""Algorithm"":""BLAKE3-256"",""Digest"":""c12ba9b029fe4a425e745ccc5908004746a4245ce2b17710f2599108fac30f73""},{""Algorithm"":""CRC32"",""Digest"":""357CB992""},{""Algorithm"":""SHA-1"",""Digest"":""d6ed11bba8c439446c151f169843617c95c3b502""},{""Algorithm"":""MD5"",""Digest"":""8fd3893f9fe6e3808cc6dbce13a35a81""}]"
Nintendo SNES/Jikkyou Powerful Pro Yakyuu 3.uac	jppy3.rsn	"[{""Algorithm"":""BLAKE3-256"",""Digest"":""9c377a24322c3011c55dcfb78e9c875251c8e67444ee703c159679136dcbf3c5""},{""Algorithm"":""CRC32"",""Digest"":""4427835B""},{""Algorithm"":""SHA-1"",""Digest"":""1567c241b212bcc5cd0c6cb8c70684d3cfa7d2f1""},{""Algorithm"":""MD5"",""Digest"":""ef12aaad2bc0691b02eb07274bfb948d""}]"
Nintendo SNES/Jim Lee's WildC.A.T.S - Covert-Action-Teams (US).uac	jlwc.rsn	"[{""Algorithm"":""BLAKE3-256"",""Digest"":""f50afe2a54a6d7365463a6cc2cff774520d3433a6bda57f379f0e7a72e8c5841""},{""Algorithm"":""CRC32"",""Digest"":""5E6DC1B0""},{""Algorithm"":""SHA-1"",""Digest"":""f87c8a58c3b155c1bc2e3b865912a331f2d7677e""},{""Algorithm"":""MD5"",""Digest"":""1af26e87e4ee508df6733a7f6ebefef7""}]"
Nintendo SNES/Jim Power.uac	jmpwr.rsn	"[{""Algorithm"":""BLAKE3-256"",""Digest"":""432618956fd0c3a0c3a8f5bfa15eca250a35570dfd211edd9c58a08e09f6ef61""},{""Algorithm"":""CRC32"",""Digest"":""29BF5DD8""},{""Algorithm"":""SHA-1"",""Digest"":""c7a8def3490e37764fa513773af12e048099726f""},{""Algorithm"":""MD5"",""Digest"":""7c5cf98737e6562d33047d0f6b2f4f8d""}]"
Nintendo SNES/Jimmy Connors Pro Tennis Tour.uac	jcptt.rsn	"[{""Algorithm"":""BLAKE3-256"",""Digest"":""e565c731af5c52038082c28de7008f24e8e6058c992bcd03c1de5429bea370c1""},{""Algorithm"":""CRC32"",""Digest"":""E52B451B""},{""Algorithm"":""SHA-1"",""Digest"":""d55f928cf7683362efc67f5e75f61b424bf25e27""},{""Algorithm"":""MD5"",""Digest"":""dfe4bfda8ec4436c0a1f57b4c2935902""}]"
Nintendo SNES/Jissen Kyotei.uac	jkyo.rsn	"[{""Algorithm"":""BLAKE3-256"",""Digest"":""bf884f96f911451f6f536703793d2e3efd05e8ed110b5e9fbb73c60ae8e0f353""},{""Algorithm"":""CRC32"",""Digest"":""EB43437F""},{""Algorithm"":""SHA-1"",""Digest"":""9e1fff53c9daf3daade1a48e7202719dc08fca81""},{""Algorithm"":""MD5"",""Digest"":""e4228b715ef8f90759051c1d1f29ef6d""}]"
Nintendo SNES/Jissen Pachinko Hisshouhou! 2.uac	jph2.rsn	"[{""Algorithm"":""BLAKE3-256"",""Digest"":""004859b34a96e02b8894073ba2f507eb7de28089dbfc7fde194de87680404f1a""},{""Algorithm"":""CRC32"",""Digest"":""A1A4D925""},{""Algorithm"":""SHA-1"",""Digest"":""5b01969acd0f12148bcf69c50ddfbdd2a2a01496""},{""Algorithm"":""MD5"",""Digest"":""83cceff8c2286578db2c6f6a0d3c848a""}]"
Nintendo SNES/Jissen! Mahjong Shinan.uac	jmahs.rsn	"[{""Algorithm"":""BLAKE3-256"",""Digest"":""c86f2110892d228191d20be643e2e52de1d32031c1e81c36a6745e681930f3bc""},{""Algorithm"":""CRC32"",""Digest"":""D66158FC""},{""Algorithm"":""SHA-1"",""Digest"":""8b7be3c9f841951eca252d1a6631884308bba7b1""},{""Algorithm"":""MD5"",""Digest"":""5af3528aaeacfde63f11814961ecc959""}]"
Nintendo SNES/JoJo no Kimyou na Bouken (JP).uac	jojo.rsn	"[{""Algorithm"":""BLAKE3-256"",""Digest"":""c9e8be973203f21698e1e59416ed8bc7f2f5d326357ae61ee00119947619c7e0""},{""Algorithm"":""CRC32"",""Digest"":""E92399A7""},{""Algorithm"":""SHA-1"",""Digest"":""eb54cc94c11ee2bcec799f26f6007c59b6ae1e8d""},{""Algorithm"":""MD5"",""Digest"":""6eda77d020d30ee07b8ec383835923cc""}]"
Nintendo SNES/Joe and Mac 2.uac	jm2.rsn	"[{""Algorithm"":""BLAKE3-256"",""Digest"":""fab306468f24e9957e0629daa26d51f54830709a7b5227b305daca388f053187""},{""Algorithm"":""CRC32"",""Digest"":""1C9315F4""},{""Algorithm"":""SHA-1"",""Digest"":""e907f23a3c8c1717fffbcb37ce1619312411399e""},{""Algorithm"":""MD5"",""Digest"":""8481d162a236f61e2c97861e672351c1""}]"
Nintendo SNES/Joe and Mac.uac	jm.rsn	"[{""Algorithm"":""BLAKE3-256"",""Digest"":""836d429d675eaec3711b9ff0336406bdf61ded0d401aa7d9beb1234aa124696d""},{""Algorithm"":""CRC32"",""Digest"":""E114305C""},{""Algorithm"":""SHA-1"",""Digest"":""0cf98d942d8d7b3449e310cd929176151687f9a0""},{""Algorithm"":""MD5"",""Digest"":""828c18315882d7ce724c4333c9911bc5""}]"
Nintendo SNES/John Madden Football (US).uac	jmf.rsn	"[{""Algorithm"":""BLAKE3-256"",""Digest"":""8f83e7bc0e6da01b5d7dc5915f3d1bb9be1b46bdef09a93d97c19965a1d4f3c9""},{""Algorithm"":""CRC32"",""Digest"":""6C94175A""},{""Algorithm"":""SHA-1"",""Digest"":""4f4952f2d7faeae8b8b15fdf75667629a5077164""},{""Algorithm"":""MD5"",""Digest"":""24420e061803cadac2487d68f455c05a""}]"
Nintendo SNES/Judge Dredd.uac	jd.rsn	"[{""Algorithm"":""BLAKE3-256"",""Digest"":""7bbd70ea2a60ba4daaf5f6f7462060c4aac48cf78e85e838a0a57160da7938c7""},{""Algorithm"":""CRC32"",""Digest"":""294CC30B""},{""Algorithm"":""SHA-1"",""Digest"":""629b3c03d732dc4f9249af5ae1bac638244fd89f""},{""Algorithm"":""MD5"",""Digest"":""32310650639716dc3dc61bcd795f5640""}]"
Nintendo SNES/Jumpin' Derby.uac	jumpd.rsn	"[{""Algorithm"":""BLAKE3-256"",""Digest"":""4b442b10ebee0a65dc0fe2bd7ef358899af65dc3b394daf0dc8dd511b8fdcdb0""},{""Algorithm"":""CRC32"",""Digest"":""B00403EC""},{""Algorithm"":""SHA-1"",""Digest"":""228d6ba3619c233e55d67e36510258a8b80167c8""},{""Algorithm"":""MD5"",""Digest"":""01d27cc787dfa69c15aa38719984dce1""}]"
Nintendo SNES/Jungle Book, The.uac	jbook.rsn	"[{""Algorithm"":""BLAKE3-256"",""Digest"":""469f8e2aaf7f707d9672e651863f75e1dcc9ef2480283b3c1a9cca54470b10f1""},{""Algorithm"":""CRC32"",""Digest"":""40BC84E1""},{""Algorithm"":""SHA-1"",""Digest"":""f740a10a935d1debdb5ebf08371dd8db2860b0b1""},{""Algorithm"":""MD5"",""Digest"":""de76e345711d07ce7f049d0879c50e67""}]"
Nintendo SNES/Jungle Strike.uac	jst.rsn	"[{""Algorithm"":""BLAKE3-256"",""Digest"":""28b0063c3cdf1d9f320b0defca4b563d5fd08025e7e7aa3c10d7f86049b0ebf8""},{""Algorithm"":""CRC32"",""Digest"":""0C17E530""},{""Algorithm"":""SHA-1"",""Digest"":""93156786b291ad89dec639506ed85f39fe8b402c""},{""Algorithm"":""MD5"",""Digest"":""853e88e9d21a6dc972805fcc53db7b99""}]"
Nintendo SNES/Jungle Wars 2 - Kodai Mahou Atimos no Nazo (JP).uac	jw2.rsn	"[{""Algorithm"":""BLAKE3-256"",""Digest"":""121d8581cd7ae6f4eda2a89078ad1d2604aa9e2477564341b1d1c0a2542cdbc2""},{""Algorithm"":""CRC32"",""Digest"":""E5693B4D""},{""Algorithm"":""SHA-1"",""Digest"":""8cfa7a0126024101c7c87886634be31eac1a0937""},{""Algorithm"":""MD5"",""Digest"":""850dbd5e5fa8fbf5c146670ae7fdac93""}]"
Nintendo SNES/Jungle no Ouja Tar-chan - Sekaimanyuu Daikakutou no Maki (JP).uac	jot.rsn	"[{""Algorithm"":""BLAKE3-256"",""Digest"":""2b5dbf12b160d01b5e8fe342548db95c6fe78377bd9cb69b4a3dc557de57030b""},{""Algorithm"":""CRC32"",""Digest"":""5CDFF150""},{""Algorithm"":""SHA-1"",""Digest"":""bb7c4c9a543022dab97b1cad62d2b39fa252db31""},{""Algorithm"":""MD5"",""Digest"":""b095b95124e114b65a4137530800867c""}]"
Nintendo SNES/Jurassic Park 2.uac	jp2.rsn	"[{""Algorithm"":""BLAKE3-256"",""Digest"":""29536e99bcd5b42de34eb2aeeb7176e7ceae425766239a10a09c818fb52b7377""},{""Algorithm"":""CRC32"",""Digest"":""804DACCB""},{""Algorithm"":""SHA-1"",""Digest"":""17bb999564b89c3b56ca966372c9f122a82854cd""},{""Algorithm"":""MD5"",""Digest"":""b842c3782c64ec003feaf8b6a4867686""}]"
Nintendo SNES/Jurassic Park.uac	jp.rsn	"[{""Algorithm"":""BLAKE3-256"",""Digest"":""31e7888f7ff683465de98e0311ee667e66bb85286070d6217c9c57b24a261d01""},{""Algorithm"":""CRC32"",""Digest"":""81269962""},{""Algorithm"":""SHA-1"",""Digest"":""12fa5492252f2ee4120fa5a444d7c47400a88629""},{""Algorithm"":""MD5"",""Digest"":""2a1b63c00c9324b1c00e442cf8822210""}]"
Nintendo SNES/Justice League Task Force.uac	jstcl.rsn	"[{""Algorithm"":""BLAKE3-256"",""Digest"":""2923e10384cf71789869516c4af2aa65c59a0aa68deea2e226b750641ca8a1f1""},{""Algorithm"":""CRC32"",""Digest"":""D6C661CF""},{""Algorithm"":""SHA-1"",""Digest"":""47f301dfa34b63fac905f8994b6130641732dfc1""},{""Algorithm"":""MD5"",""Digest"":""59adbb64c5db749755b69c0311cd8ed2""}]"
Nintendo SNES/Jutei Senki.uac	js.rsn	"[{""Algorithm"":""BLAKE3-256"",""Digest"":""6d83c4a71ef3065e87a0bf1a7572dd41ee9a13e623c8bcb24222849205a269bf""},{""Algorithm"":""CRC32"",""Digest"":""C14342D3""},{""Algorithm"":""SHA-1"",""Digest"":""383399a3c06844542719c8beb185bac8086469a2""},{""Algorithm"":""MD5"",""Digest"":""ba688441bb6d4e74e40496bee3f4771b""}]"
Nintendo SNES/Kablooey.uac	kbly.rsn	"[{""Algorithm"":""BLAKE3-256"",""Digest"":""7c6d9ad2bbb75142a4cd7f3bfa57b12477e4cbed5ec2765bdebe20dae224df26""},{""Algorithm"":""CRC32"",""Digest"":""89291F62""},{""Algorithm"":""SHA-1"",""Digest"":""040ee67f1b5dcfbe956089906ba96448da58fea0""},{""Algorithm"":""MD5"",""Digest"":""cf545a76a16026cf0d61d280650fef1e""}]"
Nintendo SNES/Kabuki Rocks.uac	karo.rsn	"[{""Algorithm"":""BLAKE3-256"",""Digest"":""177ff6bb42ffe653f01bd707e088da5999f65a80fe75abe02d094f55b5b6317a""},{""Algorithm"":""CRC32"",""Digest"":""DBED591B""},{""Algorithm"":""SHA-1"",""Digest"":""63afc8ce82e52c42307f7a76a1cdc895c1890195""},{""Algorithm"":""MD5"",""Digest"":""86bd3846ce937c7c1b324be5a8793cce""}]"
Nintendo SNES/Kabuki-chou Reach Mahjong Tonpuu Sen.uac	krmt.rsn	"[{""Algorithm"":""BLAKE3-256"",""Digest"":""ab7c3d3716455498271a625d640d01864d49d5b548485249db56d04ce2fe4d34""},{""Algorithm"":""CRC32"",""Digest"":""E2799D55""},{""Algorithm"":""SHA-1"",""Digest"":""e8ddb886248543fd313748bbdccca3d53d45ab67""},{""Algorithm"":""MD5"",""Digest"":""8db01acab0b7bcaeb0a457731db26045""}]"
Nintendo SNES/Kaite Tukutte Asoberu Dezaemon.uac	dezae.rsn	"[{""Algorithm"":""BLAKE3-256"",""Digest"":""0ac157378d81c6e9c95b8d7e31966307a2fd0719c602603372a8fcf640e4dcb8""},{""Algorithm"":""CRC32"",""Digest"":""4C75508F""},{""Algorithm"":""SHA-1"",""Digest"":""95c934aa30ccf1088523ae6712ba26d558529f94""},{""Algorithm"":""MD5"",""Digest"":""593b6ec222f3a6835cc79c1aa177a188""}]"
Nintendo SNES/Kaizou Tyoujin Shubibinman Zero.uac	ktsz.rsn	"[{""Algorithm"":""BLAKE3-256"",""Digest"":""1d37b7048c9af03bb5d6e509a6838d489a20b20c53346415b100b961ff6e1299""},{""Algorithm"":""CRC32"",""Digest"":""E32E293E""},{""Algorithm"":""SHA-1"",""Digest"":""579ba047ea9d296a66508ba9ad18b414527969e3""},{""Algorithm"":""MD5"",""Digest"":""395038bdd2612ca2071ad0456e8d2fab""}]"
Nintendo SNES/Kakinoki Shougi.uac	ksh.rsn	"[{""Algorithm"":""BLAKE3-256"",""Digest"":""f17879c0cb494082fd29c533c470322932497cdf47d2fb954629db46c6f5febe""},{""Algorithm"":""CRC32"",""Digest"":""721F33C2""},{""Algorithm"":""SHA-1"",""Digest"":""05f7f0c5605ad6d8b865cbd37ad59437b174fd5d""},{""Algorithm"":""MD5"",""Digest"":""b73063d7d84de4d74fd58ade5e365467""}]"
Nintendo SNES/Kamaitachi no Yoru.uac	kny.rsn	"[{""Algorithm"":""BLAKE3-256"",""Digest"":""5155f1a8c7b42215117f2b9793ac44d28255bee4546aab6befb0e05838171acb""},{""Algorithm"":""CRC32"",""Digest"":""181DF768""},{""Algorithm"":""SHA-1"",""Digest"":""bd5d219d678e64a9e39fb63fb1ff54933890c4fb""},{""Algorithm"":""MD5"",""Digest"":""18dd0ed1ab78f62949f2c31324c22491""}]"
Nintendo SNES/Kamen Rider SD - Shutsugeki!! Rider Machine.uac	krsd.rsn	"[{""Algorithm"":""BLAKE3-256"",""Digest"":""f871c033ad78a94e836f859922b37a81ea634a7b11b5ad99c13cce67b622ef3f""},{""Algorithm"":""CRC32"",""Digest"":""26457874""},{""Algorithm"":""SHA-1"",""Digest"":""e3885f02c19997e020ffbc14cb07fd7e9427dde8""},{""Algorithm"":""MD5"",""Digest"":""2980a7add57834bd4748a5cca7fd8e96""}]"
Nintendo SNES/Kamen Rider.uac	kr.rsn	"[{""Algorithm"":""BLAKE3-256"",""Digest"":""680545c9fc7bc03cecce1c79e95b1b53969fe89de3ff890d9de6e2f52ce7b015""},{""Algorithm"":""CRC32"",""Digest"":""3F2829B7""},{""Algorithm"":""SHA-1"",""Digest"":""72cf206e78e549bb4cdf041e4fb90f5cbe3ee6ef""},{""Algorithm"":""MD5"",""Digest"":""fa25c558619ffc082af93132d47176e5""}]"
Nintendo SNES/Katou Hifumi Kudan - Shougi Club (JP).uac	khksc.rsn	"[{""Algorithm"":""BLAKE3-256"",""Digest"":""24fd65ba2bddf96f18f46b377d6572bda4ef617aa98554d238d55f708263a906""},{""Algorithm"":""CRC32"",""Digest"":""1F16448E""},{""Algorithm"":""SHA-1"",""Digest"":""072226303c1e33006dcb890963276b63cf5a0f40""},{""Algorithm"":""MD5"",""Digest"":""8be3ad33c22a75eaafc1b772c9000107""}]"
Nintendo SNES/Kawa no Nushi Tsuri 2 (JP).uac	knt2.rsn	"[{""Algorithm"":""BLAKE3-256"",""Digest"":""687d3008da25af6278b6f3a0334215d394280dbac09660d9aea3ab4601749df6""},{""Algorithm"":""CRC32"",""Digest"":""714D5397""},{""Algorithm"":""SHA-1"",""Digest"":""ed7f53f82fa2562b279c6823dfbae8baef5989ef""},{""Algorithm"":""MD5"",""Digest"":""176f26e2c74e08f5025ef5ea8ef7d97a""}]"
Nintendo SNES/Kawasaki Caribbean Challenge.uac	kcc.rsn	"[{""Algorithm"":""BLAKE3-256"",""Digest"":""bcae59d0c45e2bffe358bb1ca0db26a36bab8608e083da12d88d67923e7c8f2c""},{""Algorithm"":""CRC32"",""Digest"":""04B65AA6""},{""Algorithm"":""SHA-1"",""Digest"":""467cdf9e9819750fbaa812b4462559e9a779edb9""},{""Algorithm"":""MD5"",""Digest"":""423bdee0195f1f816fc408cc203f75de""}]"
Nintendo SNES/Kawasaki Superbike Challenge.uac	ksc.rsn	"[{""Algorithm"":""BLAKE3-256"",""Digest"":""591f17a2474fe39143bc38e11b34e14c2d0b48fd54018dd4191f00732330a539""},{""Algorithm"":""CRC32"",""Digest"":""448E8DF8""},{""Algorithm"":""SHA-1"",""Digest"":""f3f6be916038816a864eb20c12465db4593d5ca3""},{""Algorithm"":""MD5"",""Digest"":""0d1d809a46204a1827334b03f19bfee5""}]"
Nintendo SNES/Keeper (JP).uac	keep.rsn	"[{""Algorithm"":""BLAKE3-256"",""Digest"":""3b4fecc84411c99baedef0f518a900621c4ca7d78a3ab4824e7888ddcb88b2a9""},{""Algorithm"":""CRC32"",""Digest"":""7A12F3D8""},{""Algorithm"":""SHA-1"",""Digest"":""a75ef01c1a37ba0e73d10c4b7d728b1c5d7f79a3""},{""Algorithm"":""MD5"",""Digest"":""42abb875f32356a4616a3cfa58234e31""}]"
Nintendo SNES/Keiba Eight Special 2.uac	kesp2.rsn	"[{""Algorithm"":""BLAKE3-256"",""Digest"":""845014b0a39701fcd51f8c00856693388ba011c411f6841b3428bed6aadd3417""},{""Algorithm"":""CRC32"",""Digest"":""2F305445""},{""Algorithm"":""SHA-1"",""Digest"":""b9291ac463362188f709fe99af608ae707a9f39f""},{""Algorithm"":""MD5"",""Digest"":""47ec576418cd279377f953495c25dbca""}]"
Nintendo SNES/Keiba Yosou - Baken Renkinjutsu.uac	kybr.rsn	"[{""Algorithm"":""BLAKE3-256"",""Digest"":""217efe75dc6618fbe95c5e418a4ed579b3d977451c116b9dc519db3b55fa16e8""},{""Algorithm"":""CRC32"",""Digest"":""99344417""},{""Algorithm"":""SHA-1"",""Digest"":""7cdd2dc9de2a8d2447ac208175403ab3e6246944""},{""Algorithm"":""MD5"",""Digest"":""6984cea035c822c0c71be708bfe509ba""}]"
Nintendo SNES/Ken Griffey Jr. Presents Major League Baseball (US).uac	kgjb.rsn	"[{""Algorithm"":""BLAKE3-256"",""Digest"":""1fa574461afb104f63487cb804a99ef8d7340e1a41cb552ec16b5a6de0975456""},{""Algorithm"":""CRC32"",""Digest"":""23BEFF18""},{""Algorithm"":""SHA-1"",""Digest"":""d4ea7789caf1fcb2eedf9cfc6521baa4b30fd75d""},{""Algorithm"":""MD5"",""Digest"":""d11deffae6e78a12205e2a3484b48927""}]"
Nintendo SNES/Ken Griffey Jr. Winning Run.uac	wnrn.rsn	"[{""Algorithm"":""BLAKE3-256"",""Digest"":""d472ba2eb8f22687f00ec2c52c4f4fa4bea30bde17b9244e9b2c3fd815088a82""},{""Algorithm"":""CRC32"",""Digest"":""03D47447""},{""Algorithm"":""SHA-1"",""Digest"":""d895a9e25069a1e3490c9faf8d52d7afe078e64b""},{""Algorithm"":""MD5"",""Digest"":""f5cd22943c34df99843c31abfb78f9cc""}]"
Nintendo SNES/Kerokero Keroppi no Bouken Nikki.uac	kkbn.rsn	"[{""Algorithm"":""BLAKE3-256"",""Digest"":""46cab56ae85130f6e87e264764ed0e44cdfe305220d23089916bfddb44098115""},{""Algorithm"":""CRC32"",""Digest"":""C65EE7B1""},{""Algorithm"":""SHA-1"",""Digest"":""bb9dd63935ddb706b17117b8db18fa88d4a7c163""},{""Algorithm"":""MD5"",""Digest"":""854fbd4df468881584ba6b1f6d82fe93""}]"
Nintendo SNES/Kevin Keegan's Player Manager.uac	kkpm.rsn	"[{""Algorithm"":""BLAKE3-256"",""Digest"":""dbfcbd742974f20d5b62259d4f128064da867bf512ad04bd0e297615c6f06ce1""},{""Algorithm"":""CRC32"",""Digest"":""B9E3BF3D""},{""Algorithm"":""SHA-1"",""Digest"":""974179c802d227bbf9505d8e70aa11853742d429""},{""Algorithm"":""MD5"",""Digest"":""78e67cc9c26f46cc2b88a6cd163d2650""}]"
Nintendo SNES/Kick Off 3.uac	ko3.rsn	"[{""Algorithm"":""BLAKE3-256"",""Digest"":""754e23f6fba993d45f3a31b0672e24718c39094b7e20492aa7b00fd98aad34cc""},{""Algorithm"":""CRC32"",""Digest"":""249E9B87""},{""Algorithm"":""SHA-1"",""Digest"":""4b5a630d1ed5c47014f8f104c5ae6b7b58225eea""},{""Algorithm"":""MD5"",""Digest"":""471a3635eef462f9a5a9853ea8d6ac0f""}]"
Nintendo SNES/Kick Off.uac	ko.rsn	"[{""Algorithm"":""BLAKE3-256"",""Digest"":""6b50d05a667211c482c3a5996a64cf5b33312c1fa7591e7bb80a5684e4b221fe""},{""Algorithm"":""CRC32"",""Digest"":""90FB29C1""},{""Algorithm"":""SHA-1"",""Digest"":""6c06ad2349d52366b04b94a73c07b08c85780c6d""},{""Algorithm"":""MD5"",""Digest"":""a47ca1b80aa52a39fe501c4d609b5d99""}]"
Nintendo SNES/Kid Klown in Crazy Chase.uac	klown.rsn	"[{""Algorithm"":""BLAKE3-256"",""Digest"":""93eba3b1db8a74ada2531c30240a2f0bb97ff8805cdb06718751872054f3d978""},{""Algorithm"":""CRC32"",""Digest"":""32D2BFE4""},{""Algorithm"":""SHA-1"",""Digest"":""8609318725b5693f699b2698c7e3382cbee6a6a7""},{""Algorithm"":""MD5"",""Digest"":""436332093a6f71058c212a4ec0e6140d""}]"
Nintendo SNES/Kidou Butoden G-Gundam.uac	kbgg.rsn	"[{""Algorithm"":""BLAKE3-256"",""Digest"":""3ad6bc7d32c9cbd3b5d484f8a5be7bb03a7276e7d1e586ae774b460f6dbe41f7""},{""Algorithm"":""CRC32"",""Digest"":""CF9CEBE0""},{""Algorithm"":""SHA-1"",""Digest"":""2a24c5eed9c7f1ef25a90b79abf7beb4271b453a""},{""Algorithm"":""MD5"",""Digest"":""11f3f189c165c8053691e2c44504cfc8""}]"
Nintendo SNES/Kidou Keisatsu Patlabor.uac	kkp.rsn	"[{""Algorithm"":""BLAKE3-256"",""Digest"":""ad32c657e5d1074c90553e0be0d4b5cb5a237a5febb660f3d9f4d8690b36387e""},{""Algorithm"":""CRC32"",""Digest"":""66BEAE27""},{""Algorithm"":""SHA-1"",""Digest"":""833ae2729500b75e8c7986f3b2b9cadbd9c3d518""},{""Algorithm"":""MD5"",""Digest"":""02aa55a3dd0746fb52d88fec539452ee""}]"
Nintendo SNES/Kidou Senshi Gundam - Cross Dimension 0079.uac	cd79.rsn	"[{""Algorithm"":""BLAKE3-256"",""Digest"":""17ec7cdcc701cb668cbc9588f505bc537986d13ee765848141042f2c686d3f2c""},{""Algorithm"":""CRC32"",""Digest"":""55047F33""},{""Algorithm"":""SHA-1"",""Digest"":""1f996f9b679238fbfa7016b0cfc7ac8d0f4ab4bf""},{""Algorithm"":""MD5"",""Digest"":""371e08f9585bebb35000808dca346737""}]"
Nintendo SNES/Kidou Senshi V Gundam.uac	ksvg.rsn	"[{""Algorithm"":""BLAKE3-256"",""Digest"":""f492ca33f1c205038173145580a7825a71d50a1e084c21dc1df63c7271eb3e2e""},{""Algorithm"":""CRC32"",""Digest"":""A17D3482""},{""Algorithm"":""SHA-1"",""Digest"":""f1c263d77e6615209610b05c54c8a804b6b5a097""},{""Algorithm"":""MD5"",""Digest"":""ff23da6ee150070dd9032ecfef6f1dca""}]"
Nintendo SNES/Kiki Kaikai (Pocky & Rocky).uac	kiki.rsn	"[{""Algorithm"":""BLAKE3-256"",""Digest"":""1094921de11686d4f5da30c250dc2b790847ba022616a9f977310e2c271688e6""},{""Algorithm"":""CRC32"",""Digest"":""00C3A1D3""},{""Algorithm"":""SHA-1"",""Digest"":""ecaa9e729a7c623313f81b437160119a6023fdfb""},{""Algorithm"":""MD5"",""Digest"":""08551d3f64fef811df7a0431853f5872""}]"
Nintendo SNES/Kikuni Masahiko no Jantoushi Dora Ou.uac	kmjdo.rsn	"[{""Algorithm"":""BLAKE3-256"",""Digest"":""5f527998f6a3b84e44db9144593697c26a76b087f37af78da0b2fdb0e63a3e2d""},{""Algorithm"":""CRC32"",""Digest"":""4BCE5314""},{""Algorithm"":""SHA-1"",""Digest"":""1c719bfb8590264d5c027bd27dd52c09d6278144""},{""Algorithm"":""MD5"",""Digest"":""47901a8bbcf34077583f3d3d63dc31c4""}]"
Nintendo SNES/Killer Instinct.uac	ki.rsn	"[{""Algorithm"":""BLAKE3-256"",""Digest"":""f1000ba4e0952002590054dbcfc9bec78320fe5fc7dd5dfa20eea32a093c19bc""},{""Algorithm"":""CRC32"",""Digest"":""A6015502""},{""Algorithm"":""SHA-1"",""Digest"":""e04458a7b3444284f124893f89572316fc145197""},{""Algorithm"":""MD5"",""Digest"":""bd8e59f154ad822af4914a0229ee740a""}]"
Nintendo SNES/Kindai Mahjong Special.uac	kmsp.rsn	"[{""Algorithm"":""BLAKE3-256"",""Digest"":""37d4e639ab03d378521e53a9eeb258f428a048a0de7a947dae88f286b4d6f051""},{""Algorithm"":""CRC32"",""Digest"":""F847A5D4""},{""Algorithm"":""SHA-1"",""Digest"":""abd959956c43e01a872e8f4afdf7566a660072b4""},{""Algorithm"":""MD5"",""Digest"":""9d480394fd8e9833f26d221647510d6d""}]"
Nintendo SNES/King Arthur and the Knights of Justice.uac	kakj.rsn	"[{""Algorithm"":""BLAKE3-256"",""Digest"":""417b64df653d15f31cf8baed5c72925893310fae9222920f43f9f14ee08e90a6""},{""Algorithm"":""CRC32"",""Digest"":""082E1B79""},{""Algorithm"":""SHA-1"",""Digest"":""3e7ed32f0e5823fd9be83c020441efa35a5d50da""},{""Algorithm"":""MD5"",""Digest"":""3d6f0f4b3d68320894ac98a876ba7db5""}]"
Nintendo SNES/King Arthur's World.uac	kaw.rsn	"[{""Algorithm"":""BLAKE3-256"",""Digest"":""c674f273e19b8791eda2ddcf0903a9599a93ab578ffa99746536e3e5b34e0d85""},{""Algorithm"":""CRC32"",""Digest"":""CFB449BB""},{""Algorithm"":""SHA-1"",""Digest"":""e1b9bf7db71e9ccda5f8f4eadfb106f01cb84de8""},{""Algorithm"":""MD5"",""Digest"":""7525660d04ec0fa343ce097deb5ef763""}]"
Nintendo SNES/King of Dragons, The.uac	kod.rsn	"[{""Algorithm"":""BLAKE3-256"",""Digest"":""3e1e554ba475a2701ae861fbf0b1f453296cb520ced67352346c70f67db5f601""},{""Algorithm"":""CRC32"",""Digest"":""A88833D5""},{""Algorithm"":""SHA-1"",""Digest"":""22790039ec40dfca1f24fa0935e9036a124d424e""},{""Algorithm"":""MD5"",""Digest"":""28e5f9079eff6cbcbee2a8bb1bd544b6""}]"
Nintendo SNES/King of Rally, The.uac	kor.rsn	"[{""Algorithm"":""BLAKE3-256"",""Digest"":""da20319f13b82ffbe1f3fd18649a58a5c6e4f78070d4a65606183b5898dee71d""},{""Algorithm"":""CRC32"",""Digest"":""C244111C""},{""Algorithm"":""SHA-1"",""Digest"":""3298bfa546a809fc37316b027656cd011da49df1""},{""Algorithm"":""MD5"",""Digest"":""e26138bffa39806cbe787b5f01f738cc""}]"
Nintendo SNES/King of the Monsters 2.uac	km2.rsn	"[{""Algorithm"":""BLAKE3-256"",""Digest"":""3f6fbb0fc58ba1b1d65ced2bbc6d8d5320a9663db772c2b96e37088566b0db64""},{""Algorithm"":""CRC32"",""Digest"":""080735EE""},{""Algorithm"":""SHA-1"",""Digest"":""cedca2f2b942568a5a4384c2573053435d79c6ac""},{""Algorithm"":""MD5"",""Digest"":""e4edefdc97144ff1560ef8adf28b9ab9""}]"
Nintendo SNES/King of the Monsters.uac	km.rsn	"[{""Algorithm"":""BLAKE3-256"",""Digest"":""500bb57c1a9eb1cbdb899a4c22297819d7a1c63bcf65d5e7ebeb2c5b89caabea""},{""Algorithm"":""CRC32"",""Digest"":""1ADE1894""},{""Algorithm"":""SHA-1"",""Digest"":""9b54119fe8ea4ff9103abd448f69546c94913ca7""},{""Algorithm"":""MD5"",""Digest"":""8695ae5ea9e19cfaf89e45aa2106b79d""}]"
Nintendo SNES/Kingyo Chuihou! Tobidase Game Gakuen.uac	kctgg.rsn	"[{""Algorithm"":""BLAKE3-256"",""Digest"":""6b0e51d87f2992941a63c9702ad3fc6a8151a0749a4db483fd41a99a97efc1b8""},{""Algorithm"":""CRC32"",""Digest"":""B4CBDB11""},{""Algorithm"":""SHA-1"",""Digest"":""67b36d31888ca14ff1d3a36ffdae5ff041b4e567""},{""Algorithm"":""MD5"",""Digest"":""fdf6cf55984b904d1d7b9a211ddfa867""}]"
Nintendo SNES/Kinnikuman - Dirty Challenger.uac	dirty.rsn	"[{""Algorithm"":""BLAKE3-256"",""Digest"":""7b9f1566316274dc9a243a123dd559ee3e2380d89c8c0dc784c7f0f083e450db""},{""Algorithm"":""CRC32"",""Digest"":""618DD318""},{""Algorithm"":""SHA-1"",""Digest"":""5028c202c07ea3f101832719b21b447240402ec0""},{""Algorithm"":""MD5"",""Digest"":""45dd29007345778eed4678aefda0f0d7""}]"
Nintendo SNES/Kirby Super Star (US).uac	kss.rsn	"[{""Algorithm"":""BLAKE3-256"",""Digest"":""f8a561e5418bfedea0e07d01315e31635bf02d092d6f4dd2c25eb69b7c09182b""},{""Algorithm"":""CRC32"",""Digest"":""E36E7251""},{""Algorithm"":""SHA-1"",""Digest"":""1a67051b87fb068799dd7da6bfcff6a3f8231e1b""},{""Algorithm"":""MD5"",""Digest"":""c18bf298a41defa3effac7fe93486162""}]"
Nintendo SNES/Kirby no Omochabako - Hoshi Kuzushi.uac	knok.rsn	"[{""Algorithm"":""BLAKE3-256"",""Digest"":""7fd40b5dde2815d51d9b8dcc5c65bc56e171fdf42980f84962e8b04cacb4a942""},{""Algorithm"":""CRC32"",""Digest"":""7C0FABF9""},{""Algorithm"":""SHA-1"",""Digest"":""2251b1115d382fdb771294f3c947e79a20850b0f""},{""Algorithm"":""MD5"",""Digest"":""db7faf4525d7dfd6f869444f4b377878""}]"
Nintendo SNES/Kirby's Avalanche (US).uac	ka.rsn	"[{""Algorithm"":""BLAKE3-256"",""Digest"":""00bccec15b068f89e10bd35f1b96e2268f162daa1f7b3c5a8f275da39d63a7f6""},{""Algorithm"":""CRC32"",""Digest"":""3B6406BD""},{""Algorithm"":""SHA-1"",""Digest"":""1e815d9366d04feee9b037195857228a3591bb32""},{""Algorithm"":""MD5"",""Digest"":""d33d4f45743f657a7b69ed0e7bdb6446""}]"
Nintendo SNES/Kirby's Dream Course.uac	kdc.rsn	"[{""Algorithm"":""BLAKE3-256"",""Digest"":""ac8ee1f1726517b0421e8aa07178811fe91334213bbdf111b8530afc6de382f1""},{""Algorithm"":""CRC32"",""Digest"":""21D2FFFD""},{""Algorithm"":""SHA-1"",""Digest"":""0a3b1529e2045acfd91a2b01fd29bed4e03692a3""},{""Algorithm"":""MD5"",""Digest"":""7e6e38d299e3064330244e126ea87e19""}]"
Nintendo SNES/Kirby's Dream Land 3.uac	kdl3.rsn	"[{""Algorithm"":""BLAKE3-256"",""Digest"":""a3a53944b4b3514509da720040e68c7f0bddb219f9fded6407ccd734cee83dd8""},{""Algorithm"":""CRC32"",""Digest"":""22F0E0EA""},{""Algorithm"":""SHA-1"",""Digest"":""29cf3441450a9ab79569087682e3d149c01ff9b3""},{""Algorithm"":""MD5"",""Digest"":""0d85ac00bd9600d97f7b53873ee26843""}]"
Nintendo SNES/Kirby's Kira Kira Kids.uac	kkk.rsn	"[{""Algorithm"":""BLAKE3-256"",""Digest"":""5a1c0a1e74a4f822047f91e3cf6a20256fcabc42251077eeb6572a5605033316""},{""Algorithm"":""CRC32"",""Digest"":""D7CE042C""},{""Algorithm"":""SHA-1"",""Digest"":""6438a9e94c51e9b054bd9f39efa17516d873ead1""},{""Algorithm"":""MD5"",""Digest"":""6ff615d64f76f79ca4d75e1738e2f4b2""}]"
Nintendo SNES/Kishin Douji Zenki - Denei Raibu.uac	kdz2.rsn	"[{""Algorithm"":""BLAKE3-256"",""Digest"":""6ce1923414145d2110e1d44e0cf3ad95ebc5853a0952c10ac504baf45bcad457""},{""Algorithm"":""CRC32"",""Digest"":""C97E0CC8""},{""Algorithm"":""SHA-1"",""Digest"":""840ff17b6ed50820dae2a073104d164732745998""},{""Algorithm"":""MD5"",""Digest"":""2f92f05a0ee5c58a6640ea4bad8cf7d8""}]"
Nintendo SNES/Kishin Douji Zenki 3.uac	kdz3.rsn	"[{""Algorithm"":""BLAKE3-256"",""Digest"":""d9625216bb62077c69096b731cc69c136ca168fc706497985701867c836cca37""},{""Algorithm"":""CRC32"",""Digest"":""1EFE9E3B""},{""Algorithm"":""SHA-1"",""Digest"":""c67eb1759a08796cfc0382b9b523f44791e1ab7d""},{""Algorithm"":""MD5"",""Digest"":""4860c9e5018b219f14b4982b733b17d8""}]"
Nintendo SNES/Kishin Douji Zenki.uac	kdz.rsn	"[{""Algorithm"":""BLAKE3-256"",""Digest"":""bb723ce47ed0f0c151d4471790601a3cf6ab9ad2836f78c8678508f820475aba""},{""Algorithm"":""CRC32"",""Digest"":""0C9265F7""},{""Algorithm"":""SHA-1"",""Digest"":""245686ec84f326c218bec7c4882486925629faaf""},{""Algorithm"":""MD5"",""Digest"":""b1cdb8e818b5d8329485924be64f2fd5""}]"
Nintendo SNES/Kishin Korinden Oni.uac	kko.rsn	"[{""Algorithm"":""BLAKE3-256"",""Digest"":""c1cb24ee2a18774535a4e442633c42bf153f4bbbfd5b8ecc54d3adbbd661f46d""},{""Algorithm"":""CRC32"",""Digest"":""2EB46E16""},{""Algorithm"":""SHA-1"",""Digest"":""7a0d5d8e6c480ed941b185d7c72b6c6e0fc3f5db""},{""Algorithm"":""MD5"",""Digest"":""26f247419f4ab18009feba5fd1188eaa""}]"
Nintendo SNES/Knights of the Round.uac	kotr.rsn	"[{""Algorithm"":""BLAKE3-256"",""Digest"":""440668882f9e85abed5d81b308eb3d2bd6130e7d6796181a158a860db76f0c00""},{""Algorithm"":""CRC32"",""Digest"":""0097ED79""},{""Algorithm"":""SHA-1"",""Digest"":""46733edacbc55db6c4420eb08dbe47c2e0c9ffcd""},{""Algorithm"":""MD5"",""Digest"":""2a2d4d0c7c5f4bbd2b8bba6f9dda5fe6""}]"
Nintendo SNES/Koi ha Balance - Battle of Lovers.uac	khb.rsn	"[{""Algorithm"":""BLAKE3-256"",""Digest"":""3a6cd19090b182fae180941478f1c4120d5066f60f9c8c131914b531d27b645b""},{""Algorithm"":""CRC32"",""Digest"":""5D616EFA""},{""Algorithm"":""SHA-1"",""Digest"":""9f66c51531232d2083be93c3b5d3482cfd2937b8""},{""Algorithm"":""MD5"",""Digest"":""4e047c9129e7a74ec94fc220e98167a3""}]"
Nintendo SNES/Konae-Chan no DokiDoki Pengin Kazoku.uac	konae.rsn	"[{""Algorithm"":""BLAKE3-256"",""Digest"":""cb6e54e3f2cd6e0fd9cd19620d2c48d6c62d85c8e17f0131908bf463bacb03df""},{""Algorithm"":""CRC32"",""Digest"":""B1AB9E01""},{""Algorithm"":""SHA-1"",""Digest"":""b57a4ae1e63da1ac77ddc87ee169a43c90ff0b86""},{""Algorithm"":""MD5"",""Digest"":""594d735b7323b332821b75003fce9ddc""}]"
Nintendo SNES/Kouryu no Mimi.uac	knm.rsn	"[{""Algorithm"":""BLAKE3-256"",""Digest"":""1a5647b45bdb20524867682d6b22750f4f5de396df240e77fb533b4ea0b12a1d""},{""Algorithm"":""CRC32"",""Digest"":""22A96E02""},{""Algorithm"":""SHA-1"",""Digest"":""540baa4787eb62b218d819bf71796ca65340c5d7""},{""Algorithm"":""MD5"",""Digest"":""0b1c716a294e19346f5e76e3cdcac6a3""}]"
Nintendo SNES/Kouryuu Densetsu Villgust.uac	vill.rsn	"[{""Algorithm"":""BLAKE3-256"",""Digest"":""ee28678e6a85732871328f34c8552e672a1222ae5a366803773c8a2cdfb9a3ac""},{""Algorithm"":""CRC32"",""Digest"":""96AD6C1D""},{""Algorithm"":""SHA-1"",""Digest"":""9f303b487afc18adb8f9ffa94b40f2f9f2ca50d2""},{""Algorithm"":""MD5"",""Digest"":""9004b14cafbab5dbaddf42260077dcca""}]"
Nintendo SNES/Kouryuuki.uac	kryk.rsn	"[{""Algorithm"":""BLAKE3-256"",""Digest"":""f5499886d83568994c4703c343defe000b494044deb7ac7d45582e8b0ba57a75""},{""Algorithm"":""CRC32"",""Digest"":""30E26505""},{""Algorithm"":""SHA-1"",""Digest"":""2183cdeb7e58d2fc455824bc7af200d2407cc536""},{""Algorithm"":""MD5"",""Digest"":""a0e95a1d18cfe5f4eda98a41d3de0d5c""}]"
Nintendo SNES/Koushien 2 (JP).uac	ksn2.rsn	"[{""Algorithm"":""BLAKE3-256"",""Digest"":""f915ad0b90a8000ab6e50a2b62c6fe2deefcf5e30b2afc4575ef1225e7fabc81""},{""Algorithm"":""CRC32"",""Digest"":""15A966F4""},{""Algorithm"":""SHA-1"",""Digest"":""bd119b7158c8a7865817d8d3051d9577264a1d20""},{""Algorithm"":""MD5"",""Digest"":""d3c3983796b94af3bd9a9f3716852c56""}]"
Nintendo SNES/Koushien 3 (JP).uac	ksn3.rsn	"[{""Algorithm"":""BLAKE3-256"",""Digest"":""24cdcf126b267303323c90fbfccd1a427b24e8bfb387436e814a1b45110bf7d0""},{""Algorithm"":""CRC32"",""Digest"":""338EE491""},{""Algorithm"":""SHA-1"",""Digest"":""511aa9f99fddd2107e1228cb45c6b600c920c8f5""},{""Algorithm"":""MD5"",""Digest"":""2221cf730e849e79712c293ce36328d0""}]"
Nintendo SNES/Kunio no Oden.uac	kno.rsn	"[{""Algorithm"":""BLAKE3-256"",""Digest"":""c9f82b2c9aa4192005f01e5b6b4b6dc6111b8d2b5a63a7ccca4a20a70c237be1""},{""Algorithm"":""CRC32"",""Digest"":""785F11C3""},{""Algorithm"":""SHA-1"",""Digest"":""ec12c2e10d3365889c5c9cdee7f1abefb6ab977a""},{""Algorithm"":""MD5"",""Digest"":""a5341a4bfccfc68abcb6d001b74e81cc""}]"
Nintendo SNES/Kunio-Kun no Dodgeball.uac	kdb.rsn	"[{""Algorithm"":""BLAKE3-256"",""Digest"":""21280172cbaddc2675aa7f839ef5bacf854982a0aedaaa5a8b61bd0923ff649c""},{""Algorithm"":""CRC32"",""Digest"":""A5B8F762""},{""Algorithm"":""SHA-1"",""Digest"":""fbf8b218ff7c6c8a5b2eba572e288facd011e3dd""},{""Algorithm"":""MD5"",""Digest"":""471b4632ff01d3147e37e65f7f7af43a""}]"
Nintendo SNES/Kuusou Kagaku Sekai Gulliver Boy.uac	gboy.rsn	"[{""Algorithm"":""BLAKE3-256"",""Digest"":""8d0fc32c24b6ab67c2ff56931a7d2953704572b865a007c853ba23357cfb9973""},{""Algorithm"":""CRC32"",""Digest"":""AACB71F6""},{""Algorithm"":""SHA-1"",""Digest"":""64dad1fbdcb317b9a617bbec972d377218a8369e""},{""Algorithm"":""MD5"",""Digest"":""167b2d1057562e12fe59a8153f639d1e""}]"
Nintendo SNES/Kyle Petty's No Fear Racing (US).uac	circ.rsn	"[{""Algorithm"":""BLAKE3-256"",""Digest"":""e31941465ecd6d2b8f177b47d64f280f7acbc7a260da301b823a8da62ee811fc""},{""Algorithm"":""CRC32"",""Digest"":""3E94B472""},{""Algorithm"":""SHA-1"",""Digest"":""d0c51b7f70005fab26cd93b0c63a46f97339c501""},{""Algorithm"":""MD5"",""Digest"":""43d5366172203c79330a9d3d064b7c3f""}]"
Nintendo SNES/Kyouraku Sanyou Maruhon Parlor Parlor! 5.uac	pp5.rsn	"[{""Algorithm"":""BLAKE3-256"",""Digest"":""1d48d059328eb31a7fe013dab3d641ae7ebf6b3dff7cb67799e8d08f2bf4a8ad""},{""Algorithm"":""CRC32"",""Digest"":""14EA3CA4""},{""Algorithm"":""SHA-1"",""Digest"":""bd0e04ccc7a097f5e6294945dc8df4bad5d6fdbf""},{""Algorithm"":""MD5"",""Digest"":""54beb86aabbb8f155e9ad94245650396""}]"
Nintendo SNES/Kyouraku Sanyou Toyomaru Daiichi Maruhon Parlor Parlor! 2.uac	pp2.rsn	"[{""Algorithm"":""BLAKE3-256"",""Digest"":""014de26c91c818873b8727fc507ede355d101bbc9204091354bcd8dcc7322e45""},{""Algorithm"":""CRC32"",""Digest"":""2FE8D139""},{""Algorithm"":""SHA-1"",""Digest"":""7c5e70048d6376d2d2f9e7a23c66304181b01eca""},{""Algorithm"":""MD5"",""Digest"":""34481ea58ecc6141d74efabdf332c911""}]"
Nintendo SNES/Kyouraku Sanyou Toyomaru Okumura Daiichi Maruhon Parlor Parlor! 4 CR.uac	pp4.rsn	"[{""Algorithm"":""BLAKE3-256"",""Digest"":""ac79de3427123c1dd94ba7db21fff22ffb7dc099838473f61e8c2b87c57c720f""},{""Algorithm"":""CRC32"",""Digest"":""4C19784B""},{""Algorithm"":""SHA-1"",""Digest"":""fbcc20c6a50c14092c258511cc7aa7e7c8ffd38b""},{""Algorithm"":""MD5"",""Digest"":""a4c8c5870f8f41219b18f043e4477725""}]"
Nintendo SNES/Kyouraku Sanyou Toyomaru Okumura Taiyou Parlor Parlor! 3.uac	pp3.rsn	"[{""Algorithm"":""BLAKE3-256"",""Digest"":""d5317159d9d42693f66605f3dc2323f00c384544ea02e7b904138f0adbfa5da6""},{""Algorithm"":""CRC32"",""Digest"":""B887A24C""},{""Algorithm"":""SHA-1"",""Digest"":""764e5e10df539628c114d1bc68a129654240e1fd""},{""Algorithm"":""MD5"",""Digest"":""42728f1afe251aabaec274c65ec05ae4""}]"
Nintendo SNES/Kyouraku Sanyou Toyomaru Parlor Parlor!.uac	pp.rsn	"[{""Algorithm"":""BLAKE3-256"",""Digest"":""71ad45390a9080d29d0d7202bf0b19b48ce2f3d2a80347a8f08e62b3e2b3e8df""},{""Algorithm"":""CRC32"",""Digest"":""956E7884""},{""Algorithm"":""SHA-1"",""Digest"":""62f43665fb43cec3f600f2fc974ad01664462835""},{""Algorithm"":""MD5"",""Digest"":""e840d06f04fd168fa393546bb3417d64""}]"
Nintendo SNES/Kyuuyaku Megami Tensei.uac	kmt.rsn	"[{""Algorithm"":""BLAKE3-256"",""Digest"":""eadb5fcfffee68a3bc098c2d89487d10d191e1d2cb899ba312b3e56db2dcf67c""},{""Algorithm"":""CRC32"",""Digest"":""E92EDEBD""},{""Algorithm"":""SHA-1"",""Digest"":""691f34600cb8e4d625a2daf197dbecae42180a29""},{""Algorithm"":""MD5"",""Digest"":""ec134cb1837eb5975c1064a8543ac057""}]"
Nintendo SNES/La Wares.uac	lawa.rsn	"[{""Algorithm"":""BLAKE3-256"",""Digest"":""f6c0c3ceb078863c74430955bab46db52d98eec0e66b488c8b9b0b9e684ccefb""},{""Algorithm"":""CRC32"",""Digest"":""0DD06879""},{""Algorithm"":""SHA-1"",""Digest"":""957332d241600bdeccddf8cfb602ea7baec497c9""},{""Algorithm"":""MD5"",""Digest"":""ff4457007a6182940974b2dde3391a9b""}]"
Nintendo SNES/Lady Stalker.uac	ldst.rsn	"[{""Algorithm"":""BLAKE3-256"",""Digest"":""294078f32d96a63049e43f58a95596cd3c18b1a548a34caa5d10e1a5be712ca3""},{""Algorithm"":""CRC32"",""Digest"":""EFFBC96F""},{""Algorithm"":""SHA-1"",""Digest"":""f8f3fd7c4bb5efd9708821684714b05725c92d88""},{""Algorithm"":""MD5"",""Digest"":""29a80614c4cace300351bf550e34dcc8""}]"
Nintendo SNES/Lagoon.uac	lag.rsn	"[{""Algorithm"":""BLAKE3-256"",""Digest"":""51cb34cbc2417db7ecca88abdd900c8c1820269fc5de9cc5bdcb6fd42df70bfc""},{""Algorithm"":""CRC32"",""Digest"":""937E36FA""},{""Algorithm"":""SHA-1"",""Digest"":""f4ca9856f8431bfe99a14f7c0ecc51540ace661d""},{""Algorithm"":""MD5"",""Digest"":""042789e683e1dff4f8e4c14ba665e6db""}]"
Nintendo SNES/Lamborghini American Challenge.uac	lambo.rsn	"[{""Algorithm"":""BLAKE3-256"",""Digest"":""23afa2e43caf086ae33b6f44ac5596dd80498818efdec30465152b2c8eb5e7ef""},{""Algorithm"":""CRC32"",""Digest"":""30AC7AAA""},{""Algorithm"":""SHA-1"",""Digest"":""7db7d3fec22877f7b4ade801c5008a6e9da40fae""},{""Algorithm"":""MD5"",""Digest"":""e1159c9ecb03ef8f6e27c763d7f068cf""}]"
Nintendo SNES/Last Action Hero.uac	lah.rsn	"[{""Algorithm"":""BLAKE3-256"",""Digest"":""42db7699da992973068e3221321147122f304d1cbce15933645dc942d8e9dc60""},{""Algorithm"":""CRC32"",""Digest"":""5DD0EC16""},{""Algorithm"":""SHA-1"",""Digest"":""1efe3c922a6314aadddb70c950d68d6aa7522770""},{""Algorithm"":""MD5"",""Digest"":""670052754bcd0e2758b4b40b68390ca1""}]"
Nintendo SNES/Last Battle, The.uac	tlb.rsn	"[{""Algorithm"":""BLAKE3-256"",""Digest"":""892b8358cdadfa03cb80948d3e795c68bb91dd84a47070bd1388e9503d3b9641""},{""Algorithm"":""CRC32"",""Digest"":""BEC038C5""},{""Algorithm"":""SHA-1"",""Digest"":""ac9f50b257b62bca3c0ac7682478623fe4afe285""},{""Algorithm"":""MD5"",""Digest"":""9e7bbd2d5b35f9c7e5498dfe5ff92c7c""}]"
Nintendo SNES/Last Bible 3.uac	lb3.rsn	"[{""Algorithm"":""BLAKE3-256"",""Digest"":""2969b32d3c97fab48bd1cffbda20f5dd10e87f515ba5cbcf48c0707114160019""},{""Algorithm"":""CRC32"",""Digest"":""C0D50050""},{""Algorithm"":""SHA-1"",""Digest"":""d790b7bcb39dfb1a48f25e6eceb8173456414097""},{""Algorithm"":""MD5"",""Digest"":""f58dd8c1d43148420ebd1d7d36d92cc2""}]"
Nintendo SNES/Last Fighter Twin.uac	lft.rsn	"[{""Algorithm"":""BLAKE3-256"",""Digest"":""b90921a7b940d94ac4a26630568434d75d68127445a6833bee403342ecd7e3e8""},{""Algorithm"":""CRC32"",""Digest"":""2F53C9EE""},{""Algorithm"":""SHA-1"",""Digest"":""673dc18bc2891025f9a474d0695e11f04dfbe719""},{""Algorithm"":""MD5"",""Digest"":""ac9f21c14147a480d1833716dca2a0af""}]"
Nintendo SNES/Lawnmower Man, The.uac	lmm.rsn	"[{""Algorithm"":""BLAKE3-256"",""Digest"":""8181e43cb67dd8a6340cbe1adf41e1d079734ded266459126481e5cd8b84716e""},{""Algorithm"":""CRC32"",""Digest"":""A0F05027""},{""Algorithm"":""SHA-1"",""Digest"":""dfdd719a5c66155bc8369130db48c5d197cc8407""},{""Algorithm"":""MD5"",""Digest"":""aca9ce68999246a611509b41a3a8bc5a""}]"
Nintendo SNES/Legend of Zelda - A Link to the Past, The.uac	loz3.rsn	"[{""Algorithm"":""BLAKE3-256"",""Digest"":""8d590e6e455508dd817b79d7ab2598b58c4ca83d4fed465bc81b1d403826944a""},{""Algorithm"":""CRC32"",""Digest"":""F2AFC8E6""},{""Algorithm"":""SHA-1"",""Digest"":""a953dd19f759e1271db44509aec0e33e2c1008c4""},{""Algorithm"":""MD5"",""Digest"":""bb31ebbc087be876c20d6fc0e2691202""}]"
Nintendo SNES/Legend.uac	leg.rsn	"[{""Algorithm"":""BLAKE3-256"",""Digest"":""8e2e5871ab7fbe69cdc8009d47a3044e87839e09397e324c62a4fdd58e229d0e""},{""Algorithm"":""CRC32"",""Digest"":""3D0B0005""},{""Algorithm"":""SHA-1"",""Digest"":""162701e0694b378a29dfac04eb5074a64761b754""},{""Algorithm"":""MD5"",""Digest"":""9622911ef19652792980b13245886387""}]"
Nintendo SNES/Lemmings 2.uac	lem2.rsn	"[{""Algorithm"":""BLAKE3-256"",""Digest"":""613db5658c81483b7b942d7f4e43a91b5c620af4acf1befe6c9a13f04194f0b9""},{""Algorithm"":""CRC32"",""Digest"":""60FF2132""},{""Algorithm"":""SHA-1"",""Digest"":""26a2b84fd7856013dcc2ab6ae7b66d64e3a39f3c""},{""Algorithm"":""MD5"",""Digest"":""b58320ec72950af81af47aa78b708faa""}]"
Nintendo SNES/Lemmings.uac	lem.rsn	"[{""Algorithm"":""BLAKE3-256"",""Digest"":""4dc2631fce90c303dc50353deb34af8d680e01cfdc47b81ef3e4fb56ad2441c0""},{""Algorithm"":""CRC32"",""Digest"":""1341753E""},{""Algorithm"":""SHA-1"",""Digest"":""62b0e6f3c22e725374be12f41339fcf915ebf415""},{""Algorithm"":""MD5"",""Digest"":""8ae6ac3df57ebbaaf2f1c3d8c205feba""}]"
Nintendo SNES/Lennus 2.uac	ln2.rsn	"[{""Algorithm"":""BLAKE3-256"",""Digest"":""db8442df0db05c6e28cf475934cbe11aef7f0c9a1306c1d74b16793eacc6aacb""},{""Algorithm"":""CRC32"",""Digest"":""0E56B88F""},{""Algorithm"":""SHA-1"",""Digest"":""1da680e74d5c517e7f665e0abcd71f5fa26c29f9""},{""Algorithm"":""MD5"",""Digest"":""804da288d16905f7f5d9615b8e1c170e""}]"
Nintendo SNES/Lester the Unlikely.uac	ltul.rsn	"[{""Algorithm"":""BLAKE3-256"",""Digest"":""a95f7b4188643861db7e40c4e5216f110f9b3d929cf031b29088324b7e548b1e""},{""Algorithm"":""CRC32"",""Digest"":""71A6E3E4""},{""Algorithm"":""SHA-1"",""Digest"":""0ba60c7d442ad775d6a589f6b8f6ce9d969b660a""},{""Algorithm"":""MD5"",""Digest"":""da1de3dba13c084a5660982fdf667e22""}]"
Nintendo SNES/Lethal Enforcers.uac	len.rsn	"[{""Algorithm"":""BLAKE3-256"",""Digest"":""ad1f9737d93d6a306039337ebd90dd6ec69cf52e24c67a5146d6f430fd3fecf5""},{""Algorithm"":""CRC32"",""Digest"":""33A0140C""},{""Algorithm"":""SHA-1"",""Digest"":""f46140fdcbe303fa2aff24eec67bb96a1bcb4445""},{""Algorithm"":""MD5"",""Digest"":""975f89e62f4bd95c590fdeb019c08cd0""}]"
Nintendo SNES/Lethal Weapon.uac	lethw.rsn	"[{""Algorithm"":""BLAKE3-256"",""Digest"":""e3dc2550ff1aabf0cd43cc219427c0e68b4a2d7a4221b048b3208b665da5c5ca""},{""Algorithm"":""CRC32"",""Digest"":""CBE9746C""},{""Algorithm"":""SHA-1"",""Digest"":""d89df09d542c1a0fe5a01d0639e3946d4833ee57""},{""Algorithm"":""MD5"",""Digest"":""1ddb98e5af1c36c68f9a2c591a518402""}]"
Nintendo SNES/Libble Rabble.uac	libl.rsn	"[{""Algorithm"":""BLAKE3-256"",""Digest"":""bf9df78076999de0a47835f31c81cca4c522ae1c1d2973b4f03b39503ab46abd""},{""Algorithm"":""CRC32"",""Digest"":""422BFDE2""},{""Algorithm"":""SHA-1"",""Digest"":""51917447987c6640eab89268b50cd233f1f918ca""},{""Algorithm"":""MD5"",""Digest"":""36bf725c44af5710e40c27dab06504bb""}]"
Nintendo SNES/Liberty or Death.uac	lod.rsn	"[{""Algorithm"":""BLAKE3-256"",""Digest"":""387b88b45b09e5bc598fb5cf13822acd8bc62cff53ff2c191bbe480b38c0d1d6""},{""Algorithm"":""CRC32"",""Digest"":""718D8844""},{""Algorithm"":""SHA-1"",""Digest"":""d2842d7d51649a43bea03664dfc733bbf65451b2""},{""Algorithm"":""MD5"",""Digest"":""2baf747a1200ac2c50ee36e5ad1dcd0d""}]"
Nintendo SNES/Light Fantasy.uac	lifa.rsn	"[{""Algorithm"":""BLAKE3-256"",""Digest"":""8a7c966612367450313e41a811e21a175c76478e8b5947603af291a4ab63ee4e""},{""Algorithm"":""CRC32"",""Digest"":""847D2418""},{""Algorithm"":""SHA-1"",""Digest"":""0db6eb4edadf927a4790f05c650b32871610cbd3""},{""Algorithm"":""MD5"",""Digest"":""e7b23fb7acb6b2b1b3ef41811ed78203""}]"
Nintendo SNES/Lion King, The.uac	lion.rsn	"[{""Algorithm"":""BLAKE3-256"",""Digest"":""d00a71e22795ce55d18dabbd2ae012bcd199d276d5eb74c1e0c073b3b7b1cc1d""},{""Algorithm"":""CRC32"",""Digest"":""D30D389F""},{""Algorithm"":""SHA-1"",""Digest"":""dfebf30c1bf837f9a10805381267e3a92c0fb0da""},{""Algorithm"":""MD5"",""Digest"":""16fbbd1e896f21833fdb0cba692886e0""}]"
Nintendo SNES/Little Magic.uac	lmag.rsn	"[{""Algorithm"":""BLAKE3-256"",""Digest"":""f16bf6c77bad5af132b606843d4bbabb4cd43866bf1a70e3e61eca9d21e17dfa""},{""Algorithm"":""CRC32"",""Digest"":""A04990AB""},{""Algorithm"":""SHA-1"",""Digest"":""f4196428fd2146fc3a5f554f58172de6d77f71ee""},{""Algorithm"":""MD5"",""Digest"":""faced8d391d01914fa327968e9f9e647""}]"
Nintendo SNES/Little Master - Nijiiro no Maseki (JP).uac	lmas.rsn	"[{""Algorithm"":""BLAKE3-256"",""Digest"":""abf9a0f74258fc4c22ba19fc6e7b84d2c25adbb52fdc3b97a39e332c73d23193""},{""Algorithm"":""CRC32"",""Digest"":""2A5FC863""},{""Algorithm"":""SHA-1"",""Digest"":""184916421f4624fac576c516a016b7138f231888""},{""Algorithm"":""MD5"",""Digest"":""93eb0ee057a9a16dbc3ea19153716f50""}]"
Nintendo SNES/Live A Live.uac	lal.rsn	"[{""Algorithm"":""BLAKE3-256"",""Digest"":""94f20323fc89cd052be0088fc0f042b13828caeead4ae7a78299f6c41cd14ae8""},{""Algorithm"":""CRC32"",""Digest"":""A25DE08D""},{""Algorithm"":""SHA-1"",""Digest"":""68def9618fc6075137247de924cee4c01c712e13""},{""Algorithm"":""MD5"",""Digest"":""b05467f46d2602340a6cccf40fdd3488""}]"
Nintendo SNES/Lode Runner Twin.uac	lrt.rsn	"[{""Algorithm"":""BLAKE3-256"",""Digest"":""3269953b4cb1854a9351daecbd8d74ed23a989aebe2accd78e524837a34315d6""},{""Algorithm"":""CRC32"",""Digest"":""9176FB89""},{""Algorithm"":""SHA-1"",""Digest"":""1d7b82209884484edbfc26e4b8927113fa8255a8""},{""Algorithm"":""MD5"",""Digest"":""3e73b14d5931798cc53ba62eb072b891""}]"
Nintendo SNES/Logos Panic Goaisatsu (JP).uac	lopa.rsn	"[{""Algorithm"":""BLAKE3-256"",""Digest"":""45a8b95fc740e0d085f727ee7161bec2912e75a9894ec746f58ef15eaf254d74""},{""Algorithm"":""CRC32"",""Digest"":""ADA4601A""},{""Algorithm"":""SHA-1"",""Digest"":""d310a2fa6865709457cdda2b6ad9bfa58a3c074c""},{""Algorithm"":""MD5"",""Digest"":""493548126046e4ed5668c2dc6d0d46a6""}]"
Nintendo SNES/Looney Tunes Basketball (EU).uac	ltbb.rsn	"[{""Algorithm"":""BLAKE3-256"",""Digest"":""cb22260a5fa35376d8c048036dcd94bc198362a263516769da52dc74de1628ad""},{""Algorithm"":""CRC32"",""Digest"":""695962D2""},{""Algorithm"":""SHA-1"",""Digest"":""1a64c0909d368316c151a0f64a12f634164776ff""},{""Algorithm"":""MD5"",""Digest"":""6d5910f64aeafe871e0c4d5837d82e55""}]"
Nintendo SNES/Lord Monarch (JP).uac	lm.rsn	"[{""Algorithm"":""BLAKE3-256"",""Digest"":""4b010999e090a825fbb82abc13b7ce31c32bb41824da3d452eeff51ef9b32044""},{""Algorithm"":""CRC32"",""Digest"":""53AEA115""},{""Algorithm"":""SHA-1"",""Digest"":""17ad48f80cae19ae6a042111e78df63b5e8cbb6a""},{""Algorithm"":""MD5"",""Digest"":""9aef536fa5ad8f29168f5a099d9f8526""}]"
Nintendo SNES/Love Quest.uac	lvqst.rsn	"[{""Algorithm"":""BLAKE3-256"",""Digest"":""8c5140034545ed4da189ae00404f3575ea90313d8734584a4a98a3afec22857b""},{""Algorithm"":""CRC32"",""Digest"":""9E1F86BE""},{""Algorithm"":""SHA-1"",""Digest"":""e8eb9672833561b542ec4c02c40b2f44e87776d4""},{""Algorithm"":""MD5"",""Digest"":""cd3f7da3e1b3b58599c3fce1bdb18f0d""}]"
Nintendo SNES/Lucky Luke.uac	ll.rsn	"[{""Algorithm"":""BLAKE3-256"",""Digest"":""8d23c31d9c02f178538b5d2d23d797907fcd4205a47e8b663adf687e955536e4""},{""Algorithm"":""CRC32"",""Digest"":""454D2F8C""},{""Algorithm"":""SHA-1"",""Digest"":""39bee636ac550a2df102fa04258cff80f9f45c26""},{""Algorithm"":""MD5"",""Digest"":""64cf456f6cb67573e8348d5ad04cf588""}]"
Nintendo SNES/Lufia 2 - Rise of the Sinistrals.uac	ed2.rsn	"[{""Algorithm"":""BLAKE3-256"",""Digest"":""87b7e5451582b0a3ba5639bfb236ac7b673590a221373578e64ed9e09129d3c7""},{""Algorithm"":""CRC32"",""Digest"":""5BD6C533""},{""Algorithm"":""SHA-1"",""Digest"":""300c8bc541a88b58d5ff688b8a7a51cd01daba99""},{""Algorithm"":""MD5"",""Digest"":""ec5cbed96d470bd48c1195c2954b26f9""}]"
Nintendo SNES/Lupin the 3rd.uac	lupin.rsn	"[{""Algorithm"":""BLAKE3-256"",""Digest"":""880216ef811234dcbe078cf7fa91e612034c18e48b0f377ade4fafcb468705a7""},{""Algorithm"":""CRC32"",""Digest"":""CD840313""},{""Algorithm"":""SHA-1"",""Digest"":""f0109bd72a7f0072835607297ddaa74a1bbe6513""},{""Algorithm"":""MD5"",""Digest"":""e01e2d8d60fba31117f429d9d23fa542""}]"
Nintendo SNES/M.A.C.S. Basic Rifle Simulator.uac	macs.rsn	"[{""Algorithm"":""BLAKE3-256"",""Digest"":""6fe3305bc1f4518b5d61ddba04888fc95881e38b94542b748a0d328aef77f3cc""},{""Algorithm"":""CRC32"",""Digest"":""88F8454A""},{""Algorithm"":""SHA-1"",""Digest"":""e0bd458a6ec1c9fd4cbf6ded9f9f409ff305a428""},{""Algorithm"":""MD5"",""Digest"":""2ce19e0c273c675d76504d107e5efe09""}]"
Nintendo SNES/Madden NFL '94.uac	m94.rsn	"[{""Algorithm"":""BLAKE3-256"",""Digest"":""1c197b8ecfa5ccea70e1a23a0d365b975c248bb2b321d23e578ddd5a0598c553""},{""Algorithm"":""CRC32"",""Digest"":""C3EDE050""},{""Algorithm"":""SHA-1"",""Digest"":""ef70c579a021fe65b2de5859d9c6e5972f92f8b1""},{""Algorithm"":""MD5"",""Digest"":""5705d45f1d2261dc95b676c53194a107""}]"
Nintendo SNES/Madden NFL 95.uac	m95.rsn	"[{""Algorithm"":""BLAKE3-256"",""Digest"":""b550378772175ea397558e105176ef7377765330226f6ed3406c79e5384ff35d""},{""Algorithm"":""CRC32"",""Digest"":""3C23E1E8""},{""Algorithm"":""SHA-1"",""Digest"":""7083274f1000efa10f74bf25664bdac70872e7b8""},{""Algorithm"":""MD5"",""Digest"":""b01efe9dbb479b1d3bac58b23e3b0bbb""}]"
Nintendo SNES/Madden NFL 96 (US).uac	m96.rsn	"[{""Algorithm"":""BLAKE3-256"",""Digest"":""18729850c2910c7d5138a697ddfae09a73f9d23d0a0342412b7eabc59d7ed066""},{""Algorithm"":""CRC32"",""Digest"":""139C09E5""},{""Algorithm"":""SHA-1"",""Digest"":""36c8fec9511fb7b3d18403fbb3c75c029ffb344c""},{""Algorithm"":""MD5"",""Digest"":""2a6464a532a9a01839e7adf69e879abf""}]"
Nintendo SNES/Madden NFL 97 (US).uac	m97.rsn	"[{""Algorithm"":""BLAKE3-256"",""Digest"":""8ea857872f085c525e8d3d669a8c9279b10990360802f2a3859cf6902b7ac159""},{""Algorithm"":""CRC32"",""Digest"":""2FE33984""},{""Algorithm"":""SHA-1"",""Digest"":""6c2f59934aa5bc785dee9567569bd26d92be35cc""},{""Algorithm"":""MD5"",""Digest"":""e3ff4830913875f934ef865455334930""}]"
Nintendo SNES/Madden NFL 98 (US).uac	m98.rsn	"[{""Algorithm"":""BLAKE3-256"",""Digest"":""9454a4806461c8ab2d6695f98a1d845ecf5a641a7232a4795b6e985884bc7b52""},{""Algorithm"":""CRC32"",""Digest"":""64B416F9""},{""Algorithm"":""SHA-1"",""Digest"":""a7f99b4d55d03b3ea16293484d1688e1787cf06c""},{""Algorithm"":""MD5"",""Digest"":""0275fb96eed03c524d7ff3d430c36438""}]"
Nintendo SNES/Madou Monogatari.uac	mam.rsn	"[{""Algorithm"":""BLAKE3-256"",""Digest"":""c7235a351e4eeaa4e0eb5762712ccf3e89b63bc61af8260c5b5f01cf49d77d56""},{""Algorithm"":""CRC32"",""Digest"":""AC8869D6""},{""Algorithm"":""SHA-1"",""Digest"":""7feacfe423a21e1fa3d812155a41394e985679bb""},{""Algorithm"":""MD5"",""Digest"":""c8ba50855ffc88c4bde125b81484a3c5""}]"
Nintendo SNES/Magic Johnson's Super Slam Dunk.uac	mjssd.rsn	"[{""Algorithm"":""BLAKE3-256"",""Digest"":""21c1d881c7054c8e148495b7f6be1eefc8b33a7dbc89de3e7856f93025f3e195""},{""Algorithm"":""CRC32"",""Digest"":""24DAA153""},{""Algorithm"":""SHA-1"",""Digest"":""e09990d6889f85350a78d8c2658765b76638e405""},{""Algorithm"":""MD5"",""Digest"":""cdd34c22aa4df9dc359187d89997fa3e""}]"
Nintendo SNES/Magic Sword.uac	mcsd.rsn	"[{""Algorithm"":""BLAKE3-256"",""Digest"":""30060cecfba83dba75f75ea7b2dabec0abc9f86de6d93a5b553f909c95515c6c""},{""Algorithm"":""CRC32"",""Digest"":""FE6B2547""},{""Algorithm"":""SHA-1"",""Digest"":""25d1ba01b2847ebfdd8d442886d4e1d291d462dd""},{""Algorithm"":""MD5"",""Digest"":""303248346df5ed22b41100fc113cade2""}]"
Nintendo SNES/Magical Drop 2.uac	mcdp2.rsn	"[{""Algorithm"":""BLAKE3-256"",""Digest"":""95e1625dd83afe07f2c88a400b10885260dc9bdd966daf8b467db4929e9c383c""},{""Algorithm"":""CRC32"",""Digest"":""5549EAF1""},{""Algorithm"":""SHA-1"",""Digest"":""e599527b5a71c941f00e706c876fd55acb24cb92""},{""Algorithm"":""MD5"",""Digest"":""ad4ccfcc764d77861bb26ea104bac49e""}]"
Nintendo SNES/Magical Drop.uac	mcdp.rsn	"[{""Algorithm"":""BLAKE3-256"",""Digest"":""5c2916319534c2354aa4d4e1a60b20657c017a33028c897a6b54dde7cc9fc0e4""},{""Algorithm"":""CRC32"",""Digest"":""46283929""},{""Algorithm"":""SHA-1"",""Digest"":""2027c3e2a21ad2ca285bdc9b3953d76c4c9b1cd5""},{""Algorithm"":""MD5"",""Digest"":""25627062b1e814729cff670f7479f68b""}]"
Nintendo SNES/Magical Pop'n.uac	mgp.rsn	"[{""Algorithm"":""BLAKE3-256"",""Digest"":""dc08177ac65a34882d3684c1cda404e79f7aa756c0ef620cfe11f54d710bd84e""},{""Algorithm"":""CRC32"",""Digest"":""432DE7AB""},{""Algorithm"":""SHA-1"",""Digest"":""6c1a3e535d4e4e26df34265eef8dc707e514a3b4""},{""Algorithm"":""MD5"",""Digest"":""eb1bb55c10f7467958e58bb458fe1897""}]"
Nintendo SNES/Magical Quest 2 - The Great Circus Mystery, The.uac	mq2.rsn	"[{""Algorithm"":""BLAKE3-256"",""Digest"":""b623bcfdf5bf4ca15a9ec3d0232769c12673af180cf3b05211cb6f4e17492dc2""},{""Algorithm"":""CRC32"",""Digest"":""A0D28AF2""},{""Algorithm"":""SHA-1"",""Digest"":""238da1efd17a28c91106dfa161f18ab27c157642""},{""Algorithm"":""MD5"",""Digest"":""075beaa10bbd7f59156cb2d6f3469a32""}]"
Nintendo SNES/Magical Quest 3, The.uac	mq3.rsn	"[{""Algorithm"":""BLAKE3-256"",""Digest"":""20c673cd1592931480bf58c08995274e6d92f80157ab1fc7178b756669f62af4""},{""Algorithm"":""CRC32"",""Digest"":""C33195EA""},{""Algorithm"":""SHA-1"",""Digest"":""2a6d9814ca8ac6b8daf8b1eb181162b638f3bc88""},{""Algorithm"":""MD5"",""Digest"":""7eeb1e88ce1635d08a2a7a3dde2796b3""}]"
Nintendo SNES/Magical Quest starring Mickey Mouse, The.uac	mq.rsn	"[{""Algorithm"":""BLAKE3-256"",""Digest"":""81b248142cef23923afd17aabdde3d6c3a2a11018c5b4b6197b7bc091dbec31b""},{""Algorithm"":""CRC32"",""Digest"":""04245CCD""},{""Algorithm"":""SHA-1"",""Digest"":""410f8f4a5bf62d025fa35ebda4c1d43e85d7211b""},{""Algorithm"":""MD5"",""Digest"":""a458e4677942cbf7a024198f4a0e3f9f""}]"
Nintendo SNES/Magical Taruruto Kun.uac	mtma.rsn	"[{""Algorithm"":""BLAKE3-256"",""Digest"":""17b3e090aebbe3be083da9f4d77e4b9de0905f8d3da64b6fddfc5944c511cf80""},{""Algorithm"":""CRC32"",""Digest"":""38E75D6D""},{""Algorithm"":""SHA-1"",""Digest"":""f2defee8b65636979f7109ea115b905c3eff348e""},{""Algorithm"":""MD5"",""Digest"":""b463f4ff83ff3f27943b4f070960bce1""}]"
Nintendo SNES/Magna Braban.uac	magna.rsn	"[{""Algorithm"":""BLAKE3-256"",""Digest"":""bf0e2314b51bccde645181fc58d580917cfe7201e7dc3c9306f56aa6fe434dbd""},{""Algorithm"":""CRC32"",""Digest"":""6369357D""},{""Algorithm"":""SHA-1"",""Digest"":""35f492f8c9ed6ee9f97b1637ec9b363c4a41ecb8""},{""Algorithm"":""MD5"",""Digest"":""9b362d4a2a9b4b4a585b6c306471d85e""}]"
Nintendo SNES/Mahjong Club (JP).uac	mahcl.rsn	"[{""Algorithm"":""BLAKE3-256"",""Digest"":""7b90854fa301b581b2c30ce7a9f555bdd85ffcc1218c691efab887380ad932da""},{""Algorithm"":""CRC32"",""Digest"":""9189F743""},{""Algorithm"":""SHA-1"",""Digest"":""c649b35d0f65feb037b23279094f27bcbe1c694f""},{""Algorithm"":""MD5"",""Digest"":""db409c97c9440e75f6071710129ed520""}]"
Nintendo SNES/Mahjong Gokuu Tenjiku.uac	mgt.rsn	"[{""Algorithm"":""BLAKE3-256"",""Digest"":""08362a8797ce71c7bb7ef3c55d306064279b3e2bb033345025ee6ad59590ebc4""},{""Algorithm"":""CRC32"",""Digest"":""E8A0AEC5""},{""Algorithm"":""SHA-1"",""Digest"":""2a555a4fced4c7d0b53350a4b6f74611e1f9b977""},{""Algorithm"":""MD5"",""Digest"":""684ff33ccc336b45596c4b7b38ff8412""}]"
Nintendo SNES/Mahjong Hishouden - Naki no Ryuu.uac	mhnr.rsn	"[{""Algorithm"":""BLAKE3-256"",""Digest"":""d369d02870dacba338bf33775ab7cc4cb9b8fd72af0bb94e7b162d78299ca402""},{""Algorithm"":""CRC32"",""Digest"":""E876E425""},{""Algorithm"":""SHA-1"",""Digest"":""e8f1d7aa2dcde673e1dabb0178ffcbfc3173dc17""},{""Algorithm"":""MD5"",""Digest"":""49ff5718bc056340aa855a4039684ecf""}]"
Nintendo SNES/Mahjong Touhaiden, The.uac	majt.rsn	"[{""Algorithm"":""BLAKE3-256"",""Digest"":""cf65f1e33ea5924d4c84df5f74920d7bdf7d652545e54bcbeb35e36410b0e8bb""},{""Algorithm"":""CRC32"",""Digest"":""D0FC0D93""},{""Algorithm"":""SHA-1"",""Digest"":""8bc6f9a45a31823a9ec4288b3958a12d31bce997""},{""Algorithm"":""MD5"",""Digest"":""dec66b293ae7f480f199b164936a5c30""}]"
Nintendo SNES/Mahou Kishi Reiasu (Magic Knight Rayearth).uac	mkr.rsn	"[{""Algorithm"":""BLAKE3-256"",""Digest"":""7bcc4ffd122252ffccb50a9dafac3535286a3ca9c18ddcd69ae9783e31bd23bc""},{""Algorithm"":""CRC32"",""Digest"":""146B6C23""},{""Algorithm"":""SHA-1"",""Digest"":""b2ff48c9b2f82f4dd92799604ff8ffb95d4b34e3""},{""Algorithm"":""MD5"",""Digest"":""20232d06e3399db9a434d1379bf9daee""}]"
Nintendo SNES/Mahou Poi Poi Poitto!.uac	mppp.rsn	"[{""Algorithm"":""BLAKE3-256"",""Digest"":""430ca77666bc69f46a0585f1c2842217d96eb98ee5b3afc6e4d4ab93f300410c""},{""Algorithm"":""CRC32"",""Digest"":""6772AB49""},{""Algorithm"":""SHA-1"",""Digest"":""aaf80240b144ace75a4cd03bfb6df76e4f412daa""},{""Algorithm"":""MD5"",""Digest"":""e5779ff23ee72c90ede6d3f24005860a""}]"
Nintendo SNES/Majin Tensei (JP).uac	mt2.rsn	"[{""Algorithm"":""BLAKE3-256"",""Digest"":""7e2e8ce17d87a1ca878e6f495467ca5c1137edb844f450323664cd85087575dc""},{""Algorithm"":""CRC32"",""Digest"":""BD15A85D""},{""Algorithm"":""SHA-1"",""Digest"":""18efd485a57afede3f50c6eb8ba28e41c24ea4a7""},{""Algorithm"":""MD5"",""Digest"":""b9d7d94d8b3099ce9dd8dc0a18e3f760""}]"
Nintendo SNES/Majin Tensei.uac	mt.rsn	"[{""Algorithm"":""BLAKE3-256"",""Digest"":""870e78638bdfd8919aa3d6e4480ef91c581a3957bc0655c9c7211201566e1ba8""},{""Algorithm"":""CRC32"",""Digest"":""B5F4D8F4""},{""Algorithm"":""SHA-1"",""Digest"":""4989615d2c12a9d1216795b253653428b1e5c9e5""},{""Algorithm"":""MD5"",""Digest"":""507f4ea129e7af001e9be01e74dd6a31""}]"
Nintendo SNES/Majyuuou.uac	maj.rsn	"[{""Algorithm"":""BLAKE3-256"",""Digest"":""d66baf25dc5cab3f98509c0ee5b4ab944b46421194937a8bdfe401ca3f4a3ec0""},{""Algorithm"":""CRC32"",""Digest"":""E93481E8""},{""Algorithm"":""SHA-1"",""Digest"":""c4a3503eabd4437a8be1789a64c76109c5072cec""},{""Algorithm"":""MD5"",""Digest"":""1c8eba9e4e4d9547705cb7e45629390d""}]"
Nintendo SNES/Maka Maka.uac	mkmk.rsn	"[{""Algorithm"":""BLAKE3-256"",""Digest"":""cd25efec3af9a84199fcd1b3d123e9a3bcabbf93fbcdd50290afb8ad0b234af8""},{""Algorithm"":""CRC32"",""Digest"":""C1ED6A5A""},{""Algorithm"":""SHA-1"",""Digest"":""87c16ee3c3a4c3265a441bd6f7039c32f91b70d1""},{""Algorithm"":""MD5"",""Digest"":""56118e6e29ef0d1d66461243c81ae3af""}]"
Nintendo SNES/Makeruna Makendou (Kendo Rage).uac	mama.rsn	"[{""Algorithm"":""BLAKE3-256"",""Digest"":""0bc0b56057b269219160a934ae2975ac9eeeca26f12fb6ce46d1537c0b09449a""},{""Algorithm"":""CRC32"",""Digest"":""0DEA4B1B""},{""Algorithm"":""SHA-1"",""Digest"":""25090f786c68491b1aac0ff9a33adafc8065e231""},{""Algorithm"":""MD5"",""Digest"":""976ac6c0b80f04dc044d28780f70e030""}]"
Nintendo SNES/Makeruna Makendou 2.uac	mama2.rsn	"[{""Algorithm"":""BLAKE3-256"",""Digest"":""1d052045cb3271735f341c32c7c18b080083174c05e742aeba82a769f3cb7bd2""},{""Algorithm"":""CRC32"",""Digest"":""07B4CE4B""},{""Algorithm"":""SHA-1"",""Digest"":""21dc91fc2faa5b0ec660f7d624f38d054aae13cc""},{""Algorithm"":""MD5"",""Digest"":""dfdb0e934cbdcf6f18b2c46b087e9d2e""}]"
Nintendo SNES/Manchester United Championship Soccer.uac	mucs.rsn	"[{""Algorithm"":""BLAKE3-256"",""Digest"":""42c0501d22deecad521dca663d4feb379e7da3eb1d70318fc947f2a403238c38""},{""Algorithm"":""CRC32"",""Digest"":""FFDF4933""},{""Algorithm"":""SHA-1"",""Digest"":""584c657dde5e815ad736a6d5894dc20c786a7d79""},{""Algorithm"":""MD5"",""Digest"":""b83e5a420d80a4348adbfa345f63480c""}]"
Nintendo SNES/Marchen Adventure Cotton 100%.uac	cttn.rsn	"[{""Algorithm"":""BLAKE3-256"",""Digest"":""0fa2d871644aff85ecb6904f86b74fcbcab1f0b4a462ea917b18251086d301ed""},{""Algorithm"":""CRC32"",""Digest"":""EBD0743D""},{""Algorithm"":""SHA-1"",""Digest"":""8500992a0f190d3dda6fdd002c68b6f89747b7b8""},{""Algorithm"":""MD5"",""Digest"":""c310ccb17d67cb9e80d32678125d3e5b""}]"
Nintendo SNES/Mario & Wario.uac	mawa.rsn	"[{""Algorithm"":""BLAKE3-256"",""Digest"":""e234da066fab0b81ee0a22dd41fadd9cc75c84aba2d2028def230b490d0c3df0""},{""Algorithm"":""CRC32"",""Digest"":""61C21FCB""},{""Algorithm"":""SHA-1"",""Digest"":""480930c4d4b53e3a420bef0cde9383fe5c4d52f2""},{""Algorithm"":""MD5"",""Digest"":""12637564b09d96e5bee132b55f4f737c""}]"
Nintendo SNES/Mario Paint.uac	mpnt.rsn	"[{""Algorithm"":""BLAKE3-256"",""Digest"":""9d34d5fb3d18fa67117846b50f664825b8b6368c7af44b1a2845ce94aa87a0c2""},{""Algorithm"":""CRC32"",""Digest"":""7DA042B9""},{""Algorithm"":""SHA-1"",""Digest"":""b0d3f8a22eb200be7fcad92239b70f5119c81684""},{""Algorithm"":""MD5"",""Digest"":""1b0555d0e90d92fee12fa4637ff75446""}]"
Nintendo SNES/Mario is Missing.uac	mim.rsn	"[{""Algorithm"":""BLAKE3-256"",""Digest"":""f5b0d6bbb61b4577c8fc347b09b2b2a11fde8c1cb2cddb3a259ab98af3780f1e""},{""Algorithm"":""CRC32"",""Digest"":""485CA0FF""},{""Algorithm"":""SHA-1"",""Digest"":""624f8fe84c0fb9a13e841a39d44cbd5966bb1df9""},{""Algorithm"":""MD5"",""Digest"":""17379522390b336b59a8fe4204a11e50""}]"
Nintendo SNES/Mario's Super Picross (EU).uac	msp.rsn	"[{""Algorithm"":""BLAKE3-256"",""Digest"":""cc2429269666bd165229a19261256a94242c038e62e8a75d716a293eec1087c6""},{""Algorithm"":""CRC32"",""Digest"":""23BC4529""},{""Algorithm"":""SHA-1"",""Digest"":""f6c8ba57df52e257a532a55bc87a02220efdcfeb""},{""Algorithm"":""MD5"",""Digest"":""947190cb4cf020d7d50980154874a88c""}]"
Nintendo SNES/Mario's Time Machine.uac	mtm.rsn	"[{""Algorithm"":""BLAKE3-256"",""Digest"":""b484899e9b07f0f0213c587f3135b5b8a0814334a5f3ac83da42801ec1a53194""},{""Algorithm"":""CRC32"",""Digest"":""828BF496""},{""Algorithm"":""SHA-1"",""Digest"":""655b50c90262b9b04bc6f9f603d8d206732848f8""},{""Algorithm"":""MD5"",""Digest"":""dd07a157e82a66e34fd5bdf8e54eaa5d""}]"
Nintendo SNES/Marko's Magic Football.uac	mmf.rsn	"[{""Algorithm"":""BLAKE3-256"",""Digest"":""bf17dd3581597875dc711ac6a877dfec78774cc962622f3ba2a48895880b9fcb""},{""Algorithm"":""CRC32"",""Digest"":""7699587B""},{""Algorithm"":""SHA-1"",""Digest"":""383b3fda7828d60179addea11e52e95182dfd878""},{""Algorithm"":""MD5"",""Digest"":""b0d7419706bd586997535588c21299c3""}]"
Nintendo SNES/Marvelous.uac	mvls.rsn	"[{""Algorithm"":""BLAKE3-256"",""Digest"":""71a921d849403613f0bc919e102f21cab4c10894c012a454c1bfddb1980dad17""},{""Algorithm"":""CRC32"",""Digest"":""587F86F5""},{""Algorithm"":""SHA-1"",""Digest"":""f363dc5524dfc0de840aefd5620f25fe91ef9561""},{""Algorithm"":""MD5"",""Digest"":""10025b4850e31a09cfd7e889b2f9bc88""}]"
Nintendo SNES/Mary Shelley's Frankenstein (US).uac	msfr.rsn	"[{""Algorithm"":""BLAKE3-256"",""Digest"":""14bac18220e4af9281ce49fbac17e1b402a8b5b39cafd0bc78efda9cc37e8c84""},{""Algorithm"":""CRC32"",""Digest"":""E411124A""},{""Algorithm"":""SHA-1"",""Digest"":""c368f79d86a886b87d5d79d447f1c23861a824b0""},{""Algorithm"":""MD5"",""Digest"":""bb238059a39766edf1f050e7df18ccb0""}]"
Nintendo SNES/Masaki Shimono no Fishing To Bassing.uac	ftb.rsn	"[{""Algorithm"":""BLAKE3-256"",""Digest"":""e91680dd7e4741845502a30fd87b0e744c8b9e7ccbb404e50751681f6969e139""},{""Algorithm"":""CRC32"",""Digest"":""80193990""},{""Algorithm"":""SHA-1"",""Digest"":""7cee4af00051979da542c9e35f3ac28bcc4c8a6f""},{""Algorithm"":""MD5"",""Digest"":""282b8c0d0fa6f020a18a71bbb9ff0fff""}]"
Nintendo SNES/Maten Densetsu - Senritsu no Ooparts (JP).uac	mtd.rsn	"[{""Algorithm"":""BLAKE3-256"",""Digest"":""711b8207320575769c1e42d2470462bb322d8917b6c5559d8ca6c605dd1b9663""},{""Algorithm"":""CRC32"",""Digest"":""2B86CBD1""},{""Algorithm"":""SHA-1"",""Digest"":""13dbcc596be9e5d989af2cc5bb0dd22e1f23b21b""},{""Algorithm"":""MD5"",""Digest"":""061eeaa5517f061aac997cc6f8a9be78""}]"
Nintendo SNES/Matsumura Kunihiro Den.uac	mkh.rsn	"[{""Algorithm"":""BLAKE3-256"",""Digest"":""d51c495c17f8c54db7d0db9345f7a668ef9f221e1750f47ed772c70bd337e067""},{""Algorithm"":""CRC32"",""Digest"":""87770BB7""},{""Algorithm"":""SHA-1"",""Digest"":""1d94006d542301ca444ce787d8d9a77eabba542c""},{""Algorithm"":""MD5"",""Digest"":""847d44543dd4a1115ad666e52abc0a8f""}]"
Nintendo SNES/Maui Mallard in Cold Shadow.uac	maui.rsn	"[{""Algorithm"":""BLAKE3-256"",""Digest"":""d1794a1269c2e9645bf9951eccc11e1cf45ce42a5a48cbcd599edf4ef8820a08""},{""Algorithm"":""CRC32"",""Digest"":""2B499C9E""},{""Algorithm"":""SHA-1"",""Digest"":""5142675d90fade5e2771660c6524e9767344ae34""},{""Algorithm"":""MD5"",""Digest"":""aa61d9650f63b4e5beb01824727aaf7d""}]"
Nintendo SNES/Mazinger Z.uac	mazz.rsn	"[{""Algorithm"":""BLAKE3-256"",""Digest"":""948ba00f51005a6cb243ef0a01503f2282a33b6dc470647f58293bfd0e34e191""},{""Algorithm"":""CRC32"",""Digest"":""EAE330C8""},{""Algorithm"":""SHA-1"",""Digest"":""e6bfd7c94a5127257fd6445f1a96417d1e24142f""},{""Algorithm"":""MD5"",""Digest"":""3c6f9ddfe056b3a197b98f76a34634a4""}]"
Nintendo SNES/Mecarobot Golf.uac	snbt.rsn	"[{""Algorithm"":""BLAKE3-256"",""Digest"":""ec806e15896f1ada2bf4f0b8ce309ec7ea32f212316d3546eeb95790c7ce8093""},{""Algorithm"":""CRC32"",""Digest"":""F4ECF989""},{""Algorithm"":""SHA-1"",""Digest"":""f7286e6faa2fcdbef24f62d3a67530f111734a08""},{""Algorithm"":""MD5"",""Digest"":""7fba9335c5f1880d9cc1b696a523c997""}]"
Nintendo SNES/Mechwarrior 3050.uac	mcwr3.rsn	"[{""Algorithm"":""BLAKE3-256"",""Digest"":""f234519a2f4bc3fc769d2d0d2707857aed2d5af561389774511ee4f6f8f62e39""},{""Algorithm"":""CRC32"",""Digest"":""1011AA07""},{""Algorithm"":""SHA-1"",""Digest"":""769cae03cd5c5ecdd8a08e8763e25ff378678135""},{""Algorithm"":""MD5"",""Digest"":""c7449a00df4b2c86a79bbc0d5f84d8b6""}]"
Nintendo SNES/Mechwarrior.uac	mcwr.rsn	"[{""Algorithm"":""BLAKE3-256"",""Digest"":""bee388e4f235b3271be6681fb7d57c30a1aca4e60bcf3050e6d208ea6a9f0022""},{""Algorithm"":""CRC32"",""Digest"":""81AD16D0""},{""Algorithm"":""SHA-1"",""Digest"":""332b8827d51e1a8c2909cadf2e838ee689054f11""},{""Algorithm"":""MD5"",""Digest"":""c396a464ee68ad6fb07a1f9e4b74e740""}]"
Nintendo SNES/Mega Man 7.uac	mm7.rsn	"[{""Algorithm"":""BLAKE3-256"",""Digest"":""1d43d52fd209e8f98ae79cccad213ab1e8e3c4c4fd4cbee28e6faf734d2d7af3""},{""Algorithm"":""CRC32"",""Digest"":""0A119563""},{""Algorithm"":""SHA-1"",""Digest"":""98c6ea58e9696b69a23764d51519832d35fb4408""},{""Algorithm"":""MD5"",""Digest"":""d259be69024ed541b6a12902891ab5a3""}]"
Nintendo SNES/Mega Man X.uac	mmx.rsn	"[{""Algorithm"":""BLAKE3-256"",""Digest"":""bb444d99871f1b402ce4c7d8d7340ea5576a2480f8354db26bef5bcdcfbeb2df""},{""Algorithm"":""CRC32"",""Digest"":""0FB6DFDD""},{""Algorithm"":""SHA-1"",""Digest"":""208e8ec847d2e19b5829764079713ced72c20a73""},{""Algorithm"":""MD5"",""Digest"":""d404d0d4b9c1be4ed22aca30b15d5b28""}]"
Nintendo SNES/Mega Man X2.uac	mmx2.rsn	"[{""Algorithm"":""BLAKE3-256"",""Digest"":""c5bf1523b15dc8f16542fd598298cb186b9308ce4508dd562eeda2d137602f2d""},{""Algorithm"":""CRC32"",""Digest"":""0BA81ED4""},{""Algorithm"":""SHA-1"",""Digest"":""776ac298f87d6066b71b4cb7e089e57a15dee6cb""},{""Algorithm"":""MD5"",""Digest"":""8a55ab1cf3367969e23c3bf229b27464""}]"
Nintendo SNES/Mega Man X3.uac	mmx3.rsn	"[{""Algorithm"":""BLAKE3-256"",""Digest"":""381ff88fd67931e2df8630cade168f83fb188161f9dae8395ba728e6bab01db8""},{""Algorithm"":""CRC32"",""Digest"":""AFE9CD18""},{""Algorithm"":""SHA-1"",""Digest"":""1dbef03b8c58cbda0b16e5e584ec90215aca744f""},{""Algorithm"":""MD5"",""Digest"":""42dab876718d011089224dff8e3b08dd""}]"
Nintendo SNES/Mega-Lo-Mania.uac	mlm.rsn	"[{""Algorithm"":""BLAKE3-256"",""Digest"":""50e7d35294afa885ab201464745aa37ebf8fcb5d8c292bef1cc5b6b4ce799d3a""},{""Algorithm"":""CRC32"",""Digest"":""9E8D616F""},{""Algorithm"":""SHA-1"",""Digest"":""18f45b68b24ce8c789ee97e6eec2d43a354eec15""},{""Algorithm"":""MD5"",""Digest"":""121591439b869c3eb4f4be6101155f58""}]"
Nintendo SNES/Melfand Stories.uac	ms.rsn	"[{""Algorithm"":""BLAKE3-256"",""Digest"":""2f65b96034c1607a54b733beec4d4bda33cc3aa64053192158325afd6d010ac1""},{""Algorithm"":""CRC32"",""Digest"":""1558C24A""},{""Algorithm"":""SHA-1"",""Digest"":""5d236807d1c1b51cd6a54511c31aa66f5ea0328d""},{""Algorithm"":""MD5"",""Digest"":""2610cb6807a9f033b40a7d0246d42e6a""}]"
Nintendo SNES/Metal Combat - Falcon's Revenge.uac	mc.rsn	"[{""Algorithm"":""BLAKE3-256"",""Digest"":""7f2e1df4dc4ea330db86845065adb1929fadd7eeec7d2ca77a0d1646705a428f""},{""Algorithm"":""CRC32"",""Digest"":""D82FC5A7""},{""Algorithm"":""SHA-1"",""Digest"":""b22238e278cf8e969dce489bc40bde42675d301d""},{""Algorithm"":""MD5"",""Digest"":""7fef0f0102776ba69f4bc60c240b13f9""}]"
Nintendo SNES/Metal Marines.uac	mema.rsn	"[{""Algorithm"":""BLAKE3-256"",""Digest"":""a9e723f9eba8738dff3014a2b6662de4d816fa4cf14e10c1e19c074f5f2a2ee9""},{""Algorithm"":""CRC32"",""Digest"":""E9E5D066""},{""Algorithm"":""SHA-1"",""Digest"":""ae5588bf876c41590e80a3a38fca8c65ef2e21de""},{""Algorithm"":""MD5"",""Digest"":""cb46082eb70c34a806eeadb0ebaa20ce""}]"
Nintendo SNES/Metal Max 2.uac	mmax2.rsn	"[{""Algorithm"":""BLAKE3-256"",""Digest"":""1c886efc789c0e1f5fc9bdc7bfbae4b93620f30499c39cc1684ac9236dbd272a""},{""Algorithm"":""CRC32"",""Digest"":""C7E7EA36""},{""Algorithm"":""SHA-1"",""Digest"":""5d634896e703673efa2eceb622038a22e5176dc7""},{""Algorithm"":""MD5"",""Digest"":""f3909a318e75f6d8cfaa2801b2afa685""}]"
Nintendo SNES/Metal Max Returns.uac	mmaxr.rsn	"[{""Algorithm"":""BLAKE3-256"",""Digest"":""77387c73339c7d2bbff98e21a004789923cce19a4a6af2484c3f84d0983b01da""},{""Algorithm"":""CRC32"",""Digest"":""4764C45D""},{""Algorithm"":""SHA-1"",""Digest"":""cf1555e0f8679ba8bf4a3cedc8dd37bba914c306""},{""Algorithm"":""MD5"",""Digest"":""296253b7a0a1801c62aab24a97ec0e38""}]"
Nintendo SNES/Metal Morph (US).uac	memo.rsn	"[{""Algorithm"":""BLAKE3-256"",""Digest"":""7f9fd4c70a75c6ea988e01c19ae397d9fc81c31d18a7f5c0e76726014185ce33""},{""Algorithm"":""CRC32"",""Digest"":""8773EE03""},{""Algorithm"":""SHA-1"",""Digest"":""33647e22ecca1f6200d78342221f3fd204560f67""},{""Algorithm"":""MD5"",""Digest"":""eb1d59ca52ce8e447cd0b6f681feb164""}]"
Nintendo SNES/Metal Slader Glory - Director's Cut (JP).uac	msg.rsn	"[{""Algorithm"":""BLAKE3-256"",""Digest"":""e0355e0efb95c2212f6f4887ff6e3fffdc1e16c8f80a74d9c73284cf44a686fd""},{""Algorithm"":""CRC32"",""Digest"":""87F9C9EA""},{""Algorithm"":""SHA-1"",""Digest"":""81e0412a5be0bd7018cd024aa0f3a866eb987178""},{""Algorithm"":""MD5"",""Digest"":""35b0af1320b0322e60ae347b61ab849b""}]"
Nintendo SNES/Metal Warriors (US).uac	mw.rsn	"[{""Algorithm"":""BLAKE3-256"",""Digest"":""a203f27f45d4fb84569fce8e48c7a61c64dfc47542c7a640648ec73fedb0352f""},{""Algorithm"":""CRC32"",""Digest"":""E67A4358""},{""Algorithm"":""SHA-1"",""Digest"":""3410f22d63d52eba897ac2233ee9343cdb14c39b""},{""Algorithm"":""MD5"",""Digest"":""a622d9f32b5d7a14e2953008ba06fca0""}]"
Nintendo SNES/Michael Jordan - Chaos in the Windy City.uac	mjcwc.rsn	"[{""Algorithm"":""BLAKE3-256"",""Digest"":""50ce2e71d86cc24515d92f6da8d0242d835d7ab09958fac7663e4ebb453b3112""},{""Algorithm"":""CRC32"",""Digest"":""3131B568""},{""Algorithm"":""SHA-1"",""Digest"":""16030cf9eea0e786c2d329b46c130ee41f0b7365""},{""Algorithm"":""MD5"",""Digest"":""aeade81188de5ce0660bd0631de64c2d""}]"
Nintendo SNES/Mick & Mack as the Global Gladiators (US).uac	mmgg.rsn	"[{""Algorithm"":""BLAKE3-256"",""Digest"":""d1421d71ff1337136d7d49cb25a4f53a371ab028122ac3c08e2afe6b24e04ef3""},{""Algorithm"":""CRC32"",""Digest"":""D02221C5""},{""Algorithm"":""SHA-1"",""Digest"":""4d77249136f951bd221bbca05d84f466334e663d""},{""Algorithm"":""MD5"",""Digest"":""70125c1fbd913ccbd4894bbc1d7f687a""}]"
Nintendo SNES/Mickey no Tokyo Disneyland Daibouken.uac	tdl.rsn	"[{""Algorithm"":""BLAKE3-256"",""Digest"":""bfbb96905553f69bcf9022c4c1bfc36b4c7cc9e99c8b8ffa209e7f0a0b645954""},{""Algorithm"":""CRC32"",""Digest"":""0CBCEC88""},{""Algorithm"":""SHA-1"",""Digest"":""e921233e34f8976502375629a68f8231fba1fbc2""},{""Algorithm"":""MD5"",""Digest"":""e7431b80430f1c1d1f724436b860a5ce""}]"
Nintendo SNES/Mickey's Ultimate Challenge.uac	muc.rsn	"[{""Algorithm"":""BLAKE3-256"",""Digest"":""ea0179862b9884972277043fc4d2aa03b573f699a90527ce764bac87012508fe""},{""Algorithm"":""CRC32"",""Digest"":""BA945041""},{""Algorithm"":""SHA-1"",""Digest"":""9fe2d715b74f1e319feb7a1b58412b3727056eee""},{""Algorithm"":""MD5"",""Digest"":""7633f3bacf4334d255f90a300205cf37""}]"
Nintendo SNES/Micro Machines 2.uac	mima2.rsn	"[{""Algorithm"":""BLAKE3-256"",""Digest"":""dc44dec12dccf5020cf154ff8b5d4feefe0c3801fc27ee7a22b2540e080132d9""},{""Algorithm"":""CRC32"",""Digest"":""15374588""},{""Algorithm"":""SHA-1"",""Digest"":""da8f73ee068a0aeef1098d40deecc7a63d11d7dc""},{""Algorithm"":""MD5"",""Digest"":""da61b383d8253b644e9e80518888b31c""}]"
Nintendo SNES/Micro Machines.uac	mima.rsn	"[{""Algorithm"":""BLAKE3-256"",""Digest"":""f95829697316d89d95f6d52c3c4ddc6d88bb92145fad84d7897e3ae15250ace5""},{""Algorithm"":""CRC32"",""Digest"":""0B800F9D""},{""Algorithm"":""SHA-1"",""Digest"":""a6fdb102795836a4453d0e270c432f2d5f457aa1""},{""Algorithm"":""MD5"",""Digest"":""87ab305ba6a59fcfef28844b61701b63""}]"
Nintendo SNES/Might and Magic 2 (Japanese Version).uac	mm2j.rsn	"[{""Algorithm"":""BLAKE3-256"",""Digest"":""f24b333074ec3b5cffb138679d5d05d5b9dbc07502abaf6e6ddccc902a5657e0""},{""Algorithm"":""CRC32"",""Digest"":""00655349""},{""Algorithm"":""SHA-1"",""Digest"":""2eb41793be42ba48ff74b790e27ef07c154f33a1""},{""Algorithm"":""MD5"",""Digest"":""1abd332767da246d58dce19751871b93""}]"
Nintendo SNES/Mighty Max (US).uac	mmax.rsn	"[{""Algorithm"":""BLAKE3-256"",""Digest"":""42835d88020df7f4ed47931210e84c78e2bf47e6bc74f05102e30ae706ff647f""},{""Algorithm"":""CRC32"",""Digest"":""F75CFD3E""},{""Algorithm"":""SHA-1"",""Digest"":""419e0c3c8f619eae995554d4738132e74db5ebab""},{""Algorithm"":""MD5"",""Digest"":""73e1fa9399bae580e0f4c980a4850e37""}]"
Nintendo SNES/Mighty Morphin' Power Rangers - The Movie.uac	prmv.rsn	"[{""Algorithm"":""BLAKE3-256"",""Digest"":""58503a3f2ceb4302e70d222f6f6bb483d5f09cc143967e5fdda18f6f9d2798ee""},{""Algorithm"":""CRC32"",""Digest"":""2C152D22""},{""Algorithm"":""SHA-1"",""Digest"":""80931b83d1699dac494be51c440f38f22d81bff7""},{""Algorithm"":""MD5"",""Digest"":""47fc06c028ef7ca1c8635e2dddafaf35""}]"
Nintendo SNES/Milandra.uac	mil.rsn	"[{""Algorithm"":""BLAKE3-256"",""Digest"":""01b9594481b93a22e6936de1afd61c388b1ff9d52dec2db3b366717ab50b41af""},{""Algorithm"":""CRC32"",""Digest"":""D5613D62""},{""Algorithm"":""SHA-1"",""Digest"":""9c9e9f34b466f913c0b410331a41832912a94d56""},{""Algorithm"":""MD5"",""Digest"":""7abaab1af7b3d9a06d03157c85601726""}]"
Nintendo SNES/Mini Yonku Shining Scorpion.uac	myss.rsn	"[{""Algorithm"":""BLAKE3-256"",""Digest"":""1ee8d88d2669f72729d16c77dfb04fad5ef0e4fd44e9091582a900660a667410""},{""Algorithm"":""CRC32"",""Digest"":""8E1DD3CF""},{""Algorithm"":""SHA-1"",""Digest"":""75491cec5ec81d2447e9d506bb6ede0483ae513a""},{""Algorithm"":""MD5"",""Digest"":""a3de2d35a7e039e1dfaa22bec515ad82""}]"
Nintendo SNES/Miracle Casino Paradise.uac	mcp.rsn	"[{""Algorithm"":""BLAKE3-256"",""Digest"":""b18b637618872b5475071b20c7a4244fc6f469b767d05a9c2f38e434dc980a07""},{""Algorithm"":""CRC32"",""Digest"":""2BDC856C""},{""Algorithm"":""SHA-1"",""Digest"":""473470ae8f3c29fb6d3ccb97f17bd5adf149c2e4""},{""Algorithm"":""MD5"",""Digest"":""03da155144174e3caa54d45be95dbebc""}]"
Nintendo SNES/Miracle Girls.uac	mg.rsn	"[{""Algorithm"":""BLAKE3-256"",""Digest"":""5b12bd72af4d78b4e9f969f91e94be7829e21e1cdf2f3978ba461193604ec622""},{""Algorithm"":""CRC32"",""Digest"":""26AC6568""},{""Algorithm"":""SHA-1"",""Digest"":""9ed9ccd9eb4354d5ffa9521ed1bba17017ddc765""},{""Algorithm"":""MD5"",""Digest"":""839fbd0cc9cb4c6e5ad0a5e0da08f017""}]"
Nintendo SNES/Modular Escape.uac	mode.rsn	"[{""Algorithm"":""BLAKE3-256"",""Digest"":""65ba4292b49521fcc054f9197fdcc761b46b230d00f0bfe8f92f377eab243c1b""},{""Algorithm"":""CRC32"",""Digest"":""27FE8123""},{""Algorithm"":""SHA-1"",""Digest"":""b1107fdc9289bde8272e039cab7aac20b27296c2""},{""Algorithm"":""MD5"",""Digest"":""fbd0cd2b5dd2fe54a014ee3e29d0293e""}]"
Nintendo SNES/Momotarou Dentetsu Happy.uac	mdh.rsn	"[{""Algorithm"":""BLAKE3-256"",""Digest"":""75d1ab853f39d8c55531c07ab2731850bd8582e28d7bbca2527fff8bb68250e5""},{""Algorithm"":""CRC32"",""Digest"":""EA7D95CF""},{""Algorithm"":""SHA-1"",""Digest"":""0c8f9da4c1f59f79519e9037a29db5c18ab6446b""},{""Algorithm"":""MD5"",""Digest"":""9a216efa39dd5941f3028031d8b63afe""}]"
Nintendo SNES/Monopoly (Japanese Version).uac	mpjp.rsn	"[{""Algorithm"":""BLAKE3-256"",""Digest"":""2c2d876cc7af4318e61b844e17b0a891f4d68a57df27c31a3668c840a0366afc""},{""Algorithm"":""CRC32"",""Digest"":""885F94E4""},{""Algorithm"":""SHA-1"",""Digest"":""f9cbcfb0a16dec89a571ef17bac011deda4379a0""},{""Algorithm"":""MD5"",""Digest"":""8af7e7fd60b7a30d1ee3942121d63135""}]"
Nintendo SNES/Monopoly 2.uac	mp2.rsn	"[{""Algorithm"":""BLAKE3-256"",""Digest"":""94d747b0e7368532a7168a30af39e4182f3753db339cfc3b1690923c6f8a6781""},{""Algorithm"":""CRC32"",""Digest"":""29A162AF""},{""Algorithm"":""SHA-1"",""Digest"":""1f0fec748e60d6e5de00a89fb56e93b0efff8372""},{""Algorithm"":""MD5"",""Digest"":""987a27fc240274e60de25274ce5d65c0""}]"
Nintendo SNES/Monstania.uac	mon.rsn	"[{""Algorithm"":""BLAKE3-256"",""Digest"":""085772749dfc9ab6782293757fadfe87c7203d4f34a64099785edb46f94fe0cf""},{""Algorithm"":""CRC32"",""Digest"":""71A052B1""},{""Algorithm"":""SHA-1"",""Digest"":""fe27419fb86c9378396f786f6d5a7e99ed7a426c""},{""Algorithm"":""MD5"",""Digest"":""ebc3cdba5bea6c6b021cbe0caa738b71""}]"
Nintendo SNES/Mortal Kombat 2.uac	mk2.rsn	"[{""Algorithm"":""BLAKE3-256"",""Digest"":""fbfb2c5a7d38d220acf159fa77da35088d8d9bb03c47e8448195a9b88431e3c1""},{""Algorithm"":""CRC32"",""Digest"":""18D69FB3""},{""Algorithm"":""SHA-1"",""Digest"":""96b0265bbc3c6643e202fdbec7fe90e242881791""},{""Algorithm"":""MD5"",""Digest"":""98d4da3522617ed8853e82997da69079""}]"
Nintendo SNES/Mortal Kombat.uac	mk.rsn	"[{""Algorithm"":""BLAKE3-256"",""Digest"":""81bd948ea6b2f07bb11045a0164b3c8f0fc021e6227938763bb0e2fb719f2525""},{""Algorithm"":""CRC32"",""Digest"":""22CFCC03""},{""Algorithm"":""SHA-1"",""Digest"":""c898fb72fed552fbca9b292488edb48c43a9b687""},{""Algorithm"":""MD5"",""Digest"":""5359eeb212242807d219974aa9cb44a7""}]"
Nintendo SNES/Motoko-chan no Wonder Kitchen.uac	mwk.rsn	"[{""Algorithm"":""BLAKE3-256"",""Digest"":""fbb22f1c267a7a8b162ce08a23f29ff5b8ed8d0ac0c8861cae44d4228aafc61d""},{""Algorithm"":""CRC32"",""Digest"":""B6E54C2B""},{""Algorithm"":""SHA-1"",""Digest"":""81003144bd5ae954798fbf496e0c3806e4d9474f""},{""Algorithm"":""MD5"",""Digest"":""77f535e9b850bf18e4953fd680a18388""}]"
Nintendo SNES/Mr. Nutz.uac	nutz.rsn	"[{""Algorithm"":""BLAKE3-256"",""Digest"":""da904f6a9b66a20061ce209aab80fa14cbd1e5efacd3c053f5608865e4b64017""},{""Algorithm"":""CRC32"",""Digest"":""56BB5121""},{""Algorithm"":""SHA-1"",""Digest"":""335fda5787639dd3a14f58cbb2674fe0e9773713""},{""Algorithm"":""MD5"",""Digest"":""56f6c8704a91abe50757ef3a677141f6""}]"
Nintendo SNES/Mr. Tuff.uac	tuff.rsn	"[{""Algorithm"":""BLAKE3-256"",""Digest"":""6b90eb2a2eceba1f949b32fe8a2f2091b0012b024b08a5c72e49e1942d3a0d7e""},{""Algorithm"":""CRC32"",""Digest"":""79761027""},{""Algorithm"":""SHA-1"",""Digest"":""82f1c090267f11b2bf55aa294fc10c651d45f15c""},{""Algorithm"":""MD5"",""Digest"":""2e1fbd1aca12d23141507cd847784f39""}]"
Nintendo SNES/Ms. Pac-Man.uac	mpm.rsn	"[{""Algorithm"":""BLAKE3-256"",""Digest"":""e22feec7742b8c4cc1ebdedbe05d4485762d50e8f12d9b67c67895a5b9fff554""},{""Algorithm"":""CRC32"",""Digest"":""0F0D517F""},{""Algorithm"":""SHA-1"",""Digest"":""f7d75ba4428d898fc36b94dd51e27f6e2da46148""},{""Algorithm"":""MD5"",""Digest"":""629f202640e6bd092ce235ab318ee728""}]"
Nintendo SNES/Multi-Play Volleyball.uac	mtpvb.rsn	"[{""Algorithm"":""BLAKE3-256"",""Digest"":""a676b28f14c1856c783bfff71b3f2f4f5481aff292edbcef062e508d336023d5""},{""Algorithm"":""CRC32"",""Digest"":""3295347F""},{""Algorithm"":""SHA-1"",""Digest"":""1382f1df72f99c070ce6af700616a6569cf754bb""},{""Algorithm"":""MD5"",""Digest"":""9192c6c6d7c72bcb720b2a0373b6696a""}]"
Nintendo SNES/Mystery Circle (JP).uac	myc.rsn	"[{""Algorithm"":""BLAKE3-256"",""Digest"":""49214ff14553bbbf389abdb83664da14455da551d4f4c07d8132ff70d4a6e6b9""},{""Algorithm"":""CRC32"",""Digest"":""FEC50E3B""},{""Algorithm"":""SHA-1"",""Digest"":""ce3b749ec392f59d8637d72354edbb48fe3b96ce""},{""Algorithm"":""MD5"",""Digest"":""944e04db8b98fd4d71ef3f9a3b2c0338""}]"
Nintendo SNES/N-Warp Daisakusen.uac	nwd.rsn	"[{""Algorithm"":""BLAKE3-256"",""Digest"":""e58f1ca63ddeb55bebcfe10b2260b2aa928e7507ca7818bf5deca6a423db2733""},{""Algorithm"":""CRC32"",""Digest"":""BF2D0DC0""},{""Algorithm"":""SHA-1"",""Digest"":""788b6ed1084dcecc33335627f2b1f25afff5cc61""},{""Algorithm"":""MD5"",""Digest"":""8022878bde2f53022b918cddedf94edc""}]"
Nintendo SNES/NBA All-Star Challenge.uac	nasc.rsn	"[{""Algorithm"":""BLAKE3-256"",""Digest"":""809c8b54f21bf81acb359c13e7d1417e28830c3c7072d325489f5d6ddd7a2a41""},{""Algorithm"":""CRC32"",""Digest"":""38FE3F34""},{""Algorithm"":""SHA-1"",""Digest"":""f1686fb829b4964f50405fa8f37e844d4a520ecf""},{""Algorithm"":""MD5"",""Digest"":""226af982fa04c5846600c1cbda099771""}]"
Nintendo SNES/NBA Give 'N Go (NBA Jikkyou Basket Winning Dunk).uac	nbagg.rsn	"[{""Algorithm"":""BLAKE3-256"",""Digest"":""cb4b1c75d28dde250f526292850e8f24b361a9bbca105b811c3d73ffbf29a61b""},{""Algorithm"":""CRC32"",""Digest"":""AD3E086A""},{""Algorithm"":""SHA-1"",""Digest"":""bb4cd8ee552aba8f66dce5f4464a43ef55a25ca7""},{""Algorithm"":""MD5"",""Digest"":""7d9c3327fbdd29f6563de84ef1832001""}]"
Nintendo SNES/NBA Hang Time.uac	nbah.rsn	"[{""Algorithm"":""BLAKE3-256"",""Digest"":""e92170a722d43185b195e7e8241cfe49003d4981a1293ebdd4ca4fcc314b3106""},{""Algorithm"":""CRC32"",""Digest"":""67C34D0F""},{""Algorithm"":""SHA-1"",""Digest"":""75c2c1c81a00dc5cc74159e5bb91eff7b28cf188""},{""Algorithm"":""MD5"",""Digest"":""1c8ace918bb739663c624a9e7ff70a59""}]"
Nintendo SNES/NBA Jam Tournament Edition.uac	njte.rsn	"[{""Algorithm"":""BLAKE3-256"",""Digest"":""502dad8522c174700162f8039df5b11cb1de459f1433c98fdb4d2cb504c369a9""},{""Algorithm"":""CRC32"",""Digest"":""56A821B6""},{""Algorithm"":""SHA-1"",""Digest"":""6b002644fb70a12e13b5b27141148ca1d1555a52""},{""Algorithm"":""MD5"",""Digest"":""381cb01f80fa8ef6c7e3a2e21344ee0a""}]"
Nintendo SNES/NBA Jam.uac	nbaj.rsn	"[{""Algorithm"":""BLAKE3-256"",""Digest"":""40facd8a54acf9609dea7ea324f9f7443a72805e23e9dcf6290cda916a65f5e3""},{""Algorithm"":""CRC32"",""Digest"":""D400F06C""},{""Algorithm"":""SHA-1"",""Digest"":""fcec16fbacf3710da5876d51dddd6a7b907b0728""},{""Algorithm"":""MD5"",""Digest"":""43b0e66d6da6b5410e5461b688571340""}]"
Nintendo SNES/NBA Live '97.uac	nba97.rsn	"[{""Algorithm"":""BLAKE3-256"",""Digest"":""1f2840b473de7f02c65df14f26dce371273d4af56d20f106512a1e7a0fb09042""},{""Algorithm"":""CRC32"",""Digest"":""29BEA302""},{""Algorithm"":""SHA-1"",""Digest"":""6ba8d51164bd599af84f34201e7bae59f7f073c1""},{""Algorithm"":""MD5"",""Digest"":""2a1b4fa1d24ed327e119de007c96dc46""}]"
Nintendo SNES/NBA Live '98.uac	nba98.rsn	"[{""Algorithm"":""BLAKE3-256"",""Digest"":""1408e3fd281a0bfed3b01121c6d9d41d418b0595cd1701e67a78c7799ab9ed56""},{""Algorithm"":""CRC32"",""Digest"":""8B7E6C13""},{""Algorithm"":""SHA-1"",""Digest"":""6083b5a8d1501b3ea4039761c38b24266ed4510f""},{""Algorithm"":""MD5"",""Digest"":""2eb6d424729c8287fc77f9c62bb24bf0""}]"
Nintendo SNES/NCAA Basketball (US).uac	ncab.rsn	"[{""Algorithm"":""BLAKE3-256"",""Digest"":""15354b6f4d89408be6e98ff589aa3335ca508f68247635f3396198d319606700""},{""Algorithm"":""CRC32"",""Digest"":""F649B2FD""},{""Algorithm"":""SHA-1"",""Digest"":""c19286a765231b0505a061ec2b2af316d78e9e6d""},{""Algorithm"":""MD5"",""Digest"":""50b7cec1d4426d50572380b2b8e740fd""}]"
Nintendo SNES/NCAA Final Four Basketball (US).uac	nffb.rsn	"[{""Algorithm"":""BLAKE3-256"",""Digest"":""60b83e0a7589f7f6fa64905d2eb68b6ad9fc09e9bc309c237259e25269612969""},{""Algorithm"":""CRC32"",""Digest"":""E32F9804""},{""Algorithm"":""SHA-1"",""Digest"":""48c23f55a22319f4a8ee14303364b4409c77d944""},{""Algorithm"":""MD5"",""Digest"":""cffb4d1b53818d9b7f2eab06f63614a1""}]"
Nintendo SNES/NCAA Football (US).uac	ncaaf.rsn	"[{""Algorithm"":""BLAKE3-256"",""Digest"":""45f5a2d02d6b7201e270bcd142fb4c5ffd7f0f3640b5ea09abf80ad040556349""},{""Algorithm"":""CRC32"",""Digest"":""394BF7C0""},{""Algorithm"":""SHA-1"",""Digest"":""29e608870e25ae1166e82da5a14eadb75f945140""},{""Algorithm"":""MD5"",""Digest"":""311d83cc52975105373685c2c9e2eae6""}]"
Nintendo SNES/NFL Football.uac	nfb.rsn	"[{""Algorithm"":""BLAKE3-256"",""Digest"":""5424f9d845a19aa9744d1944757cde80fa9d2dac2e43a00f9710fe9446fac98d""},{""Algorithm"":""CRC32"",""Digest"":""423E5732""},{""Algorithm"":""SHA-1"",""Digest"":""0313011b8b85a474413cc5ee3c8a6178342ef1fb""},{""Algorithm"":""MD5"",""Digest"":""400238c6bf79ce2eb61963d8ab516d9a""}]"
Nintendo SNES/NFL Quarterback Club '96.uac	nqc96.rsn	"[{""Algorithm"":""BLAKE3-256"",""Digest"":""8c7fe5579eea41441c089cab00fe5d8c070729b4c5d6cf0e50d1a3012efff582""},{""Algorithm"":""CRC32"",""Digest"":""39AC182D""},{""Algorithm"":""SHA-1"",""Digest"":""913a280438849e13fabd857c40b84bf09888f6c4""},{""Algorithm"":""MD5"",""Digest"":""42a65c91ce155235b9f1069bc613ac36""}]"
Nintendo SNES/NFL Quarterback Club.uac	nqc.rsn	"[{""Algorithm"":""BLAKE3-256"",""Digest"":""8b72ddb0c252fb30cdf7ee6f3249ecad77ecf80a3cf75d7a696df2af20bced30""},{""Algorithm"":""CRC32"",""Digest"":""972994FD""},{""Algorithm"":""SHA-1"",""Digest"":""b67b11a46454dbadebc0886215473e7854b5325e""},{""Algorithm"":""MD5"",""Digest"":""61ccfe2ff0b4b016b4a430ceb1b51e33""}]"
Nintendo SNES/NHL Stanley Cup.uac	nhlsc.rsn	"[{""Algorithm"":""BLAKE3-256"",""Digest"":""8cd89b948ae2522e92eb217edbca0ac8923bffd70a0fb0fb475779811274d35a""},{""Algorithm"":""CRC32"",""Digest"":""56B7523A""},{""Algorithm"":""SHA-1"",""Digest"":""8eb9650adf1852621334077782592f4ec3644c71""},{""Algorithm"":""MD5"",""Digest"":""eec0275fba889a10ee38e438dcfd0adf""}]"
Nintendo SNES/Nage Libre.uac	nl.rsn	"[{""Algorithm"":""BLAKE3-256"",""Digest"":""593b8508507a292169f1faa44ac3566b200c7d9f74dd2a5d6fcbe2edac503216""},{""Algorithm"":""CRC32"",""Digest"":""2B06E449""},{""Algorithm"":""SHA-1"",""Digest"":""96931a6c2f948ee616145367034c0f28fb514fc2""},{""Algorithm"":""MD5"",""Digest"":""82181237afcc8ca184ecd9e7286026c2""}]"
Nintendo SNES/Nangoku Shounen Papuwa-kun (JP).uac	nspk.rsn	"[{""Algorithm"":""BLAKE3-256"",""Digest"":""ba0b9973b2adfac71a98a9cc215d51b33af859c2aab165bf5cc15347b17b8228""},{""Algorithm"":""CRC32"",""Digest"":""041EAD9D""},{""Algorithm"":""SHA-1"",""Digest"":""bf703019741e10ac1c23b7d9325e2bf167ff8386""},{""Algorithm"":""MD5"",""Digest"":""794fd5bad203f48e8b140621137ea1f5""}]"
Nintendo SNES/Naruhodo! The World (JP).uac	nawo.rsn	"[{""Algorithm"":""BLAKE3-256"",""Digest"":""cc5b6d827f602d45424e949b3fbfad164c824099d3e2cbb60286c3673634b7d1""},{""Algorithm"":""CRC32"",""Digest"":""97F461AC""},{""Algorithm"":""SHA-1"",""Digest"":""4779cfe094b4d23b77c411fda26b8227458b778a""},{""Algorithm"":""MD5"",""Digest"":""e6205ea8bca9dfed6babf65e1ee912a9""}]"
Nintendo SNES/Natsuki Crisis Battle.uac	ncb.rsn	"[{""Algorithm"":""BLAKE3-256"",""Digest"":""1a0cabe69eea203af8c57406ba9b2cc38f61d70f50e36d4aad51ceae61d717f2""},{""Algorithm"":""CRC32"",""Digest"":""6CCB4F7B""},{""Algorithm"":""SHA-1"",""Digest"":""279834856cc85e594338e46bfd3b78472fa84d3c""},{""Algorithm"":""MD5"",""Digest"":""dddd57b5f319d9bd6c5dc0eff87cb102""}]"
Nintendo SNES/Nekketsu Tairiku - Burning Heroes (JP).uac	ntbh.rsn	"[{""Algorithm"":""BLAKE3-256"",""Digest"":""4db48302229742be9272200bb71d2eedb0868c1ebca539f91a5bbc1919217c66""},{""Algorithm"":""CRC32"",""Digest"":""FA31064A""},{""Algorithm"":""SHA-1"",""Digest"":""fa7a9d3fe68191d49d8b0cacbd67e9d5964125de""},{""Algorithm"":""MD5"",""Digest"":""62f7827cc8d03238e28306a8e26a56bc""}]"
Nintendo SNES/Network Q Rally.uac	nqr.rsn	"[{""Algorithm"":""BLAKE3-256"",""Digest"":""55b216c6f04d75185a057de671838d74e999336020bd8e4a6a8ed0a427aaed03""},{""Algorithm"":""CRC32"",""Digest"":""C0DA98B0""},{""Algorithm"":""SHA-1"",""Digest"":""44ed63fc70d84ef67401798eae061841db8b9938""},{""Algorithm"":""MD5"",""Digest"":""ad41e33d874cf5a3a91037df1b18fb3b""}]"
Nintendo SNES/Neugier.uac	neu.rsn	"[{""Algorithm"":""BLAKE3-256"",""Digest"":""e53991e3a174ad722a971847aaebdf3e403b6500b0306ac9f54920f40b9b3115""},{""Algorithm"":""CRC32"",""Digest"":""443EEEA5""},{""Algorithm"":""SHA-1"",""Digest"":""a7cb2470dde77a979c9c7503190739b59efd70c3""},{""Algorithm"":""MD5"",""Digest"":""4772af12c96df5a1e1d385ba20826534""}]"
Nintendo SNES/New Yatterman.uac	ny.rsn	"[{""Algorithm"":""BLAKE3-256"",""Digest"":""9e08446a4d0916853d4174cd631e9ed3d7c905f8ef4010b12fe06db0d21073a4""},{""Algorithm"":""CRC32"",""Digest"":""D283AF42""},{""Algorithm"":""SHA-1"",""Digest"":""d0ad514c9ca5eb4914c6b9c89b12b9cb4a4022be""},{""Algorithm"":""MD5"",""Digest"":""fff94c9a3cf5282fd8e14a84fb135051""}]"
Nintendo SNES/Newman-Haas Indy Car Racing.uac	nhic.rsn	"[{""Algorithm"":""BLAKE3-256"",""Digest"":""2ebea53b743bcf976e20572095bdc521d6c3119597a9c6dadf44978194e1bf8a""},{""Algorithm"":""CRC32"",""Digest"":""89A6CD62""},{""Algorithm"":""SHA-1"",""Digest"":""e2f7a3690ff9e1eaa0e32815dcf29f0738ccff8d""},{""Algorithm"":""MD5"",""Digest"":""9c1616127dc6a588b4163a8c71d43d99""}]"
Nintendo SNES/Nichibutsu Arcade Classics 2.uac	nac2.rsn	"[{""Algorithm"":""BLAKE3-256"",""Digest"":""b08f8ed7e2ce5245f07b6f22c517d87b0139be943c5b7194328a83d61e1f9738""},{""Algorithm"":""CRC32"",""Digest"":""1C6E66FF""},{""Algorithm"":""SHA-1"",""Digest"":""6543eb438ca713c308b7cf7bb2cadab47b832e2e""},{""Algorithm"":""MD5"",""Digest"":""c0edcc791b1a7268718a7a23edc422e4""}]"
Nintendo SNES/Nichibutsu Arcade Classics.uac	nac.rsn	"[{""Algorithm"":""BLAKE3-256"",""Digest"":""915228de5c473ef359c4734d0bf312d7296d65a60c351e5a8441e8629c05c580""},{""Algorithm"":""CRC32"",""Digest"":""B8E0C2C3""},{""Algorithm"":""SHA-1"",""Digest"":""fdf19f59d821b42a91619d3dd5857959c75e4e3b""},{""Algorithm"":""MD5"",""Digest"":""28df8b4c95cd5ca68dcc602e9ab000c6""}]"
Nintendo SNES/Nickelodeon GUTS (US).uac	guts.rsn	"[{""Algorithm"":""BLAKE3-256"",""Digest"":""f419f26ced0b53ad9ddec046e2483fff9a0fe983bf431facc504fb130ec8e06e""},{""Algorithm"":""CRC32"",""Digest"":""EE81D646""},{""Algorithm"":""SHA-1"",""Digest"":""6132d68fbfbc4b90f5690bc8027e368168fb2236""},{""Algorithm"":""MD5"",""Digest"":""18ebd09ed899cd8dcd388caa42efeeb6""}]"
Nintendo SNES/Nigel Mansell's World Championship Racing.uac	nigel.rsn	"[{""Algorithm"":""BLAKE3-256"",""Digest"":""46961aa7c28dad428c2d16edf6425346b10e6836c88c1e6272017124a219d942""},{""Algorithm"":""CRC32"",""Digest"":""0AD10830""},{""Algorithm"":""SHA-1"",""Digest"":""59aff0662c6e38684780c043bf8d05459b7ff056""},{""Algorithm"":""MD5"",""Digest"":""5187c44a9d391a20792eaede8fe50663""}]"
Nintendo SNES/Nightmare Busters [Beta].uac	nibus.rsn	"[{""Algorithm"":""BLAKE3-256"",""Digest"":""c68ede128f0faa78e7ac23aa0e4dd1b3e0be0c7b788a3d745fc6cec82bbb7e2e""},{""Algorithm"":""CRC32"",""Digest"":""9B70759E""},{""Algorithm"":""SHA-1"",""Digest"":""6ac1d10838b98887dfd0276d58119a6639c22b5c""},{""Algorithm"":""MD5"",""Digest"":""209b4a3a9e0765d7f23633f8dd354bb2""}]"
Nintendo SNES/Ninja Gaiden Trilogy (US).uac	ngt.rsn	"[{""Algorithm"":""BLAKE3-256"",""Digest"":""2ddf3a1d93de7f38cf6e621580e3e8f4e883c80a0aea7cbb42df6731e61bdd19""},{""Algorithm"":""CRC32"",""Digest"":""69A16AEB""},{""Algorithm"":""SHA-1"",""Digest"":""08cc9d8839610ccf5b99b258a10d8a164a0f44fe""},{""Algorithm"":""MD5"",""Digest"":""88a3c4653ffe68ce62e1cfca3585e599""}]"
Nintendo SNES/Nintendo Power Menu Program (JP).uac	npmp.rsn	"[{""Algorithm"":""BLAKE3-256"",""Digest"":""3768e6aa1c3a6d291767f2d69bbb36275943ce4ee7a52bc4aa090e0515220460""},{""Algorithm"":""CRC32"",""Digest"":""54F6055A""},{""Algorithm"":""SHA-1"",""Digest"":""deda09d15dea9cfb6f19dd6d6a66521d471bf514""},{""Algorithm"":""MD5"",""Digest"":""31623cc615195b344226c283ba20e870""}]"
Nintendo SNES/No Escape.uac	ne.rsn	"[{""Algorithm"":""BLAKE3-256"",""Digest"":""505f8fe5e5f5c4aca15d74931170739f8629a48574f15242ffd1140f2b5d8b3b""},{""Algorithm"":""CRC32"",""Digest"":""DB986BBF""},{""Algorithm"":""SHA-1"",""Digest"":""791a594f20afcfe6ae49d5464f8b6837509428b4""},{""Algorithm"":""MD5"",""Digest"":""c2adb78252d0c374723eb2782abc70e9""}]"
Nintendo SNES/Nobunaga no Yabou - Haouden (JP).uac	nbh.rsn	"[{""Algorithm"":""BLAKE3-256"",""Digest"":""e1d55ba9980c88ef8a14d26c976b5f736f13147cc1d3e842d87b5a2e5e2d0043""},{""Algorithm"":""CRC32"",""Digest"":""1BD18F5C""},{""Algorithm"":""SHA-1"",""Digest"":""d102cb22f146b2a11a5f5b87560fd1d18dd5afeb""},{""Algorithm"":""MD5"",""Digest"":""e4031bf4fa869df4bbb3c0eb0b66f123""}]"
Nintendo SNES/Nobunaga no Yabou Tenshouki.uac	nbt.rsn	"[{""Algorithm"":""BLAKE3-256"",""Digest"":""49e4e84c51ed496dea7aed52e293895d7b8e587878b79d203922ad108ceb3b79""},{""Algorithm"":""CRC32"",""Digest"":""6852C3DB""},{""Algorithm"":""SHA-1"",""Digest"":""571bf595d965a66a3dcf08a57524bcd24d0377ef""},{""Algorithm"":""MD5"",""Digest"":""2693a52d018b727576b0552e0239322e""}]"
Nintendo SNES/Nobunaga no Yabou Zenkokuban (Nobunaga's Ambition).uac	nbz.rsn	"[{""Algorithm"":""BLAKE3-256"",""Digest"":""ee5d09b62d28223e1f060cf518cb409232311fe2d659747abcf1f5120749b0ce""},{""Algorithm"":""CRC32"",""Digest"":""57840785""},{""Algorithm"":""SHA-1"",""Digest"":""a1dd3b21e7fd98b357630a12a15e4806a6ecaad8""},{""Algorithm"":""MD5"",""Digest"":""370303d9d3eea517f2dba0ea6aa3ebe4""}]"
Nintendo SNES/Nolan Ryan's Baseball (US).uac	nrbb.rsn	"[{""Algorithm"":""BLAKE3-256"",""Digest"":""85f2d36d6c8202547f53a9eaa4f17a5ff6bac14e990bb66751ef51f2067cbe0b""},{""Algorithm"":""CRC32"",""Digest"":""0509E02C""},{""Algorithm"":""SHA-1"",""Digest"":""8d035715cc9668534613e0a1416753c20f5f74b9""},{""Algorithm"":""MD5"",""Digest"":""aedc7599d984820643ebd4890a031299""}]"
Nintendo SNES/Nosferatu.uac	nf.rsn	"[{""Algorithm"":""BLAKE3-256"",""Digest"":""b71865a5e64e4aa827b2b5c7f9fb646762da34482a39da9080bfb18b64640375""},{""Algorithm"":""CRC32"",""Digest"":""D562D282""},{""Algorithm"":""SHA-1"",""Digest"":""96e06ddd5de7a262a65df751f04a46aaf41c9fca""},{""Algorithm"":""MD5"",""Digest"":""fc61468a7dec64b0e2ee9c59a1c3279c""}]"
Nintendo SNES/Numbers Paradise.uac	nump.rsn	"[{""Algorithm"":""BLAKE3-256"",""Digest"":""24176ad63288da863f2ccd0d13c706c4dd2c748498c384d4774022cccb76bbf1""},{""Algorithm"":""CRC32"",""Digest"":""E9B6F935""},{""Algorithm"":""SHA-1"",""Digest"":""69eb2b79ede6f721474645c53c3ab0038726aff4""},{""Algorithm"":""MD5"",""Digest"":""f582f7dc4e8b0d779a4fc39499c66369""}]"
Nintendo SNES/O-chan no Oekaki Logic.uac	ool.rsn	"[{""Algorithm"":""BLAKE3-256"",""Digest"":""618ae06db8ebdbe2283441dcd06ea689d88dc0587c47c56a3a786e3e3ae01660""},{""Algorithm"":""CRC32"",""Digest"":""7579B0C0""},{""Algorithm"":""SHA-1"",""Digest"":""95c168343c861a2abf691d184a2cf8ba2afe7b30""},{""Algorithm"":""MD5"",""Digest"":""c88d832684b62610ef930f1f48c1097c""}]"
Nintendo SNES/Obitus (US).uac	obi.rsn	"[{""Algorithm"":""BLAKE3-256"",""Digest"":""db46853b74eacecc0ea2c6cb0a9f32981aba0c4333a747587b7c65d5db56424c""},{""Algorithm"":""CRC32"",""Digest"":""01F1C60C""},{""Algorithm"":""SHA-1"",""Digest"":""4efaaf98a1c07dc7d00fc008b4de0c7c55c821c4""},{""Algorithm"":""MD5"",""Digest"":""381b28179275ad7e4d59b7beaf89cd87""}]"
Nintendo SNES/Oda Nobunaga - Haou no Gundan.uac	odanb.rsn	"[{""Algorithm"":""BLAKE3-256"",""Digest"":""e75532f50c8340241b3dfb58019c08d82423a379155d51744405ff85516c3dd4""},{""Algorithm"":""CRC32"",""Digest"":""568E67F7""},{""Algorithm"":""SHA-1"",""Digest"":""9f915cf6ecae958af52929650cc6c206dad6bbee""},{""Algorithm"":""MD5"",""Digest"":""fa1fed6ce6183e8ceda1a94f280b3b81""}]"
Nintendo SNES/Oekaki Logic.uac	oelo.rsn	"[{""Algorithm"":""BLAKE3-256"",""Digest"":""b5fa1ef15dd467164d3987c0f5c1b6968c9ff2bca9c6316d1edbd14bf44cdb98""},{""Algorithm"":""CRC32"",""Digest"":""AA6DFC1F""},{""Algorithm"":""SHA-1"",""Digest"":""b042bf999af31879ec984521d0c3467fa65e6350""},{""Algorithm"":""MD5"",""Digest"":""ec961d300eedeeddeec57d0e67d17436""}]"
Nintendo SNES/Ogre Battle.uac	ogre.rsn	"[{""Algorithm"":""BLAKE3-256"",""Digest"":""e784d4a41e5b97bb066bee5c3d01d73ffd16f4b4aef8cf256f188948fe3f7e0c""},{""Algorithm"":""CRC32"",""Digest"":""D69E4C9C""},{""Algorithm"":""SHA-1"",""Digest"":""9642c8709478a2c56145e6330c162a5007c52eda""},{""Algorithm"":""MD5"",""Digest"":""b106ff105f498b22fd04e87077bd549a""}]"
Nintendo SNES/Ohmono Black Bass Fishing - Jinzouko Hen (Mark Davis' The Fishing Master).uac	obbf.rsn	"[{""Algorithm"":""BLAKE3-256"",""Digest"":""76bd63071355b2808f459628a36dacbe2d2082ebec8d2d849db47f74236bbcb3""},{""Algorithm"":""CRC32"",""Digest"":""68CCBD24""},{""Algorithm"":""SHA-1"",""Digest"":""4c65e3b41befbfcf4ce560e45019b5201f4a14ed""},{""Algorithm"":""MD5"",""Digest"":""8f4c663ea060c6b8b2ec1bd63cd11d8a""}]"
Nintendo SNES/Okamoto Ayako to Match Play Golf - Ko Olina Golf Club in Hawaii (JP).uac	oampg.rsn	"[{""Algorithm"":""BLAKE3-256"",""Digest"":""ffe40fe7e2e8984cd74b5e877ea91b3350210d8ba08044cf8ffbd8a6938389ea""},{""Algorithm"":""CRC32"",""Digest"":""E206F037""},{""Algorithm"":""SHA-1"",""Digest"":""9c33363a99d719b944a3b50f6b8971dff08fe778""},{""Algorithm"":""MD5"",""Digest"":""277cfd7f50cdcfd1a13262b24f6d8570""}]"
Nintendo SNES/Olivia no Mystery.uac	olim.rsn	"[{""Algorithm"":""BLAKE3-256"",""Digest"":""0dfd233a0bfbe79ed358c9207de8189131630418aded49fb1c2ac5b000f1807c""},{""Algorithm"":""CRC32"",""Digest"":""5F85A2BF""},{""Algorithm"":""SHA-1"",""Digest"":""f4d3a2513614abbca5d1d21ea05a224ac3b0d253""},{""Algorithm"":""MD5"",""Digest"":""80fedef1c9c1e605c2f5dd9c0c61004f""}]"
Nintendo SNES/Olympic Summer Games.uac	osg.rsn	"[{""Algorithm"":""BLAKE3-256"",""Digest"":""54d8d35b6a24cfe4d682e8f03ee74983602a04f862e96c96bf39baea41282c23""},{""Algorithm"":""CRC32"",""Digest"":""CCDBA8FE""},{""Algorithm"":""SHA-1"",""Digest"":""698b98baac7a3f4fb7b668669258ad2f5b75f350""},{""Algorithm"":""MD5"",""Digest"":""767990e16e708efcbbc7e504605316d4""}]"
Nintendo SNES/Ongaku Tukuoolu Kanadeeru.uac	otk.rsn	"[{""Algorithm"":""BLAKE3-256"",""Digest"":""98e2c6b6a8c14a2a8a4cc494340935b2cf944cd0839cfa8efd4c0ac08283f94f""},{""Algorithm"":""CRC32"",""Digest"":""62E45B02""},{""Algorithm"":""SHA-1"",""Digest"":""bc26c58918e3b0f3e14ba92910dcaa6595d9409a""},{""Algorithm"":""MD5"",""Digest"":""5efddc3ba37629dc0bcdc1725075a439""}]"
Nintendo SNES/Onita Atsushi FMW.uac	fmw.rsn	"[{""Algorithm"":""BLAKE3-256"",""Digest"":""864b185d4234bb7cb697de5ca6b845b6127d7fa500dc77241c9af90f844bcaad""},{""Algorithm"":""CRC32"",""Digest"":""5635E239""},{""Algorithm"":""SHA-1"",""Digest"":""2841b6e7dc059577862928abec55eb4900ccace5""},{""Algorithm"":""MD5"",""Digest"":""fc67808d45aedeb21ae18a162923990b""}]"
Nintendo SNES/Onizuka Katsuya Super Virtual Boxing.uac	svb.rsn	"[{""Algorithm"":""BLAKE3-256"",""Digest"":""bbbfc7d89fd69e9c3430a5de00e0014cd0d833bab79cb3f91d59cdea80343bf8""},{""Algorithm"":""CRC32"",""Digest"":""356D8F1F""},{""Algorithm"":""SHA-1"",""Digest"":""1ec8eea239df55578cbdf0d2e57d8a895a9e40d9""},{""Algorithm"":""MD5"",""Digest"":""2b154ee84b29f76878fb47302314229d""}]"
Nintendo SNES/Operation Europe - Path to Victory.uac	oeptv.rsn	"[{""Algorithm"":""BLAKE3-256"",""Digest"":""673b8ce42e9614370a054135f3433f853d87931d673f8d2dbff6e8a110d5c72d""},{""Algorithm"":""CRC32"",""Digest"":""6925A1B3""},{""Algorithm"":""SHA-1"",""Digest"":""249e5dec8ebafb1ebf4e48229053d8a6c2b9a256""},{""Algorithm"":""MD5"",""Digest"":""41511d98c0a0d063cc46c291670e344a""}]"
Nintendo SNES/Operation Logic Bomb.uac	olb.rsn	"[{""Algorithm"":""BLAKE3-256"",""Digest"":""5622014d7f50b67527f9d0a4c272c74ab1a378bf6b40f4b5e0edfefc55a196b9""},{""Algorithm"":""CRC32"",""Digest"":""31CF9273""},{""Algorithm"":""SHA-1"",""Digest"":""2ac62bd9bb8220ce7282930f5806b5f5bad17e61""},{""Algorithm"":""MD5"",""Digest"":""246efd068dd4ce19f7b5cb59604d4814""}]"
Nintendo SNES/Operation Thunderbolt.uac	othnd.rsn	"[{""Algorithm"":""BLAKE3-256"",""Digest"":""2f0a6124b29ba5588196941c976d4016bf2522f009f8c154c0e544a8ef58e3ee""},{""Algorithm"":""CRC32"",""Digest"":""7945D582""},{""Algorithm"":""SHA-1"",""Digest"":""da7afedc528b1b4df7e604633f440af2eead5092""},{""Algorithm"":""MD5"",""Digest"":""1c8537e1bf12a8f8ecf77bb4fcaf3e0f""}]"
Nintendo SNES/Oraga Land Shusai.uac	osbs.rsn	"[{""Algorithm"":""BLAKE3-256"",""Digest"":""a511a029a1ed55be81bd7e4e0d7871e53159afcbe8e15a62bcd12dd3390f911f""},{""Algorithm"":""CRC32"",""Digest"":""45D72AFE""},{""Algorithm"":""SHA-1"",""Digest"":""2f8cfd9afde345e9cf079a80e02679b2fb402372""},{""Algorithm"":""MD5"",""Digest"":""bd6281c06f67c60e2475a5e1a5af5865""}]"
Nintendo SNES/Oscar.uac	oscar.rsn	"[{""Algorithm"":""BLAKE3-256"",""Digest"":""26435a081dc72e14593f9f9361bb05ae251990a26bf35f966b50b089f975547a""},{""Algorithm"":""CRC32"",""Digest"":""86FD8AFE""},{""Algorithm"":""SHA-1"",""Digest"":""ef385efa8acf4fc42b5d55f63617906e15b11faa""},{""Algorithm"":""MD5"",""Digest"":""46c8cacbe0c698f6e7596af34ea80c6f""}]"
Nintendo SNES/Othello World (JP).uac	othw.rsn	"[{""Algorithm"":""BLAKE3-256"",""Digest"":""a132af5a5430ef2d2ec06bfc6e86b05a00a3b5903929427b1107313bd37ca193""},{""Algorithm"":""CRC32"",""Digest"":""9F313B53""},{""Algorithm"":""SHA-1"",""Digest"":""10f78a3d61fc7bb2cbd044bbf344bf941a3f3e4e""},{""Algorithm"":""MD5"",""Digest"":""a89e0c2703a0cdfe54bb415716862f18""}]"
Nintendo SNES/Otoboke Ninja Colosseum.uac	onc.rsn	"[{""Algorithm"":""BLAKE3-256"",""Digest"":""b0c45089c5498a6672e90d958104e782dc3c22e47d5bd0237c912f55606da371""},{""Algorithm"":""CRC32"",""Digest"":""2CD9AFE3""},{""Algorithm"":""SHA-1"",""Digest"":""5bbd8d634df1e394e38be2d431dad614e275f745""},{""Algorithm"":""MD5"",""Digest"":""97b0254343beec78e28993801d3f348e""}]"
Nintendo SNES/Otogirisou (JP).uac	ogs.rsn	"[{""Algorithm"":""BLAKE3-256"",""Digest"":""e6a9098c25515eabf7ca6bbd159b3fe242b60061e02aec2d121ca7f537c4aa07""},{""Algorithm"":""CRC32"",""Digest"":""B1921BEB""},{""Algorithm"":""SHA-1"",""Digest"":""af6231b8ac426872b4e2df2d40b7fc12cb5e8cb7""},{""Algorithm"":""MD5"",""Digest"":""81976b9a61aac27352e9db46cefbc390""}]"
Nintendo SNES/Out of Bounds Golf.uac	obg.rsn	"[{""Algorithm"":""BLAKE3-256"",""Digest"":""205c3a3b7655cdfad0f125752423abf594e1c73896ae1af3202b5dde94f1c0ca""},{""Algorithm"":""CRC32"",""Digest"":""B268C59E""},{""Algorithm"":""SHA-1"",""Digest"":""d4c14286c0fd148f4e4b247803352c94e1f41948""},{""Algorithm"":""MD5"",""Digest"":""6bf166e1e054147419553ce984421e67""}]"
Nintendo SNES/Out to Lunch (US).uac	lunch.rsn	"[{""Algorithm"":""BLAKE3-256"",""Digest"":""f41b60a60f5f8501862038cc86d03cf67510959e74802d521987eb0310308b6a""},{""Algorithm"":""CRC32"",""Digest"":""07149D71""},{""Algorithm"":""SHA-1"",""Digest"":""3e8db21d989f7084cc2a4a76cb451153189562d1""},{""Algorithm"":""MD5"",""Digest"":""512d41618cf6f98c3c35c92bdb081995""}]"
Nintendo SNES/Outlander.uac	otld.rsn	"[{""Algorithm"":""BLAKE3-256"",""Digest"":""bf74881785b7291905b272b9201fee5f94ff6de441a86b0c3186005c100bcb61""},{""Algorithm"":""CRC32"",""Digest"":""E0168321""},{""Algorithm"":""SHA-1"",""Digest"":""9de5aedd1baa753574cbc97128bb8c849fd294f5""},{""Algorithm"":""MD5"",""Digest"":""c15ebaadc0c70d113d28ff6236f11683""}]"
Nintendo SNES/Ozumou Tamashii.uac	oozta.rsn	"[{""Algorithm"":""BLAKE3-256"",""Digest"":""59886c82ae5649f5007307a2cca6a43ba78a279a54953588757a6cae67479145""},{""Algorithm"":""CRC32"",""Digest"":""ADA0F12F""},{""Algorithm"":""SHA-1"",""Digest"":""986472a815774797d0c6085cb0a2c3df647c898c""},{""Algorithm"":""MD5"",""Digest"":""1c7a7ce2698044b7d08acf09c7dc0c21""}]"
Nintendo SNES/PGA European Tour.uac	pgae.rsn	"[{""Algorithm"":""BLAKE3-256"",""Digest"":""42b8425cf1c1f827a8d8c57da73fddb698bea1f1deae79e6a01e4cdf1061e532""},{""Algorithm"":""CRC32"",""Digest"":""D4B38EF6""},{""Algorithm"":""SHA-1"",""Digest"":""36caf62d56d0b77252e62522eef8f16782533826""},{""Algorithm"":""MD5"",""Digest"":""fed029de2cda27dada3616b017208aeb""}]"
Nintendo SNES/PGA Tour '96.uac	pga96.rsn	"[{""Algorithm"":""BLAKE3-256"",""Digest"":""181c49fcf7ea071ac1e18f2f9152e5ddc185f46b23f434cbc4484edc9e66ae70""},{""Algorithm"":""CRC32"",""Digest"":""E96AF0CC""},{""Algorithm"":""SHA-1"",""Digest"":""5428297b75b64d01e9a97cbebbafac91f5ca1f36""},{""Algorithm"":""MD5"",""Digest"":""9ef8a6975f8fb143eacfa3a055a47137""}]"
Nintendo SNES/PGA Tour Golf.uac	pgat.rsn	"[{""Algorithm"":""BLAKE3-256"",""Digest"":""c357d9a0da995abe2c36a7618b05631e1ffc6b7b2b69f0960ab4288edb8c1fcc""},{""Algorithm"":""CRC32"",""Digest"":""49E11437""},{""Algorithm"":""SHA-1"",""Digest"":""8d2b307567113135c65124cdf48a0486a98e15cd""},{""Algorithm"":""MD5"",""Digest"":""718a9f6707f866da5e9347719be5159b""}]"
Nintendo SNES/Pac-Attack.uac	paca.rsn	"[{""Algorithm"":""BLAKE3-256"",""Digest"":""b542bbf2db0bee124500f9ff857ceb9adc59a1c98d3bb9cef0cd4eb7d58de41a""},{""Algorithm"":""CRC32"",""Digest"":""0B614062""},{""Algorithm"":""SHA-1"",""Digest"":""286eb1a4abfa68b93d35b1f867e2625488b4aa4d""},{""Algorithm"":""MD5"",""Digest"":""843006da25b8a4218fa0e174f8c57f93""}]"
Nintendo SNES/Pac-Man 2 - The New Adventures.uac	pacm2.rsn	"[{""Algorithm"":""BLAKE3-256"",""Digest"":""07d0a575335ec092c855a471b25c7ad177ed698d45adbe6778eb5c8e20395c85""},{""Algorithm"":""CRC32"",""Digest"":""0299676E""},{""Algorithm"":""SHA-1"",""Digest"":""9947b61bce96f2ddeb0bc22796f0f9a4b4bf733b""},{""Algorithm"":""MD5"",""Digest"":""1c646500a001a859255cb75307c28ed5""}]"
Nintendo SNES/Pac-in-Time.uac	pnt.rsn	"[{""Algorithm"":""BLAKE3-256"",""Digest"":""d9911daac91e1b7217f33f27fc0b6384f35185ac954548474f230eacb1bb1543""},{""Algorithm"":""CRC32"",""Digest"":""553CDD48""},{""Algorithm"":""SHA-1"",""Digest"":""4b69fe39b4584898a46939fa5b4b905c7732924a""},{""Algorithm"":""MD5"",""Digest"":""5a4390ee08cfa1b88a97629c1982fd79""}]"
Nintendo SNES/Pachinko Maruhi Hisshouhou.uac	pmh.rsn	"[{""Algorithm"":""BLAKE3-256"",""Digest"":""65b8f09cb0d602b51ff2755159453831803b17ceff5c560592b0f7c29ad26957""},{""Algorithm"":""CRC32"",""Digest"":""BCC95500""},{""Algorithm"":""SHA-1"",""Digest"":""a69198468c607b0af879565f9af7f91661494a57""},{""Algorithm"":""MD5"",""Digest"":""0d8b4762fa9634868e751a864749077b""}]"
Nintendo SNES/Pachinko Renchan Tengoku - Super CR Special.uac	prt.rsn	"[{""Algorithm"":""BLAKE3-256"",""Digest"":""a7856ba54cfbdeb8b6b18ef7639f005c4de9ac660fd8da347aab09bc13b1f6a9""},{""Algorithm"":""CRC32"",""Digest"":""156710E1""},{""Algorithm"":""SHA-1"",""Digest"":""a166ab1e5bd1cb9d79428e6ea5a33c64fd74df31""},{""Algorithm"":""MD5"",""Digest"":""9b3a44ca7af69ca1afb05ee26a5a86c5""}]"
Nintendo SNES/Pachinko Tetsujin - Shichiban Shoubu.uac	ptss.rsn	"[{""Algorithm"":""BLAKE3-256"",""Digest"":""6812a239560abb9eb317bb6cfc28c0c7b590651aa23021e67a4115144b53ffd6""},{""Algorithm"":""CRC32"",""Digest"":""72B001FB""},{""Algorithm"":""SHA-1"",""Digest"":""27b06b5e5b4f64b6c857a30b2ec49eaf455908ac""},{""Algorithm"":""MD5"",""Digest"":""c01f00d9f1d6ae55987af09a424b9064""}]"
Nintendo SNES/Packy and Marlon.uac	pam.rsn	"[{""Algorithm"":""BLAKE3-256"",""Digest"":""6119677a6891520b97dd11da8778d45502c3959379314f295b5fe39a79f01d52""},{""Algorithm"":""CRC32"",""Digest"":""73C7BDEB""},{""Algorithm"":""SHA-1"",""Digest"":""6103d243b65db43b9760da8f8dc6317ba32ae1fd""},{""Algorithm"":""MD5"",""Digest"":""d05580fdd2110913b47fa87dfe695e81""}]"
Nintendo SNES/Pagemaster, The.uac	page.rsn	"[{""Algorithm"":""BLAKE3-256"",""Digest"":""601b3baf9563a80a0d71ab29d8aa0e63b6d4696d567deb42b8ceac036298f929""},{""Algorithm"":""CRC32"",""Digest"":""C4530712""},{""Algorithm"":""SHA-1"",""Digest"":""e1b72fa4deb5bba7552d3dcd3107b51bb431c66d""},{""Algorithm"":""MD5"",""Digest"":""6c56e0e9f89518d5e0110d9ff7a6dd8f""}]"
Nintendo SNES/Paladin's Quest (Lennus).uac	ln.rsn	"[{""Algorithm"":""BLAKE3-256"",""Digest"":""3cd4e25322122a591c41c713f2169233c62128825eed76bff44adbe1ffe77cbd""},{""Algorithm"":""CRC32"",""Digest"":""E6A45C92""},{""Algorithm"":""SHA-1"",""Digest"":""c1947bd907bb2e1530d3d5e51bbadb757f0d4d05""},{""Algorithm"":""MD5"",""Digest"":""218eadbffef2c331953e2ac588440fae""}]"
Nintendo SNES/Panic in Nakayoshi World.uac	pnyw.rsn	"[{""Algorithm"":""BLAKE3-256"",""Digest"":""ae71b2ceecc8166ac597c26425e4febb30d53867c59ea258c3eaf3c01fd94504""},{""Algorithm"":""CRC32"",""Digest"":""2DA76EE0""},{""Algorithm"":""SHA-1"",""Digest"":""ff747081020c599d41a309d4a2c7ec30b96df545""},{""Algorithm"":""MD5"",""Digest"":""918e63112b2dc4e7f876d39d8fe956ef""}]"
Nintendo SNES/Parlor! Mini series (BGM Compilation).uac	pms.rsn	"[{""Algorithm"":""BLAKE3-256"",""Digest"":""48df8d8b363123db164150dfabe61d0ccab354b5c1eaaeb2365e931841c497e7""},{""Algorithm"":""CRC32"",""Digest"":""F448529E""},{""Algorithm"":""SHA-1"",""Digest"":""f0d53f8447f61db7e85990474fb2334b2a6db623""},{""Algorithm"":""MD5"",""Digest"":""63d4dcac5cdaebe3fefe0aef70d1cf2d""}]"
Nintendo SNES/Parodius Da!.uac	pd.rsn	"[{""Algorithm"":""BLAKE3-256"",""Digest"":""57088c499cd1db4e2f6a3b162731efd6b24a4582eb7a068f3c11749ee204bbad""},{""Algorithm"":""CRC32"",""Digest"":""F10944EF""},{""Algorithm"":""SHA-1"",""Digest"":""2539a6f71455a1858153dee676c3fcd9069df193""},{""Algorithm"":""MD5"",""Digest"":""13ebe6a3aa6c7fbc45d9f1116de25330""}]"
Nintendo SNES/Pebble Beach Golf Links.uac	pbgl.rsn	"[{""Algorithm"":""BLAKE3-256"",""Digest"":""09ef5e5f8ed99ee0fca624368252ffb6653b9bee9bf8ce1b478dd7ffbf1cea3a""},{""Algorithm"":""CRC32"",""Digest"":""7664E6B1""},{""Algorithm"":""SHA-1"",""Digest"":""db428aeb51f0db0d776a56c4078eb69bc3fc2d57""},{""Algorithm"":""MD5"",""Digest"":""3c98d455c7d0c3c084f102f81e5c4a31""}]"
Nintendo SNES/Phalanx.uac	phlnx.rsn	"[{""Algorithm"":""BLAKE3-256"",""Digest"":""b13789e31aeeff5fac7b9641431f81dbde3b19d349b05926a3491b037cd79759""},{""Algorithm"":""CRC32"",""Digest"":""63B3CE1B""},{""Algorithm"":""SHA-1"",""Digest"":""6a265d6e53b6a4ae5c59ce7dde70106195f83931""},{""Algorithm"":""MD5"",""Digest"":""4233d48bc10569841083b0767f7cedac""}]"
Nintendo SNES/Phantom 2040.uac	phant.rsn	"[{""Algorithm"":""BLAKE3-256"",""Digest"":""9bfbdadaeab1d6fa66b2283ce0d1516fc40a57cdd287ca4f21a97c28a96cfac1""},{""Algorithm"":""CRC32"",""Digest"":""45EEA8A2""},{""Algorithm"":""SHA-1"",""Digest"":""19bd9020a26158fa1388b4c46227cef98915064f""},{""Algorithm"":""MD5"",""Digest"":""4a1e78c49d2f4363d3a5708eebe97151""}]"
Nintendo SNES/Pieces (Jigsaw Party).uac	piece.rsn	"[{""Algorithm"":""BLAKE3-256"",""Digest"":""2985f165630ee97debb54a3ce74cdc3eeee7070d2e7ed23e69c9f11f0a7d2beb""},{""Algorithm"":""CRC32"",""Digest"":""372013F9""},{""Algorithm"":""SHA-1"",""Digest"":""8f1eab6c841e09b654c7c05784224a0ae2c725bf""},{""Algorithm"":""MD5"",""Digest"":""d6956adb9d59cf5d0ab0158f60cadc12""}]"
Nintendo SNES/Pikiinya! (JP).uac	piki.rsn	"[{""Algorithm"":""BLAKE3-256"",""Digest"":""067e738513f43afb2d81f3d3253425ff087ee63552755514141972d4ede117fb""},{""Algorithm"":""CRC32"",""Digest"":""B4A0630B""},{""Algorithm"":""SHA-1"",""Digest"":""495cf183f9752332eda18527d6abd40abac3de4e""},{""Algorithm"":""MD5"",""Digest"":""7db299ef426d2d0a4ec8b3cc03a5996e""}]"
Nintendo SNES/Pilotwings.uac	ptws.rsn	"[{""Algorithm"":""BLAKE3-256"",""Digest"":""af002992211d3d3ea13aefa5c005e2eadc31ae61ec2fdb7b7342ddbc2fde67ad""},{""Algorithm"":""CRC32"",""Digest"":""CAE20411""},{""Algorithm"":""SHA-1"",""Digest"":""58770cfabaff908b3aab459f4898a98a16ec57f4""},{""Algorithm"":""MD5"",""Digest"":""630c4cebf276de99d9c6f30c26a9a3cc""}]"
Nintendo SNES/Pink Goes to Hollywood.uac	pink.rsn	"[{""Algorithm"":""BLAKE3-256"",""Digest"":""e3fde4b5fc848258b043c48bdebec975f280aa027fa0ef423a28edeb3074a06a""},{""Algorithm"":""CRC32"",""Digest"":""5B8EE13A""},{""Algorithm"":""SHA-1"",""Digest"":""29fb337e67990ce8566ea762f5375e39a490d32a""},{""Algorithm"":""MD5"",""Digest"":""a2d2680831027294afca9408b9272725""}]"
Nintendo SNES/Pinocchio.uac	pino.rsn	"[{""Algorithm"":""BLAKE3-256"",""Digest"":""22d5c297aae4d7b09347de9295487278d6fb17ac245635a2489a1f9016797eb2""},{""Algorithm"":""CRC32"",""Digest"":""5471D834""},{""Algorithm"":""SHA-1"",""Digest"":""6d4507df01fbb379f76b59df2aea62d7e08eab10""},{""Algorithm"":""MD5"",""Digest"":""05dfe5bb51f7610fa324b93615ea39ca""}]"
Nintendo SNES/Pipe Dream.uac	pipe.rsn	"[{""Algorithm"":""BLAKE3-256"",""Digest"":""bb988ad44ac73176d4497378f87ecbb30dce9a3594c840c82426d47b93400bf7""},{""Algorithm"":""CRC32"",""Digest"":""257521C3""},{""Algorithm"":""SHA-1"",""Digest"":""8b733792c48071abf1bb9653f4799c42dbaf0da0""},{""Algorithm"":""MD5"",""Digest"":""037197b9fc0f89b0f1355b277684165c""}]"
Nintendo SNES/Pirates of Dark Water.uac	pdw.rsn	"[{""Algorithm"":""BLAKE3-256"",""Digest"":""d339f77a31b0a728a3636dc0c271025bf415d011aaa254d0fd9cc8b063080c7e""},{""Algorithm"":""CRC32"",""Digest"":""2DAFFA75""},{""Algorithm"":""SHA-1"",""Digest"":""77389702258cfee1853b4d2be723a668c929997a""},{""Algorithm"":""MD5"",""Digest"":""29b7e54052fd662c293c19d159bb49bf""}]"
Nintendo SNES/Pitfall - The Mayan Adventure.uac	pfma.rsn	"[{""Algorithm"":""BLAKE3-256"",""Digest"":""c3c9fa976e334c0cf188e9ec4dbce87a80f956adfadf6314ace47ac87720a94e""},{""Algorithm"":""CRC32"",""Digest"":""A4267842""},{""Algorithm"":""SHA-1"",""Digest"":""d789dc0e0be1e87357d4f77eda8533347ae07d9a""},{""Algorithm"":""MD5"",""Digest"":""9a2047201b4912e45bffed7d787f2c48""}]"
Nintendo SNES/Plok.uac	plok.rsn	"[{""Algorithm"":""BLAKE3-256"",""Digest"":""794e1a168e51029c723904ef0cb67b0cd9f02019756cc9e72b5fa6ec603ac8f1""},{""Algorithm"":""CRC32"",""Digest"":""F2CECFFC""},{""Algorithm"":""SHA-1"",""Digest"":""68a6edd30c8d5343c95c466885ccd2e1ea39375d""},{""Algorithm"":""MD5"",""Digest"":""017c569904161fce19b8692c1a96866d""}]"
Nintendo SNES/Poi Poi Ninja World.uac	ppnw.rsn	"[{""Algorithm"":""BLAKE3-256"",""Digest"":""cac45796ba4305abe8c6eb8ef60ac52506fa3ede92d7072ee7769425003fe303""},{""Algorithm"":""CRC32"",""Digest"":""5CC7BB6A""},{""Algorithm"":""SHA-1"",""Digest"":""4321288b7b36b06fd958d8cd84c21cdf4f2c883e""},{""Algorithm"":""MD5"",""Digest"":""920c44481f94b22c8307db556325b52a""}]"
Nintendo SNES/Pokonyan! - Henpokorin Adventure (JP).uac	pkn.rsn	"[{""Algorithm"":""BLAKE3-256"",""Digest"":""9ebd15ba783284e50131e16e2a14a2285adfd947b48b9cb5afad2c340e8c739c""},{""Algorithm"":""CRC32"",""Digest"":""CDEAF44C""},{""Algorithm"":""SHA-1"",""Digest"":""82fe5bf24694c5e47bf3ed43faecceb782f15563""},{""Algorithm"":""MD5"",""Digest"":""a55deac4d101cba0fe45e1755d69f81f""}]"
Nintendo SNES/Pop'n Smash!!.uac	pns.rsn	"[{""Algorithm"":""BLAKE3-256"",""Digest"":""3be5f7fe29637a56b0d066af5cee6f92a9a0c8c8cf0da4c71ba8dcba91329eed""},{""Algorithm"":""CRC32"",""Digest"":""19A4684A""},{""Algorithm"":""SHA-1"",""Digest"":""b4de965d5d5b158d47bccb9dfe850f16a2982731""},{""Algorithm"":""MD5"",""Digest"":""6b4b9c3ad4ef1e4e5a16c8de108936fd""}]"
Nintendo SNES/Pop'n TwinBee.uac	pntb.rsn	"[{""Algorithm"":""BLAKE3-256"",""Digest"":""3279f459ec52c150cb4567e2e75d37da8ca2f66fd976d164f6033b9fe8353728""},{""Algorithm"":""CRC32"",""Digest"":""3C03C925""},{""Algorithm"":""SHA-1"",""Digest"":""1f99f29ee675add6f62577f771e1a59630464117""},{""Algorithm"":""MD5"",""Digest"":""0b37ccf3ecc0c315495e1ab07a0fbc58""}]"
Nintendo SNES/Popeye - Ijiwaru Majo Sea Hag No Maki.uac	peye.rsn	"[{""Algorithm"":""BLAKE3-256"",""Digest"":""d30e77d7c6675de8abc0b32bcd9590e99741eaa1c553222d1df6c02c60504ee9""},{""Algorithm"":""CRC32"",""Digest"":""73D992B5""},{""Algorithm"":""SHA-1"",""Digest"":""8db5b814ecfeb0b67269b2242c8fe2d365904fd5""},{""Algorithm"":""MD5"",""Digest"":""01b170da6dcaed0db67d1e74e1f0d2b7""}]"
Nintendo SNES/Popful Mail.uac	popfm.rsn	"[{""Algorithm"":""BLAKE3-256"",""Digest"":""e277a99c3a9d1a217b97e86e7e8f4fbbb8a2d95eb4714c1cb7d6fdbbacde162b""},{""Algorithm"":""CRC32"",""Digest"":""F74D5077""},{""Algorithm"":""SHA-1"",""Digest"":""247838f56ce16ffe256b4f3423996dddc3a0a9e3""},{""Algorithm"":""MD5"",""Digest"":""3a48cf12c40111f2611d3c6d6bbe235b""}]"
Nintendo SNES/Popoitto Hebereke.uac	pph.rsn	"[{""Algorithm"":""BLAKE3-256"",""Digest"":""7d7c9a87be0481a34940f014e398fc3edbf3c5bebaee799d2e7efe3678a59eb7""},{""Algorithm"":""CRC32"",""Digest"":""AC64B41E""},{""Algorithm"":""SHA-1"",""Digest"":""6605fe94fba69254d51284481244164c29054ff4""},{""Algorithm"":""MD5"",""Digest"":""1b44029af88ee2ef70a45bc448c2fe80""}]"
Nintendo SNES/Populous.uac	ppl.rsn	"[{""Algorithm"":""BLAKE3-256"",""Digest"":""e4e5f0e8d671b4428b11536fc1382efa65e59452475cfcf3627bb52c5ef45eb6""},{""Algorithm"":""CRC32"",""Digest"":""5F53AE16""},{""Algorithm"":""SHA-1"",""Digest"":""22df74f6c8380558f7f8c406d0e863b57c732b20""},{""Algorithm"":""MD5"",""Digest"":""6542b41ce42b2d914e71df10b35d4e18""}]"
Nintendo SNES/Porky Pig's Haunted Holiday.uac	pphh.rsn	"[{""Algorithm"":""BLAKE3-256"",""Digest"":""749dad9285551adbba6f038671e571977ff1d77b134127c301db63c3946e64d5""},{""Algorithm"":""CRC32"",""Digest"":""886FBFBA""},{""Algorithm"":""SHA-1"",""Digest"":""6f0d03ba2965dcc5953af79cd4e0d0b35238318e""},{""Algorithm"":""MD5"",""Digest"":""43536926e9ff3f920209dfdfed16bd2c""}]"
Nintendo SNES/Power Drive.uac	powdr.rsn	"[{""Algorithm"":""BLAKE3-256"",""Digest"":""9c5bd340db0e667145c770384e930aedf11f407d6ea3ba10f246bd1288da02e7""},{""Algorithm"":""CRC32"",""Digest"":""5847AF52""},{""Algorithm"":""SHA-1"",""Digest"":""9df4e14fd560cdbe71282cf1f441deb128617be2""},{""Algorithm"":""MD5"",""Digest"":""93b977a32d428958fe2dc3527c49a88c""}]"
Nintendo SNES/Power Instinct.uac	pi.rsn	"[{""Algorithm"":""BLAKE3-256"",""Digest"":""99c34f32977f8f4642d79a2d820501a6578f9854726a57f94a008e20e78bc7a2""},{""Algorithm"":""CRC32"",""Digest"":""621013CD""},{""Algorithm"":""SHA-1"",""Digest"":""a165cea9c5d8944669d52820a210de065d419b54""},{""Algorithm"":""MD5"",""Digest"":""15ad842cec73de28a2e61c0c35a0ec13""}]"
Nintendo SNES/Power Lode Runner.uac	plr.rsn	"[{""Algorithm"":""BLAKE3-256"",""Digest"":""8feeda9c4b490bf19dc27c547b40d9cad0a3a028bd39475d1418bfc1ff67b11d""},{""Algorithm"":""CRC32"",""Digest"":""A50BFF4C""},{""Algorithm"":""SHA-1"",""Digest"":""6f9c08f70f632115910447988282762d94a07958""},{""Algorithm"":""MD5"",""Digest"":""2a281aaa611659890567be9f1c71c04d""}]"
Nintendo SNES/Power Moves (US).uac	pmv.rsn	"[{""Algorithm"":""BLAKE3-256"",""Digest"":""77d56487d9498e99474a202f534a082f738ef70055c59047c92c792ce709ddd4""},{""Algorithm"":""CRC32"",""Digest"":""77F3F793""},{""Algorithm"":""SHA-1"",""Digest"":""f7ec9ddbfdca01e34c5ece88c3bfeee29167e64a""},{""Algorithm"":""MD5"",""Digest"":""3adaec94b2f55bdccb6e87fe92e628ce""}]"
Nintendo SNES/Power Piggs of the Dark Age.uac	piggs.rsn	"[{""Algorithm"":""BLAKE3-256"",""Digest"":""917e6509c17093905abeeea77455ab220f300e8c3d227a026da711feee3e5896""},{""Algorithm"":""CRC32"",""Digest"":""32C2CF7C""},{""Algorithm"":""SHA-1"",""Digest"":""7d4d7a178170f097e8e1ed68b8be85ea2ec8ab73""},{""Algorithm"":""MD5"",""Digest"":""bf33192faeeb25f210917cfdbfc76dd6""}]"
Nintendo SNES/Power Rangers - The Fighting Edition.uac	prfe.rsn	"[{""Algorithm"":""BLAKE3-256"",""Digest"":""c71a1eee8e362bc9d56742d638800661841f92ac5a8212a6246c1fe122eb2777""},{""Algorithm"":""CRC32"",""Digest"":""56DA68ED""},{""Algorithm"":""SHA-1"",""Digest"":""a65353901cf439952f9dc0d84912efedb402f03a""},{""Algorithm"":""MD5"",""Digest"":""525216b8f6414b5030bb7d9e44bac511""}]"
Nintendo SNES/Power Rangers Zeo - Battle Racers.uac	prz.rsn	"[{""Algorithm"":""BLAKE3-256"",""Digest"":""b8e10196cadd07f2a4598944620743fa6a7db45420bee07a0ceabedf65b548b1""},{""Algorithm"":""CRC32"",""Digest"":""C2B9EAE7""},{""Algorithm"":""SHA-1"",""Digest"":""5529bb9cc5945058c2231ae1269bf1e52b29a9ec""},{""Algorithm"":""MD5"",""Digest"":""9db265ac27ade0536f1e0ab40685953c""}]"
Nintendo SNES/Power Rangers.uac	pr.rsn	"[{""Algorithm"":""BLAKE3-256"",""Digest"":""b2b5ba8bec92f104ff3c823702d6ccc0ba7e6b7a33fbfe2bbcc84a971c4a6e56""},{""Algorithm"":""CRC32"",""Digest"":""75151960""},{""Algorithm"":""SHA-1"",""Digest"":""945884fb287689a6cd71492703a99e286fddea33""},{""Algorithm"":""MD5"",""Digest"":""5d0b7954fb953c013b26773c72d469f7""}]"
Nintendo SNES/Power Slide FX.uac	psfx.rsn	"[{""Algorithm"":""BLAKE3-256"",""Digest"":""a5fa936d1ee32dc0b43fa0d175cd5041d8ba35fc797b79fc70b741de6afc861c""},{""Algorithm"":""CRC32"",""Digest"":""E82DC744""},{""Algorithm"":""SHA-1"",""Digest"":""46ad1595befed27c49f774c7b2e06d9a7f72a0e8""},{""Algorithm"":""MD5"",""Digest"":""472d383b575806e0c0dabc2bb70e0588""}]"
Nintendo SNES/Power of the Hired.uac	poth.rsn	"[{""Algorithm"":""BLAKE3-256"",""Digest"":""bf822f067b36b5cb01c4c1553fea7331cd86d11384f74196d4f3d6c1431c7b10""},{""Algorithm"":""CRC32"",""Digest"":""CDCDCA7B""},{""Algorithm"":""SHA-1"",""Digest"":""9a6446d4604304f6ee2527de16982e69d757f47a""},{""Algorithm"":""MD5"",""Digest"":""3e2fa38ccc468cdcab64cd6c416aec15""}]"
Nintendo SNES/Powermonger.uac	pwrmg.rsn	"[{""Algorithm"":""BLAKE3-256"",""Digest"":""89070f51464e46719f628a6f77bfdd7631748889200610b2fe0336ca9a35becf""},{""Algorithm"":""CRC32"",""Digest"":""B0C1BE82""},{""Algorithm"":""SHA-1"",""Digest"":""64fdf86ce473895258ffa3a7c2d27097d686f0c6""},{""Algorithm"":""MD5"",""Digest"":""7b09654e4f46c34235fca01d41b84267""}]"
Nintendo SNES/Prehistorik Man.uac	pman.rsn	"[{""Algorithm"":""BLAKE3-256"",""Digest"":""c3e1fcd3bcbc2f793c83dd847ccbd822bae6463db9b7bc9d7849bb6bb2c057a0""},{""Algorithm"":""CRC32"",""Digest"":""640231B4""},{""Algorithm"":""SHA-1"",""Digest"":""7d30205da5201b5b1086733f6f62d98f1ca4d86e""},{""Algorithm"":""MD5"",""Digest"":""884d3605eaa0239c08dcf1ef4db58900""}]"
Nintendo SNES/Primal Rage.uac	prage.rsn	"[{""Algorithm"":""BLAKE3-256"",""Digest"":""79630f86c3fab1989dd9cde847038cdec38787e10b9215d3018fc846e341fce7""},{""Algorithm"":""CRC32"",""Digest"":""2532A78E""},{""Algorithm"":""SHA-1"",""Digest"":""6152005264c345898929efaa2d455a62a42b0fca""},{""Algorithm"":""MD5"",""Digest"":""0ba1a65ec1b065f8c7e8e7f5f6e3f324""}]"
Nintendo SNES/Prime.uac	prime.rsn	"[{""Algorithm"":""BLAKE3-256"",""Digest"":""84c89b742890dd50ad0f35367a83c8f2e6a9fe260c48669737adbda0e7dcd471""},{""Algorithm"":""CRC32"",""Digest"":""F9BC9AF6""},{""Algorithm"":""SHA-1"",""Digest"":""1899a935175db6547f766bbe14fb8dc184ef8871""},{""Algorithm"":""MD5"",""Digest"":""51041b3ad96c4bca384e60fccddf98e6""}]"
Nintendo SNES/Prince of Persia 2.uac	pop2.rsn	"[{""Algorithm"":""BLAKE3-256"",""Digest"":""37d17cfee40452005881e49b85b90a6df58ccb2cdba3ad5fe112e1a3359838ec""},{""Algorithm"":""CRC32"",""Digest"":""B85E366E""},{""Algorithm"":""SHA-1"",""Digest"":""3e5b8bd2e2ea3dfa00adcc5fc757ae79185cf3cd""},{""Algorithm"":""MD5"",""Digest"":""479f8db7422e724a48ee33fb4c9a58e2""}]"
Nintendo SNES/Prince of Persia.uac	pop.rsn	"[{""Algorithm"":""BLAKE3-256"",""Digest"":""73fbed45b9eaee4ee9cb3a33ad469b0823c7c7a0a1e3ca00aae0dd14ef4a1bcc""},{""Algorithm"":""CRC32"",""Digest"":""A858DEA8""},{""Algorithm"":""SHA-1"",""Digest"":""3e7ea51b433b6612983c014ba81ded3486b2d58d""},{""Algorithm"":""MD5"",""Digest"":""d1cec3c78911ea7b735b3779478e4439""}]"
Nintendo SNES/Princess Minerva.uac	prmn.rsn	"[{""Algorithm"":""BLAKE3-256"",""Digest"":""300fddb871f18873c6d9160ae4a2f9c6d71899c97aba46716397c979735d14c9""},{""Algorithm"":""CRC32"",""Digest"":""A139A769""},{""Algorithm"":""SHA-1"",""Digest"":""2b0bd9376fb22b2caf720fa68a60e539a704e6af""},{""Algorithm"":""MD5"",""Digest"":""8cdb6bf426d40f75ac90db3bfd7f704b""}]"
Nintendo SNES/Pro Mahjong Kiwame 2.uac	pmk2.rsn	"[{""Algorithm"":""BLAKE3-256"",""Digest"":""0650c6eacb0d7337192590ca0b001457d36fa65aa6d37303617acd6a96c8499c""},{""Algorithm"":""CRC32"",""Digest"":""DCF5F642""},{""Algorithm"":""SHA-1"",""Digest"":""b867d410811e7cb7742b1fb005bac83a83fd8406""},{""Algorithm"":""MD5"",""Digest"":""7ad60fb9ca13bf6d2a4381d7beced050""}]"
Nintendo SNES/Pro Mahjong Kiwame 3.uac	pmk3.rsn	"[{""Algorithm"":""BLAKE3-256"",""Digest"":""1d2a852d2fda9fa94e24c52114a787ed5f2390a4fe21a6ffd13708ba5cf6671f""},{""Algorithm"":""CRC32"",""Digest"":""F74612C9""},{""Algorithm"":""SHA-1"",""Digest"":""415b3d0ca6a816414533e7ca6f96c8452f971c77""},{""Algorithm"":""MD5"",""Digest"":""cf52bccceea6e5bfe8a0b3edf54fcabf""}]"
Nintendo SNES/Pro Quarterback (US).uac	proq.rsn	"[{""Algorithm"":""BLAKE3-256"",""Digest"":""b9cdeefdad8b457d49d3ba9264025952237da5f127d07847987fd1a40a619ce1""},{""Algorithm"":""CRC32"",""Digest"":""3EDCBFB9""},{""Algorithm"":""SHA-1"",""Digest"":""098ff14dd793928499792e63acd8dff068b0bde7""},{""Algorithm"":""MD5"",""Digest"":""93698e3c4c3e2ca58b44a1e7ccd627bc""}]"
Nintendo SNES/Pro Sport Hockey (US).uac	psh.rsn	"[{""Algorithm"":""BLAKE3-256"",""Digest"":""f43f3dcc8dd6e4e08435ed460b3118751ce630fde6de9006794d86ed6271a0b4""},{""Algorithm"":""CRC32"",""Digest"":""A1DC8DC2""},{""Algorithm"":""SHA-1"",""Digest"":""5ec1bc61867d43d30d203a29b4927bcff25451a1""},{""Algorithm"":""MD5"",""Digest"":""d6dadab97b01131b69ed80835ff7d77a""}]"
Nintendo SNES/Pro Yakyuu Nettou Puzzle Stadium.uac	pynps.rsn	"[{""Algorithm"":""BLAKE3-256"",""Digest"":""298ae988aa5fc437114dccb91453498e2b7434d6c62db97bd000fdbea736b249""},{""Algorithm"":""CRC32"",""Digest"":""D86E939C""},{""Algorithm"":""SHA-1"",""Digest"":""e45a6726781a384a4dc053809c77fb9f56aca9f2""},{""Algorithm"":""MD5"",""Digest"":""1c6bd7e531e3c304d6756461cef38932""}]"
Nintendo SNES/Psycho Dream.uac	psycho.rsn	"[{""Algorithm"":""BLAKE3-256"",""Digest"":""8ac38d2c17ee42323f6a118c2652f358431063f3e79b9e013fc9216a39d8ae47""},{""Algorithm"":""CRC32"",""Digest"":""CA52217C""},{""Algorithm"":""SHA-1"",""Digest"":""0828058abb070e73ba2764ee6cdb9a41bbeb7b5f""},{""Algorithm"":""MD5"",""Digest"":""698219c744686c8cad6e5fee665dce6d""}]"
Nintendo SNES/Pushover.uac	push.rsn	"[{""Algorithm"":""BLAKE3-256"",""Digest"":""93e01e03fe8cefe00f78f25b4fae75809a53670a642aee7eb1b6edf6b999c40c""},{""Algorithm"":""CRC32"",""Digest"":""20AA9D64""},{""Algorithm"":""SHA-1"",""Digest"":""94b49b537f1f15894191e28fb9b68b04042dc075""},{""Algorithm"":""MD5"",""Digest"":""5444d512614e143c50f769ff9985c91d""}]"
Nintendo SNES/Putty Squad.uac	psq.rsn	"[{""Algorithm"":""BLAKE3-256"",""Digest"":""79efd759e7df5573e0a390c857d5dd0bf15d5ba857774e77bd8f967bc76ca090""},{""Algorithm"":""CRC32"",""Digest"":""D27C778B""},{""Algorithm"":""SHA-1"",""Digest"":""21c06386e8d40a7ee2d3177eddd1238f881681af""},{""Algorithm"":""MD5"",""Digest"":""906fc28831f4ed138a1b38dadd02af90""}]"
Nintendo SNES/Puzzle Bobble (Bust-A-Move).uac	pubo.rsn	"[{""Algorithm"":""BLAKE3-256"",""Digest"":""b4e623df620fab7da0c42f18da7141ae874d3f6dbe4be8e45af254d62ab04957""},{""Algorithm"":""CRC32"",""Digest"":""DA224BD4""},{""Algorithm"":""SHA-1"",""Digest"":""243b9b19750f8b80c5488a058daa40e1d028ddcc""},{""Algorithm"":""MD5"",""Digest"":""631ef2160c39b719b7dffad5310b622a""}]"
Nintendo SNES/Q-bert 3.uac	qb3.rsn	"[{""Algorithm"":""BLAKE3-256"",""Digest"":""3e4a1e909f7034e4ac93a7e8c4ea5368146765079c80174a55a34e7b6caa2e0e""},{""Algorithm"":""CRC32"",""Digest"":""2870EEC7""},{""Algorithm"":""SHA-1"",""Digest"":""1ba9de92fb5ed246f12d507d0ae7d63748a25aa2""},{""Algorithm"":""MD5"",""Digest"":""6bfd86fbd0a20140406d6bcb493a0f6f""}]"
Nintendo SNES/R-Type 3.uac	rt3.rsn	"[{""Algorithm"":""BLAKE3-256"",""Digest"":""2b3e6b328d7808bdc406e3cbddbde48da8ea215d5504102b033394da0c63f23b""},{""Algorithm"":""CRC32"",""Digest"":""51AE83ED""},{""Algorithm"":""SHA-1"",""Digest"":""81ece3e839593ceaea6e2d3ff9573f311c6ed7c6""},{""Algorithm"":""MD5"",""Digest"":""ae5aa7b0f8de8ac1b2a4640b5d008149""}]"
Nintendo SNES/RHI Roller Hockey '95.uac	rhi95.rsn	"[{""Algorithm"":""BLAKE3-256"",""Digest"":""9041e783b3ba76ff228c1158790cadf65d519da80d7886a43b43af31dcaa4bfb""},{""Algorithm"":""CRC32"",""Digest"":""560B5CC8""},{""Algorithm"":""SHA-1"",""Digest"":""07bda0f2943c411fb7d23f0be304b7ead3024e5f""},{""Algorithm"":""MD5"",""Digest"":""f40789a2faf1fe659740b8baf6655566""}]"
Nintendo SNES/RPG Maker.uac	rmk.rsn	"[{""Algorithm"":""BLAKE3-256"",""Digest"":""d1af0df14c592bb78861e34023af3e3c0609e92a68f038a580cb402ea502b139""},{""Algorithm"":""CRC32"",""Digest"":""D7987F06""},{""Algorithm"":""SHA-1"",""Digest"":""45e2801fe8706a390423509b36c7aff235c55dbd""},{""Algorithm"":""MD5"",""Digest"":""95ff1db401ecfa89806b1d78e6e188db""}]"
Nintendo SNES/Race Drivin'.uac	raced.rsn	"[{""Algorithm"":""BLAKE3-256"",""Digest"":""cd6a0a3344ed8fac76864a1a2e33bf46bc5d18fd41aa5c5f9e4e3f30c9f62e00""},{""Algorithm"":""CRC32"",""Digest"":""3F7EB928""},{""Algorithm"":""SHA-1"",""Digest"":""9cac30ece9ed06eb81fa3839c1c4255857fcca40""},{""Algorithm"":""MD5"",""Digest"":""873f77fdfad6ad8501f27f6db74a457e""}]"
Nintendo SNES/Radical Dreamers.uac	rd.rsn	"[{""Algorithm"":""BLAKE3-256"",""Digest"":""7230249879a34f501199b17b8a749d9820a82ec00bcd3f556ad981d8d2377e4a""},{""Algorithm"":""CRC32"",""Digest"":""9820634B""},{""Algorithm"":""SHA-1"",""Digest"":""f7ded5e27d9049b0822d62d3db85884a39397a89""},{""Algorithm"":""MD5"",""Digest"":""495bc37e2f066b13b60dbf63b4676e81""}]"
Nintendo SNES/Radical Rex.uac	rrex.rsn	"[{""Algorithm"":""BLAKE3-256"",""Digest"":""e5e7c8c3db1657dcb988a9b7e41743756f6b14025668fa74ad3c8185128da55a""},{""Algorithm"":""CRC32"",""Digest"":""30B0BDCC""},{""Algorithm"":""SHA-1"",""Digest"":""07ca41bd63b9969ed4c4cd5783c79b30e9514d7a""},{""Algorithm"":""MD5"",""Digest"":""d06efd1a1163288fa19bba4d060f9128""}]"
Nintendo SNES/Raiden Densetsu.uac	rdn.rsn	"[{""Algorithm"":""BLAKE3-256"",""Digest"":""e12e752bb0c09ab0cd9d6093fc6ddc787a83312966323f9b8e70c2625cac54ec""},{""Algorithm"":""CRC32"",""Digest"":""E6973C26""},{""Algorithm"":""SHA-1"",""Digest"":""0f22dae5ce7df5af4a267a91f3e0c153add391ab""},{""Algorithm"":""MD5"",""Digest"":""32a4d7298cb23234fa30cc9877359036""}]"
Nintendo SNES/Rampart (US).uac	ramp.rsn	"[{""Algorithm"":""BLAKE3-256"",""Digest"":""111497494055fd31a067196544bcb6d3696b3829120e663aa9a11ee9cd78fedc""},{""Algorithm"":""CRC32"",""Digest"":""8B4368E0""},{""Algorithm"":""SHA-1"",""Digest"":""ff64ceda3aaa4127b40bf1d94bbaeec175f115a4""},{""Algorithm"":""MD5"",""Digest"":""fbf531e5107db87cdca8c655bdb76247""}]"
Nintendo SNES/Ranma 1-2 - Akaneko-dan Teki Hihou.uac	rmath.rsn	"[{""Algorithm"":""BLAKE3-256"",""Digest"":""81c740a80d1555b1db5aeeead9be0891cfd0a42738bc06c835311bf3b4104ca1""},{""Algorithm"":""CRC32"",""Digest"":""63C1BFEE""},{""Algorithm"":""SHA-1"",""Digest"":""daa16c0bf046981e54a519fca5d7be2a680e859f""},{""Algorithm"":""MD5"",""Digest"":""c7b390b101e6fdffaf133ecf3f9a43da""}]"
Nintendo SNES/Ranma 1-2 - Bakuretsu Rantouhen.uac	rmbr.rsn	"[{""Algorithm"":""BLAKE3-256"",""Digest"":""f0eceb7b070b7b18421bd1e862a2ee47ec49dfbc07ce83d99e2fb5d71bc561ef""},{""Algorithm"":""CRC32"",""Digest"":""A6F7797D""},{""Algorithm"":""SHA-1"",""Digest"":""c497fc68f9481b2f4dab941e4c6600727010b658""},{""Algorithm"":""MD5"",""Digest"":""4ba0eca43404175e57342573f04aeaeb""}]"
Nintendo SNES/Rap Basketball.uac	rapbb.rsn	"[{""Algorithm"":""BLAKE3-256"",""Digest"":""45e2104d56729a6161de162ad40635d6752290e1dac82fa80ed4148d60962d53""},{""Algorithm"":""CRC32"",""Digest"":""AA64ED91""},{""Algorithm"":""SHA-1"",""Digest"":""95323cd82bae307acbacfb9b3b9da2f38f76d454""},{""Algorithm"":""MD5"",""Digest"":""591a5f8a6589a444dbadaf32a4ab7ce5""}]"
Nintendo SNES/Rap Jam.uac	rj.rsn	"[{""Algorithm"":""BLAKE3-256"",""Digest"":""60a67ec62b0b3f0f913ef5419eb0eeab930ccad3f0b4a6c7d93eaf0b00ef085c""},{""Algorithm"":""CRC32"",""Digest"":""A048DFB9""},{""Algorithm"":""SHA-1"",""Digest"":""5a9b6f03eae2311fde730700685b4b30c55dcdbd""},{""Algorithm"":""MD5"",""Digest"":""bda5791b5ea6c8cc7014c46e9aca24a6""}]"
Nintendo SNES/Realm.uac	realm.rsn	"[{""Algorithm"":""BLAKE3-256"",""Digest"":""95d1c6e41dba91eb37b6e94be1eb4fd10081dd2ea6716239e1c2ec7764b39348""},{""Algorithm"":""CRC32"",""Digest"":""D998D27B""},{""Algorithm"":""SHA-1"",""Digest"":""079b20ce28b32a599be9b999029928d6f3a98ccb""},{""Algorithm"":""MD5"",""Digest"":""cf882c4b80805194c4e67d2c5e8e37de""}]"
Nintendo SNES/Record of Lodoss War.uac	lts.rsn	"[{""Algorithm"":""BLAKE3-256"",""Digest"":""c9e63abe653f064aec637a02da1cea344a17430cd9416241fbafca531f6be66f""},{""Algorithm"":""CRC32"",""Digest"":""CBAEFF6F""},{""Algorithm"":""SHA-1"",""Digest"":""ff6abd2e3a00eb864d39107e567a3cf95a36b9b0""},{""Algorithm"":""MD5"",""Digest"":""5b243e14c4bc4b1bf7f383918622e47b""}]"
Nintendo SNES/Rejoice - Aretha Oukoku no Kanata.uac	rjc.rsn	"[{""Algorithm"":""BLAKE3-256"",""Digest"":""5164488e9e5af4f640579eb2a2e60d9dbd1ec7c2d782bb593627a9d389f6a67f""},{""Algorithm"":""CRC32"",""Digest"":""79EDF2DB""},{""Algorithm"":""SHA-1"",""Digest"":""ab4634e4399e7d8b5117413bcbf6ab5990bd8fcd""},{""Algorithm"":""MD5"",""Digest"":""2b9fb5eed3e8bcb19052580deae21353""}]"
Nintendo SNES/Ren & Stimpy - Buckeroo$.uac	rnsb.rsn	"[{""Algorithm"":""BLAKE3-256"",""Digest"":""2c6b6847d480f934a5f38539f712d68ee4a01103faa90cb63c7b2cac80962c97""},{""Algorithm"":""CRC32"",""Digest"":""9F5F0FB5""},{""Algorithm"":""SHA-1"",""Digest"":""fa65c871ef0e84ba47e32683e27bc6180bc5566b""},{""Algorithm"":""MD5"",""Digest"":""940a389d85a7fc20ef21ab24fd255ff8""}]"
Nintendo SNES/Ren & Stimpy Show - Fire Dogs.uac	fdogs.rsn	"[{""Algorithm"":""BLAKE3-256"",""Digest"":""35339797cec1202d4e5abf208e34736dff2dc844ed5fc90aad5a4d1345bbefbc""},{""Algorithm"":""CRC32"",""Digest"":""206C7743""},{""Algorithm"":""SHA-1"",""Digest"":""fb6c0a869c117e552b9985cbc071372c014450df""},{""Algorithm"":""MD5"",""Digest"":""3957b776b9211db79de0948df04ec7bc""}]"
Nintendo SNES/Rendering Ranger.uac	r2.rsn	"[{""Algorithm"":""BLAKE3-256"",""Digest"":""0759073d039094298d61e20bfa13a8d7ec095d0fd747ff3ba9fe9b1235db8d88""},{""Algorithm"":""CRC32"",""Digest"":""8DA852CF""},{""Algorithm"":""SHA-1"",""Digest"":""2e62c3da8229e0bdd88c96dc016af6544fa26829""},{""Algorithm"":""MD5"",""Digest"":""012abdf6492ce6c68d05b21fe078a3d5""}]"
Nintendo SNES/Return of Double Dragon.uac	rodd.rsn	"[{""Algorithm"":""BLAKE3-256"",""Digest"":""725c6cf14d3cfb6ee9d5e7076932b4624657e1c7f6a2ba4ab5d006dba6d3d828""},{""Algorithm"":""CRC32"",""Digest"":""2BFDEFEE""},{""Algorithm"":""SHA-1"",""Digest"":""856d8b779e949f2a59407458348805985b2c16ba""},{""Algorithm"":""MD5"",""Digest"":""e1ea5d6f4e9a953600a52c13a0bfd887""}]"
Nintendo SNES/Revolution X.uac	revx.rsn	"[{""Algorithm"":""BLAKE3-256"",""Digest"":""07022573c018dc199763d8a8b43ce9e46a68a2e62e51fc88c3fa65c3f1271169""},{""Algorithm"":""CRC32"",""Digest"":""3B5C5D8E""},{""Algorithm"":""SHA-1"",""Digest"":""710a8c93309197da2370559ff1af0848fa3b1f5f""},{""Algorithm"":""MD5"",""Digest"":""960578bc51b0728afbda7b9794c70a24""}]"
Nintendo SNES/Rex Ronan - Experimental Surgeon (US).uac	rres.rsn	"[{""Algorithm"":""BLAKE3-256"",""Digest"":""7ebb267e787fd6e835e36e96814ba6fcf02eeb0f84eb38ad0cdd265783eaefb1""},{""Algorithm"":""CRC32"",""Digest"":""7F1FB2C9""},{""Algorithm"":""SHA-1"",""Digest"":""916145e8a774abe047074007f05dcf5b1298c34c""},{""Algorithm"":""MD5"",""Digest"":""74e9c60a8aed68d29791123916976117""}]"
Nintendo SNES/Riddick Bowe Boxing.uac	rbb.rsn	"[{""Algorithm"":""BLAKE3-256"",""Digest"":""220c44c462e449f607022524b5363f1c8fad03e51f7ccf2c68bf39039391679c""},{""Algorithm"":""CRC32"",""Digest"":""3B9FEC8D""},{""Algorithm"":""SHA-1"",""Digest"":""90f369098f4c7c6725585941fa4c59494c5606e3""},{""Algorithm"":""MD5"",""Digest"":""d5d805ad1c8b3f3e7ed1e68508ac4195""}]"
Nintendo SNES/Rise of the Robots.uac	rotr.rsn	"[{""Algorithm"":""BLAKE3-256"",""Digest"":""4e2d5278c5346a01ba369d9dfe3d166652d439cb03d1ce7c2b11fbfff6b043b4""},{""Algorithm"":""CRC32"",""Digest"":""3558AE7F""},{""Algorithm"":""SHA-1"",""Digest"":""b9d1982851080dcb5620fd0e2c6b71ad32ff4163""},{""Algorithm"":""MD5"",""Digest"":""bd136316aa4609112fea167d3a75eba5""}]"
Nintendo SNES/Rival Turf.uac	rival.rsn	"[{""Algorithm"":""BLAKE3-256"",""Digest"":""c48341e9daf97d314354a2fc5cd1cf6c25f7a4ff199f95d28ac9c6b88beb7710""},{""Algorithm"":""CRC32"",""Digest"":""BEAFB678""},{""Algorithm"":""SHA-1"",""Digest"":""91c5bfc9c92131af1df127c9029ac058e2e8f342""},{""Algorithm"":""MD5"",""Digest"":""f8a4297aa59ae2f2e03c6b85b006a2d7""}]"
Nintendo SNES/Riverse Kids.uac	rk.rsn	"[{""Algorithm"":""BLAKE3-256"",""Digest"":""ba4c8c09f96a8ddfd43cb4ff8a74861111e9cd7f0920507b08803d2a5bfba7db""},{""Algorithm"":""CRC32"",""Digest"":""FFE2D3AE""},{""Algorithm"":""SHA-1"",""Digest"":""facc121a72d0834a219dc4ac7847639e7f3a4222""},{""Algorithm"":""MD5"",""Digest"":""cf397bc4968fa71f6e9bc60522a55e71""}]"
Nintendo SNES/Road Riot 4WD.uac	rr4w.rsn	"[{""Algorithm"":""BLAKE3-256"",""Digest"":""f8b340c3250369c37fa7769a43872a59a751e84be450fb8ffb567beb288406c8""},{""Algorithm"":""CRC32"",""Digest"":""FF469C1B""},{""Algorithm"":""SHA-1"",""Digest"":""8f0a66dc81811196cd5f46b072ab362fa71ef5e3""},{""Algorithm"":""MD5"",""Digest"":""0d8f80dc8734d498c69fccee1f4d8906""}]"
Nintendo SNES/Road Runner's Death Valley Rally (US).uac	dvr.rsn	"[{""Algorithm"":""BLAKE3-256"",""Digest"":""f6dedfa483fbdd571e39c34be18b9314da5f69e314b46ede13d9e9a06819adde""},{""Algorithm"":""CRC32"",""Digest"":""F99BAB7A""},{""Algorithm"":""SHA-1"",""Digest"":""d3730de402223c1a727ef75d8de3691c482dadd2""},{""Algorithm"":""MD5"",""Digest"":""f29652a3a74cf0531b9b8999a5756e7b""}]"
Nintendo SNES/Robocop 3.uac	rcop3.rsn	"[{""Algorithm"":""BLAKE3-256"",""Digest"":""7dd7597ded413d480599325da83fedda338e55de3a3a7b8af18e374d2633d803""},{""Algorithm"":""CRC32"",""Digest"":""57258207""},{""Algorithm"":""SHA-1"",""Digest"":""6fafb320a349c64aa7a106d16cbc413f5f5ee253""},{""Algorithm"":""MD5"",""Digest"":""e874a26481cc17f4a4552a86be0843eb""}]"
Nintendo SNES/Robocop vs. the Terminator.uac	rvt.rsn	"[{""Algorithm"":""BLAKE3-256"",""Digest"":""785fc6c59f5ba6b5f6b0eee40aa0a61ff31137ccddf7c4ef7e26020dcee4002a""},{""Algorithm"":""CRC32"",""Digest"":""5D0635C1""},{""Algorithm"":""SHA-1"",""Digest"":""d646addac0881581d51e4acdd03aefecfcf5d29e""},{""Algorithm"":""MD5"",""Digest"":""edea831d77e2ecd09fbebbf325eff942""}]"
Nintendo SNES/Robotrek.uac	rtrek.rsn	"[{""Algorithm"":""BLAKE3-256"",""Digest"":""74d13bfebd0f75fa255c1f6c1415d13ca7828b8c02b6d352793d554856386de7""},{""Algorithm"":""CRC32"",""Digest"":""E8B26463""},{""Algorithm"":""SHA-1"",""Digest"":""5b6db53d2ea26744183a33354b5ac0ff48c2a5c7""},{""Algorithm"":""MD5"",""Digest"":""e21311eaae3756e435889574f40f845a""}]"
Nintendo SNES/Rock N' Roll Racing.uac	rrr.rsn	"[{""Algorithm"":""BLAKE3-256"",""Digest"":""ce6ebf0358aba38a62e2c7aaf61fa66678ce8e187228965504b71152852830eb""},{""Algorithm"":""CRC32"",""Digest"":""CA57EB71""},{""Algorithm"":""SHA-1"",""Digest"":""0dcdf577c684e9b691b3086f8279282c435903b3""},{""Algorithm"":""MD5"",""Digest"":""42f5d60eadc566898efac261e02e2751""}]"
Nintendo SNES/Rocketeer, The (US).uac	rt.rsn	"[{""Algorithm"":""BLAKE3-256"",""Digest"":""e57b418197292402a4d3d926da39ae315b007578d2f2439d03ca55f0caf25fd1""},{""Algorithm"":""CRC32"",""Digest"":""3D8C086E""},{""Algorithm"":""SHA-1"",""Digest"":""40edd57e00570963f27f6690fe61e0a935fb677c""},{""Algorithm"":""MD5"",""Digest"":""1a36c6478c1a31e75f6f9b90787dc8d3""}]"
Nintendo SNES/Rockfall.uac	rckf.rsn	"[{""Algorithm"":""BLAKE3-256"",""Digest"":""c33aae967d316ba09dd7c452e40097035e18aec173721868ef9ddf32691c92e1""},{""Algorithm"":""CRC32"",""Digest"":""4F16F9D7""},{""Algorithm"":""SHA-1"",""Digest"":""ea02ad09da830cd62b55371b7e2c37f94a475124""},{""Algorithm"":""MD5"",""Digest"":""58305e705cbf9530998149d90f7afe83""}]"
Nintendo SNES/Rocko's Modern Life - Spunky's Dangerous Day (US).uac	rml.rsn	"[{""Algorithm"":""BLAKE3-256"",""Digest"":""36eb8eaf6352427028a54db6df8959d311981af44fcd99e231d7bffc9d6b6bfb""},{""Algorithm"":""CRC32"",""Digest"":""6F1920BC""},{""Algorithm"":""SHA-1"",""Digest"":""ea2d888621b3dca2e25b03908be1240fcd234a06""},{""Algorithm"":""MD5"",""Digest"":""70034470fd0258c8da53c6f4dc634f60""}]"
Nintendo SNES/Rocky Rodent.uac	rrod.rsn	"[{""Algorithm"":""BLAKE3-256"",""Digest"":""b04cd75b1cb705f94ab30387756c8d065fd01a4f7a4c5bc63cbcf9925b93199c""},{""Algorithm"":""CRC32"",""Digest"":""FC2A76ED""},{""Algorithm"":""SHA-1"",""Digest"":""578ede4d5e75d2e78e2580cf7fd5788a7749fc0d""},{""Algorithm"":""MD5"",""Digest"":""25fad986d169ce0d7fd591740582bfb4""}]"
Nintendo SNES/Roger Clemens' MVP Baseball (US).uac	rcmb.rsn	"[{""Algorithm"":""BLAKE3-256"",""Digest"":""7e7dae0153808567c999dea519e7301ee537c31bf0d2137444e10d98354d793d""},{""Algorithm"":""CRC32"",""Digest"":""9B62B1F3""},{""Algorithm"":""SHA-1"",""Digest"":""3e9092d1ea9e0d3a9670b6cbf4403681bda1794f""},{""Algorithm"":""MD5"",""Digest"":""f3ab57551912e4e0e3f02ff82dc9ffff""}]"
Nintendo SNES/Rokudenashi Blues.uac	rkdb.rsn	"[{""Algorithm"":""BLAKE3-256"",""Digest"":""8bb66d6643b9660d46aad8756a9d0866200d9d81c69cba81c49ff718c33d963b""},{""Algorithm"":""CRC32"",""Digest"":""B32474CD""},{""Algorithm"":""SHA-1"",""Digest"":""28324673b57767cf5fc5ee992757ec67ed379bc6""},{""Algorithm"":""MD5"",""Digest"":""e329268b507c6835cfa220572b636a93""}]"
Nintendo SNES/Romancing Sa-Ga 3 (JP).uac	rs3.rsn	"[{""Algorithm"":""BLAKE3-256"",""Digest"":""41b6c1ba3f54388448829fbeb3289ca8642bc161146fd1a157539c3cb4b308aa""},{""Algorithm"":""CRC32"",""Digest"":""FA738B42""},{""Algorithm"":""SHA-1"",""Digest"":""970c5b8e8e971b4dd2931f5eb09273e822325e1c""},{""Algorithm"":""MD5"",""Digest"":""65f37dcb114145ac154b9c1a99d3951b""}]"
Nintendo SNES/Romancing SaGa.uac	rs.rsn	"[{""Algorithm"":""BLAKE3-256"",""Digest"":""6ca1e3f24d402ab4e1e5a2054641a5216cd9c9275bb11dafe557bccb6768839d""},{""Algorithm"":""CRC32"",""Digest"":""CD011E62""},{""Algorithm"":""SHA-1"",""Digest"":""84ac1be54177db7276b5a351f979c74fc30a2101""},{""Algorithm"":""MD5"",""Digest"":""19b5a040700f2bedbcde1d4a25ffd27e""}]"
Nintendo SNES/Rudra no Hihou (JP).uac	rnh.rsn	"[{""Algorithm"":""BLAKE3-256"",""Digest"":""da9baa95cbd2b5bac8a3877e43f7be8708e957cb1f3e8b9d1d1af368e0b62839""},{""Algorithm"":""CRC32"",""Digest"":""26A11598""},{""Algorithm"":""SHA-1"",""Digest"":""a30817d927c37a170ac1cf4ba808ab51f35d0d1f""},{""Algorithm"":""MD5"",""Digest"":""e841580a0cb8f4f6eeab5b7d722bde4a""}]"
Nintendo SNES/Ruin Arm (JP).uac	rarm.rsn	"[{""Algorithm"":""BLAKE3-256"",""Digest"":""01f2d5ed54af9b8cafa4e6445b36764c0560e6581747f363dfc925dc2ca181af""},{""Algorithm"":""CRC32"",""Digest"":""DD6FD9B5""},{""Algorithm"":""SHA-1"",""Digest"":""60c9984831e9bd133dc5dd8126094b28918c4c54""},{""Algorithm"":""MD5"",""Digest"":""75d2074fb1bb728de8b011b78c0d92d0""}]"
Nintendo SNES/Run Saber.uac	run.rsn	"[{""Algorithm"":""BLAKE3-256"",""Digest"":""3602c58d91b080cc531b400e284550aab74e09228335598dcc018833b0d91d48""},{""Algorithm"":""CRC32"",""Digest"":""9172CD9A""},{""Algorithm"":""SHA-1"",""Digest"":""01e27191940251cfa1ca971068a3ec4c681a5bdd""},{""Algorithm"":""MD5"",""Digest"":""25d0d29b38b28030e0de33cf7457c23d""}]"
Nintendo SNES/Rushing Beat.uac	rbs.rsn	"[{""Algorithm"":""BLAKE3-256"",""Digest"":""60edf198c5d1c9160336aa6cbbaca8d7096974c102b275f6475afd001242255d""},{""Algorithm"":""CRC32"",""Digest"":""B48F2572""},{""Algorithm"":""SHA-1"",""Digest"":""2324314e711e8ea4bae7c92a4e8a70fead357e62""},{""Algorithm"":""MD5"",""Digest"":""1f7f0a1815dfe44b242f41525e2fa7d5""}]"
Nintendo SNES/Ryukiheidan Danzarubu.uac	rhdz.rsn	"[{""Algorithm"":""BLAKE3-256"",""Digest"":""6174bbb98b66d1fd7cde8f364ced94473f616f43b16abed93b7c72517dd53e55""},{""Algorithm"":""CRC32"",""Digest"":""DDC97E06""},{""Algorithm"":""SHA-1"",""Digest"":""6c64bbfcf38d2a96b3c2ae7dda3df46159ace4d7""},{""Algorithm"":""MD5"",""Digest"":""edfd3b159708dd83f5b3c839b1df7b13""}]"
Nintendo SNES/Ryuuko no Ken 2 (JP).uac	rnk2.rsn	"[{""Algorithm"":""BLAKE3-256"",""Digest"":""51f334fca88b1a97f1e49a4c1e6a53842b774132279f88050b4f39b1dc96f927""},{""Algorithm"":""CRC32"",""Digest"":""BDD8ADF3""},{""Algorithm"":""SHA-1"",""Digest"":""1e1c6e5f2353ba8316c98423629c520a65b6581a""},{""Algorithm"":""MD5"",""Digest"":""09f7fdf744183e0abe4be04e3db6ed14""}]"
Nintendo SNES/SD F-1 Grand Prix.uac	sdf1g.rsn	"[{""Algorithm"":""BLAKE3-256"",""Digest"":""c8dac0340075704fbfda94206182fa08ef5f44fb5e5a3e5f74b6f5d74545a075""},{""Algorithm"":""CRC32"",""Digest"":""8B13E19A""},{""Algorithm"":""SHA-1"",""Digest"":""46ea946ffe8a9c426a52cce8908e72cb721b210d""},{""Algorithm"":""MD5"",""Digest"":""d20144f6aa082bf406a3b227bc33a710""}]"
Nintendo SNES/SD Great Battle.uac	sdgb.rsn	"[{""Algorithm"":""BLAKE3-256"",""Digest"":""2344f4a2a3752d8f5d54c41e9a2d71dc90f1af86630a87023f492ae1eec89460""},{""Algorithm"":""CRC32"",""Digest"":""8379B930""},{""Algorithm"":""SHA-1"",""Digest"":""bd2525a167dd85e2036742112b39c809dc1e0254""},{""Algorithm"":""MD5"",""Digest"":""e10faa75399853b5a07757fe5e488fd2""}]"
Nintendo SNES/SD Gundam 2.uac	sdg2.rsn	"[{""Algorithm"":""BLAKE3-256"",""Digest"":""5a53f5505eb7ceb1ea3510fe28f054b01a3c781297279ac1f61a6a4210dfd77d""},{""Algorithm"":""CRC32"",""Digest"":""7A4E186C""},{""Algorithm"":""SHA-1"",""Digest"":""34cceae42dc37347df0ae1441f3f393a4d536a18""},{""Algorithm"":""MD5"",""Digest"":""ac34bfdc3ce000923785533ac2d8821f""}]"
Nintendo SNES/SD Gundam G-Next.uac	sdggn.rsn	"[{""Algorithm"":""BLAKE3-256"",""Digest"":""31b02d77741de88de64e2386d158de090e35909e20d6f608b4c7ee7a9fd7df3d""},{""Algorithm"":""CRC32"",""Digest"":""29042EC1""},{""Algorithm"":""SHA-1"",""Digest"":""8dc94b0bb3b9e0179416c4060671f83d916a821d""},{""Algorithm"":""MD5"",""Digest"":""1ae15a1635b472699f665e37aa185a97""}]"
Nintendo SNES/SD Gundam GX.uac	sdggx.rsn	"[{""Algorithm"":""BLAKE3-256"",""Digest"":""51a9301d1efc2f75561f43fb8b7db8d0932b6f0b241efd8a12be4de9143d8d18""},{""Algorithm"":""CRC32"",""Digest"":""A3C194F6""},{""Algorithm"":""SHA-1"",""Digest"":""582e9ce1e2a52078b377b9985fab57d4eba50866""},{""Algorithm"":""MD5"",""Digest"":""da24c3d04134e88e72dac0ae35b9e9a6""}]"
Nintendo SNES/SD Gundam Gaiden - Knight Gundam Monogatari - Ooinaru Isan (JP).uac	sdgg.rsn	"[{""Algorithm"":""BLAKE3-256"",""Digest"":""27d5a0716c2ef6257c2f97629ebd6180399ae38d7cf4fa3e5cc5734b36c04ec6""},{""Algorithm"":""CRC32"",""Digest"":""7DF6C67A""},{""Algorithm"":""SHA-1"",""Digest"":""a3baee054197193e325bdd3659245747a00b42ec""},{""Algorithm"":""MD5"",""Digest"":""207937d4363a3999ee7aba1d1ae0b070""}]"
Nintendo SNES/SD Gundam Gaiden 2 - Entaku no Kishi (JP).uac	sdgg2.rsn	"[{""Algorithm"":""BLAKE3-256"",""Digest"":""f6a26d8d37f2c1c22ddb0e43478d0d69cec6ed3911279ddfb033e44704882060""},{""Algorithm"":""CRC32"",""Digest"":""364BA9CE""},{""Algorithm"":""SHA-1"",""Digest"":""ca5fce6ceb2c289c91d838f503dfc4e00d080ba4""},{""Algorithm"":""MD5"",""Digest"":""1fb0945e2a0e4ca487efb8f2ca043cff""}]"
Nintendo SNES/SD Gundam Power Formation Puzzle.uac	sdgpf.rsn	"[{""Algorithm"":""BLAKE3-256"",""Digest"":""78943e27582f3a3671cd9b38659430ade98233435f28d25649f389d95360280c""},{""Algorithm"":""CRC32"",""Digest"":""A0BEEE75""},{""Algorithm"":""SHA-1"",""Digest"":""e2666dd8512385982038a4810b6ec14a20f041ba""},{""Algorithm"":""MD5"",""Digest"":""f0483c3b8bb65a7895ebebb449093ffc""}]"
Nintendo SNES/SD Gundam X - Super Gachapon World.uac	sdgx.rsn	"[{""Algorithm"":""BLAKE3-256"",""Digest"":""a8cd44e13d07ec9251c91a83fedf6d3b8cc9967c37ae13316d9bee21e5ab1626""},{""Algorithm"":""CRC32"",""Digest"":""2FB215CE""},{""Algorithm"":""SHA-1"",""Digest"":""f328802193cc598f348ca564c5b81ff5f19329f8""},{""Algorithm"":""MD5"",""Digest"":""c940d999090f928e24c49f6bbb032597""}]"
Nintendo SNES/SD Hiryu no Ken.uac	sdhk.rsn	"[{""Algorithm"":""BLAKE3-256"",""Digest"":""145e5407c45bc6ab3b79867645c2b1cf550de07a50d591f27c6b214afa72bd81""},{""Algorithm"":""CRC32"",""Digest"":""7A869F7E""},{""Algorithm"":""SHA-1"",""Digest"":""3365ee0d6902e42cd47bb68c6cd14a673176efd4""},{""Algorithm"":""MD5"",""Digest"":""e7a50984adce764b2a176c2f3e587530""}]"
Nintendo SNES/SD Kidou Senshi Gundam V.uac	sdgv.rsn	"[{""Algorithm"":""BLAKE3-256"",""Digest"":""496784c982b04c1a84c8c7803ca2ac82c7cfd4bf049954c4d34f671f73613b36""},{""Algorithm"":""CRC32"",""Digest"":""F608DE69""},{""Algorithm"":""SHA-1"",""Digest"":""df87e1b492a0aa71ff02d3f4e860e307bcfe77bf""},{""Algorithm"":""MD5"",""Digest"":""573bc00b8be4905eb2ddb7996237dffa""}]"
Nintendo SNES/SD Ultra Battle.uac	sdub.rsn	"[{""Algorithm"":""BLAKE3-256"",""Digest"":""e7f18cc09b4e0eaeaf4187068ce65cae41bc6792cd5e033948a88c214bb14a5e""},{""Algorithm"":""CRC32"",""Digest"":""487DBDD6""},{""Algorithm"":""SHA-1"",""Digest"":""edba6a83089ba121e49545c010090098d1b74743""},{""Algorithm"":""MD5"",""Digest"":""2210d5606777dc2d033ff9538a78614f""}]"
Nintendo SNES/SNES Test Program.uac	test.rsn	"[{""Algorithm"":""BLAKE3-256"",""Digest"":""acea370a9421a466e91730283823f17b8336919a9bfdb42de349e9a5716e11b6""},{""Algorithm"":""CRC32"",""Digest"":""510C21D0""},{""Algorithm"":""SHA-1"",""Digest"":""b780ea69e9e5b83da29d5817ca6cfddc9b5040d6""},{""Algorithm"":""MD5"",""Digest"":""c3ea01b93ca2ef7859ea5d584d348451""}]"
Nintendo SNES/SOS (US).uac	sos.rsn	"[{""Algorithm"":""BLAKE3-256"",""Digest"":""84522ee1c5381e38c93096b822cf40b24fffb1090d7ed322e8a3de44b093b6fe""},{""Algorithm"":""CRC32"",""Digest"":""0EC54757""},{""Algorithm"":""SHA-1"",""Digest"":""e30bb0a5fc666d7660e22980d98df8de52d77170""},{""Algorithm"":""MD5"",""Digest"":""0e72cbe2d7604541f803975b2d6c9f64""}]"
Nintendo SNES/SWAT Kats.uac	sk.rsn	"[{""Algorithm"":""BLAKE3-256"",""Digest"":""939194c5f7647f20789b2d8b88409143152fc3ad976104651bcd10680cffbcca""},{""Algorithm"":""CRC32"",""Digest"":""60599C10""},{""Algorithm"":""SHA-1"",""Digest"":""903dd2383e644d6ad20e311bc4b05f9a5e51423e""},{""Algorithm"":""MD5"",""Digest"":""1930443d25ed49f48e30ffa93428fe87""}]"
Nintendo SNES/Saibara Rieko no Mahjong Hourouki.uac	srmh.rsn	"[{""Algorithm"":""BLAKE3-256"",""Digest"":""d153fd9787c035c6030014970f3c793b1c717c12e3fe2883de5bdcbff931fbb3""},{""Algorithm"":""CRC32"",""Digest"":""A778DF9F""},{""Algorithm"":""SHA-1"",""Digest"":""97b998184b7e7eaaedc19aea88dc78d719416526""},{""Algorithm"":""MD5"",""Digest"":""f46cbe2cb96b0965e6c0cc35cab5874e""}]"
Nintendo SNES/Saikousoku Shikou Shougi Mahjong.uac	sssm.rsn	"[{""Algorithm"":""BLAKE3-256"",""Digest"":""f2404a3b0229763a10ea38e5a7ed37afa6e4de209e9ddedcd33483a6fff12213""},{""Algorithm"":""CRC32"",""Digest"":""25C8FF56""},{""Algorithm"":""SHA-1"",""Digest"":""412d6c186dbaf9219ce6f2b83f2578b4079c8ebb""},{""Algorithm"":""MD5"",""Digest"":""93621bfff84ee603f94b7b6fe6b91e02""}]"
Nintendo SNES/Sailor Moon S - Kurukkurin.uac	smsk.rsn	"[{""Algorithm"":""BLAKE3-256"",""Digest"":""84fcb6ed4074d39beef1dac4ee16a650066abc2aa19e4cb80ac0a9911c4bd020""},{""Algorithm"":""CRC32"",""Digest"":""72516914""},{""Algorithm"":""SHA-1"",""Digest"":""6b07b7bd063ba40ffcb6070e48c5b00354840ff8""},{""Algorithm"":""MD5"",""Digest"":""c7e221efe949f4b8a7df9de71172ff52""}]"
Nintendo SNES/Sailor Moon Super S - Zenin Sanka!! Shuyaku Soudatsusen.uac	shuso.rsn	"[{""Algorithm"":""BLAKE3-256"",""Digest"":""521e6f2b810f92301dc24a73c3f5f2b43338baed5a1f25388b5cfed37b1f25d5""},{""Algorithm"":""CRC32"",""Digest"":""3D695646""},{""Algorithm"":""SHA-1"",""Digest"":""a9dd3c3a9a3dd4d67e6e17df90990eba2d81e5df""},{""Algorithm"":""MD5"",""Digest"":""11684bd009552ebfaa52516dea6760de""}]"
Nintendo SNES/Sailormoon (FR).uac	smoon.rsn	"[{""Algorithm"":""BLAKE3-256"",""Digest"":""27a69a03e95e26dd5fd78c9c6927fb9ece6f02a2e813337d6c704b98e88d67ad""},{""Algorithm"":""CRC32"",""Digest"":""3E8CB169""},{""Algorithm"":""SHA-1"",""Digest"":""067f42d73c44cab7c3ecf2f42f8ba60d90aa7ba3""},{""Algorithm"":""MD5"",""Digest"":""e4a6abc67aff6a4de7ebcd11d6930851""}]"
Nintendo SNES/Same Game Mario.uac	sgm.rsn	"[{""Algorithm"":""BLAKE3-256"",""Digest"":""1ae1c41a49e95d91ac19f19895dddcac5138ae8cce2b69b86601e152cffa4bde""},{""Algorithm"":""CRC32"",""Digest"":""0C736ADD""},{""Algorithm"":""SHA-1"",""Digest"":""db4e6ffeaa300c61594e583db56d8a2fbdddb994""},{""Algorithm"":""MD5"",""Digest"":""59748611bf854f2a0686d4c7844313ac""}]"
Nintendo SNES/Same Game.uac	same.rsn	"[{""Algorithm"":""BLAKE3-256"",""Digest"":""7e21ca505730548f84a69798d2e8b54e397d3a45f086115cfb8076c102cfecdd""},{""Algorithm"":""CRC32"",""Digest"":""7EEE9250""},{""Algorithm"":""SHA-1"",""Digest"":""aa9171740639d9c8a29e0c33f82551c5998a8723""},{""Algorithm"":""MD5"",""Digest"":""e94d598dd0d855a0d7269c5d47f7fc68""}]"
Nintendo SNES/Samurai Shodown.uac	samu.rsn	"[{""Algorithm"":""BLAKE3-256"",""Digest"":""084b11ecbb33feebb4caf3e917a8c071c2dc7e2b066f1a92e9529c1c2b2f192f""},{""Algorithm"":""CRC32"",""Digest"":""6BF8EF47""},{""Algorithm"":""SHA-1"",""Digest"":""dddb5e2a02383f2c83d5c1baf1209908fddc865d""},{""Algorithm"":""MD5"",""Digest"":""025194bfd058b45c11823542fc09a988""}]"
Nintendo SNES/Sangokushi 3 (Romance of the Three Kingdoms 3).uac	rtk3.rsn	"[{""Algorithm"":""BLAKE3-256"",""Digest"":""65cf6d31603f7535f2d30f847410aafaa4e5429fc83641016fa591a98489d323""},{""Algorithm"":""CRC32"",""Digest"":""F5DF0AA8""},{""Algorithm"":""SHA-1"",""Digest"":""eb4a5dcbd99ebeb3a01b8eccdd481b17ff227ded""},{""Algorithm"":""MD5"",""Digest"":""eb1b44f2427ebf546ee92860e2844189""}]"
Nintendo SNES/Sangokushi 4 (Romance of the Three Kingdoms 4).uac	rtk4.rsn	"[{""Algorithm"":""BLAKE3-256"",""Digest"":""a81562cf5f46139788cdcb8107d62df8417cfbe2d317d431382cad3f068ae3d4""},{""Algorithm"":""CRC32"",""Digest"":""055B4511""},{""Algorithm"":""SHA-1"",""Digest"":""cbe790f258ec2a3595be2dc410f00138add909d3""},{""Algorithm"":""MD5"",""Digest"":""de533206facaa944b226c99350248551""}]"
Nintendo SNES/Sangokushi Eiketsu Den.uac	eikt.rsn	"[{""Algorithm"":""BLAKE3-256"",""Digest"":""ab4fe0a343ee7a7791ec7a2a859d3e03ab108586649ce69c676dde802df731f6""},{""Algorithm"":""CRC32"",""Digest"":""7B6A0FB9""},{""Algorithm"":""SHA-1"",""Digest"":""e28dc8074b43a9655eecbc57fa583ec4420a03f1""},{""Algorithm"":""MD5"",""Digest"":""7c0660137cbdc03dc44704959ec5b0fc""}]"
Nintendo SNES/Sankyou Fever Fever!.uac	sff.rsn	"[{""Algorithm"":""BLAKE3-256"",""Digest"":""b19e3455f77b92bfbfb3d538ce86b5b74c820dfb7f70f9c480e1fef65bd93ca7""},{""Algorithm"":""CRC32"",""Digest"":""20CE90BD""},{""Algorithm"":""SHA-1"",""Digest"":""d863ddd1df0c767089a64353ca7eed9ea7c7e405""},{""Algorithm"":""MD5"",""Digest"":""45452f05debd88b91cc1c70c427ac839""}]"
Nintendo SNES/Sanrio Shanghai.uac	sans.rsn	"[{""Algorithm"":""BLAKE3-256"",""Digest"":""e92109601dbe58de966f3bd3648d1175c886fa5d0d5b9da6a468c7e814370fcc""},{""Algorithm"":""CRC32"",""Digest"":""5A5E2266""},{""Algorithm"":""SHA-1"",""Digest"":""7b4bccc34bcf83749ed8f0ea2337a998c235e2df""},{""Algorithm"":""MD5"",""Digest"":""cb449d2bd86e284da52ec3a316c69316""}]"
Nintendo SNES/Sanrio World Smash Ball! (JP).uac	swsb.rsn	"[{""Algorithm"":""BLAKE3-256"",""Digest"":""4b33a2344eeaaa9e141cb6f974bf2265bf1482bd3c17d61a60d2a54b0a9ccc6f""},{""Algorithm"":""CRC32"",""Digest"":""9DABB3A5""},{""Algorithm"":""SHA-1"",""Digest"":""46bb4f2b6d23b26007f240aaad752c285dbae6f6""},{""Algorithm"":""MD5"",""Digest"":""f0c72604d5ee762b4da36bc97217fbac""}]"
Nintendo SNES/Sansara Naga 2.uac	sana2.rsn	"[{""Algorithm"":""BLAKE3-256"",""Digest"":""cb106a9ca1bb9c2cad008b13921320254b17e8267337697f19cd99a9b291aba6""},{""Algorithm"":""CRC32"",""Digest"":""0FAFC534""},{""Algorithm"":""SHA-1"",""Digest"":""c47eab184a7f51bc9ddc34b521325c7328574aec""},{""Algorithm"":""MD5"",""Digest"":""b3caae16d26a18f8f5a4b8d09c69ca22""}]"
Nintendo SNES/Satellaview BS-X.uac	bsx.rsn	"[{""Algorithm"":""BLAKE3-256"",""Digest"":""79b881f90880c80d72d5574f629efda262584b12ac4908415147f012f2c46e7d""},{""Algorithm"":""CRC32"",""Digest"":""A55B8628""},{""Algorithm"":""SHA-1"",""Digest"":""d5f71cc08515762a98079dc89c41ad243ca5e8bf""},{""Algorithm"":""MD5"",""Digest"":""601ac49e0b8582eaba7e8a3b717a6730""}]"
Nintendo SNES/Saturday Night Slam Masters.uac	snsm.rsn	"[{""Algorithm"":""BLAKE3-256"",""Digest"":""8698c27545ee355302775c897989b698148eb510294ebe5f5a3ef892afd8b4ae""},{""Algorithm"":""CRC32"",""Digest"":""5BA0155D""},{""Algorithm"":""SHA-1"",""Digest"":""0f11efd60dccd98edb8ee8662a9b554dcbb312f4""},{""Algorithm"":""MD5"",""Digest"":""4c9ec2d4d7524908a8246d3104bb59f1""}]"
Nintendo SNES/Scooby Doo Mysteries.uac	scd.rsn	"[{""Algorithm"":""BLAKE3-256"",""Digest"":""b5195cf19bd5796b13a9e7b99f253f4dcdbbf646861f42072ae26551878ea4fd""},{""Algorithm"":""CRC32"",""Digest"":""3474B766""},{""Algorithm"":""SHA-1"",""Digest"":""9f20c5b67801b38a5c00870dde6afa798a162da3""},{""Algorithm"":""MD5"",""Digest"":""9dc25efba2ea4e56085d9836331bd989""}]"
Nintendo SNES/SeaQuest DSV.uac	sqdsv.rsn	"[{""Algorithm"":""BLAKE3-256"",""Digest"":""6dfac0228f6dbcd6f87a44c7868e97eb7f2873ed9904bfa8167c1bbeed24250a""},{""Algorithm"":""CRC32"",""Digest"":""5D870056""},{""Algorithm"":""SHA-1"",""Digest"":""41daf06382f074b10b97499682aef03b711a6c57""},{""Algorithm"":""MD5"",""Digest"":""eff960e35914e9aa02ddd9158114e534""}]"
Nintendo SNES/Secret of Evermore.uac	soe.rsn	"[{""Algorithm"":""BLAKE3-256"",""Digest"":""456b4360d6370216bfff3473220c974ef4d53e6dc72d22f599f67732bf26447d""},{""Algorithm"":""CRC32"",""Digest"":""D2762891""},{""Algorithm"":""SHA-1"",""Digest"":""2d9988f338fdddd69912328789af04dd7ee8ffb3""},{""Algorithm"":""MD5"",""Digest"":""ca4d48a2f10d4598780cc1de09731aa6""}]"
Nintendo SNES/Secret of Mana.uac	sd2.rsn	"[{""Algorithm"":""BLAKE3-256"",""Digest"":""75ce017a43437ffff28e88a06f4cb7f27f775a3a7e34443e68730cc065be9c65""},{""Algorithm"":""CRC32"",""Digest"":""BCE7FE3F""},{""Algorithm"":""SHA-1"",""Digest"":""ce8a4751ffe2b0f0f6a3cb6613784bf6b6ff69e8""},{""Algorithm"":""MD5"",""Digest"":""c7cee95ec40972ca457be51c04515703""}]"
Nintendo SNES/Seifuku Densetsu - Pretty Fighter.uac	sdpf.rsn	"[{""Algorithm"":""BLAKE3-256"",""Digest"":""ba8c3ce1248143d8f095ab69461ae6d545b5d0b9d501683c58f748aa6abce8e9""},{""Algorithm"":""CRC32"",""Digest"":""8676D1F6""},{""Algorithm"":""SHA-1"",""Digest"":""488296196a341bda687aacc0ea8b40a401c9af10""},{""Algorithm"":""MD5"",""Digest"":""b8acfc2f618e7f7db7e8e058abe53dfe""}]"
Nintendo SNES/Seijuu Maden Beasts & Blades (JP).uac	smbb.rsn	"[{""Algorithm"":""BLAKE3-256"",""Digest"":""2cd59debb31d4bf1474d9afffcb8fe8d6f2b82dcf62021e6635e1eef4be654af""},{""Algorithm"":""CRC32"",""Digest"":""625EED1E""},{""Algorithm"":""SHA-1"",""Digest"":""c32b1dab267a341a7102407013a3b85c47c162dd""},{""Algorithm"":""MD5"",""Digest"":""929f8a0e3d18b4d0176ff75a57b43c44""}]"
Nintendo SNES/Seiken Densetsu 3.uac	sd3.rsn	"[{""Algorithm"":""BLAKE3-256"",""Digest"":""82c8c394de282e37fbbf6821350077cf134382e1151e8e0a00518af919e6d2d7""},{""Algorithm"":""CRC32"",""Digest"":""E9620DCA""},{""Algorithm"":""SHA-1"",""Digest"":""9c25b1d272d6ebf0e808b4f2f9523f5d5d111a6b""},{""Algorithm"":""MD5"",""Digest"":""a4c049bcd6188085eff3cc1d82788c14""}]"
Nintendo SNES/Sengoku Denshou.uac	sgd.rsn	"[{""Algorithm"":""BLAKE3-256"",""Digest"":""ba93e0a0a822284fd18e1230076e4cbefb217d3847c1d30673905b6b19dbb6b8""},{""Algorithm"":""CRC32"",""Digest"":""5E924C82""},{""Algorithm"":""SHA-1"",""Digest"":""57cf89b6b2be90e56d3abc4a54d54f3e18d2a381""},{""Algorithm"":""MD5"",""Digest"":""a9a21015f42ffeb9c67da43185b0a858""}]"
Nintendo SNES/Sengoku no Hasha - Tenkafubu e no Michi (JP).uac	skh.rsn	"[{""Algorithm"":""BLAKE3-256"",""Digest"":""4522df69114f667d8db35e1c3689bab201fa8a68b1fb243bf84268f528a735b3""},{""Algorithm"":""CRC32"",""Digest"":""BBB4915C""},{""Algorithm"":""SHA-1"",""Digest"":""d4d580cb1659e6b4dd1bfe6eeb4077f243b5a991""},{""Algorithm"":""MD5"",""Digest"":""5a822cf4ad5c65e9f98cd99c60b50f90""}]"
Nintendo SNES/Sensible Soccer.uac	sens.rsn	"[{""Algorithm"":""BLAKE3-256"",""Digest"":""25fe04a1c280d38476846d579a2561386506d8a5ffa4b76f1a06b997d0a367aa""},{""Algorithm"":""CRC32"",""Digest"":""70424CB5""},{""Algorithm"":""SHA-1"",""Digest"":""dcf5aa07c1748cca0fefc18f76a43c2047b960c9""},{""Algorithm"":""MD5"",""Digest"":""645e0d3daf3a4c6833909cac2099862d""}]"
Nintendo SNES/Shadow of the Beast.uac	sotb.rsn	"[{""Algorithm"":""BLAKE3-256"",""Digest"":""13a54f47b8169e1a07c1d17ecb5f89941ea6ba57fd2d6c5685b5ddf238b1941d""},{""Algorithm"":""CRC32"",""Digest"":""8A6BD28C""},{""Algorithm"":""SHA-1"",""Digest"":""7dd5acf9b9ecfdab7ffd28f7da3c949e2eb93471""},{""Algorithm"":""MD5"",""Digest"":""b47ee4db4db06909a648f3f72edf4fec""}]"
Nintendo SNES/Shadow, The.uac	shad.rsn	"[{""Algorithm"":""BLAKE3-256"",""Digest"":""6cdf8f499aba6fc80f6ce17dbdb970f2e7c2633c56fa856918688109ac4f25d3""},{""Algorithm"":""CRC32"",""Digest"":""45070136""},{""Algorithm"":""SHA-1"",""Digest"":""68197d9b4b7dc90d7b09609f2a75b9f2e8e95cc6""},{""Algorithm"":""MD5"",""Digest"":""db02fc7ace449c8e6285a579f0de7c24""}]"
Nintendo SNES/Shadowrun.uac	shr.rsn	"[{""Algorithm"":""BLAKE3-256"",""Digest"":""f0e26a83fff2dab44e92c0cba7aeb06a61da654f64eff9a3aab2b0427a9f791b""},{""Algorithm"":""CRC32"",""Digest"":""D2F693BB""},{""Algorithm"":""SHA-1"",""Digest"":""cd86b588389c8fedc24ba97be4fbd22268a08cfc""},{""Algorithm"":""MD5"",""Digest"":""6556cebd27979bf150950a19ea57fd62""}]"
Nintendo SNES/Shanghai - Banri no Choujou (JP).uac	shg.rsn	"[{""Algorithm"":""BLAKE3-256"",""Digest"":""1c25fe6e3f59f2bf095dd36593f031477b644da6d1be6e70f30a048a43e3f41e""},{""Algorithm"":""CRC32"",""Digest"":""E04E58E8""},{""Algorithm"":""SHA-1"",""Digest"":""8d654700a073a75604e1676c32b5b93228cb74e5""},{""Algorithm"":""MD5"",""Digest"":""9063a264bc310f3132db90c3e280ae55""}]"
Nintendo SNES/Shaq-Fu.uac	shaq.rsn	"[{""Algorithm"":""BLAKE3-256"",""Digest"":""97b43e8a2019e3f7a9b226a457775c500fefd6931dbf1248cc9b323751ed08b4""},{""Algorithm"":""CRC32"",""Digest"":""5D2C0CC0""},{""Algorithm"":""SHA-1"",""Digest"":""5fdf08ee1f02bf579387ca7a0e2d38e6410087a3""},{""Algorithm"":""MD5"",""Digest"":""6ffdbb0ace4601805dc1dba248908c01""}]"
Nintendo SNES/Shien - The Blade Chaser (Shien's Revenge).uac	sbc.rsn	"[{""Algorithm"":""BLAKE3-256"",""Digest"":""4ac1f2ad4bc751981e32bf0722c3665e54f7f832282e4b3ca412e815df943bc8""},{""Algorithm"":""CRC32"",""Digest"":""DA32DAA0""},{""Algorithm"":""SHA-1"",""Digest"":""ce694799898a6ed19d949ba78594dd2b25c70f7c""},{""Algorithm"":""MD5"",""Digest"":""c47d3fe7b734080c260ffd6028bd0c29""}]"
Nintendo SNES/Shigetaka Kashiwagi's Top Water Bassing.uac	kstwb.rsn	"[{""Algorithm"":""BLAKE3-256"",""Digest"":""2200191e99d000d004e5b9e6b0b0545ecade00d7cd9bcada932e2fc86d5b69fb""},{""Algorithm"":""CRC32"",""Digest"":""B1A7A8BB""},{""Algorithm"":""SHA-1"",""Digest"":""324daa6d40bf685d248ab6edb92586e5a15c9d5c""},{""Algorithm"":""MD5"",""Digest"":""04742af4b27a5da8eb28d98c15625e18""}]"
Nintendo SNES/Shijou Saikyou League Serie A - Ace Striker (JP).uac	sslsa.rsn	"[{""Algorithm"":""BLAKE3-256"",""Digest"":""e5abd50c2f64de0ba842c396c10aca74b7169ae41364c996edaf9563ad88670f""},{""Algorithm"":""CRC32"",""Digest"":""884AC874""},{""Algorithm"":""SHA-1"",""Digest"":""32f83f1c3dfc787e12a84644481ff3737fb58c96""},{""Algorithm"":""MD5"",""Digest"":""6e1c75eb9a8991bcdaa973e18515680d""}]"
Nintendo SNES/Shijou Saikyou no Quiz Ou Kettei Sen Super.uac	ssnqs.rsn	"[{""Algorithm"":""BLAKE3-256"",""Digest"":""deeba9d519503244c6d6e74a326d57f2cf3fe039e33cf09f5cc19a4fa0c2dba0""},{""Algorithm"":""CRC32"",""Digest"":""668FC8A1""},{""Algorithm"":""SHA-1"",""Digest"":""666c014a9f1412a79ec3748b2b39b30adf633425""},{""Algorithm"":""MD5"",""Digest"":""ee7710c6097f4dc34b45e01d534c4065""}]"
Nintendo SNES/Shiki Eiyuu Den - Jinryuu Densetsu.uac	shed.rsn	"[{""Algorithm"":""BLAKE3-256"",""Digest"":""1ae8cbcec9f9791362df55869cb5878602735fa491782ad49790f9e2b97a5888""},{""Algorithm"":""CRC32"",""Digest"":""64802EDE""},{""Algorithm"":""SHA-1"",""Digest"":""e18f8756302a615ed91053c34cf1e91a5f28e546""},{""Algorithm"":""MD5"",""Digest"":""2e13eca5cd610c9383e29f57ce52c9b2""}]"
Nintendo SNES/Shin Ikkaku Senkin.uac	sis.rsn	"[{""Algorithm"":""BLAKE3-256"",""Digest"":""4b7ac34231ac88b9e04ad0dd5d920aa85fe022efd1730e00e0e3dca88706cc68""},{""Algorithm"":""CRC32"",""Digest"":""F67A4E10""},{""Algorithm"":""SHA-1"",""Digest"":""3ff3efe11f651cfc7a79c35dd568e6d0207102fc""},{""Algorithm"":""MD5"",""Digest"":""633a0339f98b8b2d07e4fe37ab29f8bd""}]"
Nintendo SNES/Shin Megami Tensei 2.uac	smt2.rsn	"[{""Algorithm"":""BLAKE3-256"",""Digest"":""e3c5ab4a11813366180dc829765c80687af6a7fc0d18679fdc19fc8ac4f50c66""},{""Algorithm"":""CRC32"",""Digest"":""FBDFF13F""},{""Algorithm"":""SHA-1"",""Digest"":""68b6e2b472c16beafaddbfc64f3ed5a499778844""},{""Algorithm"":""MD5"",""Digest"":""f51866b79a87965cc4f793083001f430""}]"
Nintendo SNES/Shin Megami Tensei if... (JP).uac	smti.rsn	"[{""Algorithm"":""BLAKE3-256"",""Digest"":""179d493041619f2222e9d70e5eb41793d3efe877dfe383678ef1732b7aa8af3b""},{""Algorithm"":""CRC32"",""Digest"":""E9DE8883""},{""Algorithm"":""SHA-1"",""Digest"":""037a32133efa6d7b35d0bb870b6aac85717421e8""},{""Algorithm"":""MD5"",""Digest"":""2ef4097fc588f34c08c55fec973feb92""}]"
Nintendo SNES/Shin Megami Tensei.uac	smt.rsn	"[{""Algorithm"":""BLAKE3-256"",""Digest"":""1c399c7410cc06242010a8d483680be7f913599e3ec5ee871d919ac24f4f2685""},{""Algorithm"":""CRC32"",""Digest"":""38726B0E""},{""Algorithm"":""SHA-1"",""Digest"":""985d9f3f318d6c14d18a09fbaaa21f70e572aec4""},{""Algorithm"":""MD5"",""Digest"":""8050844e78cd6bb1d8a1086e73aa49c0""}]"
Nintendo SNES/Shin Momotarou Densetsu.uac	smd.rsn	"[{""Algorithm"":""BLAKE3-256"",""Digest"":""1a6f3f400dc1e891fa6747ff0f809accee5ab6e31fb7d3ac17ee07d32a91c54a""},{""Algorithm"":""CRC32"",""Digest"":""EED78156""},{""Algorithm"":""SHA-1"",""Digest"":""f7e919a5d2b9db2e71da348c38033a7ca977c374""},{""Algorithm"":""MD5"",""Digest"":""d1947250e34365c643ea930f30b43e27""}]"
Nintendo SNES/Shin Nekketsu Kouha - Kunio Tachi no Bannka.uac	ktb.rsn	"[{""Algorithm"":""BLAKE3-256"",""Digest"":""4a415a2d03301e89664831927cca66e2218b7f022334ef10d1709f0d16c19d2e""},{""Algorithm"":""CRC32"",""Digest"":""6372BABB""},{""Algorithm"":""SHA-1"",""Digest"":""835c06514ddf7cd489c17a671f4c2b0965e9d1e4""},{""Algorithm"":""MD5"",""Digest"":""577ba752ad6cbd516347eec9712efd81""}]"
Nintendo SNES/Shin Nihon Pro Wrestling '94.uac	snw94.rsn	"[{""Algorithm"":""BLAKE3-256"",""Digest"":""f1b87cd63b071f6b699fd784468d49bb52b19540b201aefc6f26a64de92e6a29""},{""Algorithm"":""CRC32"",""Digest"":""C214E62D""},{""Algorithm"":""SHA-1"",""Digest"":""bf672f6d66ef5373e2a85081f4044c78b5473998""},{""Algorithm"":""MD5"",""Digest"":""372c65f17e998e043d6aa1386dfffb2d""}]"
Nintendo SNES/Shin Nippon Pro Wrestling - Chou Senshi in Tokyo Dome.uac	snpw.rsn	"[{""Algorithm"":""BLAKE3-256"",""Digest"":""1c7b8bef7050944a784772d13e2881f7b5763fbf047fdd7b59558b34986408b3""},{""Algorithm"":""CRC32"",""Digest"":""8B0FF83A""},{""Algorithm"":""SHA-1"",""Digest"":""7e2b8e939dbffc66426383433411c22fb94b1684""},{""Algorithm"":""MD5"",""Digest"":""0461aca4cd796e5ce3f88e7c66b99e9b""}]"
Nintendo SNES/Shin SD Sengokuden - Daishougun Retsuden.uac	ssds.rsn	"[{""Algorithm"":""BLAKE3-256"",""Digest"":""4c12dd4ce18520ee0304302dd17f3aadd3e1acbcf9cf8e82cbd5b2c6c436dfb4""},{""Algorithm"":""CRC32"",""Digest"":""75C8FF2F""},{""Algorithm"":""SHA-1"",""Digest"":""01b2a6a1a2aac2dbfee22efb0eccf1fab591a4f7""},{""Algorithm"":""MD5"",""Digest"":""aa1fa5a8e3f4c5f33e59b7f5c5e20d5f""}]"
Nintendo SNES/Shin Shougi Club (JP).uac	sshgc.rsn	"[{""Algorithm"":""BLAKE3-256"",""Digest"":""5f0d765db13b5100f90433ca1ff7dc7a65b221cf552597996c0a314707180d20""},{""Algorithm"":""CRC32"",""Digest"":""4C9EAD4B""},{""Algorithm"":""SHA-1"",""Digest"":""d6adea91bb0d9fb97b0d5c1de85f1ef15a830f74""},{""Algorithm"":""MD5"",""Digest"":""b9b097a7989c1365ab62d80fbd2ffd3c""}]"
Nintendo SNES/Shinri Game 2 - Magical Trip, The.uac	tsg2.rsn	"[{""Algorithm"":""BLAKE3-256"",""Digest"":""c0f661bd9d05c5fc4ee5bf525d178b3b6a16081c1a7bb76d27160bfd08edba87""},{""Algorithm"":""CRC32"",""Digest"":""E01360C3""},{""Algorithm"":""SHA-1"",""Digest"":""6cbde9bdb2770ee6a50042af9ba67ffdd1e954f4""},{""Algorithm"":""MD5"",""Digest"":""34519c8f4044d6a2aef9840220ad13e4""}]"
Nintendo SNES/Shinri Game 3, The (JP).uac	sg3.rsn	"[{""Algorithm"":""BLAKE3-256"",""Digest"":""51098db7792b6528408f7075c048f39bb487eba0cf126f945717a494874fe65b""},{""Algorithm"":""CRC32"",""Digest"":""925BF022""},{""Algorithm"":""SHA-1"",""Digest"":""7913dfd088d19344e2ab276ee839bccd7f995f41""},{""Algorithm"":""MD5"",""Digest"":""c4efd8f528ef4ea9040ebee22712fd2b""}]"
Nintendo SNES/Shinri Game, The.uac	tsg.rsn	"[{""Algorithm"":""BLAKE3-256"",""Digest"":""24e322d0e0c04afeaef72b3e2b9d7ac8a59f11edbf340f105e53718725d32df4""},{""Algorithm"":""CRC32"",""Digest"":""2BDEAC3A""},{""Algorithm"":""SHA-1"",""Digest"":""fb7b175ac4c2610cdb2bf5940222ab2b0e835127""},{""Algorithm"":""MD5"",""Digest"":""e8fb951c5f2b8143bd29a44f03c329f7""}]"
Nintendo SNES/Shinseiki Odysselya 2.uac	shod2.rsn	"[{""Algorithm"":""BLAKE3-256"",""Digest"":""51bbde8de7710a2b8b5f3811172e4630f355e23cc2c49ef004339de846f6faaf""},{""Algorithm"":""CRC32"",""Digest"":""3EC70BA3""},{""Algorithm"":""SHA-1"",""Digest"":""7d6516ad13591b770fbd9d77f0bc67d3aa0b9cf6""},{""Algorithm"":""MD5"",""Digest"":""8fa6d9e445008664ed0252ee4e4b360f""}]"
Nintendo SNES/Shinseiki Odysselya.uac	shod.rsn	"[{""Algorithm"":""BLAKE3-256"",""Digest"":""ba196c0e2f3097385b6382c1bbd71900bcb2f223def581d6934f158ea6ea9e0a""},{""Algorithm"":""CRC32"",""Digest"":""162929DB""},{""Algorithm"":""SHA-1"",""Digest"":""2d92b1c6cdca1b02b193e935f3a7edbb4a8382b2""},{""Algorithm"":""MD5"",""Digest"":""b42321b40a9eada7134ca62f73f4b3a9""}]"
Nintendo SNES/Shinzui Taikyoku Igo Go Sennin.uac	gs.rsn	"[{""Algorithm"":""BLAKE3-256"",""Digest"":""bab49cfc218659e2e0147ecd5c094b6d387373c624e4903abd1706c36920cfce""},{""Algorithm"":""CRC32"",""Digest"":""B8A48772""},{""Algorithm"":""SHA-1"",""Digest"":""1e312ebfc39771f4a1725ba4c39b98b69e073fbf""},{""Algorithm"":""MD5"",""Digest"":""aaa77b93f1d411c7c730552350405b87""}]"
Nintendo SNES/Shiroi Ring he - Twinkle Little Star.uac	srtls.rsn	"[{""Algorithm"":""BLAKE3-256"",""Digest"":""32342936b1aeaedaedc07d15b96ea76081eff3d01efbaa24874b857c7355c674""},{""Algorithm"":""CRC32"",""Digest"":""C0B671CF""},{""Algorithm"":""SHA-1"",""Digest"":""2fc21cd0f4b057005f809956638466c1ec4267fc""},{""Algorithm"":""MD5"",""Digest"":""a1b7fcac87b0b444b10032d91ae412b8""}]"
Nintendo SNES/Shodai Nekketsu Kouha Kunio-Kun.uac	snkk.rsn	"[{""Algorithm"":""BLAKE3-256"",""Digest"":""9d6a936bf250f4d7fd83742da745ea9cf8aa39d61d357caeddde06a0ef3f1ad4""},{""Algorithm"":""CRC32"",""Digest"":""9E4F3CDE""},{""Algorithm"":""SHA-1"",""Digest"":""f4af7ccdc51099367f46e331c5e1dad0026301dc""},{""Algorithm"":""MD5"",""Digest"":""23a0798160c04829802b72548b763a65""}]"
Nintendo SNES/Shodan Morita Shougi (JP).uac	smsh.rsn	"[{""Algorithm"":""BLAKE3-256"",""Digest"":""4c6297d8e40de5f54a82fe37dfdad54db67a93464e6644e4608cb4502eccbd1f""},{""Algorithm"":""CRC32"",""Digest"":""DADA1944""},{""Algorithm"":""SHA-1"",""Digest"":""d13907236c80510f4af1f585d4980052fb5b5b7e""},{""Algorithm"":""MD5"",""Digest"":""86aa156d356543bc52483a1945366ab7""}]"
Nintendo SNES/Shodankurai Nintei Shodan Pro Mahjong.uac	snspm.rsn	"[{""Algorithm"":""BLAKE3-256"",""Digest"":""6bf8cad84975bdb201b9b47443e0c14d43ad2c7b8a6e57d00eb10e0d4da57c3b""},{""Algorithm"":""CRC32"",""Digest"":""819EF1F8""},{""Algorithm"":""SHA-1"",""Digest"":""44d3dfe0b1fc35802836c724c6437675f89b7eba""},{""Algorithm"":""MD5"",""Digest"":""8d8d353e1c924aedd3db3adbc79f7012""}]"
Nintendo SNES/Shonen Ashibe.uac	shas.rsn	"[{""Algorithm"":""BLAKE3-256"",""Digest"":""13536e0cf96ddca81bb2052670d4f83b757d5f1420fee8bcb868b89648883890""},{""Algorithm"":""CRC32"",""Digest"":""10DB6268""},{""Algorithm"":""SHA-1"",""Digest"":""d5b9d8b3cb908b9302902e7ed2825dde1a6afc4b""},{""Algorithm"":""MD5"",""Digest"":""6a659752607fb46d14676fd2c1efcdc2""}]"
Nintendo SNES/Shonen Ninja Sasuke.uac	sns.rsn	"[{""Algorithm"":""BLAKE3-256"",""Digest"":""a7862a32a349170ff1e8d5532769aad6d8ded64bf2d790462f44ffd66f756230""},{""Algorithm"":""CRC32"",""Digest"":""A93F7CAF""},{""Algorithm"":""SHA-1"",""Digest"":""8d7ee91019a9292ce32c3e1e04c8ba583ead4584""},{""Algorithm"":""MD5"",""Digest"":""8e0dd2f6ce4c7521ed5dad681fd9a690""}]"
Nintendo SNES/Shoot Your Load.uac	syl.rsn	"[{""Algorithm"":""BLAKE3-256"",""Digest"":""add0bc1f769e52b06bab0a2299dada6f831c72894f0d5c686f60b42c2f417ab1""},{""Algorithm"":""CRC32"",""Digest"":""EC5EDC91""},{""Algorithm"":""SHA-1"",""Digest"":""0159c71eb5b62e4e162b59a5694a6bf750f55d52""},{""Algorithm"":""MD5"",""Digest"":""10c7cc1e4f3c7686ba3141748d19315d""}]"
Nintendo SNES/Shooting Macross - Scrambled Valkyrie.uac	smsv.rsn	"[{""Algorithm"":""BLAKE3-256"",""Digest"":""d19a3d04a23fde515ead772750ba6204f9559f9be6963e6ba4134d1317b1b55e""},{""Algorithm"":""CRC32"",""Digest"":""8E9FF106""},{""Algorithm"":""SHA-1"",""Digest"":""8a6f3cae68b1de82def35ab7bdd6e09d01e18893""},{""Algorithm"":""MD5"",""Digest"":""7da75a9b751fca27650aff37f5fb4c0e""}]"
Nintendo SNES/Shougi Club.uac	shgc.rsn	"[{""Algorithm"":""BLAKE3-256"",""Digest"":""fada86e7de2b4bc2ca8e0ed840e48126c4b30e2522a74c1c683ebdc4beec4371""},{""Algorithm"":""CRC32"",""Digest"":""0EA7A1F4""},{""Algorithm"":""SHA-1"",""Digest"":""79a9e9160b368380765216c53dbf2fbb4aa08b40""},{""Algorithm"":""MD5"",""Digest"":""b1592b812b01cae5802a7b824998bd8c""}]"
Nintendo SNES/Shougi Fuurinkazan.uac	shgfk.rsn	"[{""Algorithm"":""BLAKE3-256"",""Digest"":""9539ac3e6bd423e279af646cc9fee44ae129ae58e9f0d4a0471a69466cd30914""},{""Algorithm"":""CRC32"",""Digest"":""3659A4A1""},{""Algorithm"":""SHA-1"",""Digest"":""582c7526eb5dcbc91f505894a041152eb4e5f3f8""},{""Algorithm"":""MD5"",""Digest"":""95913e87c1420a4cf578ef5e23ea465e""}]"
Nintendo SNES/Shougi Saikyou.uac	shsa.rsn	"[{""Algorithm"":""BLAKE3-256"",""Digest"":""5149286910e82ef8c06852534848b973508e07fd18e3a82d1e6a6cc2e3a51cc4""},{""Algorithm"":""CRC32"",""Digest"":""85C30AE5""},{""Algorithm"":""SHA-1"",""Digest"":""6d8b122bf64caaf92672d161b420878a07a8fb89""},{""Algorithm"":""MD5"",""Digest"":""68c3ca4b2db9407f1d6aff959d74678b""}]"
Nintendo SNES/Shounin yo, Taishi o Idake!!.uac	syti.rsn	"[{""Algorithm"":""BLAKE3-256"",""Digest"":""5e9a9456277389203f21823ccf47e73a8af8f39245673e205401545ae52475ff""},{""Algorithm"":""CRC32"",""Digest"":""1629D1E1""},{""Algorithm"":""SHA-1"",""Digest"":""e53edb00d8f32c911e4158b5d1d4e806568a6cfd""},{""Algorithm"":""MD5"",""Digest"":""f77d60afa74523c85c004b4ec4c8e672""}]"
Nintendo SNES/Side Pocket.uac	sidep.rsn	"[{""Algorithm"":""BLAKE3-256"",""Digest"":""0601dac60485db24efe2d00ee0b1f3451cf4a06635a37a824e99826849b8e57d""},{""Algorithm"":""CRC32"",""Digest"":""16C54BB3""},{""Algorithm"":""SHA-1"",""Digest"":""f257f9196cf1f10e6979aef2ab9d479218172724""},{""Algorithm"":""MD5"",""Digest"":""e94bda6dc1c861ff945188ecb698b89d""}]"
Nintendo SNES/Silva Saga II - The Legend of Light and Darkness (JP).uac	ss2.rsn	"[{""Algorithm"":""BLAKE3-256"",""Digest"":""1eda0324703b57f87285c807ac3f4f72a7d9a8cd1fb086a3a40143671e8d7a9a""},{""Algorithm"":""CRC32"",""Digest"":""E9B256B3""},{""Algorithm"":""SHA-1"",""Digest"":""3d25c77e669b315b71c9a2f1819242479ac4b9e3""},{""Algorithm"":""MD5"",""Digest"":""c4b6244ec5c745ec73d68daab3eb4c16""}]"
Nintendo SNES/Sim City.uac	sc.rsn	"[{""Algorithm"":""BLAKE3-256"",""Digest"":""1c71c206270d5c5507a71c978eb6e091e581063261144dd33e7bb72246dd65bd""},{""Algorithm"":""CRC32"",""Digest"":""0CA7EE92""},{""Algorithm"":""SHA-1"",""Digest"":""16c7818698aeb7c5b5809dd95019c9f60b620fcd""},{""Algorithm"":""MD5"",""Digest"":""6689f8ac0f3f12370a8212ed20cbfe8f""}]"
Nintendo SNES/Sim Earth.uac	se.rsn	"[{""Algorithm"":""BLAKE3-256"",""Digest"":""200f5b3fed5d50e9ae9ea620ab601adfbe5dd60da4b67ca87c7287946cdff15c""},{""Algorithm"":""CRC32"",""Digest"":""9DC980B9""},{""Algorithm"":""SHA-1"",""Digest"":""2ca775d6ab5a5d5a89f2b483f07de82aee9271cf""},{""Algorithm"":""MD5"",""Digest"":""2a908f2d168b2bada9269aef68a7b610""}]"
Nintendo SNES/SimAnt.uac	sima.rsn	"[{""Algorithm"":""BLAKE3-256"",""Digest"":""496c91ff493b6a840357a76c41417c8e17debc5dee9a82545cc00fffbc683382""},{""Algorithm"":""CRC32"",""Digest"":""8D32A21C""},{""Algorithm"":""SHA-1"",""Digest"":""fe49ed62c62d06d4f33c3873d2b9cf7194c7c3d4""},{""Algorithm"":""MD5"",""Digest"":""7d4c74732e7fb496efea2af186c9ea09""}]"
Nintendo SNES/Sink or Swim.uac	sosw.rsn	"[{""Algorithm"":""BLAKE3-256"",""Digest"":""44dee47b197f1ce6caa274c2607a0c723a324dfdbfa25e4ed60921488f8d964e""},{""Algorithm"":""CRC32"",""Digest"":""1A551CAE""},{""Algorithm"":""SHA-1"",""Digest"":""af30b539ae1e7a9f5819ded206249a4d311d5044""},{""Algorithm"":""MD5"",""Digest"":""596fdc4c3db0f904660ad5fa2118ed12""}]"
Nintendo SNES/Ski Paradise with Snowboard (JP).uac	saf.rsn	"[{""Algorithm"":""BLAKE3-256"",""Digest"":""e59a20ca130aaa00d48d53e77c53a4ff68a783e0f0064d27587e619f2ee12dc6""},{""Algorithm"":""CRC32"",""Digest"":""8FB29A1E""},{""Algorithm"":""SHA-1"",""Digest"":""61dbc371322ad195f8253893c91fdea685653cb7""},{""Algorithm"":""MD5"",""Digest"":""096331c7f16b70ce115d4fc4a75f0267""}]"
Nintendo SNES/Skuljagger.uac	skjg.rsn	"[{""Algorithm"":""BLAKE3-256"",""Digest"":""ca75fec1f6e3e013185e396ec99f9e9f41be59ef29b9a452397d499b9511ff88""},{""Algorithm"":""CRC32"",""Digest"":""F68054CC""},{""Algorithm"":""SHA-1"",""Digest"":""9966ac2d814fd414dea93fbc03e22fc8564f857e""},{""Algorithm"":""MD5"",""Digest"":""50a6171ceede9543d357c7ad2fdb093c""}]"
Nintendo SNES/Skyblazer.uac	skb.rsn	"[{""Algorithm"":""BLAKE3-256"",""Digest"":""10fa8e18ac7d22b68ced6a3be2bedd8c8ce11ef8a80e8a4c1579dbdfa39ec45b""},{""Algorithm"":""CRC32"",""Digest"":""8A696E48""},{""Algorithm"":""SHA-1"",""Digest"":""5799b419c5f50b7758fd186f91c981a57fa56662""},{""Algorithm"":""MD5"",""Digest"":""229fd418a7c9a77ac2f20c33b89f49e2""}]"
Nintendo SNES/Slayers (JP).uac	slay.rsn	"[{""Algorithm"":""BLAKE3-256"",""Digest"":""324a0d88b6190fe726a700d0eec67aa7c54bf466663b1f4aa052084f22d763d0""},{""Algorithm"":""CRC32"",""Digest"":""0E547121""},{""Algorithm"":""SHA-1"",""Digest"":""64edd1fbd340b44beda693eb78a4ac0f80920ce0""},{""Algorithm"":""MD5"",""Digest"":""69f03344ee95e669110c701724300886""}]"
Nintendo SNES/Smurfs 2, The.uac	smurf2.rsn	"[{""Algorithm"":""BLAKE3-256"",""Digest"":""d9a67647c976d948bdd9d2a6f79027168ef8bc3c252f6f12f8aa12d12ef6a8ae""},{""Algorithm"":""CRC32"",""Digest"":""CC022484""},{""Algorithm"":""SHA-1"",""Digest"":""95900b63155bd8457d852c0c0569eddee7ec5d02""},{""Algorithm"":""MD5"",""Digest"":""bb0bd98f1b52d6c0072d15d07445cc4a""}]"
Nintendo SNES/Smurfs, The.uac	smurf.rsn	"[{""Algorithm"":""BLAKE3-256"",""Digest"":""aaae3f6505f7ab914195636a4e986e71163632c14e94b0ece37889fc3bce851b""},{""Algorithm"":""CRC32"",""Digest"":""FE725924""},{""Algorithm"":""SHA-1"",""Digest"":""60b2ba18ff110e954dad8aca5ddf0f0c26f244fe""},{""Algorithm"":""MD5"",""Digest"":""67990630f06596770dde7ba213044090""}]"
Nintendo SNES/Snoopy Concert.uac	snc.rsn	"[{""Algorithm"":""BLAKE3-256"",""Digest"":""fb32698ce5600def4141d8babcd5ca74d5e8c3ead7407eb11b1c33fe2db2d4d6""},{""Algorithm"":""CRC32"",""Digest"":""3150B99C""},{""Algorithm"":""SHA-1"",""Digest"":""8a65852dcd65421669e49a4da39b3d08576ecbd5""},{""Algorithm"":""MD5"",""Digest"":""2e5db3bd6f4e903c9be4deddc1610676""}]"
Nintendo SNES/Snow White - Happily Ever After.uac	swhea.rsn	"[{""Algorithm"":""BLAKE3-256"",""Digest"":""37fd76d3239a906c5dfb05b3a9aee724ea8dd6ad7604840ca80001a01f007096""},{""Algorithm"":""CRC32"",""Digest"":""2CD8B72E""},{""Algorithm"":""SHA-1"",""Digest"":""5a905ad2a3cba3eb41dcfd41a34c2a4262138270""},{""Algorithm"":""MD5"",""Digest"":""87f4617c744b4fc09ef0f9cadca87dd4""}]"
Nintendo SNES/Soccer Kid.uac	sokid.rsn	"[{""Algorithm"":""BLAKE3-256"",""Digest"":""9ef0b12e82c4ff73ae88667329d58a64c36813f97c81a02f66f6ae5197038818""},{""Algorithm"":""CRC32"",""Digest"":""2AA1DF0D""},{""Algorithm"":""SHA-1"",""Digest"":""832e9fd8a8b5670557f7e2ffa6579b8d61bd0db8""},{""Algorithm"":""MD5"",""Digest"":""efd40aae3223b35ca366b4182c1824f2""}]"
Nintendo SNES/Soldiers of Fortune.uac	sof.rsn	"[{""Algorithm"":""BLAKE3-256"",""Digest"":""8cbdc0fdd875aebab59bcfb190f6b0895449013014cd0f85cdbdb6f52097fe1d""},{""Algorithm"":""CRC32"",""Digest"":""4B466A64""},{""Algorithm"":""SHA-1"",""Digest"":""78709bfdd6f88712fb42fe141a63a9adfba2cec3""},{""Algorithm"":""MD5"",""Digest"":""53d33b9866888f0042fce742953e6d61""}]"
Nintendo SNES/Solid Runner.uac	solid.rsn	"[{""Algorithm"":""BLAKE3-256"",""Digest"":""c6d979be69fef8b4c3c70c8aafdcd8ea17e58f3e94fbac7f49a1615cb0cc6c8a""},{""Algorithm"":""CRC32"",""Digest"":""8494AE42""},{""Algorithm"":""SHA-1"",""Digest"":""92be54c03f25b72d11ca001488d969e9824f0dcf""},{""Algorithm"":""MD5"",""Digest"":""d9c76266e4b82c89f6d98622d5b350fc""}]"
Nintendo SNES/Song Master (JP).uac	song.rsn	"[{""Algorithm"":""BLAKE3-256"",""Digest"":""2ade3ae4e92ea5472424002e7378dc40cc5257ffd91ef8e44a97567e11018cc2""},{""Algorithm"":""CRC32"",""Digest"":""C20CCEE4""},{""Algorithm"":""SHA-1"",""Digest"":""efbcc3a84ab04eabbc686cbc796291af9eb618a5""},{""Algorithm"":""MD5"",""Digest"":""7ac5951f29a077d886a244792e7977dd""}]"
Nintendo SNES/Sonic Blastman.uac	sblm.rsn	"[{""Algorithm"":""BLAKE3-256"",""Digest"":""bbec7a02f537571abff37e693b5ff6eeb856b2b105dd6530b6eea8c73495741e""},{""Algorithm"":""CRC32"",""Digest"":""D83D3538""},{""Algorithm"":""SHA-1"",""Digest"":""bb7d377f0703c17b924969ff7c2fabc2b265a2a5""},{""Algorithm"":""MD5"",""Digest"":""503ebfbda1e596421e44296f9d5c6b50""}]"
Nintendo SNES/Sonic Wings.uac	sw.rsn	"[{""Algorithm"":""BLAKE3-256"",""Digest"":""9ddb6da94f8d19aaf2597b4ff6da554d9bc56288daf664c951b0084d9c83f984""},{""Algorithm"":""CRC32"",""Digest"":""60028314""},{""Algorithm"":""SHA-1"",""Digest"":""abfe71ceb65d08013bebe29d233bc45b5111780c""},{""Algorithm"":""MD5"",""Digest"":""f35eb604513d9b3d4a74ef9ecb1b3e24""}]"
Nintendo SNES/Sougou Kakutougi - Astral Bout (JP).uac	skab.rsn	"[{""Algorithm"":""BLAKE3-256"",""Digest"":""d306fcd6152e23fd7a78dfc7bdf4f19dda5330818d5fc29729cc3114bcb86cc0""},{""Algorithm"":""CRC32"",""Digest"":""43FA462E""},{""Algorithm"":""SHA-1"",""Digest"":""c2df976932502cab639fda339863c1da8e3e92ba""},{""Algorithm"":""MD5"",""Digest"":""b581369025e298820cbf183bf87eddb5""}]"
Nintendo SNES/Sougou Kakutougi Astral Bout 2 - The Total Fighters.uac	skab2.rsn	"[{""Algorithm"":""BLAKE3-256"",""Digest"":""51636a77074e16afe7595c4dedd0376b058c7b8024540cc2473e50129da02189""},{""Algorithm"":""CRC32"",""Digest"":""116EF796""},{""Algorithm"":""SHA-1"",""Digest"":""0a574a84be6f88bc4347f37d96763384dc21fd6b""},{""Algorithm"":""MD5"",""Digest"":""d30659b788b5b671449e90e18ca9d022""}]"
Nintendo SNES/Soukoukihei Votoms - The Battling Road.uac	vt.rsn	"[{""Algorithm"":""BLAKE3-256"",""Digest"":""f27c945cd5aa6862af307d78b9d7fc43ae0f35db91c73fdfab5951aded45b69f""},{""Algorithm"":""CRC32"",""Digest"":""1284C09D""},{""Algorithm"":""SHA-1"",""Digest"":""2dd4e8c9a3ac0b60cc29df76a216a6fce16442ae""},{""Algorithm"":""MD5"",""Digest"":""7b450cbf6bc758abfcdc0ef052f79cb1""}]"
Nintendo SNES/Soul Blade (Pirate).uac	soulb.rsn	"[{""Algorithm"":""BLAKE3-256"",""Digest"":""ac06afd99512f7c8e4132962c27a1a9f6920d4cab44f1ee5df686eba0c59a307""},{""Algorithm"":""CRC32"",""Digest"":""60042AFA""},{""Algorithm"":""SHA-1"",""Digest"":""6d8dcf906f2ef25aaf0107f77098a18dff4e49f2""},{""Algorithm"":""MD5"",""Digest"":""6eca9391749cce708bfa3d424019b17c""}]"
Nintendo SNES/Soul Blazer.uac	sb.rsn	"[{""Algorithm"":""BLAKE3-256"",""Digest"":""4df8858b9fb51086a2b9fa551f5f4be640ebc2170929f1f1ef2ea88fc9b0c6d2""},{""Algorithm"":""CRC32"",""Digest"":""9D6071BF""},{""Algorithm"":""SHA-1"",""Digest"":""855a6074c417bde9b3c160d211c0ddabbd747e0d""},{""Algorithm"":""MD5"",""Digest"":""0449b2bf9ad7c86d4a036faf90afadb1""}]"
Nintendo SNES/Sound Novel Tsukuru.uac	snt.rsn	"[{""Algorithm"":""BLAKE3-256"",""Digest"":""b5c2ce4f3a18ff5ec56c4545b0d05efeaf853eca237ec2e7d916e05f80502851""},{""Algorithm"":""CRC32"",""Digest"":""270783A9""},{""Algorithm"":""SHA-1"",""Digest"":""792409ce9620005df04cc4089a8f42fae6dfc990""},{""Algorithm"":""MD5"",""Digest"":""ba35b9efe61a3895f7c8bfba2fd3281f""}]"
Nintendo SNES/Space Ace.uac	sace.rsn	"[{""Algorithm"":""BLAKE3-256"",""Digest"":""02b1c204e531ff3ad29b8208f21c3ad1e39c531b1c17b0edbb2b5ee1dc515f97""},{""Algorithm"":""CRC32"",""Digest"":""8BF80BD1""},{""Algorithm"":""SHA-1"",""Digest"":""4f9771ef392b2eab7aa516e5c9551591ddbf09cf""},{""Algorithm"":""MD5"",""Digest"":""d24aee1f4d64e0e0af8576e2008909d1""}]"
Nintendo SNES/Space Football - One on One (US).uac	sfb.rsn	"[{""Algorithm"":""BLAKE3-256"",""Digest"":""5eeb351d53c25f77713dbe15a279de696bb771b2bfde71c8c73f127112f18713""},{""Algorithm"":""CRC32"",""Digest"":""7C551D03""},{""Algorithm"":""SHA-1"",""Digest"":""17d9b85a13e33d4f0a65ac5e26a666b58ad73536""},{""Algorithm"":""MD5"",""Digest"":""b639c45196fb926aba205e329afe299b""}]"
Nintendo SNES/Space Invaders (Super Game Boy).uac	sisgb.rsn	"[{""Algorithm"":""BLAKE3-256"",""Digest"":""140bf4f6bb5c6a8da809900ef8fbd1607bedc9a74ff45736797d38a13f62ba01""},{""Algorithm"":""CRC32"",""Digest"":""1022C75B""},{""Algorithm"":""SHA-1"",""Digest"":""ac327f5bdeb183e9f55e24f72a963030d6dfd01f""},{""Algorithm"":""MD5"",""Digest"":""6dd2d722eb8fb4a7844fe2437714b190""}]"
Nintendo SNES/Space Invaders.uac	si.rsn	"[{""Algorithm"":""BLAKE3-256"",""Digest"":""10dfd1e026b20fec6abd6cdaa360fd0755819a83fc63b3e282c768276c83b5cc""},{""Algorithm"":""CRC32"",""Digest"":""62B558C2""},{""Algorithm"":""SHA-1"",""Digest"":""a5c716d3c5634d0b7a75cacbb54d20aafe92d5be""},{""Algorithm"":""MD5"",""Digest"":""e75b3dc98b01864c9e8faa9f65ab7f07""}]"
Nintendo SNES/Spark World (JP).uac	spw.rsn	"[{""Algorithm"":""BLAKE3-256"",""Digest"":""8505ef68ac71d872e56cd7ad97d52288eb2b600f6995e1b88347d8cf539a0d01""},{""Algorithm"":""CRC32"",""Digest"":""6D38FC33""},{""Algorithm"":""SHA-1"",""Digest"":""78d6b83d9c142800ca9acfb56e48b5157dee5505""},{""Algorithm"":""MD5"",""Digest"":""6f4fbb1dcd8b1d7c7b731236b9d54d9e""}]"
Nintendo SNES/Sparkster.uac	spark.rsn	"[{""Algorithm"":""BLAKE3-256"",""Digest"":""efca4f6f45a3f1b8ace6bfe13f32503036285bcf766dc1cfd261659208ffe05d""},{""Algorithm"":""CRC32"",""Digest"":""AB1B8580""},{""Algorithm"":""SHA-1"",""Digest"":""95120ff2821ef9f52764fd972cc326a3196203cb""},{""Algorithm"":""MD5"",""Digest"":""54fd4c649289d1cf6477a5e15e37a472""}]"
Nintendo SNES/Spawn.uac	spwn.rsn	"[{""Algorithm"":""BLAKE3-256"",""Digest"":""829b42038af6fb343dcba7269cf0469330e478482bc22d2179c2735f80f74dbc""},{""Algorithm"":""CRC32"",""Digest"":""83261107""},{""Algorithm"":""SHA-1"",""Digest"":""ed141a7f0802f15aadcd4ce460b8da7dcaf61318""},{""Algorithm"":""MD5"",""Digest"":""d3e65a3157a3de6476907e3ebd81aff5""}]"
Nintendo SNES/Special Tee Shot (US).uac	sts.rsn	"[{""Algorithm"":""BLAKE3-256"",""Digest"":""43ca135d9eefa9729d1bc65d8cc00ad989d5444fbf8992e4ee228cde5dffbc14""},{""Algorithm"":""CRC32"",""Digest"":""443BDDF5""},{""Algorithm"":""SHA-1"",""Digest"":""01a95f974d80a23f7e3368337dc3a430cbcd96f3""},{""Algorithm"":""MD5"",""Digest"":""3986dc1b6d1bab325d4ac48249a6f39a""}]"
Nintendo SNES/Spectre.uac	spec.rsn	"[{""Algorithm"":""BLAKE3-256"",""Digest"":""d521739252d69e096222f257f288636aabe800a4e67abdc5dfe8f6bd29d6e997""},{""Algorithm"":""CRC32"",""Digest"":""E627EFC1""},{""Algorithm"":""SHA-1"",""Digest"":""e826e89d4de7dbafd209deca0cb34005b2b340a8""},{""Algorithm"":""MD5"",""Digest"":""c03dfa3cf5ed9a04068fcb5381301192""}]"
Nintendo SNES/Speed Racer.uac	speed.rsn	"[{""Algorithm"":""BLAKE3-256"",""Digest"":""d69bc53173092a5169aa72a3594907e0d95000b04e94c44ef1e3acf24dd775f6""},{""Algorithm"":""CRC32"",""Digest"":""29FA4D03""},{""Algorithm"":""SHA-1"",""Digest"":""f634632f35cb44ba529d85f49d057099ec86ca4a""},{""Algorithm"":""MD5"",""Digest"":""1bead97a5c0e1ce4cb81760079ff0c0b""}]"
Nintendo SNES/Speedy Gonzalez in Los Gatos Banditos.uac	sggb.rsn	"[{""Algorithm"":""BLAKE3-256"",""Digest"":""ed27be6ca9b2900cc28f8c7af61626f26065460fa69af7a15c2ec0f22157acc2""},{""Algorithm"":""CRC32"",""Digest"":""9E538921""},{""Algorithm"":""SHA-1"",""Digest"":""87848eeca651416a1b2355de5de4495fcdcf81a7""},{""Algorithm"":""MD5"",""Digest"":""d8251922f4f8ed53c21f7f9f992b599e""}]"
Nintendo SNES/Spellcraft.uac	spc.rsn	"[{""Algorithm"":""BLAKE3-256"",""Digest"":""d23de433594e2632e14b45c3b0b88ab83a0cbc7d1b133a0e85da50761c510b37""},{""Algorithm"":""CRC32"",""Digest"":""97A513B4""},{""Algorithm"":""SHA-1"",""Digest"":""42a0584a55d94e6434adb63758295ad377e58204""},{""Algorithm"":""MD5"",""Digest"":""15f2ddb3bc0bdae3e3704a2489642f2e""}]"
Nintendo SNES/Spider-Man & Venom - Separation Anxiety.uac	svsa.rsn	"[{""Algorithm"":""BLAKE3-256"",""Digest"":""34e0643f4a8e6fb17490c018cd25b77e877c13bc8b7d83a9d5f1ecfcf73e6f67""},{""Algorithm"":""CRC32"",""Digest"":""78CC40E2""},{""Algorithm"":""SHA-1"",""Digest"":""7ba6702ca67b882dbf2979ecefc778029817fe49""},{""Algorithm"":""MD5"",""Digest"":""ac4a4e41615f87644752aae820f45b64""}]"
Nintendo SNES/Spider-Man and Venom - Maximum Carnage.uac	svmc.rsn	"[{""Algorithm"":""BLAKE3-256"",""Digest"":""1bc6054479f6e5f07b3be065745ac39bad760f8488bf4bc0b42d0a67e88c0768""},{""Algorithm"":""CRC32"",""Digest"":""EE3EE937""},{""Algorithm"":""SHA-1"",""Digest"":""06f4f8b97fc24549407cdeba8e01f0fd63cc95b1""},{""Algorithm"":""MD5"",""Digest"":""3f425a32acdc4428e8f0cdeb17b563fb""}]"
Nintendo SNES/Spider-Man.uac	spm.rsn	"[{""Algorithm"":""BLAKE3-256"",""Digest"":""0afb6a62fd414787e76de7528113e8c58808f08ca3355935de8204aa5c4963d5""},{""Algorithm"":""CRC32"",""Digest"":""596CE888""},{""Algorithm"":""SHA-1"",""Digest"":""45eca21290e878d8dcb7a8d60e038d804bf65fb1""},{""Algorithm"":""MD5"",""Digest"":""953803b8192592153c25fa114b0932db""}]"
Nintendo SNES/Spiderman - Lethal Foes.uac	smlf.rsn	"[{""Algorithm"":""BLAKE3-256"",""Digest"":""c46a7c15df6540bffc86d9ff2b0288e941555659edf98ad8d922b6ee7ea6c448""},{""Algorithm"":""CRC32"",""Digest"":""9CD55494""},{""Algorithm"":""SHA-1"",""Digest"":""92add2fe0bcc40b73b5ab926f8e53c2341b7905f""},{""Algorithm"":""MD5"",""Digest"":""1247bfed41cca6865c4853a786fd6ecd""}]"
Nintendo SNES/Spiderman and the X-Men - Arcade's Revenge.uac	saxar.rsn	"[{""Algorithm"":""BLAKE3-256"",""Digest"":""c4c41e1508248f18b3489604b3e1d05595ece2fe3f6e0d1736af20991ad37f83""},{""Algorithm"":""CRC32"",""Digest"":""5EC850B5""},{""Algorithm"":""SHA-1"",""Digest"":""0fd119eea72401d1f96611acee74578389fd1615""},{""Algorithm"":""MD5"",""Digest"":""a237a78f079c892a557f7fc0ce0165fb""}]"
Nintendo SNES/Spindizzy Worlds.uac	spdz.rsn	"[{""Algorithm"":""BLAKE3-256"",""Digest"":""4e85fcf356cb86649b7e957879578171c8f3d790650fbc044c9954dedc486ac3""},{""Algorithm"":""CRC32"",""Digest"":""7194F28C""},{""Algorithm"":""SHA-1"",""Digest"":""551b8023166c0f3356497505246cba908adf0044""},{""Algorithm"":""MD5"",""Digest"":""db54bbfff7a8f5745798ce0b38998f2c""}]"
Nintendo SNES/Spirou (EU).uac	spir.rsn	"[{""Algorithm"":""BLAKE3-256"",""Digest"":""630b2f801c8717f6150818df14d07c33f1e6edf408da23ae5829df7b086fb694""},{""Algorithm"":""CRC32"",""Digest"":""91F06AA8""},{""Algorithm"":""SHA-1"",""Digest"":""ccb8243febfb51419807de8f5c45e7272e9ae097""},{""Algorithm"":""MD5"",""Digest"":""a598cc52fc6f8f401bb1ed80f0a37fc0""}]"
Nintendo SNES/Sporting News Baseball.uac	snbb.rsn	"[{""Algorithm"":""BLAKE3-256"",""Digest"":""e59527c34e453690775366dbf29720ab8e67ea1002248a2d66e846e944ecc101""},{""Algorithm"":""CRC32"",""Digest"":""14EA3563""},{""Algorithm"":""SHA-1"",""Digest"":""43c37ffd95c243b3d09ec36f2d57e4ad3cdf1f65""},{""Algorithm"":""MD5"",""Digest"":""bf2ad3a92552f9ad0687a5d38c623c6e""}]"
Nintendo SNES/Sports Illustrated Championship Football and Baseball.uac	sicfb.rsn	"[{""Algorithm"":""BLAKE3-256"",""Digest"":""e893e288291def52923289a1c6a631d3bfd8431c59bb6052c7d45813ab958c1a""},{""Algorithm"":""CRC32"",""Digest"":""C91833AD""},{""Algorithm"":""SHA-1"",""Digest"":""d00b4ab245ebf17539a8a9d05e3d589372ccea94""},{""Algorithm"":""MD5"",""Digest"":""3018ffa0c595b5e0e8b3b23c143deae6""}]"
Nintendo SNES/Spriggan Powered.uac	sprp.rsn	"[{""Algorithm"":""BLAKE3-256"",""Digest"":""0af5ddf4fad538e0c7533a075ed5d0a5f0371a736ccdc1b6c47deed877625881""},{""Algorithm"":""CRC32"",""Digest"":""FBD94C4F""},{""Algorithm"":""SHA-1"",""Digest"":""d007f9f7022d55a81ec076cb902b2d43dd7471c7""},{""Algorithm"":""MD5"",""Digest"":""1d542bb35063f631c1170cee44948016""}]"
Nintendo SNES/St. Giga 10gatsu Gou.uac	sg10g.rsn	"[{""Algorithm"":""BLAKE3-256"",""Digest"":""5779b5b591bc2115366e3a9e3b19df8c065f67bd64bdb8034a84a36f52345ce8""},{""Algorithm"":""CRC32"",""Digest"":""1BD17F90""},{""Algorithm"":""SHA-1"",""Digest"":""01ed2146a5db844fb829bdcc340c4dd234cdc691""},{""Algorithm"":""MD5"",""Digest"":""176bf3cba9b49dac26ea11380622647a""}]"
Nintendo SNES/Star Fox 2 (never released to public).uac	sfx2.rsn	"[{""Algorithm"":""BLAKE3-256"",""Digest"":""2c3c25c220255b3dde7c3e64a918a8247833f8088ba57d6a89c8bdba31bb35c0""},{""Algorithm"":""CRC32"",""Digest"":""B9880589""},{""Algorithm"":""SHA-1"",""Digest"":""cd2a152c30ebd21f9a037f5b74948e8bb437951b""},{""Algorithm"":""MD5"",""Digest"":""4aa734cbb9eddaaedd49afe492f03d4b""}]"
Nintendo SNES/Star Fox.uac	sf.rsn	"[{""Algorithm"":""BLAKE3-256"",""Digest"":""1dcada18eb6b815aeed8903cf1215208de95b76c102598daed7b1eaa15a837a9""},{""Algorithm"":""CRC32"",""Digest"":""25960A17""},{""Algorithm"":""SHA-1"",""Digest"":""ee918d907f37ab3b88eef466f76a54289f75be51""},{""Algorithm"":""MD5"",""Digest"":""033886dbb33c71daaa2461c638c84d4c""}]"
Nintendo SNES/Star Ocean.uac	so.rsn	"[{""Algorithm"":""BLAKE3-256"",""Digest"":""3d609e000828f46d8d6e25b8cefe5a9d31b53205858b5b5a404f05d6a42c0de5""},{""Algorithm"":""CRC32"",""Digest"":""4C0A91F9""},{""Algorithm"":""SHA-1"",""Digest"":""d9c2c2af804ac24491e62cd28e1369b92f32994e""},{""Algorithm"":""MD5"",""Digest"":""a3fe0077160390bf06874ef1cd6acc61""}]"
Nintendo SNES/Star Trek - The Next Generation.uac	stn.rsn	"[{""Algorithm"":""BLAKE3-256"",""Digest"":""e29e35ab92a2b517e13f507b7d1900d2725a97768841cf640a1cd7c418e9341b""},{""Algorithm"":""CRC32"",""Digest"":""16AEE420""},{""Algorithm"":""SHA-1"",""Digest"":""a462e409327cad7746dc4350aa19c283bd88441c""},{""Algorithm"":""MD5"",""Digest"":""dafe377b315d852fcb0d91cbd0374598""}]"
Nintendo SNES/Starfield Trainer.uac	sftr.rsn	"[{""Algorithm"":""BLAKE3-256"",""Digest"":""9276d11da5455accd1568f9c489798ebbe5b23c6b2646e10ba06eb17596bf56f""},{""Algorithm"":""CRC32"",""Digest"":""4AB89984""},{""Algorithm"":""SHA-1"",""Digest"":""5ec2d321f7f12b8f2e1e5764170ee16a1dfa9ccc""},{""Algorithm"":""MD5"",""Digest"":""a0e1a37965cdee17eb95aeaf058a44d7""}]"
Nintendo SNES/Stargate.uac	sgate.rsn	"[{""Algorithm"":""BLAKE3-256"",""Digest"":""4ccb6415f2ad61ea588e872d6c0e44adcd4c17781eaa5401d5c008f332cf11be""},{""Algorithm"":""CRC32"",""Digest"":""9EF86631""},{""Algorithm"":""SHA-1"",""Digest"":""d44fc655732b5b99b33c2bf033bde44c2f79635c""},{""Algorithm"":""MD5"",""Digest"":""5444a4d8be13fc030ea3537226064490""}]"
Nintendo SNES/Stealth.uac	stl.rsn	"[{""Algorithm"":""BLAKE3-256"",""Digest"":""6811dde1e0410649d23a18de1ab6ae0b807003e64f6a11c8771d61d641ef79e7""},{""Algorithm"":""CRC32"",""Digest"":""AAD7D1B8""},{""Algorithm"":""SHA-1"",""Digest"":""f2398e5078bedfdf5dcd1b4b44c6783fd23aa438""},{""Algorithm"":""MD5"",""Digest"":""7716a597c55db3ce610c29a149cbe98f""}]"
Nintendo SNES/Sterling Sharpe - End 2 End.uac	sse2e.rsn	"[{""Algorithm"":""BLAKE3-256"",""Digest"":""cb8c27cb644c0e442ad02b17e3a1bbeb51ebf4907b6dba436e6e6644ac98abd3""},{""Algorithm"":""CRC32"",""Digest"":""20C710FF""},{""Algorithm"":""SHA-1"",""Digest"":""a377bc26c46e85b4e8453472788c684f60854b33""},{""Algorithm"":""MD5"",""Digest"":""3fd5227970801e955b79f837a8cab89e""}]"
Nintendo SNES/Steven Seagal is the Final Option.uac	ssitfo.rsn	"[{""Algorithm"":""BLAKE3-256"",""Digest"":""e76bc3891a80297c8f80fc9fc426606ad15a3d0d3dc70acdc48f5459ca2d82c2""},{""Algorithm"":""CRC32"",""Digest"":""64AB0A42""},{""Algorithm"":""SHA-1"",""Digest"":""abad7ab90851b0048c972b6a5b17c91168f5d367""},{""Algorithm"":""MD5"",""Digest"":""89235ea54dfe5530839042aa1de041ec""}]"
Nintendo SNES/Stone Protectors.uac	stone.rsn	"[{""Algorithm"":""BLAKE3-256"",""Digest"":""64a2ca4b35cd0037638373e02a83deac7ea393016ef7935e79eee331b85fd607""},{""Algorithm"":""CRC32"",""Digest"":""2B064B11""},{""Algorithm"":""SHA-1"",""Digest"":""51c3e47823cd2625eac430100876310c08fbc839""},{""Algorithm"":""MD5"",""Digest"":""1b9d6abd49407e8a48b8d98cc6b6beb8""}]"
Nintendo SNES/Street Combat.uac	strc.rsn	"[{""Algorithm"":""BLAKE3-256"",""Digest"":""41c210e9a5e7ac1f0b55a9f61de0f51d79fa193b5e46ce5828154303be4558f7""},{""Algorithm"":""CRC32"",""Digest"":""E6C9F0C1""},{""Algorithm"":""SHA-1"",""Digest"":""0a48612da0123718b46e2e5c30061d31f6c3f320""},{""Algorithm"":""MD5"",""Digest"":""1e64b8ab13d650c714e3435a7656a7d9""}]"
Nintendo SNES/Street Fighter 2 Turbo.uac	sf2t.rsn	"[{""Algorithm"":""BLAKE3-256"",""Digest"":""518953d0c554b142bdda500cb82158c8922acb215e4248143550200e6179eed5""},{""Algorithm"":""CRC32"",""Digest"":""3E526B3C""},{""Algorithm"":""SHA-1"",""Digest"":""d9b5924a16d56370697ba2a94bf10e649948833b""},{""Algorithm"":""MD5"",""Digest"":""8f85bccf296315d84a4a7b243a180831""}]"
Nintendo SNES/Street Fighter 2.uac	sf2.rsn	"[{""Algorithm"":""BLAKE3-256"",""Digest"":""b6676b40fae6704b0adfff265ee1af5c46c5c478fe33719bd4501792b3ccc7e6""},{""Algorithm"":""CRC32"",""Digest"":""F27D6B09""},{""Algorithm"":""SHA-1"",""Digest"":""ec26326f53605baf79d8bd8b10f2101d5fc4b6c1""},{""Algorithm"":""MD5"",""Digest"":""f07264ad7b4f6cc36b00285515c71c19""}]"
Nintendo SNES/Street Fighter Alpha 2.uac	sfa2.rsn	"[{""Algorithm"":""BLAKE3-256"",""Digest"":""868e1bf24bb605c43082b1fafd54d70217c983a29126d833a174fb7250020355""},{""Algorithm"":""CRC32"",""Digest"":""39C32BAD""},{""Algorithm"":""SHA-1"",""Digest"":""ab0ffc30672f8c9744a15923d6c7048ae5340197""},{""Algorithm"":""MD5"",""Digest"":""b8efc4a8568d6b92dbdd07587b35d0fb""}]"
Nintendo SNES/Street Hockey '95.uac	sh95.rsn	"[{""Algorithm"":""BLAKE3-256"",""Digest"":""c2e24820d83f669835b0f3f058d4b04f3074dbe11c3ad6f61405b1024b60b464""},{""Algorithm"":""CRC32"",""Digest"":""52B55945""},{""Algorithm"":""SHA-1"",""Digest"":""fc21646ef768fc9c308f6402e878a2b3059e943b""},{""Algorithm"":""MD5"",""Digest"":""f9097d0c58637833f89fe5105e6fa875""}]"
Nintendo SNES/Street Racer.uac	srace.rsn	"[{""Algorithm"":""BLAKE3-256"",""Digest"":""ba8f61d3a8ba4db43b28804a90f40f6a259164da1692f0413afeeba97fc6a8bd""},{""Algorithm"":""CRC32"",""Digest"":""9D94BB51""},{""Algorithm"":""SHA-1"",""Digest"":""3c8f175c0794f5dd371fee544293ba8a65acac00""},{""Algorithm"":""MD5"",""Digest"":""02ad0020c59ffc081365233ce2fcb7c9""}]"
Nintendo SNES/Strike Gunner STG.uac	stg.rsn	"[{""Algorithm"":""BLAKE3-256"",""Digest"":""361275611dce933630793b891bb7e247b89223e34e48d7ecf0e58a1241c01850""},{""Algorithm"":""CRC32"",""Digest"":""B271BB6B""},{""Algorithm"":""SHA-1"",""Digest"":""c1dfe6d1a165df698ad849718610d92c740d10fc""},{""Algorithm"":""MD5"",""Digest"":""bf830fb8b771ddc2e530589d077e2a1b""}]"
Nintendo SNES/Striker.uac	strkr.rsn	"[{""Algorithm"":""BLAKE3-256"",""Digest"":""89e44244812247735cecce902082d3fd98e56a38c9a714b318c58a2c9a7a1acc""},{""Algorithm"":""CRC32"",""Digest"":""603E10D7""},{""Algorithm"":""SHA-1"",""Digest"":""4aafb207f43e0eccc26ef042447dbce63d41b51e""},{""Algorithm"":""MD5"",""Digest"":""1ddbf2b81f5e0c45fb5051a3c5e25909""}]"
Nintendo SNES/Stunt Race FX.uac	wt.rsn	"[{""Algorithm"":""BLAKE3-256"",""Digest"":""d44ca5bbc0c42a0f73983e01050875887ca5fcc95ddd8f1ce4e067055c101629""},{""Algorithm"":""CRC32"",""Digest"":""98F915B6""},{""Algorithm"":""SHA-1"",""Digest"":""a56f9ae1e579f7219f030e39ec22d4c52db5e4ba""},{""Algorithm"":""MD5"",""Digest"":""50a8b5305ea5266340cb2aefbfb0975a""}]"
Nintendo SNES/Sufami Turbo BIOS.uac	suftu.rsn	"[{""Algorithm"":""BLAKE3-256"",""Digest"":""4ee86184222b01ba9245e6740c7502c159c261454dc6e90a23d49a9314de4445""},{""Algorithm"":""CRC32"",""Digest"":""0FC64EAB""},{""Algorithm"":""SHA-1"",""Digest"":""46c621d6146f1b3f9ef98d56d8e6ccb623706794""},{""Algorithm"":""MD5"",""Digest"":""ed9005f05601ba4f519cf933bdce3df2""}]"
Nintendo SNES/Sugoi Hebereke.uac	sgh.rsn	"[{""Algorithm"":""BLAKE3-256"",""Digest"":""d56db8ce5544b939dd7a1c9b426c4cf5a34537d5c6ee1452f95c9c246a303673""},{""Algorithm"":""CRC32"",""Digest"":""71FF880B""},{""Algorithm"":""SHA-1"",""Digest"":""8533be53fd38ba3211cd86aae6b17e783c9ea0a5""},{""Algorithm"":""MD5"",""Digest"":""d2e1d869e50274a0211c28bf581871c6""}]"
Nintendo SNES/Sunset Riders.uac	ssrd.rsn	"[{""Algorithm"":""BLAKE3-256"",""Digest"":""1fb0c9f6ad0d7ae2a63d5c38c16de9c4f2cc8ae69d45594fa39f4e935b35c986""},{""Algorithm"":""CRC32"",""Digest"":""B54BC5AC""},{""Algorithm"":""SHA-1"",""Digest"":""b84435daf437e111be2f4c14abba9062d4a63369""},{""Algorithm"":""MD5"",""Digest"":""cd4de9b4e29da11a195612cfc8d007f5""}]"
Nintendo SNES/Supapoon DX.uac	spndx.rsn	"[{""Algorithm"":""BLAKE3-256"",""Digest"":""d62b66bc899246bd452cb00b86e0498a4f871938974428e883ad876ce23bbb99""},{""Algorithm"":""CRC32"",""Digest"":""D443D0C6""},{""Algorithm"":""SHA-1"",""Digest"":""4a533fcf821c37ad436ceacb9e8a7fd5577e122a""},{""Algorithm"":""MD5"",""Digest"":""e297f7f6e3ff2c1ee81268f01977dd7e""}]"
Nintendo SNES/Supapoon.uac	spn.rsn	"[{""Algorithm"":""BLAKE3-256"",""Digest"":""a111ad95b227c6df1f779581ac9501ec55d3980b32e5a79db07c685e7aa7fef9""},{""Algorithm"":""CRC32"",""Digest"":""9EC86AAF""},{""Algorithm"":""SHA-1"",""Digest"":""34d85713dbf5097b9caa1f12031153b65f37dfa1""},{""Algorithm"":""MD5"",""Digest"":""64fdf41617cd89022479b6a939c11b68""}]"
Nintendo SNES/Super Adventure Island 2.uac	sai2.rsn	"[{""Algorithm"":""BLAKE3-256"",""Digest"":""c42729a96d048c9a854dcb53868079c047f1bc6446a6b8a92cf5bb790600ac7d""},{""Algorithm"":""CRC32"",""Digest"":""C3D3FAEE""},{""Algorithm"":""SHA-1"",""Digest"":""03dfa5e51448786799507dc9c610ad09bed5e2f8""},{""Algorithm"":""MD5"",""Digest"":""5537927259803b082eedace7534e6240""}]"
Nintendo SNES/Super Adventure Island.uac	sai.rsn	"[{""Algorithm"":""BLAKE3-256"",""Digest"":""9beea5e063d2874d37e21d028a17a41b64ee7129bf4a68f02ae597aa76dbc0c6""},{""Algorithm"":""CRC32"",""Digest"":""C3E24062""},{""Algorithm"":""SHA-1"",""Digest"":""29746cd97f0b276ec96196412c996c0544f98e02""},{""Algorithm"":""MD5"",""Digest"":""280629e2bc5bc3e53c77a76a11aeb254""}]"
Nintendo SNES/Super Air Diver 2.uac	sad2.rsn	"[{""Algorithm"":""BLAKE3-256"",""Digest"":""49d5a4a9542ccd30666084c40b6f8d320be52c9f6666654360ccf9dd764f1aac""},{""Algorithm"":""CRC32"",""Digest"":""C07E17CE""},{""Algorithm"":""SHA-1"",""Digest"":""08d05ca5402cd2364cc1b90ca61f5ad7354caf65""},{""Algorithm"":""MD5"",""Digest"":""2c4d9ac9ebe4a3174f9af7ee8bf49201""}]"
Nintendo SNES/Super Air Diver.uac	sad.rsn	"[{""Algorithm"":""BLAKE3-256"",""Digest"":""f61a260bed8b0dda4381b09d75f95d66c6eea8013d10bd33ba0a009f189548eb""},{""Algorithm"":""CRC32"",""Digest"":""0408BF96""},{""Algorithm"":""SHA-1"",""Digest"":""fb6c04a091e30173d6a33100bcfa00f8f58e0ed8""},{""Algorithm"":""MD5"",""Digest"":""78454d6063facd8c467a28b0fa3069b4""}]"
Nintendo SNES/Super Aleste (Space Megaforce).uac	sa.rsn	"[{""Algorithm"":""BLAKE3-256"",""Digest"":""6b245f9af944c925722e6c15f7d4790b329fff132b482adff9b932a809eea5c7""},{""Algorithm"":""CRC32"",""Digest"":""0CA5652F""},{""Algorithm"":""SHA-1"",""Digest"":""00a0d07eb6529cfcc005f9355247d101a1e53964""},{""Algorithm"":""MD5"",""Digest"":""257a4dc12ce262d23b850d7c7470c1f2""}]"
Nintendo SNES/Super Aoki Ookami to Shiroki Mejika - Genchou Hishi (Genghis Khan 2 - Clan of the Grey Wolf).uac	gk2.rsn	"[{""Algorithm"":""BLAKE3-256"",""Digest"":""c34d84fceeb118c3c4da7170300c9eaf6ad3d2ffee5265ba13ebe2b11799485e""},{""Algorithm"":""CRC32"",""Digest"":""D0FE6BBB""},{""Algorithm"":""SHA-1"",""Digest"":""36d5be933bc0492d2841ced8e265107106bb423f""},{""Algorithm"":""MD5"",""Digest"":""9f73f44a51550d9993c4f89b8412ea19""}]"
Nintendo SNES/Super Aquatic Games (James Pond's Crazy Sports).uac	aqua.rsn	"[{""Algorithm"":""BLAKE3-256"",""Digest"":""76e671ec76aa2086c1526c13e0921b1e30d74747d19e9410641d6556664a96e8""},{""Algorithm"":""CRC32"",""Digest"":""C1F98C54""},{""Algorithm"":""SHA-1"",""Digest"":""d05ee36dc61bacb9d8fa424db3810771541e589b""},{""Algorithm"":""MD5"",""Digest"":""d045c67916f9bcbbf849b824cc1d1414""}]"
Nintendo SNES/Super Back to the Future Part II (JP).uac	sbf2.rsn	"[{""Algorithm"":""BLAKE3-256"",""Digest"":""a8c2ba15763f34aaa345b5c7c56dac3d3338539c41f5f0b567dcddf792bcce32""},{""Algorithm"":""CRC32"",""Digest"":""6531645A""},{""Algorithm"":""SHA-1"",""Digest"":""67e2b0196f77bf1bb3c843a0fb178c1ad7e4be65""},{""Algorithm"":""MD5"",""Digest"":""e48654ca3ae9803f07702ea7fea75877""}]"
Nintendo SNES/Super Baseball 2020 (US).uac	sb20.rsn	"[{""Algorithm"":""BLAKE3-256"",""Digest"":""6bd61d1a19bbc0e7c61204241b53d2f0a8db8e5530c3614e1e8b227044934d7f""},{""Algorithm"":""CRC32"",""Digest"":""64971BC8""},{""Algorithm"":""SHA-1"",""Digest"":""f38a9c5709683e237961978cd82e03e4e199f226""},{""Algorithm"":""MD5"",""Digest"":""6688663fb674bcaf3afba253691c1a49""}]"
Nintendo SNES/Super Baseball Simulator 1.000.uac	bsim.rsn	"[{""Algorithm"":""BLAKE3-256"",""Digest"":""2aebfb2ce1a323f9fe7f87e65904c8f597d03cdb3fb024a6314392bb2a4bd1c8""},{""Algorithm"":""CRC32"",""Digest"":""93A7E274""},{""Algorithm"":""SHA-1"",""Digest"":""ed5874ad308aa93d84b7f6aebb82929e2f60c991""},{""Algorithm"":""MD5"",""Digest"":""3beef9e2f41461c3fb8fa4d62793be0b""}]"
Nintendo SNES/Super Bases Loaded 2 (US).uac	sbl2.rsn	"[{""Algorithm"":""BLAKE3-256"",""Digest"":""cf13a5be020062fc4f52ae66ea06be832f10d791df1c559abf6fedff1f9cdcfb""},{""Algorithm"":""CRC32"",""Digest"":""94A28C15""},{""Algorithm"":""SHA-1"",""Digest"":""45ba4ad1c0f7e3acbd3d6305d7c60394ed768cd3""},{""Algorithm"":""MD5"",""Digest"":""e3d2367a7c61a07c9be4143b7fc507b2""}]"
Nintendo SNES/Super Bases Loaded 3.uac	sbl3.rsn	"[{""Algorithm"":""BLAKE3-256"",""Digest"":""289a56934c883604fc3041ecf36366f01f1fde0f79a13079afa437c3d49e8def""},{""Algorithm"":""CRC32"",""Digest"":""F0E58E29""},{""Algorithm"":""SHA-1"",""Digest"":""bbcad8bd86895a3bf919b4faa3cbeddde15e6865""},{""Algorithm"":""MD5"",""Digest"":""e1fa13d0299bacb3b32e2fef7653db0a""}]"
Nintendo SNES/Super Batter Up.uac	sbup.rsn	"[{""Algorithm"":""BLAKE3-256"",""Digest"":""f2204a6fb0809ca2690eb9c7d88fb334aafcc37be0f030ea247cd53011ba9d73""},{""Algorithm"":""CRC32"",""Digest"":""8F48A5D3""},{""Algorithm"":""SHA-1"",""Digest"":""b7a154f9b5ef26a322870e54cbb46a705ec60530""},{""Algorithm"":""MD5"",""Digest"":""783ab2f65369c9a48661e2f08be3fe1c""}]"
Nintendo SNES/Super Battleship.uac	sbs.rsn	"[{""Algorithm"":""BLAKE3-256"",""Digest"":""6020f58bf78d7421e991d1a1ba86ee912d2ab6cc2e94045cd7b9742270ce3476""},{""Algorithm"":""CRC32"",""Digest"":""447322DB""},{""Algorithm"":""SHA-1"",""Digest"":""8588bd587ace17972542942f01b86a04a37bf952""},{""Algorithm"":""MD5"",""Digest"":""71740543c3ec726ba839a8e98a04f557""}]"
Nintendo SNES/Super Battletank 2.uac	sbtk2.rsn	"[{""Algorithm"":""BLAKE3-256"",""Digest"":""0e1f10c2321b8b3a252674b8c0e55dbcfd2dc1d381f41c14c482797e42e4d21c""},{""Algorithm"":""CRC32"",""Digest"":""57279B0D""},{""Algorithm"":""SHA-1"",""Digest"":""89fa506837024007dcb203dc2177166f82bd86f6""},{""Algorithm"":""MD5"",""Digest"":""9c55ff39640d1d5962b71725db1c1b6b""}]"
Nintendo SNES/Super Battletank.uac	sbtk.rsn	"[{""Algorithm"":""BLAKE3-256"",""Digest"":""77fc93db4a64f30a70cb07795af8e873ff82f4fe95f9b5d7d797679020384f5e""},{""Algorithm"":""CRC32"",""Digest"":""94ABB93B""},{""Algorithm"":""SHA-1"",""Digest"":""e7f4ee5e59c6cb8273a0d3343b3101eaf011f206""},{""Algorithm"":""MD5"",""Digest"":""a324cc5cb53bc9007602c825f42c112a""}]"
Nintendo SNES/Super Big 2.uac	sb2.rsn	"[{""Algorithm"":""BLAKE3-256"",""Digest"":""07d8b5646bf17a5e3e0dd6b2bbd69e5be90e49e7aba27642c248b612e79ed253""},{""Algorithm"":""CRC32"",""Digest"":""EBBAA42F""},{""Algorithm"":""SHA-1"",""Digest"":""86e6e363d3bbf2d3f4eed64d697e1f90938e27f4""},{""Algorithm"":""MD5"",""Digest"":""49fa22adcc8acf8525859e4a508905d5""}]"
Nintendo SNES/Super Bikkuriman.uac	sbk.rsn	"[{""Algorithm"":""BLAKE3-256"",""Digest"":""e70324a022a7a2f5e6fc99cfe86716ba632117f97fe02c2818c436e58c8a9546""},{""Algorithm"":""CRC32"",""Digest"":""86283459""},{""Algorithm"":""SHA-1"",""Digest"":""6d3369f652adb411c8fd815ccff5ce699addd2df""},{""Algorithm"":""MD5"",""Digest"":""acc7b35649ed3ec77eb09425531f4d26""}]"
Nintendo SNES/Super Black Bass 2 (Bassin's Black Bass).uac	sbb2.rsn	"[{""Algorithm"":""BLAKE3-256"",""Digest"":""1d80cb13f9efb00781de553b8aad7bf8b3aaf42d6a2e4b64ed039cff44c12a05""},{""Algorithm"":""CRC32"",""Digest"":""D0756240""},{""Algorithm"":""SHA-1"",""Digest"":""003dbb11b7f6d5ba047d095f481f55a6e23ac73e""},{""Algorithm"":""MD5"",""Digest"":""a0d3ab3102a8fa6880199ee58400253a""}]"
Nintendo SNES/Super Black Bass.uac	sbb1.rsn	"[{""Algorithm"":""BLAKE3-256"",""Digest"":""b7b4a99f211e25c5712cb6108801b3d6115e0f759295cb427dc4c4bcd44ee905""},{""Algorithm"":""CRC32"",""Digest"":""67C2FF3E""},{""Algorithm"":""SHA-1"",""Digest"":""0c25b59dc0719f335b580f80dbe6c9717edd6575""},{""Algorithm"":""MD5"",""Digest"":""5eac636608c4d39aa025606f54d39076""}]"
Nintendo SNES/Super Bomberman - Panic Bomber W.uac	spbw.rsn	"[{""Algorithm"":""BLAKE3-256"",""Digest"":""875bf86096413f78d3afe006d57634c841c436d6dd6c0c6f8b36d246a95b180e""},{""Algorithm"":""CRC32"",""Digest"":""D5865B1A""},{""Algorithm"":""SHA-1"",""Digest"":""7354d931d82dd5ab526274b3c2bc8f5908b09aa3""},{""Algorithm"":""MD5"",""Digest"":""c1e3edef0e63a444aaeff4053dfa78cf""}]"
Nintendo SNES/Super Bomberman 2.uac	sbm2.rsn	"[{""Algorithm"":""BLAKE3-256"",""Digest"":""8266b3a0d0d1cdc06fc2890d632f12c6b442176f34d0661c7a05a744d82d5de2""},{""Algorithm"":""CRC32"",""Digest"":""0A757C8A""},{""Algorithm"":""SHA-1"",""Digest"":""d2b94b7a8715a05e53b7da4d011c2d1ea447a0ae""},{""Algorithm"":""MD5"",""Digest"":""7f31e9f913ed3ed9c3376e2e040dc14d""}]"
Nintendo SNES/Super Bomberman 3.uac	sbm3.rsn	"[{""Algorithm"":""BLAKE3-256"",""Digest"":""08cc86d7bbaae67e6e3934abb1c6c02b72323d66df6fe18c3471fc899ec2f2fe""},{""Algorithm"":""CRC32"",""Digest"":""B029757C""},{""Algorithm"":""SHA-1"",""Digest"":""f05893121429fb8fda99d0d430d64a91bf6a6070""},{""Algorithm"":""MD5"",""Digest"":""431844a7db051a82cb22593c2e7fb2a3""}]"
Nintendo SNES/Super Bomberman 4.uac	sbm4.rsn	"[{""Algorithm"":""BLAKE3-256"",""Digest"":""6c93fed40a1864be63f7f503395ed997cd1118f2e78e8210ec7f4a5b94c24505""},{""Algorithm"":""CRC32"",""Digest"":""3A5ADC4F""},{""Algorithm"":""SHA-1"",""Digest"":""4ab1d861bbe3eed974a4ed39b1ec2ce732200712""},{""Algorithm"":""MD5"",""Digest"":""3c675e8c3adc09dcbcc0069f022d97b4""}]"
Nintendo SNES/Super Bomberman 5 (JP).uac	sbm5.rsn	"[{""Algorithm"":""BLAKE3-256"",""Digest"":""9c4b35ca4999713ca44dcf6b0d2b0f1cc218433b9ff6583dcfb9f1c86c839333""},{""Algorithm"":""CRC32"",""Digest"":""8BC326D3""},{""Algorithm"":""SHA-1"",""Digest"":""5e8fef328c07c04e6d5ba675fe453aebe0009890""},{""Algorithm"":""MD5"",""Digest"":""62dc95bb939d697e1d590b577d45a597""}]"
Nintendo SNES/Super Bomberman.uac	sbm.rsn	"[{""Algorithm"":""BLAKE3-256"",""Digest"":""38d1ddc3cdb876f039ec2dca2fc93f3cbfdf79fad8da6efb09c6a38090d25020""},{""Algorithm"":""CRC32"",""Digest"":""926EEDE4""},{""Algorithm"":""SHA-1"",""Digest"":""bd7825be8a692223ab74e378527196164a992d4a""},{""Algorithm"":""MD5"",""Digest"":""0ee87163cb05468573e86be082b5d4a2""}]"
Nintendo SNES/Super Bombliss.uac	sbom.rsn	"[{""Algorithm"":""BLAKE3-256"",""Digest"":""ba3099a00914389b0fe6da52ba143af7bc3e1381bb7ab3fdbec40cb0fc2b1d81""},{""Algorithm"":""CRC32"",""Digest"":""D0F67915""},{""Algorithm"":""SHA-1"",""Digest"":""eafc0b329f1cd3bd639efca458c63782214aaf33""},{""Algorithm"":""MD5"",""Digest"":""aa62d5cab5b02a70ee9ac42f15e03ad8""}]"
Nintendo SNES/Super Bonk.uac	bonk.rsn	"[{""Algorithm"":""BLAKE3-256"",""Digest"":""0f54ac4e50281cff3923482af61215451bb1425e7af9e1f325fc0a876f106f8e""},{""Algorithm"":""CRC32"",""Digest"":""3CE40EBD""},{""Algorithm"":""SHA-1"",""Digest"":""5e888092784e640c13fbab94d9e7e74adfd97cc6""},{""Algorithm"":""MD5"",""Digest"":""6467efb47cc70c11ff4775d06f6748b2""}]"
Nintendo SNES/Super Bowling.uac	sbowl.rsn	"[{""Algorithm"":""BLAKE3-256"",""Digest"":""dba7021e29ff51f3bcdda50c527e7d62dd08b8383e59f55ca9e5c8040affd3cd""},{""Algorithm"":""CRC32"",""Digest"":""AF3B00E5""},{""Algorithm"":""SHA-1"",""Digest"":""30b3de365593db1c04bb40b716604a7d6cca707d""},{""Algorithm"":""MD5"",""Digest"":""8e1b516104891548ddea2ab960d0ff81""}]"
Nintendo SNES/Super Buster Bros.uac	sbb.rsn	"[{""Algorithm"":""BLAKE3-256"",""Digest"":""6cd9bd82bb020e44ba885678daffae03c263f9d54089ba32368125a16f20a21a""},{""Algorithm"":""CRC32"",""Digest"":""2EB169EA""},{""Algorithm"":""SHA-1"",""Digest"":""8e98e805f112d512a92505fc82816fbb67f223eb""},{""Algorithm"":""MD5"",""Digest"":""ef57a18455b28f313caf1820eeceb57d""}]"
Nintendo SNES/Super Caesars Palace (US).uac	scp.rsn	"[{""Algorithm"":""BLAKE3-256"",""Digest"":""dfb726df754dbf778d938dadd2ac5f418957ed6dfbd026d5ff0615ec7dc1850d""},{""Algorithm"":""CRC32"",""Digest"":""166EA5E7""},{""Algorithm"":""SHA-1"",""Digest"":""77a5e0ea259a726785504f7478de2e4ed2862acd""},{""Algorithm"":""MD5"",""Digest"":""5596706a3305b87487054c5994781e01""}]"
Nintendo SNES/Super Casino 2.uac	scas2.rsn	"[{""Algorithm"":""BLAKE3-256"",""Digest"":""819de2f233f13897fb964b591cf2f5079b914e17976226a6eefeca7b40d9e1b5""},{""Algorithm"":""CRC32"",""Digest"":""717BFF77""},{""Algorithm"":""SHA-1"",""Digest"":""7dbe96e9325f73480afabc750ac1b3579c6b5562""},{""Algorithm"":""MD5"",""Digest"":""0ddfdf5006c8ec9137ee3da14100392b""}]"
Nintendo SNES/Super Chase H.Q.uac	schq.rsn	"[{""Algorithm"":""BLAKE3-256"",""Digest"":""6c50b2ef09679a5973c461384af71e626c3c86154fadc83e0364396e9a9e715c""},{""Algorithm"":""CRC32"",""Digest"":""391E35C9""},{""Algorithm"":""SHA-1"",""Digest"":""9b47b0c840af2dec62c820f24380eed3fca38cce""},{""Algorithm"":""MD5"",""Digest"":""50b216d8143aa2c9d8d524a4563ca7a6""}]"
Nintendo SNES/Super Conflict - The Mideast.uac	scme.rsn	"[{""Algorithm"":""BLAKE3-256"",""Digest"":""c26faa8e70638f6f4be0a0a2b7bfdda93a5821e79a71fdda02102e288a9f3b63""},{""Algorithm"":""CRC32"",""Digest"":""E604AC13""},{""Algorithm"":""SHA-1"",""Digest"":""bedec7bf3bea294c0c33e45a077c77efb55c35b0""},{""Algorithm"":""MD5"",""Digest"":""d78efd97177e0e1ac4acf0d42b9161bf""}]"
Nintendo SNES/Super Copa (US).uac	suco.rsn	"[{""Algorithm"":""BLAKE3-256"",""Digest"":""92bf75c6c4465c33b668a760c0e4cc50e8332fa2f6d331709518266897884c02""},{""Algorithm"":""CRC32"",""Digest"":""1915DBD9""},{""Algorithm"":""SHA-1"",""Digest"":""787728a995ec2c5968f0d79afe777dcda472b3fc""},{""Algorithm"":""MD5"",""Digest"":""33e6d6b7abeb3da636c48ba76c9a93a3""}]"
Nintendo SNES/Super Dany (FR).uac	dany.rsn	"[{""Algorithm"":""BLAKE3-256"",""Digest"":""de2549aa75a150f9fe46d7c387f59bee0453f5421ca024ec2d87cddfd1780dda""},{""Algorithm"":""CRC32"",""Digest"":""54D896F0""},{""Algorithm"":""SHA-1"",""Digest"":""dd707303aefedd8173586874ff9ab9eab7279666""},{""Algorithm"":""MD5"",""Digest"":""13c1c128431648c0ee463a91f376e7a4""}]"
Nintendo SNES/Super Double Dragon.uac	sdd.rsn	"[{""Algorithm"":""BLAKE3-256"",""Digest"":""1752ee01c4b997d309fd015047733d592762f8013b9fca895cb35ae73a056f01""},{""Algorithm"":""CRC32"",""Digest"":""3073C8E3""},{""Algorithm"":""SHA-1"",""Digest"":""a3630b75609730509b7623a18082a925a66552db""},{""Algorithm"":""MD5"",""Digest"":""5b5e01af0accd25a9b7b99b3d4ddaaa1""}]"
Nintendo SNES/Super Double Yakuman 2.uac	sudy2.rsn	"[{""Algorithm"":""BLAKE3-256"",""Digest"":""7caa8dd31d313c4b18d9ea1eaa2880c19a571d64f0982c4813469ba2e6540352""},{""Algorithm"":""CRC32"",""Digest"":""C385D034""},{""Algorithm"":""SHA-1"",""Digest"":""1247754d573b496afb675c7da12212e7999d5d34""},{""Algorithm"":""MD5"",""Digest"":""4e8fc6f91c113b9e1afbc631b9fec199""}]"
Nintendo SNES/Super Double Yakuman.uac	sudy.rsn	"[{""Algorithm"":""BLAKE3-256"",""Digest"":""77e0e2162c83348ef75906a89c595f811b50c58f994656be2f3a0a211be015ca""},{""Algorithm"":""CRC32"",""Digest"":""29E7B178""},{""Algorithm"":""SHA-1"",""Digest"":""ceb662e5bdde7127fd2f265e711a4eba7e564969""},{""Algorithm"":""MD5"",""Digest"":""4705aa6103c4c68cf4c24573f0284e16""}]"
Nintendo SNES/Super Drift Out (JP).uac	sdo.rsn	"[{""Algorithm"":""BLAKE3-256"",""Digest"":""174d615f07bc80fbe3f438f6491cf36b7765842109ea0fd7d7ed5d2d3e58154a""},{""Algorithm"":""CRC32"",""Digest"":""878D3771""},{""Algorithm"":""SHA-1"",""Digest"":""116a70ec47527f1f007f44ae632914555c32533c""},{""Algorithm"":""MD5"",""Digest"":""58e1fdcc8b93d7416e89cc6a55c9c2c6""}]"
Nintendo SNES/Super Dunk Star.uac	sduns.rsn	"[{""Algorithm"":""BLAKE3-256"",""Digest"":""f27109cdaa8b6b383285603ddc3b7ebee7f70168deb1a8847ec23308f513bfe7""},{""Algorithm"":""CRC32"",""Digest"":""A83E3552""},{""Algorithm"":""SHA-1"",""Digest"":""31911e3a7f4bee35d46502b7efcc79992d4b8193""},{""Algorithm"":""MD5"",""Digest"":""e0e835e9d489f8b5e4dc9256b2cf1dd8""}]"
Nintendo SNES/Super E.D.F. - Earth Defense Force.uac	edf.rsn	"[{""Algorithm"":""BLAKE3-256"",""Digest"":""474e37420266b24b66abfed959e1b56b04b5d35973379973ef37500a01058561""},{""Algorithm"":""CRC32"",""Digest"":""A47169BF""},{""Algorithm"":""SHA-1"",""Digest"":""2f43a722162bef9f9a681b560c0404b45798891a""},{""Algorithm"":""MD5"",""Digest"":""36de3a7ddefc8b172b0e7cc94a57ed36""}]"
Nintendo SNES/Super F1 Circus.uac	sf1c.rsn	"[{""Algorithm"":""BLAKE3-256"",""Digest"":""dbdcd52fa0d441487d80516423eca9432f2c6d7b864a68370c18405880a50524""},{""Algorithm"":""CRC32"",""Digest"":""B0D563CF""},{""Algorithm"":""SHA-1"",""Digest"":""33c6c60c612b4e8125b1e8b3c30d2bd8cb02d24d""},{""Algorithm"":""MD5"",""Digest"":""ad28823351cfb2ebf0cc99a1dccf5b12""}]"
Nintendo SNES/Super F1 Hero.uac	sf1h.rsn	"[{""Algorithm"":""BLAKE3-256"",""Digest"":""e819ce45fcdd1079f9a6a80edbd9c52b3fc243df7a64c8bf16bdd6a31233b25f""},{""Algorithm"":""CRC32"",""Digest"":""E7B6BC1A""},{""Algorithm"":""SHA-1"",""Digest"":""040adf89827de8fbeb169e2a4f213baf6ed563d0""},{""Algorithm"":""MD5"",""Digest"":""2be6eae2a5dd5b2972b8273c823d9de6""}]"
Nintendo SNES/Super Famicom Box 4S Attraction (JP).uac	sfcb.rsn	"[{""Algorithm"":""BLAKE3-256"",""Digest"":""60eefd3f6f747e45f7e3cdad4fa83e037506472ee9f564098d73b70b2697c299""},{""Algorithm"":""CRC32"",""Digest"":""05A086DD""},{""Algorithm"":""SHA-1"",""Digest"":""d675e11538ce3a30fb6c8fe15ca06fc1e76192b5""},{""Algorithm"":""MD5"",""Digest"":""10b20e0fcff829bba0f65aeb1bf2899e""}]"
Nintendo SNES/Super Famicom Wars.uac	sfcw.rsn	"[{""Algorithm"":""BLAKE3-256"",""Digest"":""9a288ffb743aaf75e7978bf1d6cd8909dc76d01bffe982e4893ab0a7cd127ab5""},{""Algorithm"":""CRC32"",""Digest"":""F69B3DDB""},{""Algorithm"":""SHA-1"",""Digest"":""c562c09fe3d52d16bce4ba4801b219563af6c0a1""},{""Algorithm"":""MD5"",""Digest"":""b4385f7dcf816e13b06bb6d9e3bf8c00""}]"
Nintendo SNES/Super Family Circuit.uac	sfc.rsn	"[{""Algorithm"":""BLAKE3-256"",""Digest"":""d8262d07d9a9ad903f3c851d2866b9ac2d4cd5b051a7a769e7849e699ab39a80""},{""Algorithm"":""CRC32"",""Digest"":""636A5307""},{""Algorithm"":""SHA-1"",""Digest"":""9f7f89912912f6211343ff682752c6c462d42fa6""},{""Algorithm"":""MD5"",""Digest"":""94035d185e90aad0fc0bfecfc9388c99""}]"
Nintendo SNES/Super Family Gerende.uac	sfg.rsn	"[{""Algorithm"":""BLAKE3-256"",""Digest"":""6b74cea9d8357591d0417268f03590023a7e896f4ff661cfbb0d57f1c3a7f606""},{""Algorithm"":""CRC32"",""Digest"":""DE00124B""},{""Algorithm"":""SHA-1"",""Digest"":""09d1e780eed6115a6f7a51f25f0a10796b643703""},{""Algorithm"":""MD5"",""Digest"":""565d6353151bcd5a579194bc4b10ea6a""}]"
Nintendo SNES/Super Family Tennis (JP).uac	sft.rsn	"[{""Algorithm"":""BLAKE3-256"",""Digest"":""7ddb17c8a2000c1f853a0a6d80a0f33ac07a4c4bea004387c296b71cc6a8964c""},{""Algorithm"":""CRC32"",""Digest"":""8FA92DF7""},{""Algorithm"":""SHA-1"",""Digest"":""65d23cd202995ea2434810de5a30dab9f2208cc6""},{""Algorithm"":""MD5"",""Digest"":""ffe777f2e4c71de214ed929ba93f2c39""}]"
Nintendo SNES/Super Famista 2 (JP).uac	sufa2.rsn	"[{""Algorithm"":""BLAKE3-256"",""Digest"":""501ca4d52b416d63da758d72f25c2a34f12d4e25005722d26313d1a6a08f43d8""},{""Algorithm"":""CRC32"",""Digest"":""72C82D37""},{""Algorithm"":""SHA-1"",""Digest"":""47e1abf7cbef047782746ef2f990a12d210a4a86""},{""Algorithm"":""MD5"",""Digest"":""e83956fd7c91b1e7440458c09848fe59""}]"
Nintendo SNES/Super Famista.uac	sufa.rsn	"[{""Algorithm"":""BLAKE3-256"",""Digest"":""45ae51e65f519775d15d480e79fe81f86fcc87eb8f4f1e46b3e214abee2928f3""},{""Algorithm"":""CRC32"",""Digest"":""7743C8E5""},{""Algorithm"":""SHA-1"",""Digest"":""31304435597fb95eacee38a21abcbf8f48712581""},{""Algorithm"":""MD5"",""Digest"":""b72884df1a12bff39edd14343ec9a177""}]"
Nintendo SNES/Super Final Match Tennis.uac	sfmt.rsn	"[{""Algorithm"":""BLAKE3-256"",""Digest"":""1f0a0d451c2eab6b55fb15ed0d1be1959e761a9502a187652e5ab15bc2505f8c""},{""Algorithm"":""CRC32"",""Digest"":""5E327322""},{""Algorithm"":""SHA-1"",""Digest"":""b4b86c66678a5a5bf7448c6b826b70a4ea557050""},{""Algorithm"":""MD5"",""Digest"":""d7d46c4f7a15135fef9ea6ab22c62725""}]"
Nintendo SNES/Super Fire Pro Wrestling X.uac	fpwx.rsn	"[{""Algorithm"":""BLAKE3-256"",""Digest"":""91f3e3bd706bf8da6d5cc8f9070b1d7cbaffaaf7f4d43e2602fe6f0c92c2b714""},{""Algorithm"":""CRC32"",""Digest"":""F03D79FE""},{""Algorithm"":""SHA-1"",""Digest"":""2d92c22dd63ef52eafe823790dd2193d9c258582""},{""Algorithm"":""MD5"",""Digest"":""9bd35abac2672bdcec9d38433f278d7a""}]"
Nintendo SNES/Super Fire Pro Wrestling.uac	sfpw.rsn	"[{""Algorithm"":""BLAKE3-256"",""Digest"":""4950d1f5f037ee60d811eea04532620a9f1b6371002b48683b7834f2f2b4b908""},{""Algorithm"":""CRC32"",""Digest"":""6FDCF782""},{""Algorithm"":""SHA-1"",""Digest"":""530e15660e8bbddc3b667a3a1011bea4981af6d1""},{""Algorithm"":""MD5"",""Digest"":""60ace07160a4d652befe309972dce4b9""}]"
Nintendo SNES/Super Formation Soccer '94.uac	sfs94.rsn	"[{""Algorithm"":""BLAKE3-256"",""Digest"":""3cb70172eae64510ad2e4b4ebb54344e9c3eb4a17dd000f54bd6422db5274e1d""},{""Algorithm"":""CRC32"",""Digest"":""0464C32D""},{""Algorithm"":""SHA-1"",""Digest"":""8cbb7a393c2a636fdd17fa91311b3a6e088359c3""},{""Algorithm"":""MD5"",""Digest"":""f24d6fc86195766295095d6fbb352b5b""}]"
Nintendo SNES/Super Formation Soccer '95.uac	sfs95.rsn	"[{""Algorithm"":""BLAKE3-256"",""Digest"":""44d93148eeb75d0a8367b8be61f6115c4b06d00841f6614185d9b7a2786f75f1""},{""Algorithm"":""CRC32"",""Digest"":""ECD5A70A""},{""Algorithm"":""SHA-1"",""Digest"":""30171cd5c488b73876bc7758aa8d30d0ca6ad5cf""},{""Algorithm"":""MD5"",""Digest"":""7878bb525398f7c14f194c0d0b5d0985""}]"
Nintendo SNES/Super Formation Soccer '96.uac	sfs96.rsn	"[{""Algorithm"":""BLAKE3-256"",""Digest"":""c8e2c0cde1cc1a91f29bd34ad4b069fefd95b4eebebc710d16064fadbe1388b6""},{""Algorithm"":""CRC32"",""Digest"":""9607ED32""},{""Algorithm"":""SHA-1"",""Digest"":""99aa266a56c572ec2012198688e2ac2aa296a595""},{""Algorithm"":""MD5"",""Digest"":""12a11e4ecaafe179a69f72e0270aa8ca""}]"
Nintendo SNES/Super Formation Soccer (Super Soccer).uac	sfs.rsn	"[{""Algorithm"":""BLAKE3-256"",""Digest"":""d02ff10e934f75325150f287f114da537a4f2c03d90d4e9d1ade9d2252023d48""},{""Algorithm"":""CRC32"",""Digest"":""E14B1965""},{""Algorithm"":""SHA-1"",""Digest"":""8e44afdf1e0971ccb3934f1523ab7a501dc597c0""},{""Algorithm"":""MD5"",""Digest"":""93acffc9b8a183cb41c5b8a8b27a4c6d""}]"
Nintendo SNES/Super Formation Soccer 2.uac	sfs2.rsn	"[{""Algorithm"":""BLAKE3-256"",""Digest"":""380b2333dea14361fa911f5fdd4b1056a139921d2403f786765e06325c07afc8""},{""Algorithm"":""CRC32"",""Digest"":""D5D54249""},{""Algorithm"":""SHA-1"",""Digest"":""38cb14dfaca900eb9937d7ac442f9f39f0ab30ad""},{""Algorithm"":""MD5"",""Digest"":""5baf8cec02b490cc6c2ad971f967e3a9""}]"
Nintendo SNES/Super Genjin 2.uac	sgj2.rsn	"[{""Algorithm"":""BLAKE3-256"",""Digest"":""45428b36bbba8f5a4f1893ebbef789efe6108049ed91fff19013c7336ba760ad""},{""Algorithm"":""CRC32"",""Digest"":""9832DFCC""},{""Algorithm"":""SHA-1"",""Digest"":""8bee57d3dca6e1f7d17de373df769d14c0a6563e""},{""Algorithm"":""MD5"",""Digest"":""1a745797e59edad60b5b382fe07b0daf""}]"
Nintendo SNES/Super Ghouls 'n' Ghosts.uac	sgng.rsn	"[{""Algorithm"":""BLAKE3-256"",""Digest"":""76fc69b5f1161f5c3c0e133251eeafc0ae5a912c4e7ade7c02c638dab9f5b8eb""},{""Algorithm"":""CRC32"",""Digest"":""C8A25F9F""},{""Algorithm"":""SHA-1"",""Digest"":""302017769b83a44a91da73d2a1474a47bcb193d9""},{""Algorithm"":""MD5"",""Digest"":""0650ab13005c47d8508f626b73db7f03""}]"
Nintendo SNES/Super Goal!.uac	sgoal.rsn	"[{""Algorithm"":""BLAKE3-256"",""Digest"":""aa96bc65896d2e07f3862be5d0ae3f2d68b7fc94aa3bbc0956e5d1d1b9df4cec""},{""Algorithm"":""CRC32"",""Digest"":""5B91EFAE""},{""Algorithm"":""SHA-1"",""Digest"":""6cd2d63f70a77d57c3b2683c2fe8191240e63f7e""},{""Algorithm"":""MD5"",""Digest"":""72bcf580032442ca0fd53e25f100d3fe""}]"
Nintendo SNES/Super Godzilla.uac	sgod.rsn	"[{""Algorithm"":""BLAKE3-256"",""Digest"":""83a055dffc7b90f4346a43524295ad92d11535a53cc836ec0db5fe3c8fbf6aac""},{""Algorithm"":""CRC32"",""Digest"":""DF317A3A""},{""Algorithm"":""SHA-1"",""Digest"":""3edade46f4dba4f33c90d9db30bb7e474f0c03fa""},{""Algorithm"":""MD5"",""Digest"":""35043cc3ad2e1de75e8c3596c30e0520""}]"
Nintendo SNES/Super Gomoku Narabe - Renju (JP).uac	sgn.rsn	"[{""Algorithm"":""BLAKE3-256"",""Digest"":""5df232772147b8dea7088582d493ac68f54a9a5229a756aa1ec1fac4a3e33230""},{""Algorithm"":""CRC32"",""Digest"":""CB3316B1""},{""Algorithm"":""SHA-1"",""Digest"":""b095a78a0bdc824a02fd3ad374ad1ad3f66f76fe""},{""Algorithm"":""MD5"",""Digest"":""738864b73cdfd712095bdc01e24c767c""}]"
Nintendo SNES/Super Gussun Oyoyo 2.uac	sgo2.rsn	"[{""Algorithm"":""BLAKE3-256"",""Digest"":""f6517f8e8b612a0f8591c0350d75347ef990712b47cc47a0117d158cf2973915""},{""Algorithm"":""CRC32"",""Digest"":""708A3A4D""},{""Algorithm"":""SHA-1"",""Digest"":""60c8d4e6e8f040c8942e8291023c14cf13a6fdce""},{""Algorithm"":""MD5"",""Digest"":""20dd66cf907ae8dcb25eed7f7be34050""}]"
Nintendo SNES/Super Gussun Oyoyo.uac	sgo.rsn	"[{""Algorithm"":""BLAKE3-256"",""Digest"":""935dc7599f4aa89c044c0a767f54e937714b97e620bdc5824c5ce4be5417c7ab""},{""Algorithm"":""CRC32"",""Digest"":""8A69B3C7""},{""Algorithm"":""SHA-1"",""Digest"":""a39992f8268af796120d00498408b4b3abb86032""},{""Algorithm"":""MD5"",""Digest"":""0ff2a6154da4f1e2c843a82f3cafc036""}]"
Nintendo SNES/Super Hanafuda.uac	suha.rsn	"[{""Algorithm"":""BLAKE3-256"",""Digest"":""667ef36a0aafafc1df6fdbd1e3d0b696a47c109d807a5c4c441fb8f335345e16""},{""Algorithm"":""CRC32"",""Digest"":""DC25234F""},{""Algorithm"":""SHA-1"",""Digest"":""284cdd9dffb90947ce184580aa80fa4154627f64""},{""Algorithm"":""MD5"",""Digest"":""9e7e1e2e0ec4976f39d7854de88f0f92""}]"
Nintendo SNES/Super High Impact.uac	shi.rsn	"[{""Algorithm"":""BLAKE3-256"",""Digest"":""a9577ee06eb992f695499620ef8a72409559df72469eaa09759a207d1e619fda""},{""Algorithm"":""CRC32"",""Digest"":""29D0C363""},{""Algorithm"":""SHA-1"",""Digest"":""882197655a00133e8acc9161ae53ca0fc6d26e06""},{""Algorithm"":""MD5"",""Digest"":""0a121798c765e018f5b12ad2b3ede223""}]"
Nintendo SNES/Super Hockey '94 (JP).uac	sh94.rsn	"[{""Algorithm"":""BLAKE3-256"",""Digest"":""3ea6cd8ceceb5698d2adb08d85c667b6370df7635d2f97401682cc29aeab84cb""},{""Algorithm"":""CRC32"",""Digest"":""38259228""},{""Algorithm"":""SHA-1"",""Digest"":""fe65e68ecf0fc3ddbfd7417908c44bd6d9e446f5""},{""Algorithm"":""MD5"",""Digest"":""740b22c3aedc2288bf29ebc4390efd83""}]"
Nintendo SNES/Super Indy Champ.uac	sindc.rsn	"[{""Algorithm"":""BLAKE3-256"",""Digest"":""293b18fa545dea2f0f4d18dfbe3782f3c58ebf5a81c99bb91298c2bdeb045101""},{""Algorithm"":""CRC32"",""Digest"":""8FE02327""},{""Algorithm"":""SHA-1"",""Digest"":""ab24ced8163497c7952534fa45f56d4bcdf8f797""},{""Algorithm"":""MD5"",""Digest"":""61fd76362053a01614ae17c221d35836""}]"
Nintendo SNES/Super International Cricket.uac	sic.rsn	"[{""Algorithm"":""BLAKE3-256"",""Digest"":""33a6f38a62e4acb693ddbbea34e0d6c6cf43701b097a2c858a6fa380a32e3447""},{""Algorithm"":""CRC32"",""Digest"":""ED3D0627""},{""Algorithm"":""SHA-1"",""Digest"":""c48970e6d849e5860763a418ced3f7fd5f4271b4""},{""Algorithm"":""MD5"",""Digest"":""fb297b2491f32c51609de0c8ae03fe0e""}]"
Nintendo SNES/Super James Pond 2.uac	sjp2.rsn	"[{""Algorithm"":""BLAKE3-256"",""Digest"":""b457fdec7621ad4ac5ba9bb6e3b93c7ac37cb8453127204d2e3b88a54fbdad92""},{""Algorithm"":""CRC32"",""Digest"":""077AF55D""},{""Algorithm"":""SHA-1"",""Digest"":""40067ea06499349aa884d5d23609c4b6db63e11c""},{""Algorithm"":""MD5"",""Digest"":""06c10b2f8c60b32da8244cf66ed04f3e""}]"
Nintendo SNES/Super James Pond 3.uac	sjp3.rsn	"[{""Algorithm"":""BLAKE3-256"",""Digest"":""d99f47ba68d9f67fde997a4cb2a6f40287b409e768267bfa321cc7e12372563a""},{""Algorithm"":""CRC32"",""Digest"":""090AC8BB""},{""Algorithm"":""SHA-1"",""Digest"":""174b10cf1d701f7ea8f56d5dee35aa042262f477""},{""Algorithm"":""MD5"",""Digest"":""aba2b944dd0637d09b7edae6f861b31d""}]"
Nintendo SNES/Super James Pond.uac	sjp.rsn	"[{""Algorithm"":""BLAKE3-256"",""Digest"":""594e0a08aad4222010b2d32e487aceae8f42396c145c9844dca36e14d8de9ade""},{""Algorithm"":""CRC32"",""Digest"":""75AE0BB4""},{""Algorithm"":""SHA-1"",""Digest"":""59c8e55053d640a2136167782be289bb0cafc7df""},{""Algorithm"":""MD5"",""Digest"":""481cda49bd078a998b1b887d665f715b""}]"
Nintendo SNES/Super Koukou Yakyuu - Ikkyuu Nyuukon.uac	skyin.rsn	"[{""Algorithm"":""BLAKE3-256"",""Digest"":""7726bca46e32fb9d791a4208021dd38ece83ff3f8dc9513178241893f9d22131""},{""Algorithm"":""CRC32"",""Digest"":""F56519F8""},{""Algorithm"":""SHA-1"",""Digest"":""47f3e0b4a253f288f552c408dff8c4f9d81c4d30""},{""Algorithm"":""MD5"",""Digest"":""a1877949cee85210f4f9bcb98d322026""}]"
Nintendo SNES/Super Kyuukyoku Harikiri Stadium.uac	skhs.rsn	"[{""Algorithm"":""BLAKE3-256"",""Digest"":""4c2731872537ad29701418d7184187613f5333bb058e1a8b2c1063fca9ae8298""},{""Algorithm"":""CRC32"",""Digest"":""0164267A""},{""Algorithm"":""SHA-1"",""Digest"":""a2766da44ccd58b8e597390e3efcd63b86e8b96f""},{""Algorithm"":""MD5"",""Digest"":""7f72c221ce4559ad27cbf4591b666db9""}]"
Nintendo SNES/Super Loopz.uac	sloop.rsn	"[{""Algorithm"":""BLAKE3-256"",""Digest"":""db6148c5a6847ffe876e375bc396a0276134a567595d5600d347fec5262c4e33""},{""Algorithm"":""CRC32"",""Digest"":""A800BF23""},{""Algorithm"":""SHA-1"",""Digest"":""d81a9601990d9aff554cbbdb5f05f42c4e75f6bd""},{""Algorithm"":""MD5"",""Digest"":""a5560f91d011c29403f124acc549b36b""}]"
Nintendo SNES/Super Mad Champ.uac	smadc.rsn	"[{""Algorithm"":""BLAKE3-256"",""Digest"":""ac6958df81921579a53dbcf7b6402168c92f38d2ffaeb4e103a489dff56bef3b""},{""Algorithm"":""CRC32"",""Digest"":""97EF69E7""},{""Algorithm"":""SHA-1"",""Digest"":""9223766d20c0128475f2c5d571525169f477b4c6""},{""Algorithm"":""MD5"",""Digest"":""304f19a725275a770a58f2c71ccc5624""}]"
Nintendo SNES/Super Mahjong (JP).uac	sumj.rsn	"[{""Algorithm"":""BLAKE3-256"",""Digest"":""317920358f1e36f9991cf9f916d76beacf5527cc8a6ba37b2d44345e87b17330""},{""Algorithm"":""CRC32"",""Digest"":""82F29724""},{""Algorithm"":""SHA-1"",""Digest"":""7083c7510e56f99f8cd90a942498d5c04476fd7a""},{""Algorithm"":""MD5"",""Digest"":""281e2569ea3b8ba934b088ea0f21caf0""}]"
Nintendo SNES/Super Mahjong 2.uac	sumj2.rsn	"[{""Algorithm"":""BLAKE3-256"",""Digest"":""2bd50a19deab8fa164122d935da47aa7a29d3749d2634d485d518f6b10aa69f8""},{""Algorithm"":""CRC32"",""Digest"":""6D75D330""},{""Algorithm"":""SHA-1"",""Digest"":""ef92c9ef96397c51315638bd0bed5846dd3d662f""},{""Algorithm"":""MD5"",""Digest"":""5273fc53d81b01c48ba337711d9c6a97""}]"
Nintendo SNES/Super Mahjong 3.uac	sumj3.rsn	"[{""Algorithm"":""BLAKE3-256"",""Digest"":""c60ce00122dafbca9d086fe95f2c21fe399dd5ff2394ea10cc234ae7a863abb5""},{""Algorithm"":""CRC32"",""Digest"":""47F0A9D4""},{""Algorithm"":""SHA-1"",""Digest"":""bc89815883221898a3719c780b9426090cff1d30""},{""Algorithm"":""MD5"",""Digest"":""ecf7f79600f5ba601b359f1e2c29598b""}]"
Nintendo SNES/Super Mario All-Stars.uac	smas.rsn	"[{""Algorithm"":""BLAKE3-256"",""Digest"":""5a5af523a94d80c35094bbdbbfdded29a4c162e3a8ab0cdde361cb08962fb1c0""},{""Algorithm"":""CRC32"",""Digest"":""860D624C""},{""Algorithm"":""SHA-1"",""Digest"":""f8737672ccae7d8688a0e95ff113b7b4b178ebf8""},{""Algorithm"":""MD5"",""Digest"":""e36252079b73bebbd8e7f9153d79e1e6""}]"
Nintendo SNES/Super Mario Excitebike.uac	smeb.rsn	"[{""Algorithm"":""BLAKE3-256"",""Digest"":""4ea3804874f1fa98201c9ba656d65cbe62bffdb5e3d9b73d0190a43c03f4b16f""},{""Algorithm"":""CRC32"",""Digest"":""1CD31693""},{""Algorithm"":""SHA-1"",""Digest"":""bdc26e840ea76c6a532963257a6793076891a861""},{""Algorithm"":""MD5"",""Digest"":""ed9bf6d983d7c3ec1272e4d6b7a72fa4""}]"
Nintendo SNES/Super Mario Kart.uac	smk.rsn	"[{""Algorithm"":""BLAKE3-256"",""Digest"":""c410c177c024e4b4c3fed667641a9db7df987f917c008221babf6f478479c9ab""},{""Algorithm"":""CRC32"",""Digest"":""C755ED3F""},{""Algorithm"":""SHA-1"",""Digest"":""af681ebfc82ae8bf35d49b8cdff44c87f92838db""},{""Algorithm"":""MD5"",""Digest"":""64421faf77493e9d1ac12bda0bcedb36""}]"
Nintendo SNES/Super Mario World 2 - Yoshi's Island.uac	yi.rsn	"[{""Algorithm"":""BLAKE3-256"",""Digest"":""83d308a8ed08cbe016f9c3791dfdd77b48811ae35597fc32eb39b389485d88cc""},{""Algorithm"":""CRC32"",""Digest"":""BF4FC0E8""},{""Algorithm"":""SHA-1"",""Digest"":""218646223a7e09986ceff99beb5e2ed7339dd391""},{""Algorithm"":""MD5"",""Digest"":""b534d57fd66ee585af65e2cb0949a440""}]"
Nintendo SNES/Super Mario World.uac	smw.rsn	"[{""Algorithm"":""BLAKE3-256"",""Digest"":""972c9543302634a820bf8818617ad9009de95f8c2f846e87129547b173de9486""},{""Algorithm"":""CRC32"",""Digest"":""4CBAC066""},{""Algorithm"":""SHA-1"",""Digest"":""d1f73e5be6f0d521717264b5914653197baeea5d""},{""Algorithm"":""MD5"",""Digest"":""9101da51d4b81e80378e51e629c9dbd4""}]"
Nintendo SNES/Super Metroid.uac	sm.rsn	"[{""Algorithm"":""BLAKE3-256"",""Digest"":""46123e4062f9b9f8c6289ba0d5ce8dd7f63b75e89275abc0475c8c10e7d18b30""},{""Algorithm"":""CRC32"",""Digest"":""75EF6FF6""},{""Algorithm"":""SHA-1"",""Digest"":""e678e64d59e48050ba1953fbc0b74df99337d9d2""},{""Algorithm"":""MD5"",""Digest"":""2e295548f490c0e6f80489125e2497fd""}]"
Nintendo SNES/Super Momotarou Dentetsu DX.uac	smdd.rsn	"[{""Algorithm"":""BLAKE3-256"",""Digest"":""755590da5e1c8856bb10afe7ed64d38a05d20c095bb98cbc57df063b856dfda3""},{""Algorithm"":""CRC32"",""Digest"":""85C1DA60""},{""Algorithm"":""SHA-1"",""Digest"":""1f7c40b31b285e17ff8a9b7179da37704b6c4a40""},{""Algorithm"":""MD5"",""Digest"":""b03750253c15f9ee6807b7b49e90727d""}]"
Nintendo SNES/Super Morph (EU).uac	smph.rsn	"[{""Algorithm"":""BLAKE3-256"",""Digest"":""e9dc9038c7980bef3cae4bb845bde45e2c07128f4fabe0a4ece4bd25200fe5a2""},{""Algorithm"":""CRC32"",""Digest"":""AF1E44F4""},{""Algorithm"":""SHA-1"",""Digest"":""bc50283f0e90267edfa3a6e8c9a4ecb81a7f6d44""},{""Algorithm"":""MD5"",""Digest"":""226809888138bedce5f05431079749eb""}]"
Nintendo SNES/Super Naxat Open.uac	sno.rsn	"[{""Algorithm"":""BLAKE3-256"",""Digest"":""efa46b65d69101f5284fee8b5b76962bf0ce49fafe4858138fd22f0cdb4d808c""},{""Algorithm"":""CRC32"",""Digest"":""640B6C19""},{""Algorithm"":""SHA-1"",""Digest"":""21a7a0b95f9a2a1a97cc3b81e11295165e82587b""},{""Algorithm"":""MD5"",""Digest"":""9d0953bb8cfe8bada8ba750163db81c3""}]"
Nintendo SNES/Super Nazo Puyo - Rulue no Roux.uac	snz.rsn	"[{""Algorithm"":""BLAKE3-256"",""Digest"":""754cc34d4e39460d272b4e5056e7af7c01923b36221968be6b2a93ee7f208b35""},{""Algorithm"":""CRC32"",""Digest"":""F56C252F""},{""Algorithm"":""SHA-1"",""Digest"":""d9094faee5d6cdf7b9477603bbe60a89c6815b11""},{""Algorithm"":""MD5"",""Digest"":""e660b1ec1eee425c4e9f882481e86c4d""}]"
Nintendo SNES/Super Nazo Puyo 2 - Rulue no Tetsuwan Hanjyou Ki.uac	snz2.rsn	"[{""Algorithm"":""BLAKE3-256"",""Digest"":""0fb3d1b57d99131c67bbd60f3a20281f26f5b7b8ca4b6b88b5ea951a170d5f06""},{""Algorithm"":""CRC32"",""Digest"":""2D6AEF57""},{""Algorithm"":""SHA-1"",""Digest"":""1abf0cae106577393934bcd68c6b418b4492cf2b""},{""Algorithm"":""MD5"",""Digest"":""45162de5d1c6fd1f7b4b071a4d0744b4""}]"
Nintendo SNES/Super Ninja Boy.uac	snb.rsn	"[{""Algorithm"":""BLAKE3-256"",""Digest"":""f25be7fc5e5ef51e308c5a197fbba406e38795c0c821ca14e66a3eddc2440d16""},{""Algorithm"":""CRC32"",""Digest"":""5B3FE70F""},{""Algorithm"":""SHA-1"",""Digest"":""aafee60176cc1befb2ef23ca7ac300e5564f17ef""},{""Algorithm"":""MD5"",""Digest"":""acc1e92618a5a4be3e4a9fb9c72d35a7""}]"
Nintendo SNES/Super Ninja-kun (JP).uac	snk.rsn	"[{""Algorithm"":""BLAKE3-256"",""Digest"":""a17511f944c203f08ad42211e0f522cf4d84e05638aa9fc2593936dd40cd0ffb""},{""Algorithm"":""CRC32"",""Digest"":""F2112EA9""},{""Algorithm"":""SHA-1"",""Digest"":""58f543b7764f1fae6139fd458d1108d2b02804bd""},{""Algorithm"":""MD5"",""Digest"":""4866021ea0c1548e57de3d1e5e7c3061""}]"
Nintendo SNES/Super Off Road - The Baja (US).uac	sortb.rsn	"[{""Algorithm"":""BLAKE3-256"",""Digest"":""13c006de16832b62f4b6127641473269f2267c14f0e29bbb68345616b236595c""},{""Algorithm"":""CRC32"",""Digest"":""20630D5D""},{""Algorithm"":""SHA-1"",""Digest"":""a22d61e04c6102b8d54187912a954b368275d326""},{""Algorithm"":""MD5"",""Digest"":""c376d47e05d750308eb7cb9cb42b454e""}]"
Nintendo SNES/Super Off Road.uac	off.rsn	"[{""Algorithm"":""BLAKE3-256"",""Digest"":""502788ade4b3e69c9d3dfdc4ff781979c548478d3ffbd208736073f25bcb742e""},{""Algorithm"":""CRC32"",""Digest"":""09DEBC94""},{""Algorithm"":""SHA-1"",""Digest"":""9ed873a3fb1c589d80c107e2372987b9ff511d5e""},{""Algorithm"":""MD5"",""Digest"":""04685442545da3cd67d019b937b3663a""}]"
Nintendo SNES/Super Okuman Tyoja Game.uac	okutg.rsn	"[{""Algorithm"":""BLAKE3-256"",""Digest"":""714726dbadb2070820f95db99eca821b97ea4eb15fa054e88399538f7b18c10f""},{""Algorithm"":""CRC32"",""Digest"":""37A572DA""},{""Algorithm"":""SHA-1"",""Digest"":""d10588261331b8f14cfed3cf2e359c5bbb10184b""},{""Algorithm"":""MD5"",""Digest"":""d020103dfde08998f22eb6a7fa88d475""}]"
Nintendo SNES/Super Oozumou Netsusen Daiichiban.uac	sond.rsn	"[{""Algorithm"":""BLAKE3-256"",""Digest"":""f5226ad4cff4fd95958d67e10fd33de96f55d6d8a7652a537ed238fcdc4b1995""},{""Algorithm"":""CRC32"",""Digest"":""E5AE9075""},{""Algorithm"":""SHA-1"",""Digest"":""b9bccbc64b3f80426ac95ccfe306ed5a422bad9f""},{""Algorithm"":""MD5"",""Digest"":""0758ff69338893d4d8fbdcf09a597830""}]"
Nintendo SNES/Super Pachinko Taisen.uac	spata.rsn	"[{""Algorithm"":""BLAKE3-256"",""Digest"":""0f1f117e4adba0acf44589bf23ac71a267451ec137068a13f7f9046420ef0e12""},{""Algorithm"":""CRC32"",""Digest"":""7A8D1209""},{""Algorithm"":""SHA-1"",""Digest"":""245163f5193f48d65aa1369e2cf3ea13fcb5b88e""},{""Algorithm"":""MD5"",""Digest"":""79412e08807cc00a063510981b0f5ee4""}]"
Nintendo SNES/Super Pachinko.uac	spach.rsn	"[{""Algorithm"":""BLAKE3-256"",""Digest"":""549245ad1eb84030401d4f5b6075c523706d9e8d2c8f8a88bd9c5fd35e79ac30""},{""Algorithm"":""CRC32"",""Digest"":""2C5CC0A5""},{""Algorithm"":""SHA-1"",""Digest"":""dd2e4380b775b3be4bce6efe7610f53b0f2243e7""},{""Algorithm"":""MD5"",""Digest"":""21ed99353514e9c0e0057c91f7277f1e""}]"
Nintendo SNES/Super Pinball - Behind the Mask.uac	spbtm.rsn	"[{""Algorithm"":""BLAKE3-256"",""Digest"":""e1d2f5717fb2b13aa62662036e9cd851fe5f2f64fcb323a922d3af82b2aa70d6""},{""Algorithm"":""CRC32"",""Digest"":""B9FE1433""},{""Algorithm"":""SHA-1"",""Digest"":""803ed052a9e5a60017d84940e1607f2dde7839a7""},{""Algorithm"":""MD5"",""Digest"":""097c4b213fa0ba86437901a56d98e1e4""}]"
Nintendo SNES/Super Play Action Football (US).uac	spaf.rsn	"[{""Algorithm"":""BLAKE3-256"",""Digest"":""74e2c0fb18ff1679702a6c43eb98a391c888b823ee021b5d888aba0861427261""},{""Algorithm"":""CRC32"",""Digest"":""F4C19171""},{""Algorithm"":""SHA-1"",""Digest"":""c4a4765f873040c1da7cded59dc0befab8f9ef14""},{""Algorithm"":""MD5"",""Digest"":""26feb2137aa0c66c4d7c7802b0f3c276""}]"
Nintendo SNES/Super Power League 2.uac	spl2.rsn	"[{""Algorithm"":""BLAKE3-256"",""Digest"":""7038f8b04bd531d7aca828066ca8f51e2eefa3ebb8da39a4f241ca3c1f593620""},{""Algorithm"":""CRC32"",""Digest"":""DE0A85C5""},{""Algorithm"":""SHA-1"",""Digest"":""9a672ad0aa689042e4989cadae8624ea10276a1a""},{""Algorithm"":""MD5"",""Digest"":""ad8f92f190484d5a0f22d45bb6234437""}]"
Nintendo SNES/Super Power League 3.uac	spl3.rsn	"[{""Algorithm"":""BLAKE3-256"",""Digest"":""cc1182a1cd6299fe99491c1510bebaccf4166637d903d3b6e02ed2aad5d6975e""},{""Algorithm"":""CRC32"",""Digest"":""060A6DFC""},{""Algorithm"":""SHA-1"",""Digest"":""4c79c4d97cb6b7a725b87af1a3977eeb3bce1875""},{""Algorithm"":""MD5"",""Digest"":""12b5e6e8ee87ccf4b9d5016606069509""}]"
Nintendo SNES/Super Power League 4.uac	spl4.rsn	"[{""Algorithm"":""BLAKE3-256"",""Digest"":""29cc5d228129c44453818dd44b65ffc2193a4e42655b632d864f8ca811cde8b9""},{""Algorithm"":""CRC32"",""Digest"":""D33564C1""},{""Algorithm"":""SHA-1"",""Digest"":""08c230b2189318617fd55d957cbdc7d04af398d6""},{""Algorithm"":""MD5"",""Digest"":""1a12683895507d0d44bc22b1a9f03274""}]"
Nintendo SNES/Super Power League.uac	spl.rsn	"[{""Algorithm"":""BLAKE3-256"",""Digest"":""47a9c1bf652962c7314c3f1c0d1b9729fc38ad73ff678612d366729a39f0f98d""},{""Algorithm"":""CRC32"",""Digest"":""4EC6964A""},{""Algorithm"":""SHA-1"",""Digest"":""f73a6f1b76d0734c78315de5b34d1c534a642e4c""},{""Algorithm"":""MD5"",""Digest"":""2acd45ae8daa1160eadfa4db435ea4a3""}]"
Nintendo SNES/Super Professional Baseball (JP).uac	spb2.rsn	"[{""Algorithm"":""BLAKE3-256"",""Digest"":""a7450eb2b3f2e4e06e29da576bba1e016584f6cfec4e5e00c7ce041865604df3""},{""Algorithm"":""CRC32"",""Digest"":""D937DFC0""},{""Algorithm"":""SHA-1"",""Digest"":""ce6d0b45baf86ad70453679b116573d943a1b681""},{""Algorithm"":""MD5"",""Digest"":""d150e65767671125bbfed4c209401f56""}]"
Nintendo SNES/Super Punch-Out!!.uac	spo.rsn	"[{""Algorithm"":""BLAKE3-256"",""Digest"":""410a1faf30b4bed45f2caf58765d492c362db96e0c9557da7c80b4fe7bfa3759""},{""Algorithm"":""CRC32"",""Digest"":""1DD114E8""},{""Algorithm"":""SHA-1"",""Digest"":""76f9ec50ba89e8c52203a7376967255a07a72df9""},{""Algorithm"":""MD5"",""Digest"":""73d8f5f29ffb01acd03587301531c8d3""}]"
Nintendo SNES/Super Putty.uac	spt.rsn	"[{""Algorithm"":""BLAKE3-256"",""Digest"":""40537ce0a3f4472a4eae5058ef561b6c747ab39a40a49ccf3c933f6d9f5d4a42""},{""Algorithm"":""CRC32"",""Digest"":""7B7DA85F""},{""Algorithm"":""SHA-1"",""Digest"":""c91ee0917d67a9cea8943c7beebd54519300b75e""},{""Algorithm"":""MD5"",""Digest"":""278bd3deaab4f42c82c8a181d6a0f909""}]"
Nintendo SNES/Super Puyo Puyo 2 Remix.uac	sp2r.rsn	"[{""Algorithm"":""BLAKE3-256"",""Digest"":""cd007e60fe2d78b4d091ba652c5ba397fc1ac96b2da78a93d757e921e80fe271""},{""Algorithm"":""CRC32"",""Digest"":""7197F56D""},{""Algorithm"":""SHA-1"",""Digest"":""e575cc7987e4efca6068e3bfa2823fb5cb84c296""},{""Algorithm"":""MD5"",""Digest"":""1ecc85edc498940bce7124544042d8ed""}]"
Nintendo SNES/Super Puyo Puyo 2.uac	sp2.rsn	"[{""Algorithm"":""BLAKE3-256"",""Digest"":""2fd7a78ca6281abeb990b8e1cb026bcf6da6465e0f8995b87edac76377c423db""},{""Algorithm"":""CRC32"",""Digest"":""480393A0""},{""Algorithm"":""SHA-1"",""Digest"":""3f9004bd60c566693754ac0234e64221905315fd""},{""Algorithm"":""MD5"",""Digest"":""c0e267ed68c4da3634a2169e7a61bf25""}]"
Nintendo SNES/Super Puyo Puyo.uac	spp.rsn	"[{""Algorithm"":""BLAKE3-256"",""Digest"":""348afbf2f10b13a26865a18888c4c965b2365a704940acdfa1541c5276739e9d""},{""Algorithm"":""CRC32"",""Digest"":""2A23D777""},{""Algorithm"":""SHA-1"",""Digest"":""75bc7c70b0f44800a8072ee6bfadc4208e2ad9ee""},{""Algorithm"":""MD5"",""Digest"":""45ef4e2cd978ff75f7dd8e2034ae912f""}]"
Nintendo SNES/Super R-Type.uac	srt.rsn	"[{""Algorithm"":""BLAKE3-256"",""Digest"":""f7f81ee25756dfe280fe7eb0d3413474bca4ad6a053a27213529f562c9787202""},{""Algorithm"":""CRC32"",""Digest"":""03AE67A8""},{""Algorithm"":""SHA-1"",""Digest"":""60979db149b25c4a067fd8b34995695e077b1034""},{""Algorithm"":""MD5"",""Digest"":""e7a2445106078eb0e8d643c22c1e2120""}]"
Nintendo SNES/Super Robot Taisen 3.uac	srt3.rsn	"[{""Algorithm"":""BLAKE3-256"",""Digest"":""03b6d5f74cd45cc5a9f86d78b05098e72bfeb9f8bb276222d454f5a642f162da""},{""Algorithm"":""CRC32"",""Digest"":""30175740""},{""Algorithm"":""SHA-1"",""Digest"":""5a5c2ec2fb29db16ffbbe92b281b1cd3abe382f2""},{""Algorithm"":""MD5"",""Digest"":""b16c3dbd49505ddb9f8214a08f0fc41b""}]"
Nintendo SNES/Super Robot Taisen 4.uac	srt4.rsn	"[{""Algorithm"":""BLAKE3-256"",""Digest"":""f4c868adaa28eff39058d7611fbc4b5f1bdd2a241da576533a2a52dd7554a4c3""},{""Algorithm"":""CRC32"",""Digest"":""7B0EC2A8""},{""Algorithm"":""SHA-1"",""Digest"":""6d2527529d00273f5d22bf2e9ecf880b6d4b80d0""},{""Algorithm"":""MD5"",""Digest"":""8312e22be9e5faa02171e275b2c05e46""}]"
Nintendo SNES/Super Robot Taisen EX (JP).uac	srte.rsn	"[{""Algorithm"":""BLAKE3-256"",""Digest"":""d2aa50d1d3e6b28e3b0e266ae7df6078f0c445e7e108bdffa118c7843bbcf566""},{""Algorithm"":""CRC32"",""Digest"":""73037FDE""},{""Algorithm"":""SHA-1"",""Digest"":""42d58d20db5b889691f206f68f79a65c0650c9fe""},{""Algorithm"":""MD5"",""Digest"":""3ca30fb7c4431671bae54759c2a5efff""}]"
Nintendo SNES/Super Robot Taisen Gaiden - Masoukishin - The Lord of Elemental (JP).uac	srtg.rsn	"[{""Algorithm"":""BLAKE3-256"",""Digest"":""05af25f20076b56fc6ffbe8962681ffb3f25466c5ece14d21390b5357e383eda""},{""Algorithm"":""CRC32"",""Digest"":""DF225DF4""},{""Algorithm"":""SHA-1"",""Digest"":""d35176c353cf5e412b7df2da069925e020d88ee3""},{""Algorithm"":""MD5"",""Digest"":""47d894b14ed07847f47214b4193bbded""}]"
Nintendo SNES/Super Romance of the Three Kingdoms 2 (Super Sangokushi 2).uac	rtk2.rsn	"[{""Algorithm"":""BLAKE3-256"",""Digest"":""a9ce350a0605cdef002ac8ec644eb290d3b1eb423d885cc31a873a0716379a9b""},{""Algorithm"":""CRC32"",""Digest"":""5645A1C8""},{""Algorithm"":""SHA-1"",""Digest"":""4873775ed3f96c84dc0ec39c2fc951d1ad8dfcaf""},{""Algorithm"":""MD5"",""Digest"":""de1d49fda1a5d2bf6078837abb0dfc68""}]"
Nintendo SNES/Super Royal Blood (Gemfire).uac	srb.rsn	"[{""Algorithm"":""BLAKE3-256"",""Digest"":""ab59d49683def68ca4e224af2ce7fc2ef60ec14285f99cc8bdc5239bfe0ecf00""},{""Algorithm"":""CRC32"",""Digest"":""3800C69B""},{""Algorithm"":""SHA-1"",""Digest"":""a9be1ba914d69ebdf0f78eefc604d3b41175f861""},{""Algorithm"":""MD5"",""Digest"":""030380efc07a0cec2cf890a94dc52674""}]"
Nintendo SNES/Super Sangokushi (Super Romance of the Three Kingdoms).uac	sngks.rsn	"[{""Algorithm"":""BLAKE3-256"",""Digest"":""26f0a7256161a2f62c781f6abffca2c543154e6399744e55a766ca71095f135e""},{""Algorithm"":""CRC32"",""Digest"":""AC2C271E""},{""Algorithm"":""SHA-1"",""Digest"":""667b429d6255136c34e2949dcb7025f0400a3b6d""},{""Algorithm"":""MD5"",""Digest"":""2e08a39fd49d77ed315313555fc6a9c2""}]"
Nintendo SNES/Super Scope 6.uac	ss6.rsn	"[{""Algorithm"":""BLAKE3-256"",""Digest"":""f15661996e8c88a24dbcb2f552fbb54e5ce98acb574d766ec51fc5563de1b2b9""},{""Algorithm"":""CRC32"",""Digest"":""29732DAD""},{""Algorithm"":""SHA-1"",""Digest"":""707d36a57b43a73210cff97eac4d7eaf13ca17f2""},{""Algorithm"":""MD5"",""Digest"":""b5702a85809616fe5351571813f707c5""}]"
Nintendo SNES/Super Shougi (JP).uac	sshg.rsn	"[{""Algorithm"":""BLAKE3-256"",""Digest"":""9a98d4183ab30376ddc85aa9f9ad07d9b5995107620e0caa5794d2d02d3fdd8a""},{""Algorithm"":""CRC32"",""Digest"":""9C018E26""},{""Algorithm"":""SHA-1"",""Digest"":""d2b44964f4acd1781689d71f2079a6f86af1acea""},{""Algorithm"":""MD5"",""Digest"":""bffba12cfb7b6b3c5ce7c5b3e6b8428e""}]"
Nintendo SNES/Super Shougi 2.uac	sshg2.rsn	"[{""Algorithm"":""BLAKE3-256"",""Digest"":""55579c1cd73eb8c266c7a23eb18936c5f41210335c839da8107c1dba0bde9fdb""},{""Algorithm"":""CRC32"",""Digest"":""25ECEB0B""},{""Algorithm"":""SHA-1"",""Digest"":""5925b40902542c29caa8ff3606a9e9d27b02153d""},{""Algorithm"":""MD5"",""Digest"":""e2694cf0258a91552532e5e5d38ce463""}]"
Nintendo SNES/Super Shougi 3.uac	sshg3.rsn	"[{""Algorithm"":""BLAKE3-256"",""Digest"":""9956c868725414596a4b2284736ffda0105780185b1849b28ee020e53df898d2""},{""Algorithm"":""CRC32"",""Digest"":""EF05D5FF""},{""Algorithm"":""SHA-1"",""Digest"":""43c237e114349ec09049cdeff68308f618fc4529""},{""Algorithm"":""MD5"",""Digest"":""11108eb98be331bec5363e99d61e31d3""}]"
Nintendo SNES/Super Slapshot.uac	slap.rsn	"[{""Algorithm"":""BLAKE3-256"",""Digest"":""96c55f65be119ac633f608627d64b949558a867cc0e41368caedd96daf6b6508""},{""Algorithm"":""CRC32"",""Digest"":""0BE66100""},{""Algorithm"":""SHA-1"",""Digest"":""31426c3d46ab8eebd5e3bbff8be4e6bcfadd924d""},{""Algorithm"":""MD5"",""Digest"":""cac08127a26c7c9b48f45f1a80d3d913""}]"
Nintendo SNES/Super Smash TV.uac	stv.rsn	"[{""Algorithm"":""BLAKE3-256"",""Digest"":""db5d99a6e62bd460573ec9ccf9c9d7087e88ea8abfe6b1703dd97814e3a077fd""},{""Algorithm"":""CRC32"",""Digest"":""EDD7928F""},{""Algorithm"":""SHA-1"",""Digest"":""de8d0e770e481b9d93b072bdbf6e7da968d72e02""},{""Algorithm"":""MD5"",""Digest"":""84757dda90dc8f3aebf7a290b733c19e""}]"
Nintendo SNES/Super Soccer Champ (US).uac	ssc.rsn	"[{""Algorithm"":""BLAKE3-256"",""Digest"":""50946d23ec48b324ec0c316071a97571539991b817b4a76b16ae33e75489329e""},{""Algorithm"":""CRC32"",""Digest"":""59DA7A48""},{""Algorithm"":""SHA-1"",""Digest"":""2c2a2172dd7981e983b81982b615f058223ac2e1""},{""Algorithm"":""MD5"",""Digest"":""b75e3bc6c4839c756cd87b6152b3633d""}]"
Nintendo SNES/Super Solitaire.uac	suso.rsn	"[{""Algorithm"":""BLAKE3-256"",""Digest"":""ccc44a416402cce4b3e3e8de8b11f56d1ef0789efb424d4793a419adfc7607cc""},{""Algorithm"":""CRC32"",""Digest"":""03A9F1D9""},{""Algorithm"":""SHA-1"",""Digest"":""08c3d56e77f614825292b616a78178a8a2c76fbd""},{""Algorithm"":""MD5"",""Digest"":""012c90e9f044165f205534fb8c977692""}]"
Nintendo SNES/Super Soukoban.uac	ssou.rsn	"[{""Algorithm"":""BLAKE3-256"",""Digest"":""f63a842b4a3f60cff0bfbed0860ce0515106c2f48a5e70aa376a79d8c898c4a4""},{""Algorithm"":""CRC32"",""Digest"":""8F8BA11B""},{""Algorithm"":""SHA-1"",""Digest"":""4cf5cc4e9454e75d4c912f0c12f6a38a8af11b25""},{""Algorithm"":""MD5"",""Digest"":""4ba9fcbce12d37bdb97f75ab857436d5""}]"
Nintendo SNES/Super Stadium (JP).uac	ssta.rsn	"[{""Algorithm"":""BLAKE3-256"",""Digest"":""da2e655c0e447fa5ccee9aabc6a531807b0049f80ffe8d6519acc67ce41d73da""},{""Algorithm"":""CRC32"",""Digest"":""DC63C3B7""},{""Algorithm"":""SHA-1"",""Digest"":""986c2422e3c85306301bbe451557ee0fe0a6a8d9""},{""Algorithm"":""MD5"",""Digest"":""0fd7316178ff6a3239baf2377e4293ab""}]"
Nintendo SNES/Super Star Wars - Return of the Jedi.uac	srtj.rsn	"[{""Algorithm"":""BLAKE3-256"",""Digest"":""c378c9370ef9ce6551f1ad91c5399f26a797a07f901b3e26850b1ece49066c45""},{""Algorithm"":""CRC32"",""Digest"":""EDD0A1F4""},{""Algorithm"":""SHA-1"",""Digest"":""0020745bf61abe1e1f1d409fd92df51a17b9588a""},{""Algorithm"":""MD5"",""Digest"":""e3d21dc55e0fbbc5efc3d56f6bf88c12""}]"
Nintendo SNES/Super Star Wars - The Empire Strikes Back.uac	sesb.rsn	"[{""Algorithm"":""BLAKE3-256"",""Digest"":""8c6f52d8f7135c6bead51ff35d6071e21473855cf588373a54542105d124d20c""},{""Algorithm"":""CRC32"",""Digest"":""DBE714C2""},{""Algorithm"":""SHA-1"",""Digest"":""957e54a977b97d899fc87a762d5b9f01492344ea""},{""Algorithm"":""MD5"",""Digest"":""0dc0bf5246d5fb9186f9a215d99f87a6""}]"
Nintendo SNES/Super Star Wars.uac	ssw.rsn	"[{""Algorithm"":""BLAKE3-256"",""Digest"":""81b20a5b32db64473cf80fd3aca060c52b382a1852af4686fe1eb5b795fe718e""},{""Algorithm"":""CRC32"",""Digest"":""E530DC09""},{""Algorithm"":""SHA-1"",""Digest"":""76e3e8a2724d9e3184d18964d30d91adcd5ae7f7""},{""Algorithm"":""MD5"",""Digest"":""7eb99ee8cc8f09421c85fca2fa58c5e1""}]"
Nintendo SNES/Super Street Fighter 2.uac	ssf2.rsn	"[{""Algorithm"":""BLAKE3-256"",""Digest"":""50d138f199af8cd85f1f919f8428552c7b330c79ea40a79dcaaba753ff792a37""},{""Algorithm"":""CRC32"",""Digest"":""6C3B3D6B""},{""Algorithm"":""SHA-1"",""Digest"":""1b36928c276a939acddcf4c85eaac2ea699ebb88""},{""Algorithm"":""MD5"",""Digest"":""e6f11aeb18d855376c809254fd82b2cf""}]"
Nintendo SNES/Super Strike Eagle.uac	sse.rsn	"[{""Algorithm"":""BLAKE3-256"",""Digest"":""ae4c093d5c5614146c7404be732a95d428758185288c7870b02d8d39ffe64b93""},{""Algorithm"":""CRC32"",""Digest"":""583B5B4E""},{""Algorithm"":""SHA-1"",""Digest"":""f76833ae98319e63f98519ff3f106ff212284834""},{""Algorithm"":""MD5"",""Digest"":""81834767a4a4c9d60225fc4a6ea663e2""}]"
Nintendo SNES/Super Swiv.uac	swiv.rsn	"[{""Algorithm"":""BLAKE3-256"",""Digest"":""40001eb203ad18ca3c2acaa8ffbdae632c6c132db991e6269b2c0615f6766a3c""},{""Algorithm"":""CRC32"",""Digest"":""2B6F244E""},{""Algorithm"":""SHA-1"",""Digest"":""4a5f825314d49d54659c6d876c84a716c8f76085""},{""Algorithm"":""MD5"",""Digest"":""591a5da0c013350b25f954111ea978cc""}]"
Nintendo SNES/Super Syobo Syobo CG Collection.uac	syobo.rsn	"[{""Algorithm"":""BLAKE3-256"",""Digest"":""a6a955d82d6f0b953a3ed89657dac2fe536bc24904cf55cf5e2610302811d95c""},{""Algorithm"":""CRC32"",""Digest"":""9F5889BF""},{""Algorithm"":""SHA-1"",""Digest"":""e34dd6ceb20bb2f45ceac5d85030f08aca6976c5""},{""Algorithm"":""MD5"",""Digest"":""d44b065c05c1a2dced840c59faa7ec61""}]"
Nintendo SNES/Super Tekkyuu Fight! (JP).uac	stf.rsn	"[{""Algorithm"":""BLAKE3-256"",""Digest"":""53596af24222ac1b2efc1bfe4000064614cc717920b8adc7303d1c745b0efff3""},{""Algorithm"":""CRC32"",""Digest"":""3E464ECD""},{""Algorithm"":""SHA-1"",""Digest"":""10e612a7f9b06c85c707dbf69603c21df37be398""},{""Algorithm"":""MD5"",""Digest"":""0ba347c399eb44ecaa3fa8a323a7e69a""}]"
Nintendo SNES/Super Tennis.uac	sten.rsn	"[{""Algorithm"":""BLAKE3-256"",""Digest"":""8560b1522a3bade9eab2bade048155a5dc728c2221fa8b689fa8cd6f10e77208""},{""Algorithm"":""CRC32"",""Digest"":""DC8990F1""},{""Algorithm"":""SHA-1"",""Digest"":""e1735a1400bab6ddd560a8d3933d483b8feab41c""},{""Algorithm"":""MD5"",""Digest"":""3c286c0f32477d3bff6d83654889dbf7""}]"
Nintendo SNES/Super Tetris 2 + Bombliss Limited Edition.uac	st2l.rsn	"[{""Algorithm"":""BLAKE3-256"",""Digest"":""d7252ff1cbbf7a70f723609a4b9410b3e0b1b17b2d020391d1db2dafdb95b22b""},{""Algorithm"":""CRC32"",""Digest"":""F9B139CF""},{""Algorithm"":""SHA-1"",""Digest"":""3860946f15607cf52fe2800eb1eaa4e81d1f3502""},{""Algorithm"":""MD5"",""Digest"":""b33c288933bc9470e2beb21b0d05b691""}]"
Nintendo SNES/Super Tetris 2 + Bombliss.uac	st2.rsn	"[{""Algorithm"":""BLAKE3-256"",""Digest"":""69f65f5904aca9ee65ee83a80aba26fa95c03280049605884560947a5aafc1d4""},{""Algorithm"":""CRC32"",""Digest"":""71A1C74D""},{""Algorithm"":""SHA-1"",""Digest"":""06818b1ddb72a051fb3716f31b40ae6847efb221""},{""Algorithm"":""MD5"",""Digest"":""c746d98a1b52affb0e103dabc2e5dca4""}]"
Nintendo SNES/Super Tetris 3.uac	st3.rsn	"[{""Algorithm"":""BLAKE3-256"",""Digest"":""0826308592123097014cfdc4fb05b8ab2be55e3abb0d7663595c9b4f62e05331""},{""Algorithm"":""CRC32"",""Digest"":""FC345408""},{""Algorithm"":""SHA-1"",""Digest"":""1b6a333d3cbe53f3889c298088ed2582233c7e97""},{""Algorithm"":""MD5"",""Digest"":""7cb5dc19c0ea72d39f0fd6996f011d4e""}]"
Nintendo SNES/Super Troll Islands.uac	sti.rsn	"[{""Algorithm"":""BLAKE3-256"",""Digest"":""21e6ddc29ad6658c610e4a798377d5802e7af32cab788f3407350af90bb2ddac""},{""Algorithm"":""CRC32"",""Digest"":""1D38498C""},{""Algorithm"":""SHA-1"",""Digest"":""4bb408688b7ab1b5b62784c7dae9f76eb1a2b10a""},{""Algorithm"":""MD5"",""Digest"":""6a1e2a6d69e71bd1b57e13e42828bc10""}]"
Nintendo SNES/Super Trump Collection.uac	stc.rsn	"[{""Algorithm"":""BLAKE3-256"",""Digest"":""5b898c4102de2a663a35921c16c976c59af80ca304347ab5bf7b944c3be8eef6""},{""Algorithm"":""CRC32"",""Digest"":""CF09C910""},{""Algorithm"":""SHA-1"",""Digest"":""8ecf26653cdbdf3c023277049ee150e4578c8824""},{""Algorithm"":""MD5"",""Digest"":""7224432fcff91cd00aea5dbe7da7e8b4""}]"
Nintendo SNES/Super Tsume Shougi 1000.uac	stsh.rsn	"[{""Algorithm"":""BLAKE3-256"",""Digest"":""e13d9f2e54d37c645e94be0391fe26dde12761e3f2fd605300acad1a1fe3e166""},{""Algorithm"":""CRC32"",""Digest"":""5FDC8AE6""},{""Algorithm"":""SHA-1"",""Digest"":""7b2b0d26edbbff8b281b1d0270fa1de3d8fb0d6b""},{""Algorithm"":""MD5"",""Digest"":""ff2f72029f0864fdeaca4ed761c4a667""}]"
Nintendo SNES/Super Turrican 2.uac	turr2.rsn	"[{""Algorithm"":""BLAKE3-256"",""Digest"":""21cfaffd2773d3fca73715a4aed0a90698a1520563dee1189de6341c4ec18ac2""},{""Algorithm"":""CRC32"",""Digest"":""0D39AEE4""},{""Algorithm"":""SHA-1"",""Digest"":""d7e78c86a574b6a5eb2ecd71c48b27bd43c8afdb""},{""Algorithm"":""MD5"",""Digest"":""bf3706328f55f04ebdef205ea51840f4""}]"
Nintendo SNES/Super Turrican.uac	turr.rsn	"[{""Algorithm"":""BLAKE3-256"",""Digest"":""0be9d86640c92ec7c539b55118dd8dedea31010b5c6a0c67db54b776e3c38cbd""},{""Algorithm"":""CRC32"",""Digest"":""ECF44C25""},{""Algorithm"":""SHA-1"",""Digest"":""17281187ae53814f0c09dbb21f41e8dc374c2a26""},{""Algorithm"":""MD5"",""Digest"":""f36cd336e7ef4601a0f9585e44f9ad3e""}]"
Nintendo SNES/Super Ultra Baseball 2.uac	sub2.rsn	"[{""Algorithm"":""BLAKE3-256"",""Digest"":""5269fa25574d544868442040a024a909e0ed2869a64d5ef823e4ea51db2ce1c1""},{""Algorithm"":""CRC32"",""Digest"":""163E5094""},{""Algorithm"":""SHA-1"",""Digest"":""ab4f0256b2758e30b51945acc4dc75d26a2fcd70""},{""Algorithm"":""MD5"",""Digest"":""c15ee59a0de152fd01b91cab85f0f0ba""}]"
Nintendo SNES/Super Uno (JP).uac	suno.rsn	"[{""Algorithm"":""BLAKE3-256"",""Digest"":""98760d634500aff50890d6fc5b17b48480aefa0c67937768dc2df02802b5b6fd""},{""Algorithm"":""CRC32"",""Digest"":""36DBE5C1""},{""Algorithm"":""SHA-1"",""Digest"":""db85fe069c4402f0c69464cb0bb687acecfcefc6""},{""Algorithm"":""MD5"",""Digest"":""cce69959af8b6a93d472dad1af83a68e""}]"
Nintendo SNES/Super Valis 4.uac	sv4.rsn	"[{""Algorithm"":""BLAKE3-256"",""Digest"":""07f27eb5a343417251184359478139c42fdb8c2cefdc14a57cb7ae4d826a7344""},{""Algorithm"":""CRC32"",""Digest"":""C63E86B9""},{""Algorithm"":""SHA-1"",""Digest"":""f20fc25e47026cf06c5528ecd06409313b46ede2""},{""Algorithm"":""MD5"",""Digest"":""45c9eb5e9caad48ef9bf9bd7e045cf3e""}]"
Nintendo SNES/Super Variable Geo (JP).uac	svg.rsn	"[{""Algorithm"":""BLAKE3-256"",""Digest"":""ea7e9f4ad64f8f6682875781fb05a7468562e086538f91b05462f7558fd79d72""},{""Algorithm"":""CRC32"",""Digest"":""37FDB666""},{""Algorithm"":""SHA-1"",""Digest"":""061517775c6ad7634f26edf7d91025ba0a3ce2a2""},{""Algorithm"":""MD5"",""Digest"":""e16e6ccfbbca5d5e0540197af99528e5""}]"
Nintendo SNES/Super Wagan Land.uac	wgl.rsn	"[{""Algorithm"":""BLAKE3-256"",""Digest"":""215be0d750f7d0397e9a4061eda3b97e95a619c319db592b2f97acb215455d70""},{""Algorithm"":""CRC32"",""Digest"":""05E76105""},{""Algorithm"":""SHA-1"",""Digest"":""fe0721629a06e04a401ce0ea165e806a68aec96d""},{""Algorithm"":""MD5"",""Digest"":""9408344fb5ffefcad781af08003b7909""}]"
Nintendo SNES/Super Widget.uac	swdg.rsn	"[{""Algorithm"":""BLAKE3-256"",""Digest"":""5c43e576ad1ee707dcd66cb98167f502d11cfc612da0a8a792980125e5ce22cf""},{""Algorithm"":""CRC32"",""Digest"":""A88D5F68""},{""Algorithm"":""SHA-1"",""Digest"":""cc7c284c21442bdd571160a8b4323075b78ce8c0""},{""Algorithm"":""MD5"",""Digest"":""dfea2a35abd79dab3ad0873532f36c4a""}]"
Nintendo SNES/Super Wild Card.uac	swc.rsn	"[{""Algorithm"":""BLAKE3-256"",""Digest"":""502b7e05d1c3ac65063601f8ec5451bc5ce5dcc2183b39df2496172b5c074fbe""},{""Algorithm"":""CRC32"",""Digest"":""147BB733""},{""Algorithm"":""SHA-1"",""Digest"":""0f27533d932d6f14e0080ac4c7b1edfc443f2deb""},{""Algorithm"":""MD5"",""Digest"":""0f451a7d6c8c403c1cf5a5a91e4e77db""}]"
Nintendo SNES/Super Zugan 2.uac	sz2.rsn	"[{""Algorithm"":""BLAKE3-256"",""Digest"":""94b5c302099041b31fe099a7b7893f06e2b66378d9fc38d018e9af5c3e398694""},{""Algorithm"":""CRC32"",""Digest"":""5C2B6F07""},{""Algorithm"":""SHA-1"",""Digest"":""996dafa061e5bf3d7078051d910178e1999e1610""},{""Algorithm"":""MD5"",""Digest"":""49a3f2ba3610bded127d7ecb7781d738""}]"
Nintendo SNES/Super Zugan.uac	sz.rsn	"[{""Algorithm"":""BLAKE3-256"",""Digest"":""638b3dff10c329166c173ecca96861f01685c492da310a24f105c6d2a81c812c""},{""Algorithm"":""CRC32"",""Digest"":""04C84B42""},{""Algorithm"":""SHA-1"",""Digest"":""bc17a07e858f335c32144b45ed55cd0dce15be96""},{""Algorithm"":""MD5"",""Digest"":""a0ee1e37f71dadb078a5ba7c940559ad""}]"
Nintendo SNES/Sutobasu Yarou Show - 3 on 3 Basketball.uac	syaro.rsn	"[{""Algorithm"":""BLAKE3-256"",""Digest"":""999bfde18d876d86accadccb91515114099719c463fce8ba00e978e3ac6b4d05""},{""Algorithm"":""CRC32"",""Digest"":""CF71FEBD""},{""Algorithm"":""SHA-1"",""Digest"":""04fac8e19b9f6c105da35f6e61c42a1420fd0ff2""},{""Algorithm"":""MD5"",""Digest"":""8c8f9ab251bbd48f9105929141989cef""}]"
Nintendo SNES/Sutte Hakkun (JP).uac	sth.rsn	"[{""Algorithm"":""BLAKE3-256"",""Digest"":""07c5ab07b84b9c3587b05c589861ebabed564b6ee2c8ace938612b3e37578393""},{""Algorithm"":""CRC32"",""Digest"":""E96AF657""},{""Algorithm"":""SHA-1"",""Digest"":""a453e12523338d0c556d4bd333748f0aaf1506f7""},{""Algorithm"":""MD5"",""Digest"":""47c8c7fc7eec18bdbc2065478996c4fb""}]"
Nintendo SNES/Suzuka 8 Hours.uac	s8h.rsn	"[{""Algorithm"":""BLAKE3-256"",""Digest"":""afa274f15bf2eab19401fd053e8ad03a81bad26a854f44bb96e370ee6eec3253""},{""Algorithm"":""CRC32"",""Digest"":""4B14FD38""},{""Algorithm"":""SHA-1"",""Digest"":""0a7fef9922c44404b8dbf4d91d60182eca180e07""},{""Algorithm"":""MD5"",""Digest"":""cccbcba58ca62d150ba2a7570f3edf11""}]"
Nintendo SNES/Sword Maniac (JP).uac	sdmc.rsn	"[{""Algorithm"":""BLAKE3-256"",""Digest"":""34cdcadd14e995cd803f080a92eb78fed41596845b83ff06c0989edfbe3f452f""},{""Algorithm"":""CRC32"",""Digest"":""6C2BE54A""},{""Algorithm"":""SHA-1"",""Digest"":""f1c79cebafbaec8b5de207fa5b7d891adef6c964""},{""Algorithm"":""MD5"",""Digest"":""3c43fd6c04dcf2294bd9c97c6f81feeb""}]"
Nintendo SNES/Sword World SFC (JP).uac	sws.rsn	"[{""Algorithm"":""BLAKE3-256"",""Digest"":""ca467ab2ae8ce9f37052e3a5eee8ecd2a8bcc08f6cc8bd448eb2dc90f1e80a7a""},{""Algorithm"":""CRC32"",""Digest"":""2F0C3927""},{""Algorithm"":""SHA-1"",""Digest"":""0651c585e41c8a1f30b174b2af7995367488b06d""},{""Algorithm"":""MD5"",""Digest"":""8a443a58f43755c1e59eb7b13fa4cfe0""}]"
Nintendo SNES/Sword World SFC 2.uac	sws2.rsn	"[{""Algorithm"":""BLAKE3-256"",""Digest"":""b43fa0bdadfb6445fdeaef3db2684625d79c4641cab0c369232293c46d66b213""},{""Algorithm"":""CRC32"",""Digest"":""BD393F6F""},{""Algorithm"":""SHA-1"",""Digest"":""c12f70cdbe44cf47c3b594b3ffade36b80411476""},{""Algorithm"":""MD5"",""Digest"":""b970923824e776fefa92f9d2f29d2004""}]"
Nintendo SNES/Syndicate.uac	syn.rsn	"[{""Algorithm"":""BLAKE3-256"",""Digest"":""9f549d7aecdde5c45cc33d22f70298eddedb50676ac8ae473df6d28b870b3f87""},{""Algorithm"":""CRC32"",""Digest"":""A6F14A43""},{""Algorithm"":""SHA-1"",""Digest"":""95a1307456f7cb33676fb272a8af68fac0a55c74""},{""Algorithm"":""MD5"",""Digest"":""c257f026040e766ca17a65282cb4e488""}]"
Nintendo SNES/Syutoko Battle Racing 2.uac	sbr2.rsn	"[{""Algorithm"":""BLAKE3-256"",""Digest"":""9b12f3a3db003839ae20b0c6bf942548a049ba4141f2c23fe202b019f3f6cf91""},{""Algorithm"":""CRC32"",""Digest"":""7A0178F2""},{""Algorithm"":""SHA-1"",""Digest"":""12d32bf530e7fd2c4ad66533a44140ebb2181e86""},{""Algorithm"":""MD5"",""Digest"":""c3353f9f1ea8842a460574ae1db36293""}]"
Nintendo SNES/Syvalion.uac	svln.rsn	"[{""Algorithm"":""BLAKE3-256"",""Digest"":""c332b682251afc1373f08f0cb7160312dc18ffd34276ce2a71ee39a1322bc408""},{""Algorithm"":""CRC32"",""Digest"":""C98AFB1C""},{""Algorithm"":""SHA-1"",""Digest"":""982abdb5f92065f3d67e29714ba732787f2c3ace""},{""Algorithm"":""MD5"",""Digest"":""709f1bb506905f8147f68f8f41711f41""}]"
Nintendo SNES/T2 - The Arcade Game.uac	t2tag.rsn	"[{""Algorithm"":""BLAKE3-256"",""Digest"":""db45a9aeeda8bfb9bb8078b2acc8b6477ad1af3d9ff973485979107820375d72""},{""Algorithm"":""CRC32"",""Digest"":""A6518640""},{""Algorithm"":""SHA-1"",""Digest"":""2982695e27c8d13e83db7657d63351ddcb5b4b72""},{""Algorithm"":""MD5"",""Digest"":""d1c26272df2097604e616c4d8c72c87b""}]"
Nintendo SNES/TKO Super Championship Boxing.uac	tko.rsn	"[{""Algorithm"":""BLAKE3-256"",""Digest"":""84f2c704adf46d254659982a86ced866ab845218cf1c4bfa1afa4abe95ecd0bf""},{""Algorithm"":""CRC32"",""Digest"":""C36AA239""},{""Algorithm"":""SHA-1"",""Digest"":""065fbedf206507f39d6162d44ddc6599aad9cb34""},{""Algorithm"":""MD5"",""Digest"":""62faf8f2735d7a63d3473a7b69c37dc0""}]"
Nintendo SNES/Table Game Daishuugou!.uac	tbgmd.rsn	"[{""Algorithm"":""BLAKE3-256"",""Digest"":""b54c7b27608e77ad32bb0252453367ed29465103f4ef5c77545c9595cc794983""},{""Algorithm"":""CRC32"",""Digest"":""F30C731A""},{""Algorithm"":""SHA-1"",""Digest"":""360ab80c876432024e94a6968d26cc47c143c33e""},{""Algorithm"":""MD5"",""Digest"":""2c393f2dec6a06f866baf2a3ef8f6a15""}]"
Nintendo SNES/Tactical Soccer.uac	taso.rsn	"[{""Algorithm"":""BLAKE3-256"",""Digest"":""6eb8a9160db53d09e2e809ab52f489779aefa2407a9730d3e8ad712022dcad0a""},{""Algorithm"":""CRC32"",""Digest"":""2E062DF6""},{""Algorithm"":""SHA-1"",""Digest"":""340d5dff1d86b034edd650752e10db641312539e""},{""Algorithm"":""MD5"",""Digest"":""7ba99b3b806b5a5d7fe331656d6db47b""}]"
Nintendo SNES/Tactics Ogre.uac	to.rsn	"[{""Algorithm"":""BLAKE3-256"",""Digest"":""9c568d88f59118bb01d9a25a62e0f6f8702a95ef79a9a6801f63a6d79d263501""},{""Algorithm"":""CRC32"",""Digest"":""C2BAD995""},{""Algorithm"":""SHA-1"",""Digest"":""24686ddd5452db797a0098f948c044209dfb2549""},{""Algorithm"":""MD5"",""Digest"":""410d68a00f3e35691255ea87faef22f8""}]"
Nintendo SNES/Tadaima Yuusha Boshuuchuu Okawari (JP).uac	tybo.rsn	"[{""Algorithm"":""BLAKE3-256"",""Digest"":""020f0844c692564170a1bb91ca69e24465c16a422782feb71768b6bc12a2f50f""},{""Algorithm"":""CRC32"",""Digest"":""3F059D2F""},{""Algorithm"":""SHA-1"",""Digest"":""7e786205fe954746220d6f25e26e42b3342b0a05""},{""Algorithm"":""MD5"",""Digest"":""92e83aeeb6f2e9b86191275c226d2267""}]"
Nintendo SNES/Taekwon-Do.uac	tkd.rsn	"[{""Algorithm"":""BLAKE3-256"",""Digest"":""3ba736eeaabfad28d7e65bbb82dc780a689b6c217a445a26de4521ec59bd9f34""},{""Algorithm"":""CRC32"",""Digest"":""2CA522A7""},{""Algorithm"":""SHA-1"",""Digest"":""c70e00731a819a5665ffa1ba66269fcff033d05f""},{""Algorithm"":""MD5"",""Digest"":""b15e76b9b3e11a77dcdbdb74a21afb97""}]"
Nintendo SNES/Taikou Rissiden.uac	tkrsd.rsn	"[{""Algorithm"":""BLAKE3-256"",""Digest"":""bfbc359d8ca51d55885cb259fa4427b11b133fff77dc8e4d28024261c8412cac""},{""Algorithm"":""CRC32"",""Digest"":""9A979B48""},{""Algorithm"":""SHA-1"",""Digest"":""ccf370fcae93e0babb45535727260bee97a759dd""},{""Algorithm"":""MD5"",""Digest"":""36afe1e2647879febf5c363066bfacb1""}]"
Nintendo SNES/Taikyoku Igo Idaten.uac	tii.rsn	"[{""Algorithm"":""BLAKE3-256"",""Digest"":""a79d2186961bfffe63c96fe655fa24742db503fcfdf54d944a89f247d77dad1a""},{""Algorithm"":""CRC32"",""Digest"":""BC59CA21""},{""Algorithm"":""SHA-1"",""Digest"":""a19c05b1a2610807b285e0460c4fa6a98ac9cfb4""},{""Algorithm"":""MD5"",""Digest"":""9dd39eda834cfd88bac50c011c7cbc7f""}]"
Nintendo SNES/Takemiya Masaki Kudan no Igo Taishou.uac	tmkit.rsn	"[{""Algorithm"":""BLAKE3-256"",""Digest"":""98f1bed43c80c25ada2f72dffb26b17312692b1265ccfdcbfbc8085329a1aedb""},{""Algorithm"":""CRC32"",""Digest"":""67FC5DDF""},{""Algorithm"":""SHA-1"",""Digest"":""5f2815c56d0c7e01397a5db8da8d67f1774b3ff2""},{""Algorithm"":""MD5"",""Digest"":""144514cc7e0e0ca88d4e1f44439b662c""}]"
Nintendo SNES/Tales of Phantasia.uac	top.rsn	"[{""Algorithm"":""BLAKE3-256"",""Digest"":""abec28fefc05a831f5eb2d45ff3d94ca32ef51440aa14261eed6afb8385eca40""},{""Algorithm"":""CRC32"",""Digest"":""CA251807""},{""Algorithm"":""SHA-1"",""Digest"":""c378975b4b0a5a54e540cd524a7f1d63cb964fb8""},{""Algorithm"":""MD5"",""Digest"":""c4b2ac8be86d944787337b2d91015b3c""}]"
Nintendo SNES/Tarot Mystery (JP).uac	tarm.rsn	"[{""Algorithm"":""BLAKE3-256"",""Digest"":""3742658c31bdb2e8f615b0058107d50d4a69f8afcfbd43436ce029543e433138""},{""Algorithm"":""CRC32"",""Digest"":""95E44A61""},{""Algorithm"":""SHA-1"",""Digest"":""3a83d75abea6d8045df72fddc2af2caf1426c4cd""},{""Algorithm"":""MD5"",""Digest"":""d935ca990666e806588399bdc6c73d8b""}]"
Nintendo SNES/Taz-Mania.uac	taz.rsn	"[{""Algorithm"":""BLAKE3-256"",""Digest"":""8bf3b0c476b6c5f3f1806801b1b983851844d79be7cfd2467ea5f08a364c8d2b""},{""Algorithm"":""CRC32"",""Digest"":""9578C51C""},{""Algorithm"":""SHA-1"",""Digest"":""98e7d2ac38322afcebb49361fd4e67eda68a876f""},{""Algorithm"":""MD5"",""Digest"":""6bef68024057d4b239dec0405a0b6b80""}]"
Nintendo SNES/Tecmo Secret of the Stars.uac	sots.rsn	"[{""Algorithm"":""BLAKE3-256"",""Digest"":""2c515e310fb8ad1e7c101609bdb6d2a2c3eaf1b543d04d0025fcf9be34cab086""},{""Algorithm"":""CRC32"",""Digest"":""B5BD1AF9""},{""Algorithm"":""SHA-1"",""Digest"":""ee5df395f0b1b099377042f6eb90b26af0ed147d""},{""Algorithm"":""MD5"",""Digest"":""5c9436f14b97e37c76cb4c7120b81ac2""}]"
Nintendo SNES/Tecmo Super Baseball.uac	tsb.rsn	"[{""Algorithm"":""BLAKE3-256"",""Digest"":""0485f5b8a69b63bc3ba02e271a866344f9ab4c76263296c37ff03c581bd74909""},{""Algorithm"":""CRC32"",""Digest"":""9393985F""},{""Algorithm"":""SHA-1"",""Digest"":""90ae4d6dc66444286bc261a009b6ea6bd3f9c95e""},{""Algorithm"":""MD5"",""Digest"":""99d94ce54e8bc822b6cdaa8cdcf3f58e""}]"
Nintendo SNES/Tecmo Super Bowl.uac	tsbw.rsn	"[{""Algorithm"":""BLAKE3-256"",""Digest"":""fc6a81085a96c30556f1fff09d736f55a75aa824725f82c03d088469f68b6322""},{""Algorithm"":""CRC32"",""Digest"":""BDDDA9A9""},{""Algorithm"":""SHA-1"",""Digest"":""b7894825178c1141a3326579db8c06acae93c3c4""},{""Algorithm"":""MD5"",""Digest"":""db18bcb7928c1f3bd844c83181541e1a""}]"
Nintendo SNES/Tecmo Super NBA Basketball.uac	tsnb.rsn	"[{""Algorithm"":""BLAKE3-256"",""Digest"":""eeae270d3117145a7f85828282cd930f22be8dfafb462a4b6920eb12460107e9""},{""Algorithm"":""CRC32"",""Digest"":""CED4A8E1""},{""Algorithm"":""SHA-1"",""Digest"":""a751bfa9de23f9efcf1dc271f5d755202790fead""},{""Algorithm"":""MD5"",""Digest"":""a8d1a10c2dce215241df1101fbda0ca8""}]"
Nintendo SNES/Teenage Mutant Ninja Turtles - Tournament Fighters.uac	tmnt5.rsn	"[{""Algorithm"":""BLAKE3-256"",""Digest"":""7ab01d333814d1ab7f83f2da03c30142c9d9cf0443158b3e1215e6eb514abf4a""},{""Algorithm"":""CRC32"",""Digest"":""83BEA2D7""},{""Algorithm"":""SHA-1"",""Digest"":""f24c926c0af1971a124f42a13a38080e27e953f0""},{""Algorithm"":""MD5"",""Digest"":""e776eecccb10c2e4a6988e2a8e905852""}]"
Nintendo SNES/Teenage Mutant Ninja Turtles IV - Turtles in Time.uac	tit.rsn	"[{""Algorithm"":""BLAKE3-256"",""Digest"":""3e26c029f65f56f3765593c08b21b84b68be160901725588e6b4a4413315dbeb""},{""Algorithm"":""CRC32"",""Digest"":""41F564D9""},{""Algorithm"":""SHA-1"",""Digest"":""a08b9d0c8f35621ebd510ffa63c8ab0650201cba""},{""Algorithm"":""MD5"",""Digest"":""8d69a5b7246129974c8e70d39def9d7c""}]"
Nintendo SNES/Teitoku no Ketsudan 2.uac	tnk2.rsn	"[{""Algorithm"":""BLAKE3-256"",""Digest"":""c8e80fd053fc1cd0b20f7216bda3b942d216548a0b4ffbd776eaf57a0d7760a8""},{""Algorithm"":""CRC32"",""Digest"":""B7CEA2B7""},{""Algorithm"":""SHA-1"",""Digest"":""0b51f6cd330e00ed77d639d4c52f53d2904e3368""},{""Algorithm"":""MD5"",""Digest"":""dd3023b3a9456798e6b35854913af7d5""}]"
Nintendo SNES/Teitoku no Ketsudan.uac	tnk.rsn	"[{""Algorithm"":""BLAKE3-256"",""Digest"":""6c9f8763e3d636322847d09496c6fa0aa629ef489f442e7d753c2b9247da8e1d""},{""Algorithm"":""CRC32"",""Digest"":""69B71D10""},{""Algorithm"":""SHA-1"",""Digest"":""3f1d83e959b8c6caeecf7676c0b48946dc4ca271""},{""Algorithm"":""MD5"",""Digest"":""580dd0aea51d3906cef9b3d3d07eb31c""}]"
Nintendo SNES/Tekichuu Keiba Juku.uac	tkj.rsn	"[{""Algorithm"":""BLAKE3-256"",""Digest"":""e5df9dafa676ad4fb4505533556612cf93a8263c76c1e27b53310957b2cf4e30""},{""Algorithm"":""CRC32"",""Digest"":""E9AB9272""},{""Algorithm"":""SHA-1"",""Digest"":""041794882563dcf840badb9913bfabab93a0d8d0""},{""Algorithm"":""MD5"",""Digest"":""1abe42c9336c358997d9a6d128b9713f""}]"
Nintendo SNES/Tenbu Spirits.uac	sstbs.rsn	"[{""Algorithm"":""BLAKE3-256"",""Digest"":""b56899ebea7c2c86772630288f2b90f678d58a70f4d011eb6a2e1919f870326c""},{""Algorithm"":""CRC32"",""Digest"":""2D20B051""},{""Algorithm"":""SHA-1"",""Digest"":""6736048a28564b59c1ac147b33e51f6de02c7999""},{""Algorithm"":""MD5"",""Digest"":""460cdbb691ee346ef654110885cbe4a3""}]"
Nintendo SNES/Tenchi Muyou! - Game Hen (JP).uac	temu.rsn	"[{""Algorithm"":""BLAKE3-256"",""Digest"":""697b76e3979ec9342267a9940e0eef9124b435b5108c7297fe3e33377bf97222""},{""Algorithm"":""CRC32"",""Digest"":""486647A6""},{""Algorithm"":""SHA-1"",""Digest"":""41304e2bb011a4523f603a1d0d81a441b07e5541""},{""Algorithm"":""MD5"",""Digest"":""2a015bfeb617e942f012f050854020fc""}]"
Nintendo SNES/Tengai Makyo Zero (Far East of Eden Zero).uac	feoez.rsn	"[{""Algorithm"":""BLAKE3-256"",""Digest"":""8cbe7279c628f96744f0cab2c0db55d7b47108c5b67fb27aef6d8117f4f18715""},{""Algorithm"":""CRC32"",""Digest"":""635BCB30""},{""Algorithm"":""SHA-1"",""Digest"":""7df1010f770fdec2e9f3d0f423851f7949d89e72""},{""Algorithm"":""MD5"",""Digest"":""d85ee42dc24b2109f8e2e7176f5f391a""}]"
Nintendo SNES/Tenshi no Uta - Shiroki Tsubasa no Inori.uac	tnu.rsn	"[{""Algorithm"":""BLAKE3-256"",""Digest"":""cf25379261d7cd1cfd2f6aef513f11b6c49386c6f549fb7c28fbcea761164761""},{""Algorithm"":""CRC32"",""Digest"":""EB43AAC8""},{""Algorithm"":""SHA-1"",""Digest"":""09266d631ae2cb155ffae359a6ba84b05705a44c""},{""Algorithm"":""MD5"",""Digest"":""1143911827a364e7b1594fcd8d9f4027""}]"
Nintendo SNES/Terminator 2 - Judgment Day.uac	t2jd.rsn	"[{""Algorithm"":""BLAKE3-256"",""Digest"":""2c092e68accb12dc6cf44cbdb150cd200d41a14b260ce7bf3a7878519f059ec1""},{""Algorithm"":""CRC32"",""Digest"":""3C89AD77""},{""Algorithm"":""SHA-1"",""Digest"":""77167f4688ea23c964d6f957539e8960a01279db""},{""Algorithm"":""MD5"",""Digest"":""bf2c2262a78fcf4e74400042ec43a336""}]"
Nintendo SNES/Terranigma.uac	ts.rsn	"[{""Algorithm"":""BLAKE3-256"",""Digest"":""124382ee65617d58a36537d9b1a4d88585cffe71350abaa4f14e1a69f700ee42""},{""Algorithm"":""CRC32"",""Digest"":""4003888C""},{""Algorithm"":""SHA-1"",""Digest"":""8e9c4da8591f43aa499ecb2efcf1e9c9f92bfd9d""},{""Algorithm"":""MD5"",""Digest"":""80477d37937dbb43eeda2a1be72a8ee3""}]"
Nintendo SNES/Tetris 2.uac	tet2.rsn	"[{""Algorithm"":""BLAKE3-256"",""Digest"":""00d711fe487e4406352b660deaff0efdfd50db14cf0441db77ec281db05bf4ad""},{""Algorithm"":""CRC32"",""Digest"":""BE385961""},{""Algorithm"":""SHA-1"",""Digest"":""caaea4ebc6fda03f300a1bee3bb8e33a9f4c9c09""},{""Algorithm"":""MD5"",""Digest"":""fbc325bcfc41611e81026cffbe299757""}]"
Nintendo SNES/Tetris Attack.uac	ta.rsn	"[{""Algorithm"":""BLAKE3-256"",""Digest"":""6960607db4b17b8af707156a6b5b49eb95d95fe5503f01297e6fb96359146d65""},{""Algorithm"":""CRC32"",""Digest"":""F88AD7B2""},{""Algorithm"":""SHA-1"",""Digest"":""bbf7c41296ea55b5619b9e8d9bd8c43ac3ca6f2a""},{""Algorithm"":""MD5"",""Digest"":""f02660dab30ed94468377d5d93e2ea97""}]"
Nintendo SNES/Tetris Battle Gaiden (JP).uac	tbat.rsn	"[{""Algorithm"":""BLAKE3-256"",""Digest"":""7f7bb2d3f375b5a0d1a0b462ac2e156a559bbdb61c13e6c14bc418de10c84f32""},{""Algorithm"":""CRC32"",""Digest"":""394B1CB7""},{""Algorithm"":""SHA-1"",""Digest"":""42563745847966eaa4be850e6cef06fc1ef03d51""},{""Algorithm"":""MD5"",""Digest"":""e9153901be8617c8920cc1ef27970c5d""}]"
Nintendo SNES/Tetsuwan Atom.uac	twa.rsn	"[{""Algorithm"":""BLAKE3-256"",""Digest"":""9cb201e1c85a5acd6d756e0ed664e8931a4d60db6db7dae58f26ccf2324ca2ba""},{""Algorithm"":""CRC32"",""Digest"":""B4FDB158""},{""Algorithm"":""SHA-1"",""Digest"":""f7a2ac6480dd698ba640e042e07f44b55def76bb""},{""Algorithm"":""MD5"",""Digest"":""2d0979765d901af859df6d9981ba152b""}]"
Nintendo SNES/Theme Park.uac	tp.rsn	"[{""Algorithm"":""BLAKE3-256"",""Digest"":""0cca45f91758de41acce9e52148f56e14e176e427261eed231526fb64938872c""},{""Algorithm"":""CRC32"",""Digest"":""7976C25C""},{""Algorithm"":""SHA-1"",""Digest"":""28ce937bb6bf4f001e903b7c962e2519f38a7991""},{""Algorithm"":""MD5"",""Digest"":""e6ee1c04ecebda422f3f22bd79ceafac""}]"
Nintendo SNES/Thomas the Tank Engine & Friends.uac	ttef.rsn	"[{""Algorithm"":""BLAKE3-256"",""Digest"":""2fef0d9b9eae599f4d3f764692bcfac190985a326991190eb5d41d31bbbbb530""},{""Algorithm"":""CRC32"",""Digest"":""BC0EA52E""},{""Algorithm"":""SHA-1"",""Digest"":""46552a9cb204057695ccba6062e91295a7f1c8a6""},{""Algorithm"":""MD5"",""Digest"":""e3587281549a22eb8a5a840e7bee34cf""}]"
Nintendo SNES/Thoroughbred Breeder (JP).uac	tb2.rsn	"[{""Algorithm"":""BLAKE3-256"",""Digest"":""d94d26a1d7e8740b7c3662603cc27b40803b456284a910512ae61077d308bd15""},{""Algorithm"":""CRC32"",""Digest"":""D5DE04CE""},{""Algorithm"":""SHA-1"",""Digest"":""4e0d77c668ffa493d975f83e0dfdab6d3fba5986""},{""Algorithm"":""MD5"",""Digest"":""cbf9ea40d2b7d7cd7665a0d424fe1767""}]"
Nintendo SNES/Thoroughbred Breeder 3.uac	tb3.rsn	"[{""Algorithm"":""BLAKE3-256"",""Digest"":""6e6ac08cdb1cdb084e81064e7d65c39e1a75ff94d1d1c2ea975ae668d34df681""},{""Algorithm"":""CRC32"",""Digest"":""94872858""},{""Algorithm"":""SHA-1"",""Digest"":""633866a6b69726d2567743dad4d42f2a2fb3dd16""},{""Algorithm"":""MD5"",""Digest"":""9242e0f6ff139151794a42e06c9f8939""}]"
Nintendo SNES/Thunder Spirits.uac	tdsp.rsn	"[{""Algorithm"":""BLAKE3-256"",""Digest"":""6afb16672b2f94d39380d6ec8ab9b95d53c9b04b3b707e8cbf547d8c13490fd8""},{""Algorithm"":""CRC32"",""Digest"":""A989875A""},{""Algorithm"":""SHA-1"",""Digest"":""f6021525445ba4cad3f01214645e3b009ea29791""},{""Algorithm"":""MD5"",""Digest"":""da3cae3245691868cd2f1a44f59983b1""}]"
Nintendo SNES/Thunderbirds.uac	thbi.rsn	"[{""Algorithm"":""BLAKE3-256"",""Digest"":""cbf2f2dd2be45ab7931045f622327ec1087916c2eee24c2bd5be1f38e17b3334""},{""Algorithm"":""CRC32"",""Digest"":""C0069FA3""},{""Algorithm"":""SHA-1"",""Digest"":""accf36ab45fddd7c399bc1f81a32fad0a16e2457""},{""Algorithm"":""MD5"",""Digest"":""fce2683bd71282b4fb934cb416c81ccc""}]"
Nintendo SNES/Tick, The (US).uac	tick.rsn	"[{""Algorithm"":""BLAKE3-256"",""Digest"":""af017f2205f6c0f9052ab13a66c776d1c066066de98ab5335fa213fc6055964e""},{""Algorithm"":""CRC32"",""Digest"":""9DF30C7C""},{""Algorithm"":""SHA-1"",""Digest"":""58050e8bd25a523d0b041e33680cfa360bf6a302""},{""Algorithm"":""MD5"",""Digest"":""2adb419b24d4ecfe5dc9e1e8576e517e""}]"
Nintendo SNES/Time Trax.uac	ttx.rsn	"[{""Algorithm"":""BLAKE3-256"",""Digest"":""453640c528b1496da369b1002208ed5ed35df10ccc00ee6c1c57ce04af883e8b""},{""Algorithm"":""CRC32"",""Digest"":""BFC61BC5""},{""Algorithm"":""SHA-1"",""Digest"":""414a74bfcc823e59f029995cc8ab621bcc6a10fd""},{""Algorithm"":""MD5"",""Digest"":""2b3030f2ef57b5dbf1def600414d6912""}]"
Nintendo SNES/Timecop.uac	timec.rsn	"[{""Algorithm"":""BLAKE3-256"",""Digest"":""e3aa72f9571a7a78f71fb6eccdc092999c4dcaa4e9113d12c648cc09ded737d0""},{""Algorithm"":""CRC32"",""Digest"":""C85BFEC2""},{""Algorithm"":""SHA-1"",""Digest"":""f823ff8047b30df83d1d3fdc02ecce30f16a1be5""},{""Algorithm"":""MD5"",""Digest"":""c910a26e74014aa734bbcb1fd7820e39""}]"
Nintendo SNES/Timeslip.uac	tslip.rsn	"[{""Algorithm"":""BLAKE3-256"",""Digest"":""fd4a1f47731a36fc0de5f87e6fe70043325163d600f8ec46cec3877b6c2e700b""},{""Algorithm"":""CRC32"",""Digest"":""039895C0""},{""Algorithm"":""SHA-1"",""Digest"":""67211c5e75c1a5bae3c3dba1e963a2b1161483e5""},{""Algorithm"":""MD5"",""Digest"":""3113741a54362dbd85d6ae5655590227""}]"
Nintendo SNES/Timon & Pumbaa's Jungle Games.uac	tpjg.rsn	"[{""Algorithm"":""BLAKE3-256"",""Digest"":""5ca969721a37cf268bc84a65a5587af1f28790041a4b97d368e1048b61cf7295""},{""Algorithm"":""CRC32"",""Digest"":""D19E2294""},{""Algorithm"":""SHA-1"",""Digest"":""53332b03ebcfc732c7a1b11b875099ce508dcec9""},{""Algorithm"":""MD5"",""Digest"":""ac0d3769da31b26004d66c1456b5fb96""}]"
Nintendo SNES/Tin Star (US).uac	tstar.rsn	"[{""Algorithm"":""BLAKE3-256"",""Digest"":""a0349c256a1644a8e15968a2df8ef2467d94ec407b7a567ddc4dd8ede853ba08""},{""Algorithm"":""CRC32"",""Digest"":""07902D01""},{""Algorithm"":""SHA-1"",""Digest"":""b81591ad76d81f7fbf286336200d53af4b67c1a9""},{""Algorithm"":""MD5"",""Digest"":""d254dba2c3961f0d357edae13fd5827e""}]"
Nintendo SNES/TinTin au Tibet.uac	ttat.rsn	"[{""Algorithm"":""BLAKE3-256"",""Digest"":""21050892418304963eb8f1cee935a615b671382b2362b1104db2d7e753b4b865""},{""Algorithm"":""CRC32"",""Digest"":""E4A2BBAE""},{""Algorithm"":""SHA-1"",""Digest"":""b0778427ea47920173bb3a974660bec787902cdd""},{""Algorithm"":""MD5"",""Digest"":""47b4e27050ebc00a68a8ffa69263421f""}]"
Nintendo SNES/TinTin, Les Aventures de - Le Temple du Solei.uac	ttts.rsn	"[{""Algorithm"":""BLAKE3-256"",""Digest"":""54bb9ef87e95767a3813f0fa860a368a90f91ce6018aed13982b623924783513""},{""Algorithm"":""CRC32"",""Digest"":""ED21CCFD""},{""Algorithm"":""SHA-1"",""Digest"":""5c2aa78a0188a8433dc0676ade41e0c4b8012062""},{""Algorithm"":""MD5"",""Digest"":""7495b012f7f5e58810e8fc17b0accaed""}]"
Nintendo SNES/Tinhead.uac	thead.rsn	"[{""Algorithm"":""BLAKE3-256"",""Digest"":""a546234cbdd8834c0baa4249a8d7c0bc0e867ce3b97b6b9ecf9ed9cb7976585a""},{""Algorithm"":""CRC32"",""Digest"":""5BC5D05A""},{""Algorithm"":""SHA-1"",""Digest"":""640d9c28f8ada4a5baf9aa09d33d89532ef7ee41""},{""Algorithm"":""MD5"",""Digest"":""bcd7c0c103e39a30a730d2fc55942580""}]"
Nintendo SNES/Tiny Toon Adventures - Buster Busts Loose.uac	tta.rsn	"[{""Algorithm"":""BLAKE3-256"",""Digest"":""ce06041cdd7e98d06492196ae24d9ed63bae12abd67f436a5e83dc321112a613""},{""Algorithm"":""CRC32"",""Digest"":""6940A927""},{""Algorithm"":""SHA-1"",""Digest"":""eda8490dc5a2b0c4e140d18fe8326000fb10b844""},{""Algorithm"":""MD5"",""Digest"":""9cd04099a749095f1e3f874c73736e22""}]"
Nintendo SNES/Tiny Toon Adventures - Wacky Sports Challenge (US).uac	ttawsc.rsn	"[{""Algorithm"":""BLAKE3-256"",""Digest"":""d9548714a95cdb4a35b2783b49f6bbd652b60570ab93df4aa113942ecf7ed0f4""},{""Algorithm"":""CRC32"",""Digest"":""25428EDF""},{""Algorithm"":""SHA-1"",""Digest"":""7583579c938a639d2b3f1d955baf4baac944390a""},{""Algorithm"":""MD5"",""Digest"":""56733d7a5b00406ed0a9957b5dd30f5a""}]"
Nintendo SNES/Tokimeki Memorial.uac	tkmm.rsn	"[{""Algorithm"":""BLAKE3-256"",""Digest"":""2e459c7673382499a4df28035a910608ba9b21140d2e88eeabe13c9ac1a2eee3""},{""Algorithm"":""CRC32"",""Digest"":""5F6BACFA""},{""Algorithm"":""SHA-1"",""Digest"":""337c50d7939da40922cd0ca84ec3559acff89242""},{""Algorithm"":""MD5"",""Digest"":""96432f026a9416e6c9f4e5ba3cb0590e""}]"
Nintendo SNES/Tokoro's Mahjong.uac	tkrm.rsn	"[{""Algorithm"":""BLAKE3-256"",""Digest"":""da769024d71041bbdaa51bf5c4289ab8bfb519379c8a2fced01c4cfbf522ac42""},{""Algorithm"":""CRC32"",""Digest"":""297F4255""},{""Algorithm"":""SHA-1"",""Digest"":""9d069b6af952e96d25c25f31524d796de909c2e6""},{""Algorithm"":""MD5"",""Digest"":""3e77e5ea9eac7ac3a42cf990e476512d""}]"
Nintendo SNES/Tom and Jerry.uac	tj.rsn	"[{""Algorithm"":""BLAKE3-256"",""Digest"":""d7350ecf96f16b67585112ea0446c5de65016778691b5d31c267d200114a959d""},{""Algorithm"":""CRC32"",""Digest"":""C9BCA12A""},{""Algorithm"":""SHA-1"",""Digest"":""ad86d35259743b09bb82440fce80aaa5f10df700""},{""Algorithm"":""MD5"",""Digest"":""9094f5df2793dcc911a8bed6af9ad0e4""}]"
Nintendo SNES/Tony Meola's Sidekicks Soccer.uac	tmss.rsn	"[{""Algorithm"":""BLAKE3-256"",""Digest"":""2054134ab15ac06ec1afb5807ca7eb81007357f7bb88b5365e12526b312cc390""},{""Algorithm"":""CRC32"",""Digest"":""C59CF15F""},{""Algorithm"":""SHA-1"",""Digest"":""bf3d224d08159da5bc1c9464d20fe53e325db540""},{""Algorithm"":""MD5"",""Digest"":""9eedb5980d0c3aaf4a91a5f715fb9a10""}]"
Nintendo SNES/Top Gear 2.uac	tg2.rsn	"[{""Algorithm"":""BLAKE3-256"",""Digest"":""2446f8b0659ec657994acd0cd1f10c181a4c5a969ba260be317ccb3b2b6a3e5d""},{""Algorithm"":""CRC32"",""Digest"":""697D2CE6""},{""Algorithm"":""SHA-1"",""Digest"":""466ed45d5a751d963acef586b5a2c56d81e9036a""},{""Algorithm"":""MD5"",""Digest"":""8fc5041b4631b6b0c6badb4ec2dadb7e""}]"
Nintendo SNES/Top Gear 3000.uac	tg3.rsn	"[{""Algorithm"":""BLAKE3-256"",""Digest"":""22dc190668d7c41d43602d4ee045a43cfb787757e2067029f7a3fc836d49aa8f""},{""Algorithm"":""CRC32"",""Digest"":""3A24BEEA""},{""Algorithm"":""SHA-1"",""Digest"":""cd97003a13a137b9c8d6c2ddfd1198aa9628763b""},{""Algorithm"":""MD5"",""Digest"":""34e4a71152ac98c71c676f30cfabbb9c""}]"
Nintendo SNES/Top Gear.uac	tg.rsn	"[{""Algorithm"":""BLAKE3-256"",""Digest"":""2d6b7e22f9fb2002cb6ab8ec87b5bcb903adcb290c9e80204bcd9802367a0c27""},{""Algorithm"":""CRC32"",""Digest"":""6AEFFDE6""},{""Algorithm"":""SHA-1"",""Digest"":""1be6f3800d8d78fbc1fac9f08b542ba25c620ddf""},{""Algorithm"":""MD5"",""Digest"":""c4a1b0e914ed6b91a39500e74715384f""}]"
Nintendo SNES/Top Management 2.uac	tm2.rsn	"[{""Algorithm"":""BLAKE3-256"",""Digest"":""da113fa7e6a2657d0d75bd6db80b7b53ff6edf7b48d9f7d506bab63fc0dcf01e""},{""Algorithm"":""CRC32"",""Digest"":""C1CAC690""},{""Algorithm"":""SHA-1"",""Digest"":""3135e29a51930321feec084a4f2faaa6ecd5cecc""},{""Algorithm"":""MD5"",""Digest"":""a8805db9c60ac799c7b249a8e5741ad6""}]"
Nintendo SNES/Torneco no Daibouken - Fushigi no Dungeon.uac	tnd.rsn	"[{""Algorithm"":""BLAKE3-256"",""Digest"":""35b945710b140da2a820d61a6a2fb9bdfeac5c71ef8086c6763ee52d4d9a59e0""},{""Algorithm"":""CRC32"",""Digest"":""EF0091EA""},{""Algorithm"":""SHA-1"",""Digest"":""02150e7bc15fa7fea449e0d4b81d0d90d78202b2""},{""Algorithm"":""MD5"",""Digest"":""9cd6fe31b687111e995cdb599abb7f92""}]"
Nintendo SNES/Total Carnage.uac	tcar.rsn	"[{""Algorithm"":""BLAKE3-256"",""Digest"":""1261dd399fec14c51db32106236f39e408a9bfa6f83be0499ba5d1e497178cbc""},{""Algorithm"":""CRC32"",""Digest"":""A74DF0DC""},{""Algorithm"":""SHA-1"",""Digest"":""a026488f5bc2aba68300d2c2e27b991dee9c940f""},{""Algorithm"":""MD5"",""Digest"":""6747614bb1a15b0a2bf8baf6706c5668""}]"
Nintendo SNES/Total Football.uac	totf.rsn	"[{""Algorithm"":""BLAKE3-256"",""Digest"":""014c565956823051120b84f5800dc135b606527b88b1a8f4c7f1de8087a78065""},{""Algorithm"":""CRC32"",""Digest"":""31C21E9A""},{""Algorithm"":""SHA-1"",""Digest"":""77988154442192e7c57932053991b21bdf7d82eb""},{""Algorithm"":""MD5"",""Digest"":""4169d70b69c34b2c149ac5c1203b146d""}]"
Nintendo SNES/Tottemo! Lucky Man.uac	tlm.rsn	"[{""Algorithm"":""BLAKE3-256"",""Digest"":""8cf6a1bd89c8b84fbb1576ea5f6f28699ffb632863bada47decbe87f10943743""},{""Algorithm"":""CRC32"",""Digest"":""A3A861A2""},{""Algorithm"":""SHA-1"",""Digest"":""a8a82a94ea6b03f49d69130dcefdc4a87d2f0d78""},{""Algorithm"":""MD5"",""Digest"":""5cab1af6e6ed7cec0d3faf5ad732d792""}]"
Nintendo SNES/Toy Story.uac	tst.rsn	"[{""Algorithm"":""BLAKE3-256"",""Digest"":""2521cb1ebdfbc00480a6f4a4d5d667d15f663ea33cedac099cdc574185deeb83""},{""Algorithm"":""CRC32"",""Digest"":""1C8A84F2""},{""Algorithm"":""SHA-1"",""Digest"":""b3235238129f77300a162f1d0ba1efd7fd79079a""},{""Algorithm"":""MD5"",""Digest"":""6f6a9042e9ac2435383418b8d99cef21""}]"
Nintendo SNES/Toys.uac	toys.rsn	"[{""Algorithm"":""BLAKE3-256"",""Digest"":""41e5f2b9b9690c21c393dca692cea5c1b45bdd3c1890de2638d8f3868226681a""},{""Algorithm"":""CRC32"",""Digest"":""570A89F9""},{""Algorithm"":""SHA-1"",""Digest"":""eb9c533a4178b38380f56cf2e0ff35fde1cee355""},{""Algorithm"":""MD5"",""Digest"":""3b948a349fcce9bd9be7f7e0481f84f6""}]"
Nintendo SNES/Traverse - Starlight and Prairie.uac	tsp.rsn	"[{""Algorithm"":""BLAKE3-256"",""Digest"":""44d2a9c4ec2123161cac828d9247d931e136c3da6fddbb6298703dc4ba9e648c""},{""Algorithm"":""CRC32"",""Digest"":""90A76B94""},{""Algorithm"":""SHA-1"",""Digest"":""b8dcd93d86f32001d45978b9c941e2b12a3b86f0""},{""Algorithm"":""MD5"",""Digest"":""62228e53f88eef210b82dd8238b8d31f""}]"
Nintendo SNES/Treasure Conflix.uac	tcx.rsn	"[{""Algorithm"":""BLAKE3-256"",""Digest"":""f810b12872c4b33a71e656c0637963b4da135257ae4048f6d3598b8f42a07ca8""},{""Algorithm"":""CRC32"",""Digest"":""20C6CEAC""},{""Algorithm"":""SHA-1"",""Digest"":""557d85160965d7c4572a5392e8dabf79d7510f3e""},{""Algorithm"":""MD5"",""Digest"":""01e832dd2266d6098a53fa4ea101d76e""}]"
Nintendo SNES/Treasure Hunter G.uac	thg.rsn	"[{""Algorithm"":""BLAKE3-256"",""Digest"":""2e9d1b0250bbb750e0ddc0c481296305f1c0ff70fdfe640e7145dfa986c0afe7""},{""Algorithm"":""CRC32"",""Digest"":""42D54087""},{""Algorithm"":""SHA-1"",""Digest"":""f8db73e7182de1f13149261da74e6136b9241d38""},{""Algorithm"":""MD5"",""Digest"":""b945b811dca231a8d46cc46c59da3df9""}]"
Nintendo SNES/Trinea (JP).uac	trin.rsn	"[{""Algorithm"":""BLAKE3-256"",""Digest"":""350c0276cf0ceb439de7aa92452bd667ff7534d2f3fea85086bddfb3fd202a0d""},{""Algorithm"":""CRC32"",""Digest"":""09D05ABC""},{""Algorithm"":""SHA-1"",""Digest"":""13d5aac84c4ba89369ec83e9617ed35d20df0010""},{""Algorithm"":""MD5"",""Digest"":""445f0d5b5059a3ccfe7917ff214c4146""}]"
Nintendo SNES/Troddlers.uac	trod.rsn	"[{""Algorithm"":""BLAKE3-256"",""Digest"":""a84039ecab043a8c90b77d7b3ff19fd60da1a3ae2ac3a122e963be4e13f1f511""},{""Algorithm"":""CRC32"",""Digest"":""E93BBF5F""},{""Algorithm"":""SHA-1"",""Digest"":""17c4d7439c1951abe0f8097edb4fa66f5f32c393""},{""Algorithm"":""MD5"",""Digest"":""9b211003bb5749aed46eae731bef92b2""}]"
Nintendo SNES/Troy Aikman NFL Football.uac	tanf.rsn	"[{""Algorithm"":""BLAKE3-256"",""Digest"":""dd98c75103a0608ebcc665c50619dbe0bd819fcdf7b5e2598e1017a1c05e4567""},{""Algorithm"":""CRC32"",""Digest"":""5C996EDC""},{""Algorithm"":""SHA-1"",""Digest"":""b430d30ffae97ecda74835b9fd708488b7b72530""},{""Algorithm"":""MD5"",""Digest"":""bd3b63e2fde4566d7454345f1b3e185a""}]"
Nintendo SNES/True Lies.uac	tl.rsn	"[{""Algorithm"":""BLAKE3-256"",""Digest"":""710736e26dd682e33e5e5b12d224eec948756712cc37cf6490b6866cb43b7508""},{""Algorithm"":""CRC32"",""Digest"":""32D98F38""},{""Algorithm"":""SHA-1"",""Digest"":""dec082e3bc8a370574431bb4aea6484929966cbc""},{""Algorithm"":""MD5"",""Digest"":""63b16f523ea17aa9fa9c7fa88ec0d47a""}]"
Nintendo SNES/Tsuppari Oozumo Rissin Shusse Hen.uac	torsh.rsn	"[{""Algorithm"":""BLAKE3-256"",""Digest"":""0f3437c96495f7c97b3884cceb8d9849fe2316afbb6deee0b4a2dbf0b3f5e7d2""},{""Algorithm"":""CRC32"",""Digest"":""FB370467""},{""Algorithm"":""SHA-1"",""Digest"":""ed37faed0ef6566d7ff4848121ccd302a9ec7923""},{""Algorithm"":""MD5"",""Digest"":""0c0e44e732b1da964c598f9e00d2a5f5""}]"
Nintendo SNES/Tsuri Taro.uac	tsuta.rsn	"[{""Algorithm"":""BLAKE3-256"",""Digest"":""15980296caa4882fc1d5f1cc60f2c92ced5e972b6b395d1503c9f086c3aac74a""},{""Algorithm"":""CRC32"",""Digest"":""47621FC3""},{""Algorithm"":""SHA-1"",""Digest"":""68e232611dfc5c789a9330900e41e42e37d19d3c""},{""Algorithm"":""MD5"",""Digest"":""8326848a12e54e45f4ece80761e08a2d""}]"
Nintendo SNES/Tsuyoshi Shikkarishinasai Taisen Puzzle-Dama.uac	tstp.rsn	"[{""Algorithm"":""BLAKE3-256"",""Digest"":""2a7d0e254bb82b5b26b95d4561ba8d4ce5a4135c17bb79cd09b0c63dd1eadc9e""},{""Algorithm"":""CRC32"",""Digest"":""8F8E9AAA""},{""Algorithm"":""SHA-1"",""Digest"":""9e8891f788bdebaecedc265146b432179be1f2bd""},{""Algorithm"":""MD5"",""Digest"":""33601cb016590e33d6730ae1a44238d2""}]"
Nintendo SNES/Tuff E Nuff.uac	dance.rsn	"[{""Algorithm"":""BLAKE3-256"",""Digest"":""e5673aa5d9b6cf4e4b0b0164eaf8c711029c12d15ae65cadf287fbd0bd7a3fea""},{""Algorithm"":""CRC32"",""Digest"":""43A73247""},{""Algorithm"":""SHA-1"",""Digest"":""ae039fbb87893f56c0a74dc96b201476179371fc""},{""Algorithm"":""MD5"",""Digest"":""fc93c35d30d8921224c5abbc4ac2224a""}]"
Nintendo SNES/Turn and Burn - No Fly Zone.uac	tbnfz.rsn	"[{""Algorithm"":""BLAKE3-256"",""Digest"":""e29e1bdd9784128ccd6a4ee66453b4952073821c97487d1ed1b885df976769fa""},{""Algorithm"":""CRC32"",""Digest"":""C692D7FB""},{""Algorithm"":""SHA-1"",""Digest"":""4e89208ad921096db09ee5a09f3d786dce7344a3""},{""Algorithm"":""MD5"",""Digest"":""ef6324fc209daaa1907d2b147b041a8a""}]"
Nintendo SNES/Twinbee - Rainbow Bell Adventure.uac	trba.rsn	"[{""Algorithm"":""BLAKE3-256"",""Digest"":""846977d48f494d1e4d95fae469d855940a55241504e260f5c27a6f1c82eb1eca""},{""Algorithm"":""CRC32"",""Digest"":""AD87905A""},{""Algorithm"":""SHA-1"",""Digest"":""82992c8d72b13a90df1714d7eac954b69eee3443""},{""Algorithm"":""MD5"",""Digest"":""d80872b5a4add3b84d8a2ab3dc1bca4f""}]"
Nintendo SNES/Twisted Tales of Spike McFang, The.uac	ttsmf.rsn	"[{""Algorithm"":""BLAKE3-256"",""Digest"":""e0cb7877c6c2b80c6560913bfa0bacf08dcc119d326111ab3b4c6bdbc6757ce1""},{""Algorithm"":""CRC32"",""Digest"":""3E56BC31""},{""Algorithm"":""SHA-1"",""Digest"":""35fcbc102a6fcb0a84d5af8559647c7bf2443da0""},{""Algorithm"":""MD5"",""Digest"":""f119b5d791a7b84c2f47c2f5f3567c0d""}]"
Nintendo SNES/U.N. Squadron.uac	a88.rsn	"[{""Algorithm"":""BLAKE3-256"",""Digest"":""bd2f77ca8a6bc3df4f222612388432097e1ec1aa69871edaf08650de93ca1aca""},{""Algorithm"":""CRC32"",""Digest"":""C45ED38F""},{""Algorithm"":""SHA-1"",""Digest"":""a722e6dee6b4e1dc5cbc1d9047c26dc5598ab286""},{""Algorithm"":""MD5"",""Digest"":""aef7b6b1c7a3810d4285e06629ec33d7""}]"
Nintendo SNES/UFO Kamen Yakisoban.uac	yaki.rsn	"[{""Algorithm"":""BLAKE3-256"",""Digest"":""90fbb6d9e2bb7ba018c1beb8c363264573743ed1e8e52ae34ab9f76e1aa826c3""},{""Algorithm"":""CRC32"",""Digest"":""CC75D3EF""},{""Algorithm"":""SHA-1"",""Digest"":""166a052defa5951fd1ddf38f04238f1ff1bd699a""},{""Algorithm"":""MD5"",""Digest"":""ef9cf318c664f97b32888f3fc5d7b8aa""}]"
Nintendo SNES/Uchuu Race Astro Go Go.uac	agogo.rsn	"[{""Algorithm"":""BLAKE3-256"",""Digest"":""e76461d87c57c7e7edd4eb09607e37076828af0e8feb41e5303f05d3ba9bfbb4""},{""Algorithm"":""CRC32"",""Digest"":""AC6AAA98""},{""Algorithm"":""SHA-1"",""Digest"":""34030a4c0af28833b960a6e0e3a01d72f70a20f2""},{""Algorithm"":""MD5"",""Digest"":""7f90ed6ba9d9eb875fc8422c939d65c5""}]"
Nintendo SNES/Ultima - Dinosaur Empire.uac	ukt.rsn	"[{""Algorithm"":""BLAKE3-256"",""Digest"":""fd003484e8d38fe793f9e7275f97efcc0c5e3732bd727fd35105be9e2fb1a612""},{""Algorithm"":""CRC32"",""Digest"":""83FBAD20""},{""Algorithm"":""SHA-1"",""Digest"":""769c4fe3807c28987734ca986e78adb929200306""},{""Algorithm"":""MD5"",""Digest"":""0e825b0dee34d48bc3505d3873e83246""}]"
Nintendo SNES/Ultima - Runes of Virtue 2.uac	urov2.rsn	"[{""Algorithm"":""BLAKE3-256"",""Digest"":""4a93d4def06b16124832d69e6eb81c7481825aaef99de21f376aba6d49f061b2""},{""Algorithm"":""CRC32"",""Digest"":""705A8E0F""},{""Algorithm"":""SHA-1"",""Digest"":""60126afbe6e1001d57756c8f48f335d8578569c3""},{""Algorithm"":""MD5"",""Digest"":""05819bbf20a6e5beaf8db228d4b486d9""}]"
Nintendo SNES/Ultima 6.uac	ult6.rsn	"[{""Algorithm"":""BLAKE3-256"",""Digest"":""d62268f2672915e2cdd1cd103b23b29cfe9fa3a4c430d59ee8eeb32b91e2de39""},{""Algorithm"":""CRC32"",""Digest"":""7CD85CA2""},{""Algorithm"":""SHA-1"",""Digest"":""dbd0b3c70184aad7468cc92c4daa8b22f7ef4641""},{""Algorithm"":""MD5"",""Digest"":""84053a0086bf39d5fef8f70cc80593e3""}]"
Nintendo SNES/Ultra Baseball Jitsumeiban 2.uac	ubj2.rsn	"[{""Algorithm"":""BLAKE3-256"",""Digest"":""355787001288e649883b34f86a491ea5e8b9453d8fdfe3be0364175e9c67f915""},{""Algorithm"":""CRC32"",""Digest"":""53163353""},{""Algorithm"":""SHA-1"",""Digest"":""d329bae32ec4a69c55a49b776a9fff03e988d012""},{""Algorithm"":""MD5"",""Digest"":""575d3f245562995aa1f75579bc144774""}]"
Nintendo SNES/Ultra Baseball Jitsumeiban 3.uac	ubj3.rsn	"[{""Algorithm"":""BLAKE3-256"",""Digest"":""0c0cbbac09f2a9ca3db390edbdcfb15e532f4cc5d5a5f0e22948f30d9d1ca4fa""},{""Algorithm"":""CRC32"",""Digest"":""34106E86""},{""Algorithm"":""SHA-1"",""Digest"":""a8ad64aa154b750c0e666f3d8e976106963ab531""},{""Algorithm"":""MD5"",""Digest"":""23f31e0cf86bab43bcbbad6842de0536""}]"
Nintendo SNES/Ultra Baseball Jitsumeiban.uac	ubj.rsn	"[{""Algorithm"":""BLAKE3-256"",""Digest"":""58029f0842587268897853d8a4ca2ed2e18185522d37499e37da6b0543f05231""},{""Algorithm"":""CRC32"",""Digest"":""41701DED""},{""Algorithm"":""SHA-1"",""Digest"":""c2c337cfa132f335a456ca00386fc6a78f1e2caa""},{""Algorithm"":""MD5"",""Digest"":""2a0fee8f1fee9f94a2f3abc3cea983df""}]"
Nintendo SNES/Ultra League.uac	ulmst.rsn	"[{""Algorithm"":""BLAKE3-256"",""Digest"":""d8d5b7c5eeac14ac49d8231d6f271520462ddc426a0cc2ef2e99a4a2a9e57965""},{""Algorithm"":""CRC32"",""Digest"":""F6670BC4""},{""Algorithm"":""SHA-1"",""Digest"":""17c065ca5651c00713ce8b78fd0ee6f98e75d4f6""},{""Algorithm"":""MD5"",""Digest"":""5a49f4cfbd30da994f3c53fe98c5fadb""}]"
Nintendo SNES/Ultra Seven.uac	u7.rsn	"[{""Algorithm"":""BLAKE3-256"",""Digest"":""c0a2c080872814e4010c34830c99baeeb9d60582345704ccdebaa06bbd6d49b0""},{""Algorithm"":""CRC32"",""Digest"":""B126D2D6""},{""Algorithm"":""SHA-1"",""Digest"":""f968210bfcd25e8f97c8ab521bc9fbde90f0a7e4""},{""Algorithm"":""MD5"",""Digest"":""727b6d1ae9a1c910277333786b580366""}]"
Nintendo SNES/Ultraman - Towards the Future.uac	um.rsn	"[{""Algorithm"":""BLAKE3-256"",""Digest"":""246aa268f0d2f33e3db6ba5b6a23058ee0939f68e5ba2278ac64e956d6c8be6a""},{""Algorithm"":""CRC32"",""Digest"":""D2FB1669""},{""Algorithm"":""SHA-1"",""Digest"":""9b31e4583aa09455a007f39e6e1bab860570982f""},{""Algorithm"":""MD5"",""Digest"":""04bf2ce8b08bedbafe24c97d258009e7""}]"
Nintendo SNES/Ultraman.uac	ultm.rsn	"[{""Algorithm"":""BLAKE3-256"",""Digest"":""da248ccc212e72d0708f89f70c27d8a2874bcf237b12254ef387738787c776e4""},{""Algorithm"":""CRC32"",""Digest"":""F0D3A0B9""},{""Algorithm"":""SHA-1"",""Digest"":""ba0d3f59991a354df7158397a4edfb69740ef1c9""},{""Algorithm"":""MD5"",""Digest"":""72d5b34e846e56a37e0448431727ba5d""}]"
Nintendo SNES/Umihara Kawase.uac	umi.rsn	"[{""Algorithm"":""BLAKE3-256"",""Digest"":""bc5383a223c3202960248e705bf3ffc2cd63bc8118c93971fcb0c0bb9f6840e7""},{""Algorithm"":""CRC32"",""Digest"":""DD331033""},{""Algorithm"":""SHA-1"",""Digest"":""599a1b3b9e583108c4123ba51ae4753e29f0981f""},{""Algorithm"":""MD5"",""Digest"":""dd51520a9bc41d4a96c6b863a21bfc69""}]"
Nintendo SNES/Umizuri Meijin.uac	umizm.rsn	"[{""Algorithm"":""BLAKE3-256"",""Digest"":""42a02fddc872320e7ab05b3ec01bafae1a0bedfc51e802703401974b92cf752f""},{""Algorithm"":""CRC32"",""Digest"":""AAA08E33""},{""Algorithm"":""SHA-1"",""Digest"":""a7768fd1849702fba228c2924a4ffae8df889774""},{""Algorithm"":""MD5"",""Digest"":""3475491fe2a529526e66047435a9be51""}]"
Nintendo SNES/Undercover Cops.uac	ucc.rsn	"[{""Algorithm"":""BLAKE3-256"",""Digest"":""3e99747ea4b6ceb1cebcc9a4a5a1043c9dd907f8e92ffbb8d80f75eb4d7384e9""},{""Algorithm"":""CRC32"",""Digest"":""5CA21D4D""},{""Algorithm"":""SHA-1"",""Digest"":""ee9e125419f57b46aafe153c4ac8042390fe857e""},{""Algorithm"":""MD5"",""Digest"":""10fba9a15cef9f3672171e20e68511d8""}]"
Nintendo SNES/Uniracers.uac	unir.rsn	"[{""Algorithm"":""BLAKE3-256"",""Digest"":""9de6005c9e2403a0d2f08dc93a4c9a38c86b1b459bfc6f614b23d55ead9a6e38""},{""Algorithm"":""CRC32"",""Digest"":""40711CCD""},{""Algorithm"":""SHA-1"",""Digest"":""960364a72c48d7c86cf6e8eac49267f5601d31e4""},{""Algorithm"":""MD5"",""Digest"":""888c0550f4cebdd522c6d268df6871a2""}]"
Nintendo SNES/Universal Soldier.uac	usol.rsn	"[{""Algorithm"":""BLAKE3-256"",""Digest"":""bfcc8c068820975e9579b914a2f60464f92ef5537c735214759bdbbba2aef759""},{""Algorithm"":""CRC32"",""Digest"":""ED646A2D""},{""Algorithm"":""SHA-1"",""Digest"":""fa2adfc210f99d2a0d590a599cb83bc4a5cb7d46""},{""Algorithm"":""MD5"",""Digest"":""b27d194733621180d69a879f3c59095a""}]"
Nintendo SNES/Untitled NFL Football Game.uac	unfl.rsn	"[{""Algorithm"":""BLAKE3-256"",""Digest"":""fcab75207d9ee8b09427ce3c43c72a69613a4cc76115b6e11eadc158c16fd32c""},{""Algorithm"":""CRC32"",""Digest"":""F1C994C1""},{""Algorithm"":""SHA-1"",""Digest"":""ce84f9a02ae440c3c4c6bb871d5c207450ec94a2""},{""Algorithm"":""MD5"",""Digest"":""41031b5977a8b44aa2849b26996dff2c""}]"
Nintendo SNES/Untouchables, The.uac	unt.rsn	"[{""Algorithm"":""BLAKE3-256"",""Digest"":""af8c74f608ba05b0f60c26a1177dedddf5e5d8e1fe10426d91c30623b22c4608""},{""Algorithm"":""CRC32"",""Digest"":""BE1239F8""},{""Algorithm"":""SHA-1"",""Digest"":""44b57eb385867fde5d3ac427c6208f0b65e4abdf""},{""Algorithm"":""MD5"",""Digest"":""c592fff2bdcdf6a3961c0ae1f080f86f""}]"
Nintendo SNES/Urban Strike.uac	us.rsn	"[{""Algorithm"":""BLAKE3-256"",""Digest"":""f386c29b43d6249ade6b6399128331ef97eb4876a2aa46abeb4d8305a95b010f""},{""Algorithm"":""CRC32"",""Digest"":""173DEADB""},{""Algorithm"":""SHA-1"",""Digest"":""f7e6338fa1df6177a990e952aea1ef488dc79661""},{""Algorithm"":""MD5"",""Digest"":""b28e0ed2a6b732e6b9a7c68bc1ab9086""}]"
Nintendo SNES/Utopia.uac	uto.rsn	"[{""Algorithm"":""BLAKE3-256"",""Digest"":""457c17c35de4fd7f2d2425b0932a530c64b5f8209987f69c1243fcc340481790""},{""Algorithm"":""CRC32"",""Digest"":""2934D03F""},{""Algorithm"":""SHA-1"",""Digest"":""f869ed58644bc30f72654ca15ef4ae488505c70f""},{""Algorithm"":""MD5"",""Digest"":""d92f9f8cdb5b55d8f65912c45067915a""}]"
Nintendo SNES/Utyu no Kishi Tekkaman Blade.uac	uktb.rsn	"[{""Algorithm"":""BLAKE3-256"",""Digest"":""d4c0cbd4e9838a205a57aca8171cf84b0bedcb4db3c8985937c70245a39f75a8""},{""Algorithm"":""CRC32"",""Digest"":""FD6AAD01""},{""Algorithm"":""SHA-1"",""Digest"":""ca99bac5d994136c99c331fcd2b392293638e496""},{""Algorithm"":""MD5"",""Digest"":""42c52edea0981f5ead91c590797cbb60""}]"
Nintendo SNES/Vegas Stakes.uac	vegas.rsn	"[{""Algorithm"":""BLAKE3-256"",""Digest"":""be870046556c0a9c0fb4ca21e16fb7dbc7aff164602e4158ca1b5221f878073f""},{""Algorithm"":""CRC32"",""Digest"":""FB138367""},{""Algorithm"":""SHA-1"",""Digest"":""69204c5f143ce20735ad1663a5a16fed179f3262""},{""Algorithm"":""MD5"",""Digest"":""de5ec0a9beee07a62a8390476f4c8941""}]"
Nintendo SNES/Verne World.uac	vewo.rsn	"[{""Algorithm"":""BLAKE3-256"",""Digest"":""9ab0c9eac201ce6957021d2c139dcdca19b19895ba1d248d889943c0485fba95""},{""Algorithm"":""CRC32"",""Digest"":""D9BFFA4D""},{""Algorithm"":""SHA-1"",""Digest"":""e60d5f40eb08ea3626b76161c955b04d36148b59""},{""Algorithm"":""MD5"",""Digest"":""be8ba09fc529f71d39d51335c64cd97f""}]"
Nintendo SNES/Violinist of Hameln.uac	voh.rsn	"[{""Algorithm"":""BLAKE3-256"",""Digest"":""7f01c3896540665df8a1e3ce61166b74897007cfd922e42577499c4c6a45c1ec""},{""Algorithm"":""CRC32"",""Digest"":""FD7614BA""},{""Algorithm"":""SHA-1"",""Digest"":""d74b3265ec558f62526db59a04dbf0a581979407""},{""Algorithm"":""MD5"",""Digest"":""4dfc697fcbedc97a7c9b8cdc0e7df7fe""}]"
Nintendo SNES/Virtual Bart.uac	vbart.rsn	"[{""Algorithm"":""BLAKE3-256"",""Digest"":""6fde9b655d6e9d1b2ca8380ca22d805cdb488c575a804361cc391e72b7b0b6e9""},{""Algorithm"":""CRC32"",""Digest"":""70CA0630""},{""Algorithm"":""SHA-1"",""Digest"":""791084a747ab03dbb1334e7fa224ce851271c1c7""},{""Algorithm"":""MD5"",""Digest"":""fc3b0c2beee94667f70e014dd5a760fe""}]"
Nintendo SNES/Volleyball Twin.uac	vbt.rsn	"[{""Algorithm"":""BLAKE3-256"",""Digest"":""febd4723471d930367b1e2e21442eba0ddc7fc62a9d54da411011558ce95de07""},{""Algorithm"":""CRC32"",""Digest"":""FEC0FA5A""},{""Algorithm"":""SHA-1"",""Digest"":""142d69754d94d77ae25fff1999c05aa8297ed3ed""},{""Algorithm"":""MD5"",""Digest"":""49f2bc5c5da0068066093c4bcfaa7142""}]"
Nintendo SNES/Vortex.uac	vor.rsn	"[{""Algorithm"":""BLAKE3-256"",""Digest"":""5e384cb81d0fc6586af78eb628166a465466eb1115a2fcc2b79fcc1201c6e46a""},{""Algorithm"":""CRC32"",""Digest"":""107DC7ED""},{""Algorithm"":""SHA-1"",""Digest"":""45371b084891738b06cde836a350f766e3b3a920""},{""Algorithm"":""MD5"",""Digest"":""296e124023e858a96f0a04759aa0c68e""}]"
Nintendo SNES/Vs. Collection.uac	vsc.rsn	"[{""Algorithm"":""BLAKE3-256"",""Digest"":""4366e2aa1dbf699fd61acca7fd728e2c00eede3e55ac29b3e2a15a4e7796ecd9""},{""Algorithm"":""CRC32"",""Digest"":""96A3C03C""},{""Algorithm"":""SHA-1"",""Digest"":""9cd9c2492bf49b3ec6e382576fdff98f46a95e2f""},{""Algorithm"":""MD5"",""Digest"":""7b2e4c8049a7a8581343ec0576b21e13""}]"
Nintendo SNES/WCW SuperBrawl Wrestling.uac	wcwsb.rsn	"[{""Algorithm"":""BLAKE3-256"",""Digest"":""957860d97c45306b6c92b9fa2f7c8a945286405aadbdc10d990bc7aae46c3c1e""},{""Algorithm"":""CRC32"",""Digest"":""ABCFD802""},{""Algorithm"":""SHA-1"",""Digest"":""de3d9d02ce0a2a9820bc7c5ea45f9fd9d5fcb2f8""},{""Algorithm"":""MD5"",""Digest"":""0cedbeb3bc772d8186dfafc62e917ea8""}]"
Nintendo SNES/WWF Raw.uac	wwfr.rsn	"[{""Algorithm"":""BLAKE3-256"",""Digest"":""8e5107a9dce4fca59b03923731208e77925f51ba9e93d8bec05fd289e854afbd""},{""Algorithm"":""CRC32"",""Digest"":""C59C369B""},{""Algorithm"":""SHA-1"",""Digest"":""d7a35a7e930bed346fb7454d1b50218448a1f786""},{""Algorithm"":""MD5"",""Digest"":""7cfd1caf5508370b5c03f58bf49004ff""}]"
Nintendo SNES/WWF Royal Rumble.uac	wwfrr.rsn	"[{""Algorithm"":""BLAKE3-256"",""Digest"":""83f7f6fddcf65cead725ffba01e3e0b2d642112eeaaee9501deeeabac828e676""},{""Algorithm"":""CRC32"",""Digest"":""52B031DB""},{""Algorithm"":""SHA-1"",""Digest"":""c68d28b1d3a8342b5c16c372031b71da3af1b628""},{""Algorithm"":""MD5"",""Digest"":""faf98415d70cea1ddda745a8c470e1d5""}]"
Nintendo SNES/WWF Super Wrestlemania.uac	wwfsw.rsn	"[{""Algorithm"":""BLAKE3-256"",""Digest"":""0a373c8404ddb24f58ab1938efb4f6a25c80e9df80affc511465ab5e327d2d62""},{""Algorithm"":""CRC32"",""Digest"":""C5E72949""},{""Algorithm"":""SHA-1"",""Digest"":""79c38a00b782838638eda50d4e7819472263379c""},{""Algorithm"":""MD5"",""Digest"":""7153199930780e540ba5882e861aa5e3""}]"
Nintendo SNES/WWF Wrestlemania - The Arcade Game.uac	wwfa.rsn	"[{""Algorithm"":""BLAKE3-256"",""Digest"":""4cda467723adfbab3139dc01c7a494bd8cda869fb75409a474405eeb1f40d219""},{""Algorithm"":""CRC32"",""Digest"":""E75BC9E3""},{""Algorithm"":""SHA-1"",""Digest"":""c38c7c04886fd78fc8975cddffbbbbd483ab4ae1""},{""Algorithm"":""MD5"",""Digest"":""c8ba5639097bb6be3d084ce5a413f740""}]"
Nintendo SNES/Wagyan Paradise.uac	wgp.rsn	"[{""Algorithm"":""BLAKE3-256"",""Digest"":""fa27c056be270b76be5023e1e3b762eea388083a43e7f5eb18763050360def14""},{""Algorithm"":""CRC32"",""Digest"":""E1B58C8E""},{""Algorithm"":""SHA-1"",""Digest"":""c37f92863f9cf913b3a2ee7b4993ee8871426212""},{""Algorithm"":""MD5"",""Digest"":""a1573f079f52e52f9f2435f3ff0c67ef""}]"
Nintendo SNES/Waialae Country Club.uac	waia.rsn	"[{""Algorithm"":""BLAKE3-256"",""Digest"":""d7042b9d241c1b265fe9259556652c6ede27532f09022eafd730bfc7986f5534""},{""Algorithm"":""CRC32"",""Digest"":""0DB94E67""},{""Algorithm"":""SHA-1"",""Digest"":""7c0aa3ecf439679338abf8bf7173bfbf54d7f595""},{""Algorithm"":""MD5"",""Digest"":""bdc5f07e42efb78a1f0f5528bac56329""}]"
Nintendo SNES/Wakataka Oozumou.uac	wtoz.rsn	"[{""Algorithm"":""BLAKE3-256"",""Digest"":""4de1e80dfbbe7d74033489fac2c2bdae603f4b5e6b898af7b5bb02ac10a2b3f1""},{""Algorithm"":""CRC32"",""Digest"":""BA4BDB52""},{""Algorithm"":""SHA-1"",""Digest"":""d3d675ce391c17571ac382e7977fd7b957187c5c""},{""Algorithm"":""MD5"",""Digest"":""93fa03d34562ed799c18e0179fe75aaa""}]"
Nintendo SNES/Wally wo Sagase.uac	wally.rsn	"[{""Algorithm"":""BLAKE3-256"",""Digest"":""42dcf25852b974c7840488d0dd28a72da444e64fa735f5cb3a85941c6d934a12""},{""Algorithm"":""CRC32"",""Digest"":""208EDB58""},{""Algorithm"":""SHA-1"",""Digest"":""77bc81fc6de63a802d68d014af6131a95d79d752""},{""Algorithm"":""MD5"",""Digest"":""2bf4c6b15dfc76ea97a51f1761bf81d5""}]"
Nintendo SNES/War 2410 (US).uac	w2410.rsn	"[{""Algorithm"":""BLAKE3-256"",""Digest"":""89ad19b020a147f4b59934dd554c1c60733c63ef15b95be52d2e2bcfb1635e21""},{""Algorithm"":""CRC32"",""Digest"":""FD52F532""},{""Algorithm"":""SHA-1"",""Digest"":""8e842ec8fe2693e55a98acc67a6770ef3fe90fa4""},{""Algorithm"":""MD5"",""Digest"":""8aac7d6786836d446bcdf15e6dc94970""}]"
Nintendo SNES/War 3010 - The Revolution (US).uac	w3010.rsn	"[{""Algorithm"":""BLAKE3-256"",""Digest"":""794a323dc24a89957f4808867be8c2ad6f5aea3cf0a1172ca4bd2257f6dfca8f""},{""Algorithm"":""CRC32"",""Digest"":""08A333F3""},{""Algorithm"":""SHA-1"",""Digest"":""b8b71f7bb541f064a36ba5aaeaf59672a30cf4c0""},{""Algorithm"":""MD5"",""Digest"":""fcd89843ff98b6f107147614fcd2ee14""}]"
Nintendo SNES/War of the Gems.uac	wotg.rsn	"[{""Algorithm"":""BLAKE3-256"",""Digest"":""ba75c968339610be46271c382cee9574788f01539bde1f4d4d0478db2eb20409""},{""Algorithm"":""CRC32"",""Digest"":""2E9657B7""},{""Algorithm"":""SHA-1"",""Digest"":""fb1716a6dadb4d124b4e1e39b32e564b6a67fcfe""},{""Algorithm"":""MD5"",""Digest"":""a90093b52a45f3fdc41bf596bd9a1108""}]"
Nintendo SNES/Warlock.uac	warl.rsn	"[{""Algorithm"":""BLAKE3-256"",""Digest"":""7b3cd58f33e0f284214990622a4f0392cfac981ffac08c12a189e95eab46389d""},{""Algorithm"":""CRC32"",""Digest"":""0E4890F2""},{""Algorithm"":""SHA-1"",""Digest"":""569572af5c46561e0e8cf16eaef4b64156489f57""},{""Algorithm"":""MD5"",""Digest"":""a07d18f6ae1aefb916da47e35f8d5cb8""}]"
Nintendo SNES/WarpSpeed.uac	warp.rsn	"[{""Algorithm"":""BLAKE3-256"",""Digest"":""62af355ffe0c53b73adbf5274d0d858cf91a48c744a326af4d1085a6daab4b9e""},{""Algorithm"":""CRC32"",""Digest"":""41F9ADC2""},{""Algorithm"":""SHA-1"",""Digest"":""0d79c9060ff0da2a254a23de7a97a459118093ac""},{""Algorithm"":""MD5"",""Digest"":""e1c432afa9dde979a470a3028e861384""}]"
Nintendo SNES/Waterworld.uac	wawo.rsn	"[{""Algorithm"":""BLAKE3-256"",""Digest"":""8fde4bf85d44f85e5bceb9d2a7213615c897d0a043549a84b6b24df98cfd3543""},{""Algorithm"":""CRC32"",""Digest"":""49B88EE8""},{""Algorithm"":""SHA-1"",""Digest"":""0dc275556ee5fb9ed57fb4c102c329bcd1432909""},{""Algorithm"":""MD5"",""Digest"":""a93aa8377c961bc8268e3002e57e85d0""}]"
Nintendo SNES/Wayne Gretzky and the NHLPA All-Stars.uac	wgnhl.rsn	"[{""Algorithm"":""BLAKE3-256"",""Digest"":""9b45fd998a7c1518ff0930e15bd9e5c31f068f3dccfc436a9e3c8a462f80a52c""},{""Algorithm"":""CRC32"",""Digest"":""0C8468D1""},{""Algorithm"":""SHA-1"",""Digest"":""81108ff9010f6fe9af9212f05a279e5a1dd9672e""},{""Algorithm"":""MD5"",""Digest"":""b5de52583bbc33365be07eca52708fc7""}]"
Nintendo SNES/WeaponLord.uac	wl.rsn	"[{""Algorithm"":""BLAKE3-256"",""Digest"":""2bd14fd872e3abc808bb49ce249d109ea8c153bf4b635ff6fc7b06db70ca3771""},{""Algorithm"":""CRC32"",""Digest"":""74A96977""},{""Algorithm"":""SHA-1"",""Digest"":""44d7955117088b87e39e5b5e15eaeccf7234f9c5""},{""Algorithm"":""MD5"",""Digest"":""d3fe0fbcc5d53724732ab11a3d0a00ba""}]"
Nintendo SNES/Wedding Peach.uac	wedp.rsn	"[{""Algorithm"":""BLAKE3-256"",""Digest"":""f61e1c0c44f0f92b8392c1d312e792c207ec9de012b0feaecfe50a8d3067ce67""},{""Algorithm"":""CRC32"",""Digest"":""EE04C6FA""},{""Algorithm"":""SHA-1"",""Digest"":""c0669e5d68e20a21b8595ae0e399e6326bd70616""},{""Algorithm"":""MD5"",""Digest"":""3b5f3b86b0b971aa2094b5fbae19bad2""}]"
Nintendo SNES/Wheel of Fortune - Deluxe Edition (US).uac	wfdx.rsn	"[{""Algorithm"":""BLAKE3-256"",""Digest"":""5e2a04923142a3afaa011bec8d885a8de9289c73f35c29d1b0a016e234e79c60""},{""Algorithm"":""CRC32"",""Digest"":""25761DC9""},{""Algorithm"":""SHA-1"",""Digest"":""ad01b25994bd21089418b074a97be4744e168482""},{""Algorithm"":""MD5"",""Digest"":""f923c6c0c2f51e047ebae65256b5d4ed""}]"
Nintendo SNES/Whirlo.uac	whrl.rsn	"[{""Algorithm"":""BLAKE3-256"",""Digest"":""1ae00fb448b2da29a954157799a351c684c0ea5ae16bc3504709e67963dba2c2""},{""Algorithm"":""CRC32"",""Digest"":""7C6E7414""},{""Algorithm"":""SHA-1"",""Digest"":""870b23bda7b215a57684e686d1d9a21f47616a73""},{""Algorithm"":""MD5"",""Digest"":""3a609986d052d787f57a33a04df7b70d""}]"
Nintendo SNES/Whizz.uac	whizz.rsn	"[{""Algorithm"":""BLAKE3-256"",""Digest"":""560be5bd06a2e2f50bbcbd99c3dd2066897b2dec4d3303248885f25effabf2ff""},{""Algorithm"":""CRC32"",""Digest"":""8C527D8E""},{""Algorithm"":""SHA-1"",""Digest"":""8759459f4b417d1c022aa4c2a49f04e0155084cf""},{""Algorithm"":""MD5"",""Digest"":""289e614a3af5f78e54220d7b79e92f0e""}]"
Nintendo SNES/Wild Guns.uac	wguns.rsn	"[{""Algorithm"":""BLAKE3-256"",""Digest"":""4dbca1b4c31bc2e43872c70dbdc5b45d4e9079e3392604416e3958d07fe526d6""},{""Algorithm"":""CRC32"",""Digest"":""C7984A27""},{""Algorithm"":""SHA-1"",""Digest"":""03b16dcf72e47f14d299762f6636ab1f6c52abc6""},{""Algorithm"":""MD5"",""Digest"":""73b35f90fc5b7b3618d83ffa36a222e4""}]"
Nintendo SNES/WildSnake.uac	wsnk.rsn	"[{""Algorithm"":""BLAKE3-256"",""Digest"":""aa59e721a4b0964c35dbd0f88a312843b59b7ada5ad206cf711e0aeae888df7e""},{""Algorithm"":""CRC32"",""Digest"":""723A3DFA""},{""Algorithm"":""SHA-1"",""Digest"":""563a9d9fadc4851e4105f2ba85bfcba188dd4971""},{""Algorithm"":""MD5"",""Digest"":""5b8a5803911e841a9bc7c0d0f606c8ed""}]"
Nintendo SNES/Wing Commander.uac	wc.rsn	"[{""Algorithm"":""BLAKE3-256"",""Digest"":""460292a2f61514e936dbd4cb5a695d17f5db31a79a509907a2830075655e3696""},{""Algorithm"":""CRC32"",""Digest"":""F3BC80C7""},{""Algorithm"":""SHA-1"",""Digest"":""c338ef0e21d891372feae70f8c5d86e2cb20ed59""},{""Algorithm"":""MD5"",""Digest"":""cb2cbcb37e205e5d72bb3f85290ea99f""}]"
Nintendo SNES/Wings 2 Aces High.uac	w2ah.rsn	"[{""Algorithm"":""BLAKE3-256"",""Digest"":""ecb8c0f058ffa0551e184c1211cd438793569acfc9876dd0bac288c8e36ddaee""},{""Algorithm"":""CRC32"",""Digest"":""E2424198""},{""Algorithm"":""SHA-1"",""Digest"":""8ab9b5a5955a6022988f177ea81b8f52ff3cfd30""},{""Algorithm"":""MD5"",""Digest"":""72da3e5d83d24b11efba854514b9b253""}]"
Nintendo SNES/Winter Extreme - Skiing and Snowboarding.uac	wesas.rsn	"[{""Algorithm"":""BLAKE3-256"",""Digest"":""faf08a753e91b42a3c78201c42aa2b22fef45f9ab188140266a8caed5e62b77b""},{""Algorithm"":""CRC32"",""Digest"":""16840A73""},{""Algorithm"":""SHA-1"",""Digest"":""2edd707de3552b09fabd9a2f30dcb946430d39a4""},{""Algorithm"":""MD5"",""Digest"":""70180150bb6a0faadd1b65ff3fb4695b""}]"
Nintendo SNES/Winter Gold FX.uac	wgfx.rsn	"[{""Algorithm"":""BLAKE3-256"",""Digest"":""98a5d4fe4d3b162ab00c46ccc27bae8966a6f184164bd3ce7b026bf371db33a9""},{""Algorithm"":""CRC32"",""Digest"":""70A31C38""},{""Algorithm"":""SHA-1"",""Digest"":""2d3d7527203b9ebc66926b5af1b8d910aaac30fb""},{""Algorithm"":""MD5"",""Digest"":""f95e32a8e743c6e15efaf8c691922355""}]"
Nintendo SNES/Winter Olympic Games - Lillehammer '94 (US).uac	wog.rsn	"[{""Algorithm"":""BLAKE3-256"",""Digest"":""9c56decc191a0e45fac99f4994689b3093ce95b04691bd57100422c599b691d9""},{""Algorithm"":""CRC32"",""Digest"":""9BC4316F""},{""Algorithm"":""SHA-1"",""Digest"":""c9b2d46ddafab342302460ad4a4614fc4119dede""},{""Algorithm"":""MD5"",""Digest"":""9977f421efa078c1dac934f1f4e6deda""}]"
Nintendo SNES/Wizard of Oz, The (US).uac	woz.rsn	"[{""Algorithm"":""BLAKE3-256"",""Digest"":""25ac82dd37a626e6230b8496e7774a72759005d643d46e9143227dd38e5d5da4""},{""Algorithm"":""CRC32"",""Digest"":""948F31B4""},{""Algorithm"":""SHA-1"",""Digest"":""34b43176f1b722b4726ce8c192670e0d149a49f6""},{""Algorithm"":""MD5"",""Digest"":""7ef8fc8ab279a1503a8fd229a2d75f62""}]"
Nintendo SNES/Wizardry 1-2-3.uac	wiz123.rsn	"[{""Algorithm"":""BLAKE3-256"",""Digest"":""8af03e68077053cb90189fd73a88b7fd6036ae34619b2aff2bc4d987e2e5879d""},{""Algorithm"":""CRC32"",""Digest"":""B738F912""},{""Algorithm"":""SHA-1"",""Digest"":""e7ed4695158286091fdab5a4d21262ead084f642""},{""Algorithm"":""MD5"",""Digest"":""6860e7df44c82c9a1ce23f1295841ad5""}]"
Nintendo SNES/Wizardry 5 - Heart of the Maelstrom.uac	wiz5.rsn	"[{""Algorithm"":""BLAKE3-256"",""Digest"":""a2a32c32837ddb6b76e8215796fa18cd2b0a7cc36d5532f4c82c68610485afbb""},{""Algorithm"":""CRC32"",""Digest"":""5E876EB9""},{""Algorithm"":""SHA-1"",""Digest"":""5805ec8a3864dc13e51a2785ac2d36add4e2a82e""},{""Algorithm"":""MD5"",""Digest"":""b391e3443de34fd1ef05bec08a3ee293""}]"
Nintendo SNES/Wizardry Gaiden IV.uac	wizg4.rsn	"[{""Algorithm"":""BLAKE3-256"",""Digest"":""6e564f54e6fe01b6016f0857aa514e3727746a39a762d9198e1573b33615846e""},{""Algorithm"":""CRC32"",""Digest"":""4A88381A""},{""Algorithm"":""SHA-1"",""Digest"":""0a4115c541002356c042e88a736b45b4e9acea68""},{""Algorithm"":""MD5"",""Digest"":""f40c38f94f568553c92579bcd92f4448""}]"
Nintendo SNES/Wizardry VI.uac	wiz6.rsn	"[{""Algorithm"":""BLAKE3-256"",""Digest"":""a45e282b7fcc6330b5f56da5f0b2996722e8d2ccd239502737dde28e57113765""},{""Algorithm"":""CRC32"",""Digest"":""86ECEF1F""},{""Algorithm"":""SHA-1"",""Digest"":""51fa979a7b33c759b5fe0eb7fb5db08adba79880""},{""Algorithm"":""MD5"",""Digest"":""ca07015e20f80004e95156e7e1a3f309""}]"
Nintendo SNES/Wonder Project J - Kikai no Shounen Pino (JP).uac	wpj.rsn	"[{""Algorithm"":""BLAKE3-256"",""Digest"":""426481f5bbdafe003c9f1db27ded8696a1949f2e1e57d7e165d253a079790bb2""},{""Algorithm"":""CRC32"",""Digest"":""0DB8E638""},{""Algorithm"":""SHA-1"",""Digest"":""323165bc840022f38795d90a61244087744a2a06""},{""Algorithm"":""MD5"",""Digest"":""237dca942f9d39aca99b582cb696fe15""}]"
Nintendo SNES/Wondrous Magic.uac	wonm.rsn	"[{""Algorithm"":""BLAKE3-256"",""Digest"":""5b1fc92783fec416baa5530942dfc35d53c305c95461e7f8e0eef4dbcd17f63f""},{""Algorithm"":""CRC32"",""Digest"":""CF150C56""},{""Algorithm"":""SHA-1"",""Digest"":""f2e9c97862b504e1c7fc94cef2b1fc37b4a9500d""},{""Algorithm"":""MD5"",""Digest"":""36bddc3cb9a0c7bac6c3d3a7b1f8771b""}]"
Nintendo SNES/Wordtris (US).uac	word.rsn	"[{""Algorithm"":""BLAKE3-256"",""Digest"":""4df6797bdfef0f0954b3f9b4fc6802c6b0492168681ad746954856158447b84c""},{""Algorithm"":""CRC32"",""Digest"":""FFABE671""},{""Algorithm"":""SHA-1"",""Digest"":""d2dc68ad411ff938d991945e4251d58e505ed08f""},{""Algorithm"":""MD5"",""Digest"":""7843aadef140a73662750204370bf2ae""}]"
Nintendo SNES/World Class Rugby.uac	wcr.rsn	"[{""Algorithm"":""BLAKE3-256"",""Digest"":""ecd3bac4f3354d33c58b00e91f5e8ad8de847b206b5e83dcf483f53d4427894f""},{""Algorithm"":""CRC32"",""Digest"":""0F3FF601""},{""Algorithm"":""SHA-1"",""Digest"":""0eeed8f5a756284daf17a9e7dc564cf95be7b28c""},{""Algorithm"":""MD5"",""Digest"":""a460112be3f8ad04b545d4e80a452b74""}]"
Nintendo SNES/World Cup USA '94.uac	wcu94.rsn	"[{""Algorithm"":""BLAKE3-256"",""Digest"":""a0d2518c2732f8e8109f2d6541897b336a8ecd9c4a72f7fb24222482e3cb445a""},{""Algorithm"":""CRC32"",""Digest"":""5ECA1CA0""},{""Algorithm"":""SHA-1"",""Digest"":""e7803bf71f488a996e16652b2b0b25cb7b5bd0c8""},{""Algorithm"":""MD5"",""Digest"":""818a7b6eae82394355f2f4769419b46d""}]"
Nintendo SNES/World Heroes 2.uac	wh2.rsn	"[{""Algorithm"":""BLAKE3-256"",""Digest"":""a8d2afd38d9f53875aad0ee767daa48ca9d2708222ea37777994db222d3c0ecd""},{""Algorithm"":""CRC32"",""Digest"":""6DA36695""},{""Algorithm"":""SHA-1"",""Digest"":""10f29a0f06a29fad74096b2026fcea7cd95bced1""},{""Algorithm"":""MD5"",""Digest"":""dc2ed5ab7f35d24594a9c8513f89aaf9""}]"
Nintendo SNES/World Heroes.uac	wh.rsn	"[{""Algorithm"":""BLAKE3-256"",""Digest"":""52eda81061e76c2062a5ac03146bb9b09757202e43f7b1d824e90a66e1a71e2f""},{""Algorithm"":""CRC32"",""Digest"":""2D40DDF4""},{""Algorithm"":""SHA-1"",""Digest"":""b1f424fecc367019a57e837da5aef7bf90cc35a7""},{""Algorithm"":""MD5"",""Digest"":""31d2894466874fd0afe47717e416ab72""}]"
Nintendo SNES/World League Soccer (US).uac	wls.rsn	"[{""Algorithm"":""BLAKE3-256"",""Digest"":""d4331dcf21bcb83676b9e8a84f44e0d6744295d2b086b9d3555251c34cdb3679""},{""Algorithm"":""CRC32"",""Digest"":""0858E084""},{""Algorithm"":""SHA-1"",""Digest"":""803ef8577ac9372825555666ef869609c39a3b42""},{""Algorithm"":""MD5"",""Digest"":""533f277dd4dec2d9220a4cef57ba3601""}]"
Nintendo SNES/World Masters Golf.uac	wmg.rsn	"[{""Algorithm"":""BLAKE3-256"",""Digest"":""eec59d825d039eeb2758601e6ccc8623d5eb71685e953b89167e934fcba3dcea""},{""Algorithm"":""CRC32"",""Digest"":""4AA46097""},{""Algorithm"":""SHA-1"",""Digest"":""5fc6135e24b0558779c911b907afb6db68b12039""},{""Algorithm"":""MD5"",""Digest"":""c3e6a87e2bf8af14f215dc0841f51e5a""}]"
Nintendo SNES/World of Manga II.uac	wom.rsn	"[{""Algorithm"":""BLAKE3-256"",""Digest"":""df1446f136253695e964f6f1d1c802744b794e2e6310ab80e275155836c12085""},{""Algorithm"":""CRC32"",""Digest"":""CBA7B979""},{""Algorithm"":""SHA-1"",""Digest"":""882daf18887356d8c4e0ecb0a211a595ba7413d4""},{""Algorithm"":""MD5"",""Digest"":""6c5ff3d512f6bc8042fec297c2b95167""}]"
Nintendo SNES/Worms (EU).uac	worms.rsn	"[{""Algorithm"":""BLAKE3-256"",""Digest"":""a0af62593de8632ea1eae21541d5ebbbc6322f79fe9fa66f5ea1a218ce29d374""},{""Algorithm"":""CRC32"",""Digest"":""26D0DA4F""},{""Algorithm"":""SHA-1"",""Digest"":""11c03fb072fae48be9029f40445c862bcb398678""},{""Algorithm"":""MD5"",""Digest"":""e37eeb143621e8923bb6c457ba876131""}]"
Nintendo SNES/Wrecking Crew '98 (JP).uac	wc98.rsn	"[{""Algorithm"":""BLAKE3-256"",""Digest"":""e8eb4d051b83a84d34006a241063a552d4ec061214a694c5644d6eebaa02ffb2""},{""Algorithm"":""CRC32"",""Digest"":""229827D7""},{""Algorithm"":""SHA-1"",""Digest"":""fe2c82246127b3d9d69a9040c032958e998a0073""},{""Algorithm"":""MD5"",""Digest"":""7cec328ed0ab73012b1f73f37ea80eee""}]"
Nintendo SNES/X-Men - Mutant Apocalypse.uac	xma.rsn	"[{""Algorithm"":""BLAKE3-256"",""Digest"":""90774bdfa3116798cabe8ede84cfbfa32e5f220cb50591b2036a8829bbe810bc""},{""Algorithm"":""CRC32"",""Digest"":""B52BA237""},{""Algorithm"":""SHA-1"",""Digest"":""fbe236908ef16875483089087e21a3b69b1c2aa1""},{""Algorithm"":""MD5"",""Digest"":""ef4cce1646dc3a2cab79c72ac43d09d4""}]"
Nintendo SNES/X-Men vs. Street Fighter (Pirate).uac	xmvsf.rsn	"[{""Algorithm"":""BLAKE3-256"",""Digest"":""2bb1e8f73115ccb4eaa70915662438cfa8bcf99bea4cfacccf0c24007d0572ae""},{""Algorithm"":""CRC32"",""Digest"":""00B6D24D""},{""Algorithm"":""SHA-1"",""Digest"":""31f216b6bbca8e8909b02b30900b1dfbb2f329d6""},{""Algorithm"":""MD5"",""Digest"":""4bbff9fa7bf3b46fa06f997532918338""}]"
Nintendo SNES/X-Zone.uac	xz.rsn	"[{""Algorithm"":""BLAKE3-256"",""Digest"":""cf343c3a5cf70add0f3746c467fd8f3d907b0d96aa52cb13d2c0f434383a285e""},{""Algorithm"":""CRC32"",""Digest"":""8E619930""},{""Algorithm"":""SHA-1"",""Digest"":""1529855ffe091804d2fd033917660432ffd74c47""},{""Algorithm"":""MD5"",""Digest"":""ec7061051909b6e31fbd5d833abd1b13""}]"
Nintendo SNES/XBand Modem.uac	xband.rsn	"[{""Algorithm"":""BLAKE3-256"",""Digest"":""6b402f8c65ca55bc12175834fde6ab46a8b4ee23320b87904dede004178eb343""},{""Algorithm"":""CRC32"",""Digest"":""A5FA4EBF""},{""Algorithm"":""SHA-1"",""Digest"":""3ceef9efc300c9bd4f0cd7fb284bb732496345a4""},{""Algorithm"":""MD5"",""Digest"":""b8a5ebcdfe840f9e8612727e6adeb043""}]"
Nintendo SNES/Xak - The Art of Visual Stage.uac	xak.rsn	"[{""Algorithm"":""BLAKE3-256"",""Digest"":""a36b66aab8eb09e6ad9eff95230ddc23c818550aa24f4ffc3989035be951533b""},{""Algorithm"":""CRC32"",""Digest"":""2F2CE948""},{""Algorithm"":""SHA-1"",""Digest"":""d2be4ea9819bfcb4235da9b43f5a5748065e2066""},{""Algorithm"":""MD5"",""Digest"":""1a008ea715522593629ff0518bf1cbeb""}]"
Nintendo SNES/Xardion (US).uac	xrdn.rsn	"[{""Algorithm"":""BLAKE3-256"",""Digest"":""d1d61008223d9d32b07e83bfeb1d7362b33b5b8fa63f0ea03078fc3405fb620b""},{""Algorithm"":""CRC32"",""Digest"":""20706CA9""},{""Algorithm"":""SHA-1"",""Digest"":""a0372c7e14ec7e7eb08dc12eabf7f246a35d35c4""},{""Algorithm"":""MD5"",""Digest"":""dda4fb32f98a6a7bd409118568daed0b""}]"
Nintendo SNES/Yadamon Wonderland Dreams.uac	ywd.rsn	"[{""Algorithm"":""BLAKE3-256"",""Digest"":""6eb27f286b599ef1702bc227813bec03268f36b6e963fe8d41d6624655036f6c""},{""Algorithm"":""CRC32"",""Digest"":""AC35FB48""},{""Algorithm"":""SHA-1"",""Digest"":""b1283bcf47413b5292c8476e128552a56ce6df35""},{""Algorithm"":""MD5"",""Digest"":""5e7ddfb568ac450117d7f49dc3731c6d""}]"
Nintendo SNES/Yakouchuu.uac	ykc.rsn	"[{""Algorithm"":""BLAKE3-256"",""Digest"":""e1b26266da7489fa57123cefb6ac5248eb73d764b64de4720f4414aa0c4760b6""},{""Algorithm"":""CRC32"",""Digest"":""6D8B9D2C""},{""Algorithm"":""SHA-1"",""Digest"":""84b592b555ac87ea120b2cc09e0d8ad37a6f3254""},{""Algorithm"":""MD5"",""Digest"":""cf8338445c72ab2735dbea756415949b""}]"
Nintendo SNES/Yamato Takeru.uac	ytak.rsn	"[{""Algorithm"":""BLAKE3-256"",""Digest"":""362d1b980ead68b42b0cd4db5d0630ec9417413229a5a3b42c8b0eec773a2e3d""},{""Algorithm"":""CRC32"",""Digest"":""74F6512E""},{""Algorithm"":""SHA-1"",""Digest"":""6949340e65d9d982d9ef5b291c9d7312c425745a""},{""Algorithm"":""MD5"",""Digest"":""7ffe84911a08b77dd51938deb455c4e3""}]"
Nintendo SNES/Yogi Bear.uac	yogi.rsn	"[{""Algorithm"":""BLAKE3-256"",""Digest"":""62ef8614fd7382c1a779c7674a7badc56f670b4ce322303b6b383af2aec37a66""},{""Algorithm"":""CRC32"",""Digest"":""FB720335""},{""Algorithm"":""SHA-1"",""Digest"":""193232fb295bcf60a0d3c3f003914badfe2102fb""},{""Algorithm"":""MD5"",""Digest"":""b81d8808ee2605b590686d81fa843f7a""}]"
Nintendo SNES/Yoshi no Kuruppon.uac	ynk.rsn	"[{""Algorithm"":""BLAKE3-256"",""Digest"":""bdf06e18e8779d2d7feebe8b5f6e049586384c40ff31c32474d15c738861c028""},{""Algorithm"":""CRC32"",""Digest"":""2E2C32BD""},{""Algorithm"":""SHA-1"",""Digest"":""e5eb63493342091c431d8913775af5939cbe15d3""},{""Algorithm"":""MD5"",""Digest"":""600b3d119cbb7d3fd7c33ef43c031f92""}]"
Nintendo SNES/Yoshi's Cookie.uac	yc.rsn	"[{""Algorithm"":""BLAKE3-256"",""Digest"":""54faea1777f84c0df6986c940a63e7ca18e25d7c5ba6d90043774edd0dd52c26""},{""Algorithm"":""CRC32"",""Digest"":""FEDAF69F""},{""Algorithm"":""SHA-1"",""Digest"":""145a3a180d3961a5bec911ad1b65ba6af6f1c3d1""},{""Algorithm"":""MD5"",""Digest"":""242a15e36ebb320f16fb75b3736e8ae2""}]"
Nintendo SNES/Yoshi's Safari.uac	ysfr.rsn	"[{""Algorithm"":""BLAKE3-256"",""Digest"":""ecb6a1321c17956aa7d1d4e014d2df49d18288bf3a931c2ad83ab4f50c7dd74e""},{""Algorithm"":""CRC32"",""Digest"":""F868F847""},{""Algorithm"":""SHA-1"",""Digest"":""65849ea2e902242446ae4c23508a0086955de622""},{""Algorithm"":""MD5"",""Digest"":""3df062cb65a47a525825250ab122e9d4""}]"
Nintendo SNES/Youchien Senki Madara Saga.uac	mdrs.rsn	"[{""Algorithm"":""BLAKE3-256"",""Digest"":""dcc2dfaea2fb94cf5c36e76fd262f3ca0fb7311eb69fa2d9abf51ef5d20b844e""},{""Algorithm"":""CRC32"",""Digest"":""F8554D42""},{""Algorithm"":""SHA-1"",""Digest"":""d4feb327e4c4f110e16ae0f7239c78cdbb4ef85b""},{""Algorithm"":""MD5"",""Digest"":""bbad58df46efd6917c8d763a29968d35""}]"
Nintendo SNES/Youkai Buster - Ruka no Daibouken.uac	ykb.rsn	"[{""Algorithm"":""BLAKE3-256"",""Digest"":""163297997a6bb822501ea4b9baed9de691299c09d809d62f1456c2971d833b8a""},{""Algorithm"":""CRC32"",""Digest"":""020D3180""},{""Algorithm"":""SHA-1"",""Digest"":""297484e788f397a34364ca2b18226f864166465f""},{""Algorithm"":""MD5"",""Digest"":""a63b3eae7d6a9535fdc1b3b91210df4e""}]"
Nintendo SNES/Young Merlin.uac	ym.rsn	"[{""Algorithm"":""BLAKE3-256"",""Digest"":""c3485542ec67b2625a990a134c80719a4cec1c66726b4dc2c4eb077fdee40e8e""},{""Algorithm"":""CRC32"",""Digest"":""C66C5E1A""},{""Algorithm"":""SHA-1"",""Digest"":""331e13a7aed21060422e0f0b546b2a08bf32ca81""},{""Algorithm"":""MD5"",""Digest"":""4347cc541bc18df5173474d1031e885f""}]"
Nintendo SNES/Ys 3 - Wanderers From Ys.uac	ys3.rsn	"[{""Algorithm"":""BLAKE3-256"",""Digest"":""89d31d716d9c9391bed5e93371f99928150b5a04061657bbff26a1c55c3b5f4a""},{""Algorithm"":""CRC32"",""Digest"":""D6A92C8F""},{""Algorithm"":""SHA-1"",""Digest"":""49c526c46c1af18f7558eb4622a6b2afdf22d774""},{""Algorithm"":""MD5"",""Digest"":""bd22aaa18af3d41e603875cbc2d89446""}]"
Nintendo SNES/Ys 5.uac	ys5.rsn	"[{""Algorithm"":""BLAKE3-256"",""Digest"":""98de75f4e6c8b31b1b88d9890cc73caf7e3a0c747d9d1e9d20bd49d14645d978""},{""Algorithm"":""CRC32"",""Digest"":""A17AD1D2""},{""Algorithm"":""SHA-1"",""Digest"":""6f3d2eb9ef743e3454d68c3837a5a5437eef25aa""},{""Algorithm"":""MD5"",""Digest"":""1f3e1415949bd8d6feaba6044e7c7aca""}]"
Nintendo SNES/Ys IV - Mask of the Sun.uac	ys4.rsn	"[{""Algorithm"":""BLAKE3-256"",""Digest"":""4206e9fedd2fda1aa00d553143333823ff4d9d05c3397d558648dcc8d54f2e4a""},{""Algorithm"":""CRC32"",""Digest"":""651BE51B""},{""Algorithm"":""SHA-1"",""Digest"":""502eeafb19996a25aebf765d9891fc2ec93f4367""},{""Algorithm"":""MD5"",""Digest"":""07cde2195fd1415d4b51b7350b051ad6""}]"
Nintendo SNES/Yume Maboroshi no Gotoku.uac	ymng.rsn	"[{""Algorithm"":""BLAKE3-256"",""Digest"":""d825b3b2c5739b3588caca3dc9da07af3a5e9ec77dc6ca1db953daa0b81eabc6""},{""Algorithm"":""CRC32"",""Digest"":""0DE58E4A""},{""Algorithm"":""SHA-1"",""Digest"":""a7a7597e84dd2e88a6a5022945b375e2c48ef728""},{""Algorithm"":""MD5"",""Digest"":""b95e8da2cee2e6fab1f65c6073d000fb""}]"
Nintendo SNES/Yuu Yuu Hakusho - Tokubetsu-hen.uac	yyht.rsn	"[{""Algorithm"":""BLAKE3-256"",""Digest"":""65efdcda41033a587a1b498210645d8917876637d1ff4cc8aef5080e67900809""},{""Algorithm"":""CRC32"",""Digest"":""2E69E47B""},{""Algorithm"":""SHA-1"",""Digest"":""14345e9f4f19c0ce2cc5249404e962154be94c71""},{""Algorithm"":""MD5"",""Digest"":""4a2f184a25cbef837f279629fda0f835""}]"
Nintendo SNES/Yuu Yuu Hakusho 2.uac	yyh2.rsn	"[{""Algorithm"":""BLAKE3-256"",""Digest"":""d44f75935010c5e2ac22900f58df5fa3ddf11ae894c01b9a30b58fbc36c77620""},{""Algorithm"":""CRC32"",""Digest"":""C7169071""},{""Algorithm"":""SHA-1"",""Digest"":""8ad8ebe35a04b4ff9e92cec4c84100127a4d61c9""},{""Algorithm"":""MD5"",""Digest"":""ca9e3f0d5468f57d2e11472f397573c9""}]"
Nintendo SNES/Yuu Yuu Hakusho.uac	yyh.rsn	"[{""Algorithm"":""BLAKE3-256"",""Digest"":""a23655e7f2d7edad06f3fd7236244e0141fdfa3ec1ba500b80b5d7e971848118""},{""Algorithm"":""CRC32"",""Digest"":""5C40C7A3""},{""Algorithm"":""SHA-1"",""Digest"":""534b0074f4d450719ed654ead5ab44a04685baec""},{""Algorithm"":""MD5"",""Digest"":""761f770ac83971a359f062eec43a7bbe""}]"
Nintendo SNES/Yuujin Janjuu Gakuen.uac	yjjg.rsn	"[{""Algorithm"":""BLAKE3-256"",""Digest"":""045fb7419ecd98db96b4d7469f71e9878a87af0303d1f99792fa193c175873b8""},{""Algorithm"":""CRC32"",""Digest"":""097C2614""},{""Algorithm"":""SHA-1"",""Digest"":""d20f99d2467427166453889075eab5ab8e8b08ab""},{""Algorithm"":""MD5"",""Digest"":""cd5e2ae8238c0a379310027dad7211fd""}]"
Nintendo SNES/Yuujin no Furi Furi Girls.uac	ynffg.rsn	"[{""Algorithm"":""BLAKE3-256"",""Digest"":""85dc238b04243c7dbb9574aa606481ce052dbae3f763332bb86cbb2848434a30""},{""Algorithm"":""CRC32"",""Digest"":""C948B537""},{""Algorithm"":""SHA-1"",""Digest"":""e8600e505e749c131b806b0a23c2cadf948d4e89""},{""Algorithm"":""MD5"",""Digest"":""a710077ce56e22589d5d46ec6bc6efd6""}]"
Nintendo SNES/Yuuyu no Quiz de Go! Go!.uac	yqgg.rsn	"[{""Algorithm"":""BLAKE3-256"",""Digest"":""3a288ea74f3a4afa8043c5dfe90f3346de78e0895ad4f6a5de5ff7ec510de101""},{""Algorithm"":""CRC32"",""Digest"":""8D86BFFE""},{""Algorithm"":""SHA-1"",""Digest"":""155e99820ce30181af8ad5ac15788120da1b8f53""},{""Algorithm"":""MD5"",""Digest"":""85edc61eb5782a73f26f610d4e7cb3e0""}]"
Nintendo SNES/Z-Gundam - Away to the Newtype.uac	zgd.rsn	"[{""Algorithm"":""BLAKE3-256"",""Digest"":""ab873f4e2db2785d473015fb6f5eea7e246d15610595bd3c59135ece0dd7f207""},{""Algorithm"":""CRC32"",""Digest"":""6832E9BE""},{""Algorithm"":""SHA-1"",""Digest"":""de74eaa16d4a46cbb7db02b6c9360efd6d5907d9""},{""Algorithm"":""MD5"",""Digest"":""431003d83d2f090b916f8f9583f088be""}]"
Nintendo SNES/Zakuro no Aji.uac	zna.rsn	"[{""Algorithm"":""BLAKE3-256"",""Digest"":""4be1c615db800c7527d6103396f022bb8db8fa2b7960d9c83b196e5a3f02a51c""},{""Algorithm"":""CRC32"",""Digest"":""136F7B74""},{""Algorithm"":""SHA-1"",""Digest"":""702714472a5cc05d7d980baafb2c447f8f673c0d""},{""Algorithm"":""MD5"",""Digest"":""25c3d7002daf05bf15387be954349552""}]"
Nintendo SNES/Zan 2 Spirits.uac	zan2.rsn	"[{""Algorithm"":""BLAKE3-256"",""Digest"":""f9d21c4e3746b473e763ecb10fbe3c7f33a4581e46f9b6487a01d5674521b90d""},{""Algorithm"":""CRC32"",""Digest"":""83C5500B""},{""Algorithm"":""SHA-1"",""Digest"":""b357f34020a5cedf5ea2e91a25899eff0d5bfdf8""},{""Algorithm"":""MD5"",""Digest"":""21874545fc61f89309aafa6800da9c8f""}]"
Nintendo SNES/Zan 3 Spirits.uac	zan3.rsn	"[{""Algorithm"":""BLAKE3-256"",""Digest"":""fa0963aa8af3278122ea5d955474c2b2b4d23b4de6246e5047b68a523083ce6e""},{""Algorithm"":""CRC32"",""Digest"":""48932B66""},{""Algorithm"":""SHA-1"",""Digest"":""9a9b765bea65018b20f70d934c9e8d62a081c302""},{""Algorithm"":""MD5"",""Digest"":""31c53a8d5805e3f36c20542e66fead97""}]"
Nintendo SNES/Zenkoku Juudan Ultra Shinri Game.uac	zjsg.rsn	"[{""Algorithm"":""BLAKE3-256"",""Digest"":""5e51696d2b9a3f3092f1e26b4ef626add386e7a98ddaecc78d828835fcf813e3""},{""Algorithm"":""CRC32"",""Digest"":""5235E951""},{""Algorithm"":""SHA-1"",""Digest"":""68879d8cce524ace29e12cd0d1261093ae545970""},{""Algorithm"":""MD5"",""Digest"":""ef8e6d3db73487f17f0e56d6004ec10d""}]"
Nintendo SNES/Zenkoku Koukou Soccer (JP).uac	zkssh.rsn	"[{""Algorithm"":""BLAKE3-256"",""Digest"":""fe7c1c1c3263722197339f755399f0ac0d0c13fcd77100465e547442cec487d4""},{""Algorithm"":""CRC32"",""Digest"":""59A094F8""},{""Algorithm"":""SHA-1"",""Digest"":""384ae4d6d7e0166f03b7f3b8b80df1e27c6a955a""},{""Algorithm"":""MD5"",""Digest"":""c73ebd0be26c4519c9a918e876a74499""}]"
Nintendo SNES/Zenkoku Koukou Soccer Senshuken 2.uac	zkss2.rsn	"[{""Algorithm"":""BLAKE3-256"",""Digest"":""dfe1871740f6eafa6d56b6a405c079cfbdb857cefdf36c621302f1c8921fd943""},{""Algorithm"":""CRC32"",""Digest"":""0482FA8F""},{""Algorithm"":""SHA-1"",""Digest"":""fc577537bea555656eedbf23170879fc4ff292ae""},{""Algorithm"":""MD5"",""Digest"":""7895058e13b782449f53a9100be1a7e0""}]"
Nintendo SNES/Zennihon Pro Wrestling 2 - 3.4 Budoukan.uac	znpw2.rsn	"[{""Algorithm"":""BLAKE3-256"",""Digest"":""ebb6c349327a7e4c45d5c61733d74d28ad485e5e4b6c94b00e85672882c7ba53""},{""Algorithm"":""CRC32"",""Digest"":""71A06456""},{""Algorithm"":""SHA-1"",""Digest"":""66325689f2b7beb12579c8705ffbb7672267e0f1""},{""Algorithm"":""MD5"",""Digest"":""dbd75afa41e8e3d7c3d3df02b37c5ec5""}]"
Nintendo SNES/Zennihon Pro Wrestling Dash - Sekai Saikyou Tag (Natsume Championship Wrestling).uac	znpwd.rsn	"[{""Algorithm"":""BLAKE3-256"",""Digest"":""978cf62fd1f9f572a983df2685a330fb9028316ba8736f31da491d9a5895295e""},{""Algorithm"":""CRC32"",""Digest"":""1204E5AF""},{""Algorithm"":""SHA-1"",""Digest"":""c5d5eb991afd112b24f31257ddecb7aa6072d1b7""},{""Algorithm"":""MD5"",""Digest"":""274afad2e0c90b1e32f6bf986f882761""}]"
Nintendo SNES/Zennihon Pro Wrestling.uac	znpw.rsn	"[{""Algorithm"":""BLAKE3-256"",""Digest"":""9051822094e2059851fe7767918ed41cb00a99bfe9c7ad017787fe8cc4caaf2c""},{""Algorithm"":""CRC32"",""Digest"":""52DF7F2F""},{""Algorithm"":""SHA-1"",""Digest"":""d35a9f9bb45188e1852ac473afda78a57959fc42""},{""Algorithm"":""MD5"",""Digest"":""1b4ada0589d44e5dadf53bcf9318f7a6""}]"
Nintendo SNES/Zero the Kamikaze Squirrel.uac	zks.rsn	"[{""Algorithm"":""BLAKE3-256"",""Digest"":""293e758dfdf250916c35c2f329e60adb75494e5f0aed30b5aafa3691646c5c44""},{""Algorithm"":""CRC32"",""Digest"":""6E6DFAA5""},{""Algorithm"":""SHA-1"",""Digest"":""ebb2a0f04e4246c353a2140c4eec9c9a8f8c3e7a""},{""Algorithm"":""MD5"",""Digest"":""0f7cce61684ea667e0ee1e85c5b2de27""}]"
Nintendo SNES/Zero4 Champ RR (JP).uac	z4cr.rsn	"[{""Algorithm"":""BLAKE3-256"",""Digest"":""c691312ee25398248e7f4f4f012ff14449f9ab1519a6a677ef2e0aff348c5ac3""},{""Algorithm"":""CRC32"",""Digest"":""B6AD85F5""},{""Algorithm"":""SHA-1"",""Digest"":""cb5ab1712bc8f066799172acdf1e3c1e1e806c26""},{""Algorithm"":""MD5"",""Digest"":""f3a3fd7b69f29adce1ed7a32395c39fd""}]"
Nintendo SNES/Zico Soccer.uac	zico.rsn	"[{""Algorithm"":""BLAKE3-256"",""Digest"":""f147dd1d28db5151e97ec6bb24504d3a49b2cbe9d66ceafe7c64a3cd2d17dd21""},{""Algorithm"":""CRC32"",""Digest"":""2A3D613E""},{""Algorithm"":""SHA-1"",""Digest"":""7d77f7ac7a7a419d130810717a4de3c9fa861579""},{""Algorithm"":""MD5"",""Digest"":""d221b6f8b8b44e27dc09482bbc97fb1a""}]"
Nintendo SNES/Zig Zag Cat - Dachou Club mo Oosawagi da (JP).uac	zzc.rsn	"[{""Algorithm"":""BLAKE3-256"",""Digest"":""f7d044cbee6857bb53e9baee511f0fa375f85b4ecccacde94fa6068e83b1e101""},{""Algorithm"":""CRC32"",""Digest"":""B2C2D752""},{""Algorithm"":""SHA-1"",""Digest"":""85aebf46d500ec3e9195b71468e9486359a4d409""},{""Algorithm"":""MD5"",""Digest"":""65a444b4488f6a969e1c0af31fd2a5d5""}]"
Nintendo SNES/Zombies Ate My Neighbors.uac	zamn.rsn	"[{""Algorithm"":""BLAKE3-256"",""Digest"":""fbecf47a8c4d54ac3c38d6d1425d272a34118aabe5ed930f075bd1903a30226c""},{""Algorithm"":""CRC32"",""Digest"":""76074C5A""},{""Algorithm"":""SHA-1"",""Digest"":""36faabde9302143248f5e1d9fc10f3f22af493d5""},{""Algorithm"":""MD5"",""Digest"":""dce35e39fea3036f3e8cb28a794cf752""}]"
Nintendo SNES/Zone.uac	zone.rsn	"[{""Algorithm"":""BLAKE3-256"",""Digest"":""3818f3e46ee1e7d3e2d8b4d7416c2421771d26fb88a099febfeab5b269c62eb1""},{""Algorithm"":""CRC32"",""Digest"":""E56BD0FA""},{""Algorithm"":""SHA-1"",""Digest"":""d54a9dbf959f1b8ae9b6e4b36c7aef4a889534b7""},{""Algorithm"":""MD5"",""Digest"":""72726837bd9adf581cfc38b24fb4c60d""}]"
Nintendo SNES/Zool.uac	zool.rsn	"[{""Algorithm"":""BLAKE3-256"",""Digest"":""d21269c8f49ac2e8d776ab284506119b6315bbbba105959e1955c11c01116b48""},{""Algorithm"":""CRC32"",""Digest"":""4892C45B""},{""Algorithm"":""SHA-1"",""Digest"":""162bd6fda62d2cbbfc522902a24e216a5e23aabb""},{""Algorithm"":""MD5"",""Digest"":""ff7d7110ab718d4c2d03c0637f5ec8cf""}]"
Nintendo SNES/Zoop.uac	zoop.rsn	"[{""Algorithm"":""BLAKE3-256"",""Digest"":""5bdda5a7117d74ba23239fb3321e7c05e3ae9cb71b962c194c752f0397bf90e4""},{""Algorithm"":""CRC32"",""Digest"":""119A02AC""},{""Algorithm"":""SHA-1"",""Digest"":""870a988f4668fba9cff3a568951ee6574ed44d08""},{""Algorithm"":""MD5"",""Digest"":""6f84a59a44c28408d63d18addaba019c""}]"
Nintendo SNES/Zootto Mahjong!.uac	zoot.rsn	"[{""Algorithm"":""BLAKE3-256"",""Digest"":""c491d84dcea0b9b349e73b45fe5b15fc3ea5bec559937ec415837bede0a500ce""},{""Algorithm"":""CRC32"",""Digest"":""9E55FE31""},{""Algorithm"":""SHA-1"",""Digest"":""066b33dc21507d91b2dcefbd8576b2fdeba01444""},{""Algorithm"":""MD5"",""Digest"":""aa3ad067ac994b00089f08d4f58fe739""}]"
Nintendo SNES/aero the acro bat 2.uac	aero2.rsn	"[{""Algorithm"":""BLAKE3-256"",""Digest"":""3f4cb1730492cf8ab581a682120f474f169c2346d99fffa14cc4d879c2807a3c""},{""Algorithm"":""CRC32"",""Digest"":""E44AC1F1""},{""Algorithm"":""SHA-1"",""Digest"":""946736a30ed9245dd237027e9df96e7543acabcc""},{""Algorithm"":""MD5"",""Digest"":""3895e178db21791acf54b829c51f9e89""}]"
Nintendo SNES/aero the acro bat.uac	aero.rsn	"[{""Algorithm"":""BLAKE3-256"",""Digest"":""ae6a36a02de388693a361c5a4d689616a13fd5a63477ffc723c45aad3a4df853""},{""Algorithm"":""CRC32"",""Digest"":""EF125058""},{""Algorithm"":""SHA-1"",""Digest"":""9f671ae7ca7cad6fdfc1e206a43c6172d4e78863""},{""Algorithm"":""MD5"",""Digest"":""607d9e717029d9d83fa698a26dfffa41""}]"
Nintendo SNES/air management ii koukuu ou o mezase (JP).uac	airm2.rsn	"[{""Algorithm"":""BLAKE3-256"",""Digest"":""ceb4d2ddbe7b5e0ede42563cf656997e0dcbd168cc527bce1efe99459501ae2a""},{""Algorithm"":""CRC32"",""Digest"":""FE6E5FEF""},{""Algorithm"":""SHA-1"",""Digest"":""66f4da63a876a4337ac6296b74523be0a3edce69""},{""Algorithm"":""MD5"",""Digest"":""5dcaba12f85ec2143ff8a9f9d9cf4ba6""}]"
Nintendo SNES/air management oozora ni kakeru (JP).uac	airm.rsn	"[{""Algorithm"":""BLAKE3-256"",""Digest"":""889e6f9590a82642552fb265f25e451aa5efc2dc5d1d67b209cc2473288ef116""},{""Algorithm"":""CRC32"",""Digest"":""0D5B392B""},{""Algorithm"":""SHA-1"",""Digest"":""bc760b7d058e2a0770ba224a200603d9c72f0e9d""},{""Algorithm"":""MD5"",""Digest"":""8a2f4cf76ea044961bc6563f5552f3ee""}]"
Nintendo SNES/american tail an fievel goes west.uac	atfgw.rsn	"[{""Algorithm"":""BLAKE3-256"",""Digest"":""1d09ee1cfd64e7d4615547b49549a8cd02abb3e19086a76ef23e9e462dbd7eee""},{""Algorithm"":""CRC32"",""Digest"":""C60DBB29""},{""Algorithm"":""SHA-1"",""Digest"":""e3d0af8ddb5171eedf793aa7ca27725dab61d8b5""},{""Algorithm"":""MD5"",""Digest"":""d537d910661ca42db06b5ad3b3d25d9c""}]"
Nintendo SNES/archer maclean s super dropzone (EU).uac	amdz.rsn	"[{""Algorithm"":""BLAKE3-256"",""Digest"":""a89a4875b8d310517b970e7ed7db8d7010e15556309f47023fdeb8fbaa0831fb""},{""Algorithm"":""CRC32"",""Digest"":""03FEB91A""},{""Algorithm"":""SHA-1"",""Digest"":""4426ab6fadd763ee1cd3743fea2d4334b8b1e3cb""},{""Algorithm"":""MD5"",""Digest"":""a32a979d5881ab27c04f001d9d17e7d3""}]"
Nintendo SNES/bakutou dochers bumps jima wa oosawagi (JP).uac	bkdc.rsn	"[{""Algorithm"":""BLAKE3-256"",""Digest"":""87ae7de44827a996921bdfc4505afc27e985a8e74c27e5e02bc97ce5cf2dac6a""},{""Algorithm"":""CRC32"",""Digest"":""73FCA875""},{""Algorithm"":""SHA-1"",""Digest"":""4732420f399575c77c282203ab82f713e9a4fc2e""},{""Algorithm"":""MD5"",""Digest"":""c160f104311305b36ffbd4ea6de0a5f8""}]"
Nintendo SNES/bass masters classic pro edition.uac	bascp.rsn	"[{""Algorithm"":""BLAKE3-256"",""Digest"":""19f2ddff8d5960f703f4d51c6bad9c13acd2ff39731af20ae9e75e16853dc557""},{""Algorithm"":""CRC32"",""Digest"":""F736867D""},{""Algorithm"":""SHA-1"",""Digest"":""5384797b1ef9f53a0a4de2821deeaa4d830b6ea2""},{""Algorithm"":""MD5"",""Digest"":""176606802131349100d577829626b5cc""}]"
Nintendo SNES/bass masters classic.uac	basc.rsn	"[{""Algorithm"":""BLAKE3-256"",""Digest"":""47bb6fa086c74966a39ad62cd1672006256685cc7711cc300ddd468cbafe7f00""},{""Algorithm"":""CRC32"",""Digest"":""D500613D""},{""Algorithm"":""SHA-1"",""Digest"":""7831dfd1f56f2a41c7ab54a9dd987f4c4f11cbd3""},{""Algorithm"":""MD5"",""Digest"":""ed98f73580b7c262e71cd0f9b2000ff2""}]"
Nintendo SNES/battle dodge ball (JP).uac	bdodg.rsn	"[{""Algorithm"":""BLAKE3-256"",""Digest"":""f4ff7a64da38f704db7e6aea3ba552af56fe151d061d4dc8a684d23c960079d2""},{""Algorithm"":""CRC32"",""Digest"":""785BB270""},{""Algorithm"":""SHA-1"",""Digest"":""91261679b2655226d4eeac76e4bee21781c2491d""},{""Algorithm"":""MD5"",""Digest"":""71e23f37f3acfc0b17056d09f637c55a""}]"
Nintendo SNES/bishoujo janshi suchie pai (JP).uac	sp.rsn	"[{""Algorithm"":""BLAKE3-256"",""Digest"":""4524e39b5543a6aadb9114937b359b7e39ec1853b34cb56c277e2b48a8725145""},{""Algorithm"":""CRC32"",""Digest"":""2DCA7353""},{""Algorithm"":""SHA-1"",""Digest"":""82d1007aaa97b4fc5ea88fa769af7adf62aa76c2""},{""Algorithm"":""MD5"",""Digest"":""83a20d15337587c1f907347afdf662a7""}]"
Nintendo SNES/bishoujo senshi sailor moon (JP).uac	bssm.rsn	"[{""Algorithm"":""BLAKE3-256"",""Digest"":""173b6787c52540a65857ce11c29e680433cc47a6c0161ef445794ebff6def866""},{""Algorithm"":""CRC32"",""Digest"":""651D5A9F""},{""Algorithm"":""SHA-1"",""Digest"":""b9fe45b67cc80d4560614ea0024feaad5426c82b""},{""Algorithm"":""MD5"",""Digest"":""7081abd1a7c16160b60c447dbd84d348""}]"
Nintendo SNES/bishoujo senshi sailor moon r (JP).uac	bsmr.rsn	"[{""Algorithm"":""BLAKE3-256"",""Digest"":""de9132ea98053ad73f69f6bfa2a2f1d4a471e98eaeae8d8f94b7abb95490281b""},{""Algorithm"":""CRC32"",""Digest"":""AD312882""},{""Algorithm"":""SHA-1"",""Digest"":""de104197dd9ac453c4e42dfccd41c035580b04fc""},{""Algorithm"":""MD5"",""Digest"":""e6f1c51013334552d06c8501e231b69f""}]"
Nintendo SNES/bishoujo senshi sailor moon s jougai rantou shuyaku soudatsusen (JP).uac	smsjr.rsn	"[{""Algorithm"":""BLAKE3-256"",""Digest"":""a0334fc15bc761dfd5628c9135e892fc2e6a10f3424554156a73d93a75bcfed0""},{""Algorithm"":""CRC32"",""Digest"":""53C334B0""},{""Algorithm"":""SHA-1"",""Digest"":""b70d9efeb6564f43c4e4c4b7c2ce197fdec75583""},{""Algorithm"":""MD5"",""Digest"":""ec1f10b317845d27b49e40a5d701c6af""}]"
Nintendo SNES/bishoujo senshi sailor moon supers fuwafuwa panic (JP).uac	smffp.rsn	"[{""Algorithm"":""BLAKE3-256"",""Digest"":""36090806ec3c24758c761bd0f092ec0efb65bab5ac61f0814c44962fa070b3e4""},{""Algorithm"":""CRC32"",""Digest"":""80304932""},{""Algorithm"":""SHA-1"",""Digest"":""f83288aad9f088fac343e9b60e7b7c65158e0e15""},{""Algorithm"":""MD5"",""Digest"":""f4c12e6b1dd95d9e1d1e628c3f7747a3""}]"
Nintendo SNES/breath of fire (US).uac	bof.rsn	"[{""Algorithm"":""BLAKE3-256"",""Digest"":""f720f9a529447ba1cf61b39e83a783145f5f483568d2389bd32ca02ed8714a03""},{""Algorithm"":""CRC32"",""Digest"":""8717CFE2""},{""Algorithm"":""SHA-1"",""Digest"":""e9965003e04c1dd601b4e83f0d1263603d8068c4""},{""Algorithm"":""MD5"",""Digest"":""d524210a9e36dc9e67e4f91b320d07ed""}]"
Nintendo SNES/bubsy ii.uac	bbs2.rsn	"[{""Algorithm"":""BLAKE3-256"",""Digest"":""b3c408791e828eb7e80bf9140c43ca0a049731b902a307700e77d7fea42c6c5f""},{""Algorithm"":""CRC32"",""Digest"":""A6C7376B""},{""Algorithm"":""SHA-1"",""Digest"":""884fc4af273668004285be816ecea5e5aa61b042""},{""Algorithm"":""MD5"",""Digest"":""41142d23518ac6442c92bdbe7ac8d349""}]"
Nintendo SNES/burn in test cartridge (US).uac	burn.rsn	"[{""Algorithm"":""BLAKE3-256"",""Digest"":""1d3629d6dccfbf617b3496aee2149d67d22f4e14269ec78930452cdb5847797b""},{""Algorithm"":""CRC32"",""Digest"":""B68821EA""},{""Algorithm"":""SHA-1"",""Digest"":""fe8a094c2678da66b840516f741f3611d14a1556""},{""Algorithm"":""MD5"",""Digest"":""3f60ff784983bea8df113cca2debc3b0""}]"
Nintendo SNES/choplifter iii (EU).uac	cl3.rsn	"[{""Algorithm"":""BLAKE3-256"",""Digest"":""15749e5b0d76a6947d0f45c9e59e84d236911d554a9702d9bc094c930d49027d""},{""Algorithm"":""CRC32"",""Digest"":""0706FC7B""},{""Algorithm"":""SHA-1"",""Digest"":""9b278697b55dec5e96d5ae68a232879cf7600a9c""},{""Algorithm"":""MD5"",""Digest"":""ea5b0fd460de839239a3be337114ee02""}]"
Nintendo SNES/clock tower (JP).uac	cw.rsn	"[{""Algorithm"":""BLAKE3-256"",""Digest"":""88546d8d7f67fb2a0211ce93c7f826e9a312890738eab273ece0001bfc38d28f""},{""Algorithm"":""CRC32"",""Digest"":""71184ED0""},{""Algorithm"":""SHA-1"",""Digest"":""d1bab082c3fd0c40f2d021b2384c72d5471daa5d""},{""Algorithm"":""MD5"",""Digest"":""6a7bd62f968035035666cb7b4a8b9716""}]"
Nintendo SNES/dinocity.uac	dici.rsn	"[{""Algorithm"":""BLAKE3-256"",""Digest"":""f501b1e502bee1be0febf96849b9e9024accb4ab4923555328f54e07d80c3968""},{""Algorithm"":""CRC32"",""Digest"":""8B8F0481""},{""Algorithm"":""SHA-1"",""Digest"":""af033dcbaaac521f669440c6099d57d722fb5439""},{""Algorithm"":""MD5"",""Digest"":""5a86195b199f2eac68589950ff52e672""}]"
Nintendo SNES/dragon ball z super butouden 2 (JP).uac	dbzb2.rsn	"[{""Algorithm"":""BLAKE3-256"",""Digest"":""4b4b1de4f494704b7ba92d92a89eba85c9a1c5584d16c86d7cccd1d126766612""},{""Algorithm"":""CRC32"",""Digest"":""36BC1284""},{""Algorithm"":""SHA-1"",""Digest"":""96809ba001ce8b057778dde89e73231c05afc128""},{""Algorithm"":""MD5"",""Digest"":""6d633cadb40ca81560027933d921e235""}]"
Nintendo SNES/elfaria a fantastic theater (JP).uac	elf.rsn	"[{""Algorithm"":""BLAKE3-256"",""Digest"":""b11193ea4711effbf0e89c30a576f5b1f232b101b77f05a64748d34ac5c56b71""},{""Algorithm"":""CRC32"",""Digest"":""87ACCDB8""},{""Algorithm"":""SHA-1"",""Digest"":""9ee18179b71f61493605ae9911a6b58f631122e1""},{""Algorithm"":""MD5"",""Digest"":""da14774316d54e844c867f9b068f2826""}]"
Nintendo SNES/ganbare daiku no gen san (JP).uac	gdng.rsn	"[{""Algorithm"":""BLAKE3-256"",""Digest"":""de4737dca044670929fe9541c45663313edf84655e232a04a36dfceb9dcb3a58""},{""Algorithm"":""CRC32"",""Digest"":""E377F693""},{""Algorithm"":""SHA-1"",""Digest"":""b5f7531c374c1b143317140da27c19a478040a27""},{""Algorithm"":""MD5"",""Digest"":""0b8067bceb94a033d88a4c454b36e9cc""}]"
Nintendo SNES/ganbare goemon 3 shishi juurokubee no karakuri manjigatame (JP).uac	gg3.rsn	"[{""Algorithm"":""BLAKE3-256"",""Digest"":""00767fa63e7aadb080205e125fd2ac4b0ff9a31e2e053b68a25d1f23a8882882""},{""Algorithm"":""CRC32"",""Digest"":""0360FC55""},{""Algorithm"":""SHA-1"",""Digest"":""2bc5bbf88573cc4e94c546392115a7f88e8a10e3""},{""Algorithm"":""MD5"",""Digest"":""78f578361f959d7638e443b2d22bebc1""}]"
Nintendo SNES/ganbare goemon yuki hime kyuushutsu emaki (JP).uac	gg.rsn	"[{""Algorithm"":""BLAKE3-256"",""Digest"":""0c5fb56c8ae70d1e877e53c629a1d039a8e16d9a4a43a6c03aa7fcfea2f4499a""},{""Algorithm"":""CRC32"",""Digest"":""539C6221""},{""Algorithm"":""SHA-1"",""Digest"":""205f43272250866cc046302dd63fbf893634eef5""},{""Algorithm"":""MD5"",""Digest"":""43be3a90d26b6c90c5e520e5fede300b""}]"
Nintendo SNES/gdleen (JP).uac	gdl.rsn	"[{""Algorithm"":""BLAKE3-256"",""Digest"":""8233be21ff7c58885cea14eaecd5ee9d11f26b37d6ab475ec018b5caa4df0c11""},{""Algorithm"":""CRC32"",""Digest"":""26C8FB20""},{""Algorithm"":""SHA-1"",""Digest"":""ec032756bfb46e263ec95314fe47296ea1630895""},{""Algorithm"":""MD5"",""Digest"":""2dc1a708af111a09f4ab49b160f81ac1""}]"
Nintendo SNES/genghis khan ii clan of the gray wolf (US).uac	wolf.rsn	"[{""Algorithm"":""BLAKE3-256"",""Digest"":""849b4308472e8de69292e629c7b9a11a382c728d164369aae052633223848dcb""},{""Algorithm"":""CRC32"",""Digest"":""ECEB9669""},{""Algorithm"":""SHA-1"",""Digest"":""d902805abda908f6f29d02c12976dac0a41d0f69""},{""Algorithm"":""MD5"",""Digest"":""635a0d3bf2e82d830ea1fb5eb43de83d""}]"
Nintendo SNES/gourmet sentai barayarou (JP).uac	sswap.rsn	"[{""Algorithm"":""BLAKE3-256"",""Digest"":""2ea0118331e83fd099efbe52f79e6eda5ef51fbc87fb2c7844400fd930b66d3c""},{""Algorithm"":""CRC32"",""Digest"":""E952297D""},{""Algorithm"":""SHA-1"",""Digest"":""ca5ed4a1a492bc82878b3268caea1ed97373eeff""},{""Algorithm"":""MD5"",""Digest"":""26d7ba57329782664d3c6e510de0a4a0""}]"
Nintendo SNES/gp 1.uac	gp1.rsn	"[{""Algorithm"":""BLAKE3-256"",""Digest"":""161ea546382cef015e17d8b720aff01bc666b562080ab543d8a2bc3253e880ec""},{""Algorithm"":""CRC32"",""Digest"":""F570F260""},{""Algorithm"":""SHA-1"",""Digest"":""63d3e8cc90754d85f93db8909071188f3e3206a5""},{""Algorithm"":""MD5"",""Digest"":""e09543e10f61ba85576deee39e275d7b""}]"
Nintendo SNES/hebereke no popoon (JP).uac	hnp.rsn	"[{""Algorithm"":""BLAKE3-256"",""Digest"":""500d6c65e799b90a8e0059c990a111d160dc70b106232b4421dd025d1df81dee""},{""Algorithm"":""CRC32"",""Digest"":""292471F0""},{""Algorithm"":""SHA-1"",""Digest"":""c38fbedc9b152fcb852f8c951b4b718747e8ed1a""},{""Algorithm"":""MD5"",""Digest"":""09679a31c9149e48722c0a114ff09124""}]"
Nintendo SNES/kenyuu densetsu yaiba (JP).uac	kdy.rsn	"[{""Algorithm"":""BLAKE3-256"",""Digest"":""167a4fa82997da4d145293ca6dd1b1af27cfa977de4d59d4204fd394c76d5095""},{""Algorithm"":""CRC32"",""Digest"":""3C521B5A""},{""Algorithm"":""SHA-1"",""Digest"":""f4a1e3e093bf0abd0ba38425d08d6b8068b2e5dc""},{""Algorithm"":""MD5"",""Digest"":""fe1ff023cf758885c45318c64302e9d0""}]"
Nintendo SNES/kiki kaikai tsukiyo soushi (JP).uac	kiki3.rsn	"[{""Algorithm"":""BLAKE3-256"",""Digest"":""7d4b6bbf135613c2df8bf69aaa4c133c78986b7dd7a7de285c520e79aba89e31""},{""Algorithm"":""CRC32"",""Digest"":""30E03982""},{""Algorithm"":""SHA-1"",""Digest"":""b7b25b32cd330b182d79d4796f8543c7daea81a2""},{""Algorithm"":""MD5"",""Digest"":""3ad0e1d819dc74ca6bf6176aa92445f4""}]"
Nintendo SNES/krusty s super fun house.uac	ksfh.rsn	"[{""Algorithm"":""BLAKE3-256"",""Digest"":""b8a63a9b9524ddb27281055db006e86b257c53a2aa6e61bcf74bccfa598a82f1""},{""Algorithm"":""CRC32"",""Digest"":""D9D96215""},{""Algorithm"":""SHA-1"",""Digest"":""30f0f36d5d88f59c029f94463c54c2d5b2a07058""},{""Algorithm"":""MD5"",""Digest"":""37b8343e129e5c3a52f8119b387c6571""}]"
Nintendo SNES/magic boy.uac	mboy.rsn	"[{""Algorithm"":""BLAKE3-256"",""Digest"":""d490ab455fd747eb2258b8f45dbd5a27ddabf4c2dd260e2db0efb100808f40c4""},{""Algorithm"":""CRC32"",""Digest"":""723D727D""},{""Algorithm"":""SHA-1"",""Digest"":""f788dcdd92333b6d41ef2661fd9fcbe3d2214eb5""},{""Algorithm"":""MD5"",""Digest"":""0db3194bc535bfefca8cc009c30976aa""}]"
Nintendo SNES/mask the.uac	mask.rsn	"[{""Algorithm"":""BLAKE3-256"",""Digest"":""7a6550cd842446568c19dab568973c3d60ff4e6e07ca5fde0bc05f4fd1237e0f""},{""Algorithm"":""CRC32"",""Digest"":""12CA8F18""},{""Algorithm"":""SHA-1"",""Digest"":""f071dfef0bbc2bde3498aceacdc3ffaa52193fc9""},{""Algorithm"":""MD5"",""Digest"":""947df8cf90d4de1d3d47b25a60be73ff""}]"
Nintendo SNES/math blaster episode 1 (US).uac	mathb.rsn	"[{""Algorithm"":""BLAKE3-256"",""Digest"":""03440c4c8b0c0ae383db5f2dbf610ffd72d997510a39e6baa37245e4f0115f3d""},{""Algorithm"":""CRC32"",""Digest"":""7D4AC2C2""},{""Algorithm"":""SHA-1"",""Digest"":""999e20e057b607a003fe9f45b34236df5d5d586c""},{""Algorithm"":""MD5"",""Digest"":""e0a5dbe3badb03b139ac6fba45eb28c7""}]"
Nintendo SNES/mega man soccer (US).uac	mms.rsn	"[{""Algorithm"":""BLAKE3-256"",""Digest"":""a2a9ff5cdd4c6a1e8cb8a767b6c58322bd8d97485d2e63a3e484886782ae1c0f""},{""Algorithm"":""CRC32"",""Digest"":""F731B242""},{""Algorithm"":""SHA-1"",""Digest"":""a4b83d1791519b8a2490ad73b48d90312c2cb926""},{""Algorithm"":""MD5"",""Digest"":""cf5ce76f36c5ec2a4f8ddda77792a398""}]"
Nintendo SNES/mickey mania the timeless adventures of mickey mouse.uac	mm.rsn	"[{""Algorithm"":""BLAKE3-256"",""Digest"":""d7b6bff278bb65e45115281ce684ad50e40b9c9bb578ce5fada75c5ebc554ab4""},{""Algorithm"":""CRC32"",""Digest"":""4BF1E736""},{""Algorithm"":""SHA-1"",""Digest"":""ee64ce19e355ef25ca343b7953fcd6427b4d69b0""},{""Algorithm"":""MD5"",""Digest"":""361785bfacdcb5d41a3bca953b010517""}]"
Nintendo SNES/might and magic ii (EU).uac	mm2.rsn	"[{""Algorithm"":""BLAKE3-256"",""Digest"":""b328cd34aaafbc07ab3260a8e58b9d4e42cce64b1a9d766eafd00a837f8d54a3""},{""Algorithm"":""CRC32"",""Digest"":""C0D64573""},{""Algorithm"":""SHA-1"",""Digest"":""9c6ab080fb8dfb3c32b21de3a03a2a9dc27f521b""},{""Algorithm"":""MD5"",""Digest"":""1686f211a8a179b23cde8fdbfddaf973""}]"
Nintendo SNES/might and magic iii isles of terra (US).uac	mm3.rsn	"[{""Algorithm"":""BLAKE3-256"",""Digest"":""958ea66304f10508f6cb58502e4fb6b814ebeedebd6f94fb8b0d3be7becad8d0""},{""Algorithm"":""CRC32"",""Digest"":""62BA2E67""},{""Algorithm"":""SHA-1"",""Digest"":""0b7b84d51c226a138a934ddc0b67e75d06fe17ae""},{""Algorithm"":""MD5"",""Digest"":""7bdcce86bd8d6277a6b73e7d4d7c6896""}]"
Nintendo SNES/mohawk headphone jack.uac	mhj.rsn	"[{""Algorithm"":""BLAKE3-256"",""Digest"":""9cef9dc10d67a414495f708b83cf48151c5adbd95bc16d60ad7bfbdda777e4e9""},{""Algorithm"":""CRC32"",""Digest"":""55AD4CA2""},{""Algorithm"":""SHA-1"",""Digest"":""d8132465271611d5b2396dc9b0ee487720be49e0""},{""Algorithm"":""MD5"",""Digest"":""0e6c8d8625309d827045d4c11cbed01a""}]"
Nintendo SNES/monopoly.uac	mono.rsn	"[{""Algorithm"":""BLAKE3-256"",""Digest"":""17287639def8e38efb2c88e22e483dcc8e9930b73aa25f389437426f872b798c""},{""Algorithm"":""CRC32"",""Digest"":""7BD90A95""},{""Algorithm"":""SHA-1"",""Digest"":""d50a30d4b95b98bdfcd72872f561d18db8ae2883""},{""Algorithm"":""MD5"",""Digest"":""3b493abf696a2d371d20a1ff458c553b""}]"
Nintendo SNES/mortal kombat 3.uac	mk3.rsn	"[{""Algorithm"":""BLAKE3-256"",""Digest"":""9cab03a58bd4a8cdeaf37483b91a9b5d91fd43d3e2ebe40a30089c3a65a584a0""},{""Algorithm"":""CRC32"",""Digest"":""4849E02B""},{""Algorithm"":""SHA-1"",""Digest"":""eae1366db2c7f04a2320993761f824f2a10516ac""},{""Algorithm"":""MD5"",""Digest"":""6af8f1f4280dab2349f3536e40a233a9""}]"
Nintendo SNES/mouryou senki madara 2 (JP).uac	mdr2.rsn	"[{""Algorithm"":""BLAKE3-256"",""Digest"":""569c0628dcc3921cdf196fc5ae1845634b027b6e798dba19d03759014b1489b7""},{""Algorithm"":""CRC32"",""Digest"":""D481063C""},{""Algorithm"":""SHA-1"",""Digest"":""95de4054f77d8cc34b8f196163429f4f59604216""},{""Algorithm"":""MD5"",""Digest"":""b34332c50bc96e31185b25c7ac8f18ea""}]"
Nintendo SNES/mr do.uac	mrdo.rsn	"[{""Algorithm"":""BLAKE3-256"",""Digest"":""45480104f52b96227eeb3884eebfe9c34d2f2657f0ad18d1ed93a9263fc9bdf3""},{""Algorithm"":""CRC32"",""Digest"":""64502E22""},{""Algorithm"":""SHA-1"",""Digest"":""72428834d13c68db829eac5fc0f0da35c0c8c6e2""},{""Algorithm"":""MD5"",""Digest"":""c635e22bae1988ae938fbd4c81034e1c""}]"
Nintendo SNES/naxat super pinball jaki crush (JP).uac	jc.rsn	"[{""Algorithm"":""BLAKE3-256"",""Digest"":""2c9e094b8ded5c1f38139e3594bde631d9ca1e331f7a8c4e677e3c9dc928d337""},{""Algorithm"":""CRC32"",""Digest"":""56C4BE4A""},{""Algorithm"":""SHA-1"",""Digest"":""07dca4820204100c7ff45baf26d05ba42410d318""},{""Algorithm"":""MD5"",""Digest"":""fc6d3e477d948b796f80f3c5ac414656""}]"
Nintendo SNES/ninjawarriors (US).uac	tnw.rsn	"[{""Algorithm"":""BLAKE3-256"",""Digest"":""396a19a55315fd449eda4b0fab496adc1bc7dbc7dc86be910acabe8eb498c220""},{""Algorithm"":""CRC32"",""Digest"":""96FEEE40""},{""Algorithm"":""SHA-1"",""Digest"":""23462dda6d23febf05d689b79d6aad3792fc0ce6""},{""Algorithm"":""MD5"",""Digest"":""2c55bc0b61c995285fd01e15c210f22b""}]"
Nintendo SNES/nontan to issho kurukuru puzzle (JP).uac	nikk.rsn	"[{""Algorithm"":""BLAKE3-256"",""Digest"":""bf98d3a8fbc9b584ef2edc1ab5183d6c577b693f9ac68745fb66b84966103fb3""},{""Algorithm"":""CRC32"",""Digest"":""4BCE8653""},{""Algorithm"":""SHA-1"",""Digest"":""c9d7e1362bc005df7867c2aa7fccb9a5d9691aba""},{""Algorithm"":""MD5"",""Digest"":""7ca658375ddd46fa1a8811f1f918a6c4""}]"
Nintendo SNES/pro mahjong kiwame (JP).uac	pmk.rsn	"[{""Algorithm"":""BLAKE3-256"",""Digest"":""321cdc77158c35da5e59570e985d4c877ed8a041df5a4bd32c3035edb9746ddb""},{""Algorithm"":""CRC32"",""Digest"":""E5EC2266""},{""Algorithm"":""SHA-1"",""Digest"":""d1bcff4308d06761bdd4f7a8b0579db085829c59""},{""Algorithm"":""MD5"",""Digest"":""6cea6da427ac801865f9f7ebb7d460e8""}]"
Nintendo SNES/r p m racing (JP).uac	rpmr.rsn	"[{""Algorithm"":""BLAKE3-256"",""Digest"":""58bb8573badce024b0745de3f81ec3103bde2cd977aba5a8e773e80ed6056bbc""},{""Algorithm"":""CRC32"",""Digest"":""E84A957C""},{""Algorithm"":""SHA-1"",""Digest"":""9a544875cd66c9efb13aceda85047f38dc8b1850""},{""Algorithm"":""MD5"",""Digest"":""69af4f7ec2b41d1b792e5a23bed61935""}]"
Nintendo SNES/ranma 1 2 chounai gekitou hen (JP).uac	rmcg.rsn	"[{""Algorithm"":""BLAKE3-256"",""Digest"":""d1e19d52559267738f94ee728aecc029a06ae613b2af040b621fc1406f5675d6""},{""Algorithm"":""CRC32"",""Digest"":""FD569758""},{""Algorithm"":""SHA-1"",""Digest"":""a639055a418069196f84f86595d7e1b183ea1955""},{""Algorithm"":""MD5"",""Digest"":""0ed1c9b342c6bf6bc15a3fcaa18c5458""}]"
Nintendo SNES/ranma 1 2 ougi jaanken (JP).uac	rmoj.rsn	"[{""Algorithm"":""BLAKE3-256"",""Digest"":""5d660215e719b77853bb13c7ef017e21d6b28eaf07f45bc55449ae0fbb5b1026""},{""Algorithm"":""CRC32"",""Digest"":""EBAB2858""},{""Algorithm"":""SHA-1"",""Digest"":""e5fc285f2285638f747948d7b67f1a564d93b3aa""},{""Algorithm"":""MD5"",""Digest"":""917f6650c957ecd46adfb2e2ee4a1feb""}]"
Nintendo SNES/ren stimpy show the time warp.uac	rstw.rsn	"[{""Algorithm"":""BLAKE3-256"",""Digest"":""93f5ae856cdfffd46abfdb9b11d231e174cf55f9b47135f4137fbeb283f8c72d""},{""Algorithm"":""CRC32"",""Digest"":""F4195A74""},{""Algorithm"":""SHA-1"",""Digest"":""362c04cedd9804d592c0d8dd18adfa18282f24ce""},{""Algorithm"":""MD5"",""Digest"":""1ba61f584a5a7dd011471cb0cc1b9cb6""}]"
Nintendo SNES/rockman forte (JP).uac	rf.rsn	"[{""Algorithm"":""BLAKE3-256"",""Digest"":""670728cfceab3d335d9a827b793339f317c5543efcce268aec0373f3ffaf3c85""},{""Algorithm"":""CRC32"",""Digest"":""F21D21D7""},{""Algorithm"":""SHA-1"",""Digest"":""53f9f7dd291f4b37807f0dec60fc46b27de4be50""},{""Algorithm"":""MD5"",""Digest"":""9e773d1012d9a0fa61ae1d8b8f7f85c8""}]"
Nintendo SNES/romancing sa ga 2 (JP).uac	rs2.rsn	"[{""Algorithm"":""BLAKE3-256"",""Digest"":""53d785ba3a50a683b79739f2bf6efe9b48375b65b1115f344c3c030e46af7472""},{""Algorithm"":""CRC32"",""Digest"":""8C59B128""},{""Algorithm"":""SHA-1"",""Digest"":""458673a3ab2a61108bae593a282039f213e7078d""},{""Algorithm"":""MD5"",""Digest"":""4c1d026f73cc4d13620efe7d23027b5c""}]"
Nintendo SNES/shanghai ii dragon s eye.uac	shg2.rsn	"[{""Algorithm"":""BLAKE3-256"",""Digest"":""eff85c1186b487622d8e84265128b89c9b0054f8b76f7fed53b5d47a4fc41fc6""},{""Algorithm"":""CRC32"",""Digest"":""A9F17EB2""},{""Algorithm"":""SHA-1"",""Digest"":""3d26e0632d9af08d324ef7467a7cef073e95176f""},{""Algorithm"":""MD5"",""Digest"":""30c6a1cd1abf0012dac792007502a6f9""}]"
Nintendo SNES/shinchou kouki (JP).uac	sck.rsn	"[{""Algorithm"":""BLAKE3-256"",""Digest"":""e308d9dd68750aa9e4b92b33ad275f30e742c4200fe6d9a663af85210c0a301a""},{""Algorithm"":""CRC32"",""Digest"":""2FD6F042""},{""Algorithm"":""SHA-1"",""Digest"":""7c7dd908c628019daad6c11c7e373e07a8d13b0a""},{""Algorithm"":""MD5"",""Digest"":""359a918f53e76d74a73fff15e74e2ccb""}]"
Nintendo SNES/simpsons the bart s nightmare.uac	sbn.rsn	"[{""Algorithm"":""BLAKE3-256"",""Digest"":""6e36d64703242aa39f6f5e7235547611bfe9439c2e427efcd5557265bfb0cdd1""},{""Algorithm"":""CRC32"",""Digest"":""CDEBB340""},{""Algorithm"":""SHA-1"",""Digest"":""cd06b2f7f06de3049b008014cf501dc9b9b5d2f0""},{""Algorithm"":""MD5"",""Digest"":""07105e86ae085ddd47faf51850781be2""}]"
Nintendo SNES/sonic blast man ii.uac	sblm2.rsn	"[{""Algorithm"":""BLAKE3-256"",""Digest"":""b7d0807950647a23e67063e653bb4c4f1a10f0bb004c8f5a723416269d95acf4""},{""Algorithm"":""CRC32"",""Digest"":""80E6FEF8""},{""Algorithm"":""SHA-1"",""Digest"":""41340b5e58521a5140fcd11b695b2d79b1c0b2da""},{""Algorithm"":""MD5"",""Digest"":""08ea047bd13084a2cdd1f91f625a8cc2""}]"
Nintendo SNES/star trek deep space nine crossroads of time.uac	ds9.rsn	"[{""Algorithm"":""BLAKE3-256"",""Digest"":""b29dc03ca3f0a134bddad1f93abb2504b40ecbdd3caff82104d9ff98dbf7e342""},{""Algorithm"":""CRC32"",""Digest"":""CB5042BD""},{""Algorithm"":""SHA-1"",""Digest"":""8cb5180432f5ac34102d5b3e28ce7ca4d0f7b862""},{""Algorithm"":""MD5"",""Digest"":""4e461f01e873cddf26e56fd6f9cef75e""}]"
Nintendo SNES/star trek starfleet academy starship bridge simulator.uac	stsfa.rsn	"[{""Algorithm"":""BLAKE3-256"",""Digest"":""80387fc2a5303b7037116707d9108b9b1ada746d51f8925146874467e8929403""},{""Algorithm"":""CRC32"",""Digest"":""5C8C5E39""},{""Algorithm"":""SHA-1"",""Digest"":""e1c86d0aea10c6bc4a4d348cae9dc1525bb27061""},{""Algorithm"":""MD5"",""Digest"":""658c3923ede7351620c9d18cc4b95b33""}]"
Nintendo SNES/super bases loaded (US).uac	sbl.rsn	"[{""Algorithm"":""BLAKE3-256"",""Digest"":""4e18e823f5bbd9bb3cad43a5c739469eeefada449b7336cfb5f1e94eedcea346""},{""Algorithm"":""CRC32"",""Digest"":""AFA8E368""},{""Algorithm"":""SHA-1"",""Digest"":""f317512115f77ebba6baedd63848e8b314cde371""},{""Algorithm"":""MD5"",""Digest"":""1400da89d4434c9a106d31db59265cb3""}]"
Nintendo SNES/super castlevania iv.uac	scv4.rsn	"[{""Algorithm"":""BLAKE3-256"",""Digest"":""bf8d7b06dde398a986c353f0337a9a45a133734b6b7fd3f073766bb2190815c5""},{""Algorithm"":""CRC32"",""Digest"":""3F05F8E0""},{""Algorithm"":""SHA-1"",""Digest"":""1f3a8ad5069f2799ba585868529e25beaf8f6d97""},{""Algorithm"":""MD5"",""Digest"":""6ff6480ffea8f8e31ed2b54b8bcb418f""}]"
Nintendo SNES/super daikoukai jidai (JP).uac	uw.rsn	"[{""Algorithm"":""BLAKE3-256"",""Digest"":""f5100ed40e035f0fd2cd590cb4cc21ba954a4e8b95b12221778b55fd37d4f8b8""},{""Algorithm"":""CRC32"",""Digest"":""2D341358""},{""Algorithm"":""SHA-1"",""Digest"":""bb21d84767961b1bf7d89e560e5cdbd2162d73b8""},{""Algorithm"":""MD5"",""Digest"":""8a5eda48b4f62e35d0b4750b704fdc9c""}]"
Nintendo SNES/super mahjong taikai (JP).uac	sumt.rsn	"[{""Algorithm"":""BLAKE3-256"",""Digest"":""338ba79f0d655602585c29bda1fc7e19d7470db4affcb92c9f61083cbff56bfa""},{""Algorithm"":""CRC32"",""Digest"":""AB3672F2""},{""Algorithm"":""SHA-1"",""Digest"":""c1872856f103353113a665f18f79d2ff876ae633""},{""Algorithm"":""MD5"",""Digest"":""9eec4e372bc9ae571e58250858abc324""}]"
Nintendo SNES/super mario rpg (JP).uac	smr.rsn	"[{""Algorithm"":""BLAKE3-256"",""Digest"":""db58bda3b893c427bf4ef4f2b98217c5a30306d54dd7a418133ab1eefd4a3771""},{""Algorithm"":""CRC32"",""Digest"":""14504562""},{""Algorithm"":""SHA-1"",""Digest"":""4aca6274cab218888d3d550f5237ed03105378eb""},{""Algorithm"":""MD5"",""Digest"":""4c68c1e0c75568cde13061f0298375e9""}]"
Nintendo SNES/super nobunaga no yabou bushou fuuunroku (JP).uac	nbb.rsn	"[{""Algorithm"":""BLAKE3-256"",""Digest"":""394ac4c82ea8ff9c980f1ce23194c94a91ebc96987273a859ad476dc37463f19""},{""Algorithm"":""CRC32"",""Digest"":""AD1689E0""},{""Algorithm"":""SHA-1"",""Digest"":""046bf71cf4be70c304ea9a8492ee05eb23888b7d""},{""Algorithm"":""MD5"",""Digest"":""a80b349a183b8ad7d553860786702fc7""}]"
Nintendo SNES/super r b i baseball (US).uac	rbi.rsn	"[{""Algorithm"":""BLAKE3-256"",""Digest"":""ef856ef0ab2c7fcff2b6b6746478985991b9994b150293e58c60e26b109e7f7a""},{""Algorithm"":""CRC32"",""Digest"":""AEBE0DFC""},{""Algorithm"":""SHA-1"",""Digest"":""fb9a6c404550d1ec138185c2629d342014dc5d78""},{""Algorithm"":""MD5"",""Digest"":""ffba67d89853975c3a18851b0794927a""}]"
Nintendo SNES/tetris dr mario.uac	tdm.rsn	"[{""Algorithm"":""BLAKE3-256"",""Digest"":""f8a8c1baa9d542d0294cf5919e34adc7227643c2f0e6a00a1d2d98ac61553714""},{""Algorithm"":""CRC32"",""Digest"":""F02D8601""},{""Algorithm"":""SHA-1"",""Digest"":""e71f9b214f15c7aff2587b88645c5fa26f211b3d""},{""Algorithm"":""MD5"",""Digest"":""fdaca17a79951bc708646f9d9adf2604""}]"
Nintendo SNES/ugoku e ver 2 0 aryol (JP).uac	aryol.rsn	"[{""Algorithm"":""BLAKE3-256"",""Digest"":""a3ab89315156f3593b232972665c2bffbb9356f955dd18a88b2a4bd714543b21""},{""Algorithm"":""CRC32"",""Digest"":""8FA3B6BB""},{""Algorithm"":""SHA-1"",""Digest"":""6bfc182196b628b582a587ff9a293b7d2ce17f78""},{""Algorithm"":""MD5"",""Digest"":""e5a35568e30117203abf1bacb89064ee""}]"
Nintendo SNES/ultima vii the black gate.uac	ult7.rsn	"[{""Algorithm"":""BLAKE3-256"",""Digest"":""00137399291e6be273ef35742224d5eb57bdfd44b0ae520a86b50658e8f6291d""},{""Algorithm"":""CRC32"",""Digest"":""4A1C9F50""},{""Algorithm"":""SHA-1"",""Digest"":""22eac7cbedd236be49414b1108c79549bc995c08""},{""Algorithm"":""MD5"",""Digest"":""465901d0858b33dec3dc47db2e53d798""}]"
Nintendo SNES/ushio to tora (JP).uac	ut.rsn	"[{""Algorithm"":""BLAKE3-256"",""Digest"":""f5627dccee418a7f54b4d9323ff5729414348b167cae0b4a26cafd7733b26eef""},{""Algorithm"":""CRC32"",""Digest"":""3FC2CCF1""},{""Algorithm"":""SHA-1"",""Digest"":""81573fb9d3891a17738a67ad1d09c5d0bca7d4d4""},{""Algorithm"":""MD5"",""Digest"":""8269467f022c20051d628d09a4e2c5b8""}]"
Nintendo SNES/wakuwaku ski wonder spur (JP).uac	wws.rsn	"[{""Algorithm"":""BLAKE3-256"",""Digest"":""c3644f9ec97aaab5cd5acb03797695878a0d4cbb9df6f4f8d26fd0da99d8d0a9""},{""Algorithm"":""CRC32"",""Digest"":""ECC1DC13""},{""Algorithm"":""SHA-1"",""Digest"":""a8fd5be44c5c7b7ce5b401258243232d01765e33""},{""Algorithm"":""MD5"",""Digest"":""7bb3053393d5b757298d9d2a18600544""}]"
Nintendo SNES/waratte iitomo tamolympic (JP).uac	tamo.rsn	"[{""Algorithm"":""BLAKE3-256"",""Digest"":""492c05e2675550550dee076134c2f5f0fe40f1d843e9eefbda56e2acb938cb8e""},{""Algorithm"":""CRC32"",""Digest"":""E1ED1224""},{""Algorithm"":""SHA-1"",""Digest"":""52047579aeea3bf20fa6d130a3efc8835f4e0c18""},{""Algorithm"":""MD5"",""Digest"":""0741e15009afc1610dd028d5f99154bd""}]"
Nintendo SNES/wolverine adamantium rage.uac	woar.rsn	"[{""Algorithm"":""BLAKE3-256"",""Digest"":""7ddf6e85314b335c21c0e43fe7338e636313477cd301000cd24d9f4c8380a814""},{""Algorithm"":""CRC32"",""Digest"":""CEB06C0C""},{""Algorithm"":""SHA-1"",""Digest"":""128c46b7c01407f4db39b748504add041328db9f""},{""Algorithm"":""MD5"",""Digest"":""bb3a2d0e7fd224c37ad12446301ef254""}]"
Nintendo SNES/x kaliber 2097.uac	xkb.rsn	"[{""Algorithm"":""BLAKE3-256"",""Digest"":""cbd690ac268251af1b7809c2c75899348afa3603133a7cfb589cf3efcb9ffc92""},{""Algorithm"":""CRC32"",""Digest"":""03684BFD""},{""Algorithm"":""SHA-1"",""Digest"":""b051a7676f4ceb36ed431f172fa88e87afe0553e""},{""Algorithm"":""MD5"",""Digest"":""57e52e6852e71ce6d7a893ab42ad0550""}]"
Nintendo SNES/zen nihon gt senshuken hyper battle game (JP).uac	zgts.rsn	"[{""Algorithm"":""BLAKE3-256"",""Digest"":""6de9aa2918b1757971fe813e2a2db0c3c1b907f099d10d984fdc15cd6cd7fb10""},{""Algorithm"":""CRC32"",""Digest"":""18298A9A""},{""Algorithm"":""SHA-1"",""Digest"":""c8cd9e6e28896108e46ec4a3737d34f9ebddd1ce""},{""Algorithm"":""MD5"",""Digest"":""0a2df5e2e91018a51e1714c50ec9b20d""}]"
Nintendo Super Game Boy/A Bug's Life (Super Gameboy).uac	bug.rsn	"[{""Algorithm"":""BLAKE3-256"",""Digest"":""c97d583796c1828321166efc4115765472341eac6133f9f88b98e337f1458779""},{""Algorithm"":""CRC32"",""Digest"":""243DDF9A""},{""Algorithm"":""SHA-1"",""Digest"":""8903d2f9de02e74fcd75347bdb01218b3f3b6f9d""},{""Algorithm"":""MD5"",""Digest"":""c6812bfcfe8d5ec9d25b0239b9611014""}]"
Nintendo Super Game Boy/Animaniacs (Super Gameboy).uac	anigb.rsn	"[{""Algorithm"":""BLAKE3-256"",""Digest"":""0ea8f3799318b372794f5583c1a7aa38024b4b5637b2e34ad4fe881d6a8f1cb9""},{""Algorithm"":""CRC32"",""Digest"":""975C0D7B""},{""Algorithm"":""SHA-1"",""Digest"":""a11a1aa464992b0102892219bf22f56eeb4dc776""},{""Algorithm"":""MD5"",""Digest"":""dcfce89e17c6b6ffd75f4af4fd487831""}]"
Nintendo Super Game Boy/Beach Volleyball (Super Gameboy).uac	bevb.rsn	"[{""Algorithm"":""BLAKE3-256"",""Digest"":""6afa047005a24f6267956f0bdb32c8a3a0588be696efb44a96258517168d0120""},{""Algorithm"":""CRC32"",""Digest"":""9914B9DF""},{""Algorithm"":""SHA-1"",""Digest"":""f88e713bfe3441aab0d87b768fa0a8904f9effca""},{""Algorithm"":""MD5"",""Digest"":""8badafdb368bae0ed2a5afe4aafabb4d""}]"
Nintendo Super Game Boy/Donkey Kong (Super Gameboy).uac	dk.rsn	"[{""Algorithm"":""BLAKE3-256"",""Digest"":""b4a9c8c3a8606a07880c732295eec2955239108dede5fee289f7ad104728bdfa""},{""Algorithm"":""CRC32"",""Digest"":""44BBE5E8""},{""Algorithm"":""SHA-1"",""Digest"":""d212898329e341d1700bc334f1d741ac86edac1b""},{""Algorithm"":""MD5"",""Digest"":""729eecc556db98e22c98853e8da69806""}]"
Nintendo Super Game Boy/FIFA Soccer '97 (Super Gameboy).uac	f97gb.rsn	"[{""Algorithm"":""BLAKE3-256"",""Digest"":""bb9d1020c0c7503221e345eed0f5d5d586ce3491e78520a8fc77db68f11711fa""},{""Algorithm"":""CRC32"",""Digest"":""255C79FC""},{""Algorithm"":""SHA-1"",""Digest"":""1641357fb9c3a4f49f4266d34f2ad89c5a63d3db""},{""Algorithm"":""MD5"",""Digest"":""bf53f5649d816dcd5e7c57c9a61b8285""}]"
Nintendo Super Game Boy/FIFA Soccer '98 (Super Gameboy).uac	f98gb.rsn	"[{""Algorithm"":""BLAKE3-256"",""Digest"":""8ead6648072838b0df2107b543fff7d58e319452f829618b00548f29c09ccfe2""},{""Algorithm"":""CRC32"",""Digest"":""99081441""},{""Algorithm"":""SHA-1"",""Digest"":""a9ac82661eba9039ac0dbe8137d139e7e05d3d94""},{""Algorithm"":""MD5"",""Digest"":""602ee727868df10489b94bcb6f39fd6c""}]"
Nintendo Super Game Boy/Hercules (Super Gameboy).uac	herc.rsn	"[{""Algorithm"":""BLAKE3-256"",""Digest"":""90fdfeda5f6cc04cf0d73175fa1493fa7eb223650f82badf36db7b24682e0608""},{""Algorithm"":""CRC32"",""Digest"":""4775D839""},{""Algorithm"":""SHA-1"",""Digest"":""1ce72fe89ba8f9ecc0e74b709cc512113c6b5a1b""},{""Algorithm"":""MD5"",""Digest"":""f780bfbb2801c4942746f1352b182cc4""}]"
Nintendo Super Game Boy/Hunchback of Notre Dame (Super Gameboy).uac	hnd.rsn	"[{""Algorithm"":""BLAKE3-256"",""Digest"":""ee6de8b165eb39e971c8801e37ba56bce2cc804bee240ee92fa4388a6acb3a50""},{""Algorithm"":""CRC32"",""Digest"":""0BC1C91F""},{""Algorithm"":""SHA-1"",""Digest"":""aa65db6b6c6015fc668408375c902d804379441c""},{""Algorithm"":""MD5"",""Digest"":""a890d4276038ed47811337e93e7cfa99""}]"
Nintendo Super Game Boy/Madden '97 (Super Gameboy).uac	m97gb.rsn	"[{""Algorithm"":""BLAKE3-256"",""Digest"":""36aa41e35c3e794c78b3e2467d3c3b8125a997b67b13acc69a91aba2475d9910""},{""Algorithm"":""CRC32"",""Digest"":""CF0A87F7""},{""Algorithm"":""SHA-1"",""Digest"":""e0d44514924d388f51f3cf39810c17a5b8cbfad9""},{""Algorithm"":""MD5"",""Digest"":""9676eb209cdb9e12702244363c5aef7c""}]"
Nintendo Super Game Boy/Mulan (Super Gameboy).uac	mulan.rsn	"[{""Algorithm"":""BLAKE3-256"",""Digest"":""054d58aa0609c9e39cfc03ffb77e8d043cf9f5a0b83e381fa399a7849f777d7a""},{""Algorithm"":""CRC32"",""Digest"":""0B1A3145""},{""Algorithm"":""SHA-1"",""Digest"":""8cd74b2cd574e2d79126cf22e8d849780958fedf""},{""Algorithm"":""MD5"",""Digest"":""4ab39994403827834e3b8c7e05272713""}]"
Nintendo Super Game Boy/Pocahontas (Super Gameboy).uac	poca.rsn	"[{""Algorithm"":""BLAKE3-256"",""Digest"":""34fdc6d534ec67e6a534f0c3150f63d491e9d519044354bafaf8898368af4c12""},{""Algorithm"":""CRC32"",""Digest"":""4FCAAFD2""},{""Algorithm"":""SHA-1"",""Digest"":""fe6773eb98a60acfd383c0ae144373a0a68f384d""},{""Algorithm"":""MD5"",""Digest"":""f59b3ccf86d3d2a5a0212c3a54a9b693""}]"
Nintendo Super Game Boy/Small Soldiers (Super Gameboy).uac	smso.rsn	"[{""Algorithm"":""BLAKE3-256"",""Digest"":""35263dbaf09490d0e34ab212ff35035589afd26fa3c6742b9979f3328c6378c5""},{""Algorithm"":""CRC32"",""Digest"":""6304779F""},{""Algorithm"":""SHA-1"",""Digest"":""5a2a1d24ace57dde9f9a334079bd2170ed1bb0ad""},{""Algorithm"":""MD5"",""Digest"":""9cae9faedd82dbccca3706a3eb240a59""}]"
Nintendo Super Game Boy/Toy Story (Super Gameboy).uac	tstgb.rsn	"[{""Algorithm"":""BLAKE3-256"",""Digest"":""216023d0e00bc13f2d96b1c6bbbbe3513a065a4dee34492bca0f1db6682b2517""},{""Algorithm"":""CRC32"",""Digest"":""EDDF7431""},{""Algorithm"":""SHA-1"",""Digest"":""97814ecaf966fb1477236e572f64b0c031653362""},{""Algorithm"":""MD5"",""Digest"":""865c2568626ae814ae148e65a4f24591""}]"
Nintendo Super Game Boy/World Cup '98 (Super Gameboy).uac	wcup.rsn	"[{""Algorithm"":""BLAKE3-256"",""Digest"":""224f3c824784b0ef395895c40cc315608aeca1b791adb1cf648e8b8e39631aee""},{""Algorithm"":""CRC32"",""Digest"":""B9A43326""},{""Algorithm"":""SHA-1"",""Digest"":""d0b25902f7adaf7c73b0607ae81aaf868ae414ac""},{""Algorithm"":""MD5"",""Digest"":""a49ad3c3481b52f3742fe4472c3a14f0""}]"
Nintendo Super Game Boy (in joshw)/Olympic Summer Games (Super Gameboy).uac	osggb.rsn	"[{""Algorithm"":""BLAKE3-256"",""Digest"":""8d9ae059f35b7843909828543ae06a8e207cf12408a0fd971446b1ee7d8b379e""},{""Algorithm"":""CRC32"",""Digest"":""0194C3B6""},{""Algorithm"":""SHA-1"",""Digest"":""dc4664330a596b671b0c2eeb7562987ed5e00fd5""},{""Algorithm"":""MD5"",""Digest"":""345ff68afbd610889ec93ab513404ac7""}]"
Nintendo Super Game Boy (in joshw)/Poko-Nyan! Yume no Daibouken (Super Gameboy).uac	pnyd.rsn	"[{""Algorithm"":""BLAKE3-256"",""Digest"":""08a010142567c26a0aee61b9529b4c5bd698dc3cbc1a66698bf2fb9adc285558""},{""Algorithm"":""CRC32"",""Digest"":""1677747E""},{""Algorithm"":""SHA-1"",""Digest"":""707961cc70a1cc71b12cb6c0520fdabaafa56ba1""},{""Algorithm"":""MD5"",""Digest"":""c212539b9504ade648e7f5722d8b0c5c""}]"
Nintendo Super Game Boy (in joshw)/Pro Mahjong Kiwame GB (Super Gameboy).uac	pmkgb.rsn	"[{""Algorithm"":""BLAKE3-256"",""Digest"":""6222fdc0ba5000e242a6e40b164758457e0813ef599c490c258d3d13be7fd06c""},{""Algorithm"":""CRC32"",""Digest"":""009A866C""},{""Algorithm"":""SHA-1"",""Digest"":""cbca2a9b8085727d2d67bb798745013943959e16""},{""Algorithm"":""MD5"",""Digest"":""e22c13fb0ed1ef2479741dfcd6d91599""}]"
Nintendo Super Game Boy (in joshw)/Super Gameboy 2.uac	sgb2.rsn	"[{""Algorithm"":""BLAKE3-256"",""Digest"":""7efeb868f817517c50831d4f35113f4fcac50a620ada9691bd5b10003b8fd692""},{""Algorithm"":""CRC32"",""Digest"":""8730661F""},{""Algorithm"":""SHA-1"",""Digest"":""1a42836ec1c21d4a1723828c10fe620ddf29ea1c""},{""Algorithm"":""MD5"",""Digest"":""6adcd67dd37989dc12b928cdbd56a055""}]"
Nintendo Super Game Boy (in joshw)/Super Gameboy.uac	sgb.rsn	"[{""Algorithm"":""BLAKE3-256"",""Digest"":""a40d14a9e604f0dd7d0fb61c9798cf4de4ac94c37552c97a5d5b15dc757b4777""},{""Algorithm"":""CRC32"",""Digest"":""938C9ED3""},{""Algorithm"":""SHA-1"",""Digest"":""ce8e886fa53d0dce1d27f18f0d5acc7ff74f1447""},{""Algorithm"":""MD5"",""Digest"":""98846d550ca9e3180e99468b373ab8f7""}]"
Review/Mixed SPC Versions/Nintendo SNES/RPG Maker 2.uac	rmk2.rsn	"[{""Algorithm"":""BLAKE3-256"",""Digest"":""280814f7029431d5c8376241c6b3403c93fa491f49493992d16ad7f2397eebe3""},{""Algorithm"":""CRC32"",""Digest"":""7F02F89C""},{""Algorithm"":""SHA-1"",""Digest"":""6cee21b4ac6bbc92c6c0de3709aab0a2bbed5c49""},{""Algorithm"":""MD5"",""Digest"":""e5fd5a088ece4a464d789b68e3e49553""}]"
